restaurant_id,lundi,mardi,mercredi,jeudi,vendredi,samedi,dimanche
lCwqJWMxvIUQt1Re_tDn4w,0:0-0:0,0:0-0:0,0:0-0:0,0:0-0:0,0:0-0:0,0:0-0:0,0:0-0:0
pd0v6sOqpLhFJ7mkpIaixw,11:0-20:0,11:0-20:0,11:0-20:0,11:0-20:0,11:0-22:0,11:0-22:0,11:0-17:0
1vrrpIhpK628PUA0XWWd8g,9:0-18:0,9:0-18:0,9:0-18:0,9:0-18:0,9:0-18:0,9:0-18:0,9:0-18:0
NYKxikYKbkacWumJ82TxzA,11:0-2:0,11:0-2:0,11:0-2:0,11:0-2:0,11:0-2:0,11:0-2:0,11:0-2:0
vVOoL5H8Fr-qlQv-_DdoMA,10:0-22:0,10:0-22:0,10:0-22:0,10:0-22:0,10:0-23:0,10:0-23:0,10:0-22:0
KWfLQddMBZNoh1bVcgASfA,12:0-23:0,12:0-23:0,12:0-23:0,12:0-23:0,12:0-23:0,12:0-23:0,12:0-23:0
b1WGIdd_oSwGYZtC769Shw,7:0-21:0,7:0-21:0,7:0-17:0,7:0-21:0,7:0-21:0,7:0-21:0,7:0-21:0
-gBRmZwDhsooJzf1I7uPyg,11:0-1:0,11:0-1:0,11:0-1:0,11:0-1:0,11:0-2:0,11:0-2:0,11:0-1:0
D48b2jHZDuWsnqvFLLvuew,11:0-23:0,11:0-23:0,11:0-23:0,11:0-23:0,11:0-2:0,11:0-2:0,11:0-23:0
3jNJMmPNWl6SQD_98fz-bQ,7:0-1:0,7:0-1:0,7:0-1:0,7:0-1:0,7:0-1:0,9:0-1:0,9:0-0:0
iuGmYUlID2v41SWJnp5B_g,5:30-21:30,5:30-21:30,5:30-21:30,5:30-21:30,5:30-21:30,7:0-21:0,7:0-21:0
VtKYA6Fu1jTDrEhDHRlUvg,0:0-0:0,9:0-20:0,9:0-20:0,9:0-21:0,9:0-21:0,9:0-21:0,9:0-18:0
35ET2yviSxhkMmQa89rFKA,11:0-2:0,11:0-2:0,11:0-2:0,11:0-2:0,11:0-2:0,10:0-2:0,10:0-2:0
sJP0GYO2pi7rwNFFcH7iBQ,10:0-23:0,10:0-23:0,10:0-23:0,10:0-23:0,10:0-23:0,10:0-23:0,10:0-23:0
h5a8aJ_Pd71JzUGFA-IaAg,11:0-22:0,11:0-22:0,11:0-22:0,11:0-22:0,11:0-23:0,11:0-23:0,11:0-23:0
ByTWVwFUq5gJ17FhZfZeyQ,9:0-9:0,9:0-9:0,9:0-9:0,9:0-9:0,9:0-9:0,9:0-9:0,9:0-9:0
QhMhM3Mhokv6V-H0MRuYTg,0:0-0:0,0:0-0:0,0:0-0:0,0:0-0:0,0:0-0:0,0:0-0:0,0:0-0:0
Ea3BblvC4zzagYI_1cNumA,11:0-20:0,11:0-20:0,11:0-20:0,11:0-20:0,11:0-20:0,11:0-20:0,11:0-18:0
YLL7tZjII-lsEprbfVkMzQ,11:0-0:0,11:0-0:0,11:0-0:0,11:0-0:0,11:0-2:0,11:0-2:0,11:0-0:0
3FlWR_osNPb8dcqLgHebHw,7:0-21:0,7:0-21:0,7:0-21:0,7:0-21:0,7:0-21:0,7:0-21:0,7:0-21:0
jznYmOdIKRNDxWzyr0BeOA,17:0-2:0,17:0-2:0,17:0-2:0,17:0-2:0,17:0-2:0,17:0-2:0,17:0-2:0
409qhf4RF0rlxcuaM576Qg,9:30-23:0,9:30-23:0,9:30-23:0,9:30-23:0,9:30-23:0,9:30-23:0,9:30-23:0
o7alpkgY_6m8WvJBdaJDfg,11:0-22:0,11:0-22:0,11:0-22:0,11:0-22:0,11:0-22:0,11:0-22:0,11:0-22:0
5jTmjxb1X34EfcY1gos4tw,10:0-22:0,10:0-22:0,10:0-22:0,10:0-22:0,10:0-0:0,10:0-0:0,10:0-22:0
ZQ4iaZ-9952plCoDEryMjA,17:0-22:0,17:0-22:0,17:0-22:0,17:0-22:0,17:0-22:0,17:0-22:0,17:0-22:0
zOhc6cRn1UgNy7EiAdJ2Rw,11:0-21:0,11:0-21:0,11:0-21:0,11:0-21:0,11:0-22:0,10:0-22:0,11:0-21:0
4-FgbYd8jUSqevNRxRtS-w,11:0-23:0,11:0-23:0,11:0-23:0,11:0-23:0,11:0-23:0,11:0-23:0,11:0-22:0
ciHtNE7zKzr25IX_L6pNSQ,8:0-20:30,8:0-20:30,8:0-20:30,8:0-20:30,8:0-16:30,11:0-18:30,11:0-18:30
_Gl7RqOkCUQr8kjN8yGf6w,11:30-23:0,11:30-23:0,11:30-23:0,11:30-23:0,11:30-4:0,12:0-4:0,12:0-22:0
fI1ZE6z4cyajLW4eqeFgXQ,11:0-22:0,11:0-22:0,11:0-22:0,11:0-22:0,11:0-22:0,11:0-22:0,11:0-22:0
8RaBVWFkysjREG-1itH_pg,6:30-23:0,6:30-23:0,6:30-23:0,6:30-23:0,6:30-0:0,6:30-0:0,6:30-23:0
OwL4BM7GchsxBXxWrkmmqw,11:0-20:0,11:0-20:0,11:0-20:0,11:0-20:0,11:0-20:0,11:0-20:0,11:0-20:0
rCD-XFLBhscylZdg1OkCSQ,9:0-21:0,9:0-21:0,9:0-21:0,9:0-21:0,9:0-22:0,9:0-22:0,9:0-22:0
FXHfcFVEfI1vVngW2gVOpw,17:0-23:0,11:0-23:0,11:0-23:0,11:0-23:0,12:0-0:30,12:0-0:30,12:0-23:0
KW-xCBNDm_PJcCgySfBCsw,7:0-2:0,7:0-2:0,7:0-2:0,7:0-2:0,7:0-2:0,7:0-2:0,7:0-2:0
7jOuytjEa6Q9F_Sy9UR5Hw,7:0-22:0,7:0-22:0,7:0-22:0,7:0-22:0,7:0-22:0,8:0-22:0,9:0-22:0
5llCyMtS_WyUVKXCtpdaJQ,4:30-20:0,4:30-20:0,4:30-20:0,4:30-20:0,5:0-20:0,5:0-20:0,4:30-20:0
npTomO2iJwilPgn8UOQqrA,12:0-22:0,12:0-22:0,12:0-22:0,12:0-22:0,12:0-22:0,12:0-22:0,12:0-22:0
y1-FeVRdx0GhgtZKWghKXA,10:0-20:0,10:0-20:0,10:0-20:0,10:0-20:0,10:0-20:0,10:0-20:0,10:0-20:0
-6sE5v4OrVGmWxdIrbs-RQ,0:0-0:0,12:0-22:30,12:0-23:30,17:0-23:30,12:0-23:30,12:0-23:30,12:0-22:30
D_24gRsnae7guxJE8gLgtw,11:0-22:0,11:0-22:0,11:0-18:0,11:0-22:0,11:0-23:0,11:0-23:0,11:0-21:0
Go5NmEeWyTJGqFWBPauZ2w,7:0-17:30,7:0-17:30,7:0-17:30,7:0-17:30,7:0-17:30,8:0-17:0,8:0-17:0
wpHN9iLlhn_z613xJd5uyA,7:0-21:30,7:0-21:30,7:0-21:30,7:0-21:30,7:0-22:0,8:0-22:0,9:0-21:0
4SQvBWjDh_eUx_10M-eigA,11:0-22:30,11:0-22:30,11:0-22:30,11:0-23:0,11:0-23:0,12:0-23:0,11:0-22:0
An-JJle53UMHokU4MwFktg,11:0-23:0,11:0-23:0,11:0-23:0,11:0-23:0,11:0-23:0,11:0-23:0,11:0-23:0
nAnpTnodDchSl9H0f6R2pw,11:0-22:0,11:0-22:0,11:0-22:0,11:0-22:0,11:0-0:0,11:0-0:0,11:0-22:0
FirWX-Ep5203TsdiGgShKg,0:0-0:0,11:30-23:0,11:30-23:0,11:30-23:0,11:30-0:0,10:0-0:0,10:0-23:0
S2bGqPoTjUc2ywC9FYuBsw,11:0-17:0,11:0-17:0,11:0-17:0,11:0-17:0,11:0-17:0,11:0-17:0,11:0-17:0
99kGGQoig4YaRi-52VtqMA,6:0-6:0,6:0-6:0,6:0-6:0,6:0-6:0,6:0-6:0,6:0-6:0,6:0-6:0
aJ5Wki-RmbK381OnKvHrnQ,8:30-17:0,8:30-17:0,8:30-17:0,8:30-17:0,8:30-17:0,9:0-17:0,9:0-17:0
RQdKieW9hqg898d_S2WwRA,10:30-21:0,10:30-21:0,10:30-21:0,10:30-21:0,10:30-21:0,11:0-21:0,11:0-19:0
JlMYSLiLnpWiihmzZkQS-w,11:0-22:0,11:0-22:0,11:0-22:0,11:0-22:0,11:0-23:0,11:0-23:0,11:0-22:0
L_ZLtfHvfzfoNVQ0-okTXg,17:30-22:0,17:30-22:0,17:30-22:0,17:30-22:0,17:30-22:0,17:30-22:0,17:30-22:0
Zd5bvGvlSmksBJXrevtxEQ,0:0-0:0,17:0-21:15,17:0-21:15,17:0-22:0,17:0-22:0,17:0-22:0,17:0-21:15
5nyKUHibR4GCs6ojVljFdA,0:0-0:0,11:0-22:30,11:0-22:30,11:0-22:30,11:0-23:30,11:0-23:30,12:0-16:30
ruPFtD9dU6Cv9_wpzIR4UQ,7:0-7:0,7:0-7:0,7:0-7:0,7:0-7:0,7:0-7:0,7:0-7:0,7:0-7:0
CDxxqyH-Gn3luPA8CtlPRg,11:0-23:0,11:0-23:0,11:0-23:0,11:0-23:0,11:0-0:0,11:0-0:0,11:0-23:0
1PfNM_6ouYvNEbAukY76EQ,11:30-22:0,11:30-22:0,11:30-22:0,11:30-22:0,11:30-22:30,11:30-22:30,11:30-22:0
4v0aj1VWtNwvzOeQ2Ohzrg,0:0-0:0,0:0-0:0,0:0-0:0,0:0-0:0,0:0-0:0,0:0-0:0,0:0-0:0
GqsxdLPqT9XoJ8LFzxGPcw,8:30-2:0,8:30-2:0,8:30-2:0,8:30-2:0,8:30-2:0,11:30-2:0,11:30-2:0
TvOE5wiluPOzf7kbQthVjg,7:0-21:0,7:0-21:0,7:0-21:0,7:0-21:0,7:0-21:0,7:0-21:0,7:0-21:0
GPVnzRcvlhEK0-c6PImyoA,6:0-20:0,6:0-20:0,6:0-20:0,6:0-20:0,6:0-20:0,6:0-20:0,6:0-20:0
NXcV1HuXbfus0QNdI6UpOA,0:0-0:0,11:0-21:30,11:0-21:30,11:0-21:30,11:0-22:0,11:0-22:0,11:0-21:30
iHo_6xcSj3TvHc8cTU__uA,11:0-3:0,11:0-3:0,11:0-3:0,11:0-3:0,11:0-3:0,11:0-3:0,11:0-3:0
LpwmR1unntc_8KdVfwNH9g,8:0-18:0,8:0-18:0,8:0-18:0,8:0-18:0,8:0-18:0,8:0-18:0,8:0-18:0
nIMJUT4uZjK7BNhjWhubCA,7:30-21:0,7:30-21:0,7:30-21:0,7:30-21:0,7:30-21:0,8:0-21:0,8:0-21:0
_e3rChyednoh47n2cjGv2w,11:0-21:0,11:0-21:0,11:0-21:0,11:0-21:0,11:0-22:0,14:0-22:0,14:0-21:0
p8AwMheeFJ_8pP2EpOAPsA,11:0-0:0,11:0-0:0,11:0-0:0,11:0-0:0,11:0-2:0,11:0-2:0,12:0-23:0
hjDCsuzS_yU60FFffqpt-w,11:0-22:0,11:0-22:0,11:0-22:0,11:0-22:0,11:0-22:0,11:0-22:0,11:0-22:0
EVlKBiHSr2ZUk9GsWwW_Yw,17:0-23:0,17:0-23:0,17:0-23:0,17:0-23:0,17:0-23:0,17:0-23:0,17:0-23:0
v1cbdKF5EjgWSwutjzg-WA,10:0-21:0,10:0-21:0,10:0-21:0,10:0-21:0,10:0-21:0,10:0-21:0,10:0-21:0
uW6UHfONAmm8QttPkbMewQ,0:0-0:0,10:0-21:0,10:0-21:0,10:0-21:0,10:0-21:0,10:0-21:0,10:0-16:0
3oTVApC-eUzpGjrOVxIr5g,11:0-23:0,11:0-23:0,11:0-23:0,11:0-23:0,11:0-0:0,10:0-0:0,10:0-23:0
q5xrVJ4kivx_yEfJeOKNYQ,18:0-0:0,18:0-0:0,18:0-0:0,18:0-0:0,18:0-2:0,18:0-2:0,18:0-0:0
67X6JB3kvZ2B_p8pucgNXA,11:0-23:0,11:0-23:0,11:0-23:0,11:0-23:0,11:0-0:0,11:0-0:0,11:0-21:0
OcNrTDq17-pqNCylCeTGIA,10:30-22:0,10:30-22:0,10:30-22:0,10:30-22:0,10:30-23:0,10:30-23:0,10:30-22:0
RIkiTtRMZASo7DmKd1vd5g,7:0-19:0,7:0-19:0,7:0-19:0,7:0-19:0,7:0-19:0,9:0-17:0,9:0-17:0
KN0gPRzDvA6uVYims2KA0w,7:0-14:30,7:0-14:30,7:0-14:30,7:0-14:30,7:0-14:30,7:0-14:30,7:0-14:30
vl1aHp6pvnSmpoRQShWLjg,11:0-22:0,11:0-22:0,11:0-22:0,11:0-22:0,11:0-23:0,11:0-23:0,11:0-22:0
_c3ixq9jYKxhLUB0czi0ug,11:0-22:0,11:0-22:0,11:0-22:0,11:0-22:0,11:0-23:0,11:0-22:0,11:0-21:0
SzhD5J80IhpyeBftzQ950Q,10:0-23:0,10:0-23:0,10:0-23:0,10:0-23:0,10:0-23:0,10:0-23:0,10:0-23:0
g6B5hVt6oZRVO2wR4f0sNw,0:0-0:0,7:0-19:0,7:0-19:0,7:0-21:0,7:0-21:0,8:0-19:0,8:0-19:0
X54yOvzhEKyAurDOeQ-BkA,0:0-0:0,7:30-23:0,7:30-23:0,7:30-23:0,7:30-23:0,8:0-22:0,8:0-23:0
8t4RND0dQhO0MBvyuMVkKA,9:0-17:0,9:0-17:0,9:0-17:0,9:0-17:0,9:0-17:0,9:0-17:0,9:0-17:0
maIam6HyU4FB_sBIk9ippA,0:0-0:0,0:0-0:0,0:0-0:0,0:0-0:0,0:0-0:0,0:0-0:0,0:0-0:0
3pGA9YGsDLRQ7HJLw5cwcQ,11:0-23:0,11:0-23:0,11:0-23:0,11:0-23:0,11:0-23:0,11:0-23:0,11:0-23:0
ZoCCW3R_LEAzktU0rMbX8w,10:45-22:0,10:45-22:0,10:45-22:0,10:45-22:0,10:45-22:0,10:45-22:0,10:45-22:0
fseN-tYwcbjtYm7DjjEjLw,0:0-0:0,11:0-21:30,11:0-21:30,11:0-21:30,11:0-21:30,11:0-21:30,11:0-21:30
Z3L06hS8FCJpfEMZXX0udA,8:0-21:0,8:0-21:0,10:0-19:0,8:0-21:0,8:0-21:0,8:0-21:0,8:0-19:0
auDjameQ8PKA2cIwyI5uQA,0:0-0:0,0:0-0:0,0:0-0:0,0:0-0:0,0:0-0:0,0:0-0:0,0:0-0:0
HhVmDybpU7L50Kb5A0jXTg,9:0-0:0,9:0-0:0,9:0-0:0,9:0-0:0,9:0-0:0,9:0-0:0,9:0-0:0
aFQQMQlUIW9KajS6oH5kyw,11:0-2:0,11:0-2:0,11:0-2:0,11:0-2:0,11:0-2:0,11:0-2:0,11:0-2:0
0IjBFHFm8M-VPyym-Xrkhw,11:0-23:0,11:0-23:0,11:0-23:0,11:0-23:0,11:0-0:0,11:0-0:0,11:0-23:0
dYJ7uBteyJiNHCLyK1ZOoQ,10:0-22:0,10:0-22:0,10:0-22:0,10:0-22:0,10:0-22:0,10:0-22:0,10:0-22:0
fZVkbNNWjMxuWzNi4Uvufg,10:30-21:0,10:30-21:0,10:30-21:0,10:30-21:0,10:30-21:0,10:30-21:0,11:0-19:0
8neBxgTFrzsZ3gT1lX9KAg,11:0-23:0,11:0-23:0,11:0-23:0,11:0-23:0,11:0-23:0,11:0-23:0,11:0-23:0
X5Q_PKC-AeMrO4uSpnmgGg,6:0-2:0,6:0-2:0,6:0-2:0,6:0-2:0,6:0-2:0,6:0-2:0,6:0-2:0
QMj3DbUwntH6bTRN6PJ-HA,11:0-23:0,11:0-23:0,11:0-23:0,11:0-23:0,11:0-0:0,11:0-0:0,11:0-23:0
o848u4i-UGs1vMnYbEVi8w,0:0-0:0,11:0-22:0,11:0-22:0,11:0-22:0,11:0-22:0,11:0-22:0,11:0-22:0
9xdVIIzHp12Zrox5aFaaHA,12:0-22:0,12:0-22:0,12:0-22:0,12:0-22:0,12:0-23:0,12:0-23:0,12:0-22:0
VmVTDmlLZdwoRVTJO4niaQ,11:0-22:0,11:0-22:0,11:0-22:0,11:0-22:0,11:0-22:0,11:0-22:0,11:0-22:0
nddvI420y7BKvp6nO8bfMg,11:30-22:30,11:30-22:30,11:30-22:30,11:30-22:30,11:30-22:30,11:30-22:30,11:30-22:30
IzAuLLI49vgqsGrA0GgYsA,9:0-22:0,9:0-22:0,9:0-22:0,9:0-22:0,8:0-23:0,8:0-23:0,8:0-18:0
eJECvXFIUnfcDE6PzKS2Yw,0:0-0:0,0:0-0:0,0:0-0:0,0:0-0:0,0:0-0:0,0:0-0:0,0:0-0:0
llQfDCKPXBW1-hSb_qUC-g,17:0-22:0,17:0-22:0,17:0-22:0,17:0-22:0,17:0-22:0,17:0-22:0,17:0-22:0
HRZfoNssELsHN0SMmYoMsw,9:0-19:0,9:0-19:0,9:0-19:0,9:0-19:0,9:0-19:0,9:0-19:0,9:0-19:0
joTw5858fDh3Y_rF0NDOsg,10:0-22:0,10:0-22:0,10:0-22:0,10:0-22:0,10:0-23:0,11:0-20:0,10:0-22:0
V9Yta_aOk2-bQm5PiYhOsQ,10:0-22:0,10:0-22:0,10:0-22:0,10:0-22:0,10:0-22:30,10:0-22:30,10:0-22:0
c-Jxth7pZfPqsWwBQ7sn1Q,11:30-22:0,11:30-22:0,11:30-22:0,11:30-22:0,11:30-22:30,11:30-22:30,12:0-22:0
8RFT1woy0WnTp62ndVJgow,6:0-15:0,6:0-15:0,6:0-15:0,6:0-15:0,6:0-15:0,6:0-15:0,6:0-15:0
_aCajJli1gSV4VScB0DgIg,7:0-22:0,7:0-22:0,7:0-22:0,7:0-22:0,7:0-22:0,7:0-22:0,7:0-21:0
vG1vX6vvyK6st5UWetPPeg,0:0-0:0,0:0-0:0,0:0-0:0,0:0-0:0,0:0-0:0,0:0-0:0,0:0-0:0
1CR2ddUcjYYwRd5JLtiRrw,7:30-0:0,7:30-0:0,7:30-0:0,7:30-0:0,7:30-0:0,7:30-0:0,7:30-0:0
M85y1RfSCyWZkWR-18YU1Q,7:0-22:0,7:0-22:0,7:0-22:0,7:0-22:0,7:0-22:0,8:0-22:0,9:0-22:0
i-Mn8RJw5xUkITQBVvcKcQ,17:0-22:30,17:0-22:30,17:0-22:30,17:0-22:30,17:0-22:30,17:0-22:30,17:0-22:30
z85R3JrM5xkudu2SZxObPQ,0:0-0:0,10:0-21:0,10:0-21:0,10:0-21:0,10:0-21:0,10:0-21:0,10:0-18:0
-rhH9sL3XGFpoJXcxUpEWA,11:0-21:0,11:0-21:0,11:0-21:0,11:0-21:0,11:0-22:0,11:0-22:0,11:0-21:0
sR9hPrIaG-J-GLcl4yaiLw,16:0-2:0,16:0-2:0,16:0-2:0,16:0-2:0,16:0-2:0,18:0-2:0,18:0-2:0
3w66rzZq_rjA1kSmVt5Hew,7:0-22:0,7:0-22:0,7:0-22:0,7:0-22:0,7:0-22:0,8:0-21:0,9:0-21:0
PbIjlAXsM99Km2SwrDw4aw,11:0-1:0,11:0-1:0,11:0-1:0,11:0-1:0,11:0-2:0,11:0-2:0,11:0-0:0
Xl70366GI5Qao-ORQYCofA,11:0-21:30,11:0-21:30,11:0-21:30,11:0-21:30,11:0-22:0,11:0-22:0,11:0-21:30
q6xbgvr921AQswzVQ3QA-w,9:0-20:0,9:0-8:0,9:0-20:0,9:0-20:0,9:0-20:0,9:0-20:0,10:0-18:0
ECPWFe93D_VWHfsnkVBydg,0:0-0:0,9:0-16:0,9:0-16:0,9:0-16:0,9:0-16:0,9:30-16:0,10:0-16:0
P1hYLhzT5rHDpzGkYUaarg,5:0-0:0,5:0-0:0,5:0-0:0,5:0-0:0,5:0-0:0,5:0-0:0,5:0-0:0
rDMptJYWtnMhpQu_rRXHng,5:0-0:0,5:0-0:0,5:0-0:0,5:0-0:0,5:0-0:0,5:0-0:0,5:0-0:0
-HO8ejDGgvj_Guw3R6lH1g,11:0-22:0,11:0-22:0,11:0-22:0,11:0-22:0,11:0-23:0,10:0-23:0,11:0-22:0
LRWNY71pO1KVOK3P6kam8A,0:0-0:0,0:0-0:0,0:0-0:0,0:0-0:0,0:0-0:0,0:0-0:0,0:0-0:0
oSDZ60KdSkMDQNaHGqvQBA,0:0-0:0,9:0-17:0,9:0-17:0,9:0-17:0,9:0-17:0,9:0-17:0,9:0-17:0
vT812nRctS62PVxUverayw,0:0-0:0,17:0-1:0,17:0-1:0,17:0-1:0,17:0-1:0,17:0-1:0,17:0-1:0
eRjcli4nDHRwhByViUz9Ow,11:0-22:0,11:0-22:0,11:0-22:0,11:0-22:0,11:0-23:0,11:0-23:0,11:0-22:0
KyO_DCkbUL1AJSxdgIihUw,7:30-20:0,7:30-20:0,7:30-20:0,7:30-20:0,10:0-18:0,8:0-19:0,10:0-17:0
SXnXItivyE3i3FQbydak-A,11:30-21:0,11:30-21:0,11:30-21:0,11:30-21:0,11:30-21:0,12:0-21:0,12:0-21:0
olllmpQVBHwOQmarQro2fw,7:0-15:0,7:0-15:0,7:0-15:0,7:0-15:0,7:0-15:0,7:0-15:0,7:0-15:0
tH0wF3EPPgAY14lnmK1_Sg,0:0-0:0,10:30-21:0,10:30-21:0,10:30-21:0,10:30-21:0,10:30-21:0,10:30-15:0
sZ3AWH6WPq38fEKijvl9vA,10:30-21:30,10:30-21:30,10:30-21:30,10:30-21:30,10:30-23:30,10:30-23:30,10:30-20:30
CmzJMXgsD7deXT7QSaLi1Q,9:0-22:0,9:0-19:0,9:0-19:0,9:0-22:0,9:0-0:0,9:0-0:0,11:0-16:0
C9QVknXuoDBdR9CBa_Flyw,11:0-22:0,11:0-22:0,11:0-22:0,11:0-22:0,11:0-22:0,11:0-22:0,11:0-19:0
z45xS0Kc6GpiITwrpkRVdQ,17:0-23:0,17:0-23:0,17:0-23:0,17:0-23:0,17:0-23:0,17:0-23:0,17:0-23:0
sNVGdeOPeitJ3OWUQBINzQ,7:0-14:0,7:0-14:0,7:0-14:0,7:0-14:0,7:0-14:0,7:0-15:0,7:0-15:0
-OEIW0dO96-492qa_luxaw,0:0-0:0,0:0-0:0,0:0-0:0,0:0-0:0,0:0-0:0,0:0-0:0,0:0-0:0
JcAfn8YTNnoAUk9nGaioSg,5:0-20:0,5:0-20:0,5:0-20:0,5:0-20:0,5:0-20:0,5:0-20:0,5:0-20:0
sWaWTnmRgOt6OE4v84y7fw,0:0-0:0,0:0-0:0,0:0-0:0,0:0-0:0,0:0-0:0,0:0-0:0,0:0-0:0
ruo16t1qd2aywwUE47Ojnw,11:0-17:0,11:0-20:0,11:0-16:0,11:0-21:0,11:0-21:0,11:0-21:0,11:0-16:0
R8MlQBl08OICEJOvwsw25g,0:0-0:0,15:0-22:0,15:0-22:0,15:0-22:0,15:0-23:0,17:0-23:0,10:0-16:0
1M-oyCcUluxwTid8vbBSdA,7:30-19:30,7:30-19:30,7:30-19:30,7:30-19:30,7:30-19:30,7:30-19:30,9:0-19:0
8mW3kpRSFvRqFErkNFOicQ,7:0-18:0,7:0-18:0,7:0-18:0,7:0-18:0,7:0-18:0,8:0-16:0,9:0-15:0
ugWB_hkm21s9v8xxAkmNVg,11:0-23:0,11:0-23:0,11:0-23:0,11:0-0:0,11:0-1:0,11:0-1:0,11:0-23:0
DGX2ldVGub9F1EAU9R7C5A,0:0-0:0,0:0-0:0,0:0-0:0,0:0-0:0,0:0-0:0,0:0-0:0,0:0-0:0
oIpR2He8uErAPmdwTwSJyQ,11:30-22:0,11:30-22:0,11:30-22:0,11:30-22:0,11:0-23:0,11:0-23:0,11:0-23:0
3S8nDh3gK2BmG-_HjDjh6w,11:0-22:0,11:0-22:0,11:0-22:0,11:0-22:0,11:0-23:0,11:0-23:0,12:0-21:0
fp8h0LdbO5WxiK41oYgZVA,0:0-0:0,16:0-1:0,16:0-1:0,16:0-1:0,15:0-2:0,15:0-2:0,12:0-20:0
k-NEUIXaPnXtrzCo1MeO7g,9:30-22:0,9:30-22:0,9:30-22:0,9:30-22:0,9:30-22:0,9:30-22:0,9:30-22:0
eEKfOX6KtQmLgb8z-1VfUA,8:0-20:0,8:0-20:0,8:0-20:0,8:0-20:0,8:0-20:0,8:0-20:0,8:0-20:0
Bkkwt8E9MHvgCHn4lUFtow,16:0-22:0,16:0-22:0,16:0-22:0,16:0-22:0,16:0-23:0,16:0-23:0,17:0-22:0
i98bG3x6orc9TiIw7Xouew,12:0-21:0,12:0-21:0,12:0-21:0,12:0-21:0,12:0-22:0,12:0-22:0,12:0-20:0
kRgAf6j2y1eR0wOFdzFAuw,0:0-0:0,13:0-21:0,11:30-1:0,11:30-1:0,11:30-2:0,11:30-2:0,11:0-1:0
-BxWyEIQ6wypT-37MzZizQ,10:30-0:0,10:30-0:0,10:30-0:0,10:30-0:0,10:30-2:0,10:0-2:0,10:0-0:0
cXgXRqB40CGHEMKQgxLDTg,10:30-21:0,10:30-21:0,10:30-21:0,10:30-21:0,10:30-22:0,11:0-22:0,11:0-21:0
iQAwmfMPmOaCr5aeahV1ug,11:0-2:0,11:0-2:0,11:0-2:0,11:0-2:0,11:0-2:0,9:0-2:0,9:0-2:0
s6L6SdVYhPcOQEDmNIg1-g,10:30-22:0,10:30-22:0,10:30-22:0,10:30-22:0,10:30-22:30,10:30-22:30,10:30-22:0
qRymrsLmlA34bC8PvNoujg,0:0-0:0,11:0-22:0,11:0-22:0,11:0-22:0,11:0-22:0,11:0-22:0,11:0-21:0
aZshH0IfszzZyXkoVLPVuw,11:0-22:0,11:0-22:0,11:0-22:0,11:0-22:0,11:0-22:0,11:0-22:0,11:0-22:0
YLeAUkFFJri_21uTkyrVFg,16:0-1:0,16:0-1:0,16:0-1:0,16:0-1:0,16:0-1:0,16:0-1:0,16:0-1:0
SQ8Tkavc4TJj-2kanEDzLg,10:0-22:0,10:0-22:0,10:0-22:0,10:0-22:0,10:0-22:0,10:0-22:0,10:0-22:0
Eg76PjESw705exvbt_VYjQ,11:0-22:0,11:0-22:0,11:0-22:0,11:0-22:0,11:0-22:0,11:0-22:0,11:0-22:0
Q3SdFs_6P3BPhPPywHZqBQ,17:0-21:0,17:0-21:0,17:0-21:0,17:0-21:0,17:0-21:0,17:0-21:0,17:0-21:0
eH4f7_hN8qzamuXBOvVLdg,7:0-15:0,7:0-15:0,7:0-15:0,7:0-15:0,7:0-15:0,7:0-16:0,7:0-16:0
onCx6Ye5IwD07emyj-VLrg,12:0-22:0,12:0-22:0,12:0-22:0,12:0-22:0,12:0-22:0,12:0-22:0,12:0-22:0
hpg2c5vFer85hvTnun2mNg,6:0-14:0,6:0-14:0,6:0-14:0,6:0-14:0,6:0-14:0,6:0-14:0,6:0-14:0
Wv_qGcUKptXkapn8e3j6Kg,0:0-0:0,4:0-22:0,0:0-0:0,0:0-0:0,0:0-0:0,0:0-0:0,0:0-0:0
1Vvxx-9AoINg8TJXOZgEHg,11:30-23:0,11:30-23:0,11:30-23:0,11:30-23:0,11:30-4:0,11:30-4:0,11:30-23:0
sNHseqXVsFUcrn7o9mCUcg,9:0-1:0,9:0-1:0,9:0-1:0,9:0-1:0,9:0-2:0,9:0-2:0,9:0-1:0
DuI8BlpnRRwsmmVMt7Yiww,9:0-2:0,9:0-2:0,9:0-2:0,9:0-2:0,9:0-2:0,9:0-2:0,9:0-2:0
WN3NSIJQHfxtjf1kV7snVA,11:0-21:30,11:0-21:30,11:0-21:30,11:0-21:30,11:0-21:30,11:0-21:30,11:0-20:30
2ADoawEfSAZpnQSwVEo5Ig,6:0-23:0,6:0-23:0,6:0-23:0,6:0-23:0,6:0-0:0,6:0-0:0,7:0-23:0
kJc7XtQXYit7WNV8m4YDGA,8:0-17:0,8:0-17:0,8:0-17:0,8:0-17:0,8:0-17:0,6:0-17:0,6:0-17:0
X4rqmQMJcpY4EajFAFTSlw,11:0-22:0,11:0-22:0,11:0-22:0,11:0-22:0,11:0-23:0,11:0-23:0,15:0-21:0
pUX9gzo1Tf4vRv7hX0eP1g,6:0-22:0,6:0-22:0,6:0-22:0,6:0-22:0,6:0-22:0,6:0-22:0,6:0-22:0
jLxeBgWhLRbII2ACkgH1Sg,7:0-17:0,7:0-18:0,7:0-18:0,7:0-18:0,7:0-18:0,7:0-18:0,7:0-18:0
orGCyrtYZl9JOV5XIgxJEg,0:0-0:0,0:0-0:0,0:0-0:0,0:0-0:0,0:0-0:0,0:0-0:0,0:0-0:0
FMnH5WIRLyexBYMBUUnDxQ,0:0-0:0,17:0-22:0,17:0-22:0,17:0-22:0,17:0-23:0,17:0-23:0,17:0-22:0
cepfJZIv0iLj1fDs8LdYZg,12:0-22:0,12:0-22:0,12:0-22:0,12:0-22:0,12:0-23:0,12:0-23:0,12:0-22:0
Z1HnNAGBt0y9uZX1a1_9sQ,0:0-0:0,0:0-0:0,0:0-0:0,0:0-0:0,0:0-0:0,0:0-0:0,0:0-0:0
ADyDd_5KBcQc0s3gB381yg,10:0-21:30,10:0-21:30,10:0-21:30,10:0-21:30,10:0-21:30,9:30-21:30,10:0-19:0
85-hoogKT4MR5eTqffpxAA,10:0-20:30,10:0-20:30,10:0-20:30,10:0-20:30,10:0-20:30,10:0-20:30,10:0-16:30
9YF-nxh6xDUvMoOGWSDLkg,6:30-14:0,6:30-14:0,6:30-14:0,6:30-14:0,6:30-14:0,6:30-14:0,6:30-14:0
SIBaomIYVvsMU0GTuqX4vQ,0:0-0:0,15:0-22:0,11:0-22:0,11:0-22:0,11:0-22:0,11:0-22:0,11:0-21:0
o65tYlxYwa8xkEoMr3HwWQ,10:0-21:0,10:0-21:0,10:0-21:0,10:0-21:0,10:0-21:0,9:0-21:0,10:0-19:0
rFs6RvMB5QYR1WwPCtchiw,11:0-23:0,11:0-23:0,11:0-23:0,11:0-23:0,11:0-23:0,11:0-23:0,14:0-22:0
aSHTlWB56c3bWOsRDIj_Hg,0:0-0:0,10:0-20:30,10:0-20:30,10:0-20:30,10:0-20:30,10:0-20:30,10:0-15:0
4FaRTjXXFdfs1Nn29V9kAg,11:0-22:0,11:0-22:0,11:0-22:0,11:0-22:0,11:0-22:0,11:0-22:0,11:0-22:0
rmD9BPsucgR4q3WiygrjEA,0:0-0:0,8:0-22:0,8:0-22:0,8:0-22:0,7:0-18:0,8:0-23:0,8:0-22:0
N4AIlY5runouWKCMurrnvQ,0:0-0:0,11:0-20:0,10:0-18:0,10:0-18:0,10:0-18:0,10:0-18:0,10:0-18:0
a_HejZvHvG2IM7ri1CnlYA,11:0-22:0,11:0-22:0,11:0-22:0,11:0-22:0,11:0-23:0,11:0-23:0,11:0-22:0
IfUPAiF3qMPi27gi-_UZzg,10:0-19:30,10:0-19:30,10:0-19:30,10:0-19:30,10:0-19:30,11:0-18:0,11:0-18:0
ibNxVcSE7peefvDUGEFvzQ,11:0-2:0,17:0-2:0,17:0-2:0,17:0-2:0,11:0-2:0,11:0-2:0,11:0-2:0
aWNgOGiyf9jJxWHUd_by-Q,0:0-0:0,0:0-0:0,0:0-0:0,0:0-0:0,0:0-0:0,0:0-0:0,0:0-0:0
Et9tn7nEpEs043pQVa2HZg,11:0-22:0,11:0-22:0,11:0-22:0,11:0-22:0,11:0-22:0,12:0-22:0,16:0-22:0
-_hk47bgWLbX0SfvBUkoPQ,10:45-20:0,10:45-20:0,10:45-20:0,10:45-20:0,10:45-20:0,10:45-20:0,10:45-20:0
gB4JpmmLKClE1ZFAwFWBJQ,7:0-16:0,7:0-16:0,7:0-16:0,7:0-16:0,7:0-16:0,7:0-16:0,7:0-16:0
dht_FLsWVuO6TJeuLqY97g,0:0-0:0,0:0-0:0,0:0-0:0,0:0-0:0,0:0-0:0,0:0-0:0,0:0-0:0
yLiaMaJFq03JxXPk4puloQ,0:0-0:0,0:0-0:0,0:0-0:0,0:0-0:0,0:0-0:0,0:0-0:0,0:0-0:0
jB4mDYca1nhTKe4TzGraKA,16:0-0:0,16:0-1:0,16:0-1:0,16:0-1:0,11:30-2:0,11:0-2:0,11:0-1:0
24IRm_qaeKN5gFVdPb_s8g,7:0-21:0,7:0-21:0,7:0-9:0,7:0-21:0,7:0-21:0,7:0-21:0,7:0-21:0
X02Unmqi8Scq-CL441T2sQ,9:0-20:0,9:0-20:0,9:0-20:0,9:0-20:0,9:0-20:0,11:0-20:0,11:0-20:0
SxelcKtJlN6X2Vlak0wXHw,8:0-21:0,8:0-21:0,8:0-21:0,8:0-21:0,8:0-22:0,8:0-22:0,8:0-21:0
ZzF5098L4xg-0COjng2LVA,0:0-0:0,11:30-22:0,11:30-22:0,11:30-22:0,11:30-23:0,11:30-18:0,11:30-20:0
A-apTF3JfkUPR_oeazZC1Q,10:0-18:0,10:0-18:0,10:0-18:0,10:0-18:0,10:0-18:0,10:0-18:0,11:0-17:0
v8Y1Cpdya8H_3noy2M-3Hw,11:0-0:0,11:0-0:0,11:0-0:0,11:0-0:0,11:0-2:0,10:0-2:0,10:0-1:0
T5UBAJt5Kod_wQGbH6m9hA,9:0-22:0,9:0-22:0,9:0-22:0,9:0-22:0,9:0-22:0,9:0-22:0,9:0-22:0
lG759ODx7tj6wbS7rYip1g,11:0-22:0,11:0-22:0,11:0-22:0,11:0-22:0,11:0-22:0,11:30-22:30,11:30-22:30
hgc-YJELr_899ExB92z6jw,11:0-22:0,11:0-22:0,11:0-22:0,11:0-22:0,11:0-23:0,11:0-23:0,11:0-22:0
W7LceFeOx-8rLLwgXc8UMw,11:0-23:0,11:0-23:0,11:0-23:0,11:0-23:0,11:0-23:0,11:0-23:0,11:0-23:0
Nxg73OigmRQQq0d1pKtkUQ,10:0-0:0,10:0-0:0,10:0-0:0,10:0-0:0,10:0-5:0,10:0-5:0,10:0-0:0
c9eUmcKIfgDaF-WUv4ILVw,11:0-2:0,11:0-2:0,11:0-2:0,11:0-2:0,11:0-2:0,11:0-2:0,11:0-2:0
jUgUFVZzyD6MOlLnB2vJPg,10:0-22:0,10:0-22:0,10:0-22:0,10:0-0:0,10:0-0:0,10:0-0:0,10:0-22:0
PmQqj0wAnraXPuPSZCzEZQ,6:0-21:0,6:0-21:0,6:0-21:0,6:0-21:0,6:0-21:0,6:0-21:0,6:0-21:0
aSWwfZ38Vi-805mMEXH_lg,7:0-15:0,7:0-15:0,7:0-15:0,7:0-15:0,7:0-15:0,7:0-15:30,7:0-15:30
5ma1OUQWy_Ds80xUiP7JPQ,11:30-1:0,11:30-1:0,11:30-1:0,11:30-1:0,11:30-3:0,11:30-3:0,11:30-1:0
QUxzvPrcWSXCKtYcneXIVA,10:30-21:0,10:30-21:0,10:30-21:0,10:30-21:0,10:30-21:30,10:30-21:30,11:0-21:0
Yl2TN9c23ZGLUBSD9ks5Uw,17:0-22:0,17:0-22:0,17:0-22:0,17:0-22:0,17:0-22:0,17:0-22:0,17:0-22:0
KWM6C4g9x7Fnmjdz8H18sw,0:0-0:0,0:0-0:0,0:0-0:0,0:0-0:0,0:0-0:0,0:0-0:0,0:0-0:0
0mGYvAFGxH9bGRqYHxS0BQ,11:30-22:0,11:30-22:0,11:30-22:0,11:30-22:0,11:30-22:0,11:30-22:0,11:30-21:30
_3FxLxdg1unUQc3QqIgJuA,16:0-22:0,16:0-22:0,16:0-22:0,16:0-22:0,17:0-23:0,17:0-23:0,17:0-22:0
VRTQMh7wVgmzg96YttL3mQ,10:0-0:0,11:0-23:0,15:0-0:0,11:0-23:0,11:0-0:0,10:0-0:0,10:0-0:0
ibFdignja_hNpgCjDYP7Ug,0:0-0:0,0:0-0:0,0:0-0:0,0:0-0:0,0:0-0:0,0:0-0:0,0:0-0:0
Y14TOXSN40oWw7d5mPEkNA,10:0-19:0,10:0-19:0,10:0-19:0,10:0-19:0,10:0-19:0,10:0-19:0,10:0-17:0
ATpYld8anPooG-j2_EU-5Q,7:0-21:0,7:0-21:0,7:0-21:0,7:0-21:0,7:0-21:0,7:0-21:0,8:0-18:0
5RzR64HqnLRHo-MpZ129mQ,11:30-22:0,11:30-22:0,11:30-22:0,11:30-22:0,11:30-22:0,11:30-22:30,17:0-21:0
SlBl7jXhgv85tkuoTz9IOw,11:0-0:0,11:0-0:0,11:0-0:0,11:0-2:0,11:0-2:0,11:0-2:0,11:0-0:0
jCNBZnkIFv_0omLVTgNR6Q,11:0-0:0,11:0-0:0,11:0-3:0,11:0-3:0,11:0-3:0,11:0-3:0,11:0-3:0
dc3uoAmNo5STqKV6mlD_aA,7:30-2:0,7:30-2:0,7:30-2:0,7:30-2:0,7:30-2:0,7:30-2:0,7:30-2:0
tngl2VZ4VGpK3qFpmU0NMw,11:30-0:0,11:30-0:0,11:30-0:0,11:30-1:0,11:30-1:0,11:30-1:0,11:30-0:0
Gen0ei06dGq13OJ8DRXUjg,11:0-22:0,11:0-22:0,11:0-22:0,11:0-22:0,11:0-23:0,11:0-23:0,11:0-22:0
B7wVtgjOxkFNOoD6S11Urw,0:0-0:0,0:0-0:0,0:0-0:0,0:0-0:0,0:0-0:0,0:0-0:0,0:0-0:0
q2PUogtjncgsNn-pLzw5HQ,5:0-0:0,5:0-0:0,5:0-0:0,5:0-0:0,5:0-0:0,6:0-0:0,5:0-0:0
FQr_scgz9a4sXTdRS4d3mg,8:0-22:30,8:0-22:30,8:0-22:30,8:0-22:30,8:0-23:0,8:0-23:0,8:0-23:0
VrIskBdLuRxS0HsSimJOhA,11:0-23:0,11:0-23:0,11:0-23:0,11:0-23:0,11:0-2:0,11:0-2:0,11:0-23:0
ujPuhQdg8-GCJQg6BoRJtA,11:0-22:0,11:0-22:0,11:0-22:0,11:0-22:0,11:0-22:0,12:0-21:0,12:0-21:0
zN4f3aLeCuIhCTPRH0di-A,11:0-21:0,11:0-21:0,11:0-21:0,11:0-21:0,11:0-22:0,16:0-22:0,11:0-21:0
JJAwT9R6Fp2yyWHtWFA8uQ,11:30-1:0,11:30-1:0,11:30-1:0,11:30-1:0,11:30-1:0,11:30-1:0,16:0-1:0
luJ2N0iMnfmqmj4ksl58HA,11:0-2:0,11:0-2:0,11:0-2:0,11:0-3:0,11:0-3:0,11:0-3:0,11:0-2:0
-mjUxlW8Lyyq0t3GWvD3EA,0:0-0:0,0:0-0:0,0:0-0:0,0:0-0:0,0:0-0:0,0:0-0:0,0:0-0:0
odQGs2Rv0nC0fHh4Gfp2iA,11:0-21:30,11:0-21:30,11:0-21:30,11:0-21:30,11:0-22:0,11:0-22:0,11:0-21:30
wHq1efQVz17338k_aUOX3w,7:0-21:0,7:0-21:0,7:0-21:0,7:0-21:0,7:0-0:0,7:0-0:0,7:0-21:0
bo05yEhBVDA6YFOST_Gqlg,10:0-21:0,10:0-21:0,10:0-21:0,10:0-21:0,10:0-21:0,10:0-21:0,10:0-21:0
nwHd2MbIGz0SNG8GpFjekw,9:0-21:0,9:0-21:0,9:0-21:0,9:0-21:0,9:0-21:0,9:0-21:0,9:0-20:0
Q8-4uLtLJeXHJZZsr2Zexw,11:0-22:0,11:0-22:0,11:0-22:0,11:0-22:0,11:0-22:0,11:0-22:0,12:0-22:0
axX1hO_lEn9C-na3mMN4Aw,16:0-23:0,16:0-23:0,16:0-23:0,16:0-23:0,16:0-0:0,16:0-0:0,16:0-23:0
vcdgxeTfjFW9SXJmuUVOOg,11:30-21:0,11:30-21:0,11:30-21:0,11:30-21:0,11:30-22:0,11:30-22:0,11:30-21:0
Lyzr1uckXL0U-iBoMc0yfg,11:30-22:30,11:30-22:30,11:30-22:30,11:30-22:30,11:30-23:0,11:30-23:0,12:0-22:30
SFaCcwpIKjrpnT1IjzEDdg,0:0-0:0,11:0-23:0,11:0-23:0,11:0-23:0,9:0-17:0,20:30-0:0,16:0-23:0
KT2E2HQtb0HA0zsjbVp2BQ,0:0-0:0,15:30-0:0,15:30-0:0,15:30-2:0,15:30-2:0,15:30-2:0,17:0-0:0
YTCCJ3ShO-zg0dlx1nk6dw,17:0-22:0,17:0-22:0,17:0-22:0,17:0-22:0,17:0-22:30,17:0-22:30,17:0-22:0
LBHbyID7tcaGszznHtnCrw,0:0-0:0,11:0-1:0,11:0-1:0,11:0-2:0,11:0-2:0,11:0-2:0,11:0-16:45
_jGyZz4v9dedx_LIdJHulw,10:0-22:0,10:0-22:0,10:0-22:0,10:0-22:0,10:0-22:0,10:0-22:0,10:0-22:0
Ntu_fC4eFSPsNbssHKEg2Q,11:0-21:0,11:0-21:0,11:0-21:0,11:0-21:0,11:0-21:0,11:0-21:0,11:0-6:0
wNJpk_DvWyqEJfNXhpr2WQ,11:0-2:0,11:0-2:0,11:0-2:0,11:0-2:0,11:0-2:0,11:0-2:0,11:0-2:0
GmGvbDABaGvcKe_jIDvq6w,9:0-0:0,9:0-0:0,9:0-0:0,9:0-0:0,9:0-0:0,9:0-0:0,9:0-0:0
VfCN3rPIFyvJPKia1TecGw,10:0-21:0,10:0-21:0,10:0-21:0,10:0-21:0,10:0-21:0,9:30-21:0,11:0-18:0
lOKgoQtMhnlf6hWvrOiMtQ,11:0-0:0,11:0-0:0,11:0-0:0,11:0-0:0,11:0-0:0,11:0-0:0,11:0-0:0
S7jW3urXh4dal_OgycrxVQ,0:0-0:0,0:0-0:0,0:0-0:0,0:0-0:0,0:0-0:0,0:0-0:0,0:0-0:0
7cMnc_zSPenfSQa9_199CA,8:0-22:0,8:0-22:0,8:0-22:0,8:0-22:0,8:0-23:0,10:0-23:0,10:0-21:0
iwzVhM5CirzkNS5wTxwZeA,11:0-21:0,11:0-21:0,11:0-21:0,11:0-21:0,11:0-22:0,16:0-22:0,16:0-21:0
-H5Qoimm5siEJ4RSU4FyHQ,10:0-21:0,10:0-21:0,10:0-21:0,10:0-21:0,10:0-21:0,10:30-18:0,10:30-18:0
OY-QPfMdLueBtJgne_9KzQ,10:0-22:30,10:0-22:30,10:0-22:30,10:0-22:30,10:0-23:0,10:0-23:0,10:0-22:30
42yLya7lhe7TQGz3KEdKAw,10:30-21:30,10:30-21:30,10:30-21:30,10:30-21:30,10:30-22:0,10:30-22:0,10:30-21:30
JlMTixvNQ5bUGSxF12TLdw,10:30-22:0,10:30-22:0,10:30-22:0,10:30-22:0,10:30-23:0,10:30-23:0,10:30-22:0
zZLC1NfOQMfkqCHRWEq69w,0:0-0:0,0:0-0:0,0:0-0:0,0:0-0:0,0:0-0:0,0:0-0:0,0:0-0:0
k-oXgIdQlBe9rn8rWfRUdw,10:0-21:0,10:0-21:0,10:0-21:0,10:0-21:0,10:0-22:0,10:0-22:0,10:0-21:0
pyqnGlIfP9Zw8LLxBjyAiA,17:0-23:0,17:0-23:0,17:0-23:0,17:0-23:0,17:0-0:0,17:0-0:0,17:0-23:0
UWXggIA0t4Pp_xc57niKTg,8:0-23:0,8:0-23:0,8:0-23:0,8:0-23:0,8:0-23:0,8:0-23:0,9:0-22:0
c8DsYusKjQYUxnTj9BtVvA,17:0-22:0,17:0-22:0,17:0-22:0,17:0-22:0,17:0-23:0,17:0-23:0,17:0-22:0
kP17pirKRGLq-qZFDt-Uog,11:0-22:0,11:0-22:0,11:0-22:0,11:0-22:0,11:0-22:0,11:0-22:0,11:0-22:0
Doqz6-NiXEPhr28koWESKw,0:0-0:0,0:0-0:0,0:0-0:0,0:0-0:0,0:0-0:0,0:0-0:0,0:0-0:0
3nCK-90bwHpXMzeHJUi-Sw,9:0-23:0,9:0-23:0,9:0-23:0,9:0-23:0,9:0-3:0,9:0-3:0,9:0-23:0
H9Ht6OgTMl3PZoX60OzCew,11:0-13:0,11:0-13:0,11:0-13:0,11:0-13:0,11:0-15:0,11:0-15:0,11:0-13:0
UE3AvVnaPEBPneVahYT2eA,0:0-0:0,11:0-22:0,11:0-22:0,11:0-22:0,11:0-22:0,11:0-22:0,11:0-21:0
o3dA9fcwg84luw9yamk7wQ,11:0-22:0,11:0-22:0,11:0-22:0,11:0-22:0,11:0-22:0,12:0-22:0,12:0-22:0
jIDnLUpdKQCYtvT7wT7mJg,6:0-21:0,6:0-21:0,6:0-21:0,6:0-21:0,6:0-21:0,6:0-21:0,6:0-21:0
4X0KWUPcD2EkHN83aa4cXg,7:0-2:0,7:0-2:0,7:0-2:0,2:0-2:0,7:0-6:0,7:0-6:0,7:0-2:0
j29tuUdrfaxmGjwxHdHZPA,6:30-23:0,6:30-23:0,6:30-23:0,6:30-23:0,6:30-23:0,6:30-23:0,6:30-23:0
9MVKjEMN5T59uzG1xoD2BQ,0:0-0:0,11:0-21:0,11:0-21:0,11:0-21:0,11:0-22:0,11:0-22:0,11:0-20:0
8IblwilNlenDVwBbEzQEVg,11:0-21:30,11:0-21:30,11:0-21:30,11:0-21:30,11:0-22:30,11:0-22:30,12:0-21:30
V_XIK99ysZ2yjc6TUiPw2Q,12:0-4:0,12:0-4:0,12:0-4:0,12:0-4:0,12:0-4:0,12:0-4:0,12:0-4:0
gTedBMNAi5pBy0amenPOYQ,0:0-0:0,0:0-0:0,0:0-0:0,0:0-0:0,0:0-0:0,0:0-0:0,0:0-0:0
qXk2CS1-6jKTKpMUIgN9kQ,9:0-2:0,9:0-2:0,9:0-2:0,9:0-2:0,9:0-2:0,9:0-2:0,9:0-2:0
Gbj5eesDWGgjqhjDX-Rjjg,11:0-22:0,11:0-22:0,11:0-22:0,11:0-22:0,11:0-23:0,11:0-23:0,11:0-22:0
lXCmTGagqHuPgaeN2g2P1Q,10:0-23:0,10:0-23:0,10:0-23:0,10:0-23:0,10:0-0:0,10:0-0:0,10:0-23:0
50NTSGbZ3pN5643_K1IReA,11:0-21:30,11:0-21:30,11:0-21:30,11:0-21:30,11:0-22:30,11:0-21:30,11:0-21:0
DQbbE26lEFq4rEFSaEEhRg,11:30-22:0,11:30-22:0,11:30-22:0,11:30-22:0,11:30-22:0,11:30-22:0,11:0-21:30
p5rpYtxS5xPQjt3MXYVEwA,9:30-19:30,7:0-22:0,7:0-22:0,7:0-22:0,7:0-22:0,7:0-22:0,7:30-14:30
a5d_-h81d0OjN24Duxh-Rw,8:0-22:0,8:0-22:0,8:0-22:0,8:0-22:0,8:0-22:0,9:0-22:0,10:0-22:0
gpN0iUpDl7BN2IUwzB7oMQ,12:0-21:30,11:30-22:30,11:30-22:30,11:30-22:30,11:30-22:30,11:30-22:30,16:0-22:0
mcWAIj1u1S-QDBhB7CiIdQ,0:0-0:0,0:0-0:0,0:0-0:0,0:0-0:0,0:0-0:0,0:0-0:0,0:0-0:0
OJqLCq4_ww7jGxiGnTwC-Q,11:0-1:0,11:0-1:0,11:0-1:0,11:0-1:0,11:0-2:30,11:0-2:0,11:0-0:0
3awTUGMdUVrwEBkFFOxn9Q,0:0-0:0,11:0-21:0,11:0-21:0,11:0-21:0,11:0-21:0,16:0-21:0,12:0-19:0
GSBvHOu7vM6IWFqXTbR_4A,12:0-20:0,12:0-20:0,12:0-20:0,12:0-20:0,12:0-22:0,11:0-22:0,11:0-20:0
eh127ASMZstrELE0K0XADw,10:0-21:0,10:0-21:0,10:0-21:0,10:0-21:0,10:0-22:0,10:0-22:0,10:0-21:0
HSoKTWnsu7f3yvywWvBQ4w,0:0-0:0,11:0-21:0,11:0-21:0,11:0-21:0,11:0-21:0,11:0-21:0,12:0-18:0
h9r-Uif_y0b6x80IJFzXLA,0:0-0:0,0:0-0:0,0:0-0:0,0:0-0:0,0:0-0:0,0:0-0:0,0:0-0:0
UT6L3b7Zll_nvRidijiDSA,11:0-1:0,11:0-1:0,11:0-1:0,11:0-1:0,11:0-3:0,11:0-3:0,11:0-1:0
mwE5uNVkxCXvEuVa1KQ_3g,0:0-0:0,0:0-0:0,0:0-0:0,0:0-0:0,0:0-0:0,0:0-0:0,0:0-0:0
hAhvkwAjzvuzxrfu4XI_PA,10:30-23:0,10:30-23:0,10:30-23:0,10:30-23:0,10:30-23:30,10:30-23:30,12:0-22:30
6xHAfmlqlpjm9retP20woQ,11:0-22:0,11:0-22:0,11:0-22:0,11:0-22:0,11:0-22:0,11:0-22:0,11:0-22:0
lwxYmWqjmEZ0ukCsXC9Pfg,11:0-2:0,11:0-23:0,11:0-1:0,11:0-22:0,11:0-2:0,11:0-2:0,11:0-1:0
tOL8YMFVyPiXkSYv06AZsQ,11:0-2:0,11:0-2:0,11:0-2:0,11:0-2:0,11:0-2:0,11:0-2:0,11:0-2:0
WlqxMI84U-Cku3Qs-tJUJQ,0:0-0:0,0:0-0:0,0:0-0:0,0:0-0:0,0:0-0:0,0:0-0:0,0:0-0:0
7gjYJ6leqm2IMJXNpKvIlw,10:0-21:0,10:0-21:0,10:0-21:0,10:0-21:0,10:0-21:0,11:0-21:0,11:0-18:0
9edPSkfXKsJmkZYIaOmA7Q,9:0-21:0,9:0-21:0,9:0-21:0,9:0-21:0,9:0-21:0,9:0-21:0,9:0-20:0
kblFxfo_xnMUZF0U0aGXQw,0:0-0:0,11:0-21:0,11:0-21:0,11:0-21:0,11:0-22:0,11:30-21:30,11:30-20:30
5R7dT5TPfNsOMenkbHiYbQ,10:45-21:0,10:45-21:0,10:45-21:0,10:45-21:0,10:45-21:0,11:0-20:45,11:30-20:0
XdhoZK1LYGYmmnUwpFNV-w,10:0-22:0,10:0-22:0,10:0-22:0,10:0-22:0,10:0-22:0,10:0-22:0,10:0-22:0
fk9-GzfKDCESiP9Zp8XfzA,8:0-1:0,8:0-1:0,8:0-1:0,8:0-1:0,8:0-2:0,8:0-2:0,8:0-1:0
ZRdHKIjiIa0k5-ufCLyIaQ,0:0-0:0,0:0-0:0,0:0-0:0,0:0-0:0,0:0-0:0,0:0-0:0,0:0-0:0
Sovgwq-E-n6wLqNh3X_rXg,10:30-23:0,10:30-23:0,10:30-23:0,10:30-23:0,10:30-0:0,9:0-0:0,9:0-23:0
O9O0tmaFq4_n4jEENEc1NQ,7:0-18:0,7:0-18:0,7:0-18:0,7:0-18:0,7:0-18:0,9:0-18:0,9:0-18:0
42-UJ-c_97IeqUc6BWjmnA,11:0-22:0,11:0-22:0,11:0-22:0,11:0-22:0,11:0-23:0,11:0-23:0,11:0-22:0
avdZfgCUrkirUbizXZGMAw,11:30-21:0,11:0-22:0,11:0-22:0,11:0-22:0,11:0-22:0,11:0-22:0,11:30-21:0
pxv5jBUOgsg6Rf6Z88e4mg,0:0-0:0,15:0-22:0,15:0-0:0,15:0-22:0,15:0-0:0,10:0-0:0,10:0-22:0
GHS1rVjO-RMcRB6WJLpCDQ,9:0-21:0,9:0-21:0,9:0-21:0,9:0-21:0,9:0-21:0,9:0-21:0,9:0-20:0
giCq1MmW-_S2tvNOAHvJcQ,11:30-21:0,11:30-21:0,11:30-21:0,11:30-21:0,11:30-21:0,11:30-21:0,12:0-15:0
v8KJxkaqdahn90r7chXQZg,10:0-21:0,10:0-21:0,10:0-21:0,10:0-21:0,10:0-21:0,10:0-21:0,11:0-19:0
Asy49gKgikq_NkYsC_7c0Q,11:0-20:0,11:0-20:0,11:0-20:0,11:0-20:0,11:0-20:0,11:0-20:0,11:0-18:0
rzSpnojxrHra_wFeN5KpMQ,11:0-21:0,11:0-21:0,11:0-21:0,11:0-21:0,11:0-23:0,11:0-23:0,11:0-21:0
YFamMJYgBmsFKj6x6xR_jg,7:30-17:30,7:30-17:30,7:30-17:30,7:30-17:30,7:30-17:30,9:0-16:0,9:0-16:0
0i3oD3DqaxaHS22NbmGeCw,9:30-21:30,9:30-21:30,9:30-21:30,9:30-21:30,9:30-21:30,9:30-21:30,9:30-21:30
uIbZjRRqR1OR-t2NBCa1Wg,11:0-23:0,11:0-23:0,11:0-23:0,11:0-23:0,11:0-0:0,10:0-0:0,10:0-23:0
6NVkLU4d556yKNUPqDjjlg,9:0-22:0,9:0-22:0,9:0-22:0,9:0-22:0,9:0-23:0,9:0-23:0,9:0-22:0
mU3vlAVzTxgmZUu6F4XixA,11:0-0:0,11:0-0:0,11:0-0:0,11:0-0:0,11:0-1:0,11:0-1:0,11:0-0:0
TG-5UF3tHSP9xSq5L6b1Zg,11:0-22:30,11:0-22:30,11:0-22:30,11:0-22:30,11:0-23:30,11:0-23:30,11:0-22:30
poSV39UqEg-gpESXafS9-g,11:0-20:0,11:0-21:0,11:0-18:30,11:0-21:0,11:0-22:0,11:0-22:0,11:0-21:0
Gt4z3AylNTsEPDkzkaC7HA,7:0-15:0,7:0-15:0,7:0-15:0,7:0-15:0,7:0-15:0,7:0-15:0,7:0-15:0
vFTKENEf3AxbodEshK5W2A,0:0-0:0,0:0-0:0,0:0-0:0,0:0-0:0,0:0-0:0,0:0-0:0,0:0-0:0
opKWjqkJH2_cq_9t3r1RSw,10:0-20:0,10:0-20:0,10:0-20:0,10:0-20:0,10:0-20:0,10:0-20:0,11:0-19:0
LzYy9DdprXyI2zXNSP267g,11:0-23:0,11:0-23:0,11:0-23:0,11:0-0:0,11:0-0:0,11:0-0:0,11:0-0:0
Dl2vgi5W_nbe-A97D0zgfA,12:0-23:0,12:0-23:0,12:0-23:0,12:0-23:0,12:0-23:0,12:0-23:0,12:0-23:0
oOGLDf2rzeCPS7UQ8hhPlQ,11:30-21:0,11:30-21:0,11:30-21:0,11:30-22:0,11:30-22:0,12:0-22:0,12:0-21:0
y1-dT-QJa-iGmirS6zA3oA,16:0-4:0,16:0-4:0,16:0-4:0,16:0-4:0,16:0-4:0,16:0-4:0,16:0-4:0
XXW_OFaYQkkGOGniujZFHg,0:0-0:0,0:0-0:0,0:0-0:0,0:0-0:0,0:0-0:0,0:0-0:0,0:0-0:0
bNynUUb2uYtHGLSD7mS3Bw,0:0-0:0,12:0-22:0,12:0-22:0,12:0-22:0,12:0-23:0,12:0-23:0,12:0-22:0
webM3oChwDCkzZEmjrSeHQ,7:30-16:30,7:30-16:30,7:30-16:30,7:30-16:30,7:30-16:30,8:30-16:0,8:30-16:0
OVTY-NpcTA7iXbMQmusv3A,11:0-23:0,11:0-23:0,11:0-23:0,11:0-23:0,11:0-0:0,10:0-0:0,10:0-23:0
wwgH65yjLssksjz8ASU3QA,10:45-22:0,10:45-22:0,10:45-22:0,10:45-22:0,10:45-22:0,10:45-22:0,10:45-22:0
ruWTngdiC68O9la27hvvHw,17:0-1:0,17:0-1:0,17:0-1:0,17:0-1:0,17:0-1:0,17:0-2:0,17:0-1:0
ZNVCrUxpMQPxO40hamEaKg,11:0-22:0,11:0-22:0,11:0-22:0,11:0-22:0,11:0-22:0,11:0-22:0,11:0-22:0
m2hz26KM3kLN_AS5CcEjPg,16:0-3:0,16:0-2:0,16:0-2:0,16:0-2:0,16:0-2:0,16:0-2:0,11:0-15:0
Ph-ZxS3WrhwjlIC07fo-Aw,10:0-21:0,10:0-21:0,10:0-21:0,10:0-21:0,10:0-21:0,10:0-21:0,10:0-21:0
ti1bb30WwnkDLuVvpTM6fQ,10:0-21:0,10:0-21:0,10:0-21:0,10:0-21:0,10:0-22:0,9:0-22:0,9:0-22:0
MD4Pa7A3EyQDwscwCQqnmQ,10:0-21:0,10:0-21:0,10:0-21:0,10:0-21:0,10:0-21:0,10:0-21:0,10:0-20:0
K7ESHh6Uh5NptgI5bfsShQ,11:0-21:0,11:0-21:0,11:0-21:0,11:0-21:0,11:0-21:0,10:0-21:0,10:0-21:0
TLfBvo601IBNSkvymQnnZQ,10:0-1:0,10:0-1:0,10:0-1:0,10:0-1:0,10:0-2:0,10:0-2:0,10:0-1:0
2XUYdiTgCsDE0k61QC422A,11:0-22:0,11:0-22:0,11:0-22:0,11:0-22:0,11:0-22:0,11:0-22:0,11:0-22:0
oE-vW0S6wRh0YVki7_pVBA,10:0-20:30,10:0-20:30,10:0-20:30,10:0-20:30,10:0-20:30,10:0-20:30,10:0-20:30
t4bBKVXbr8bIN9nEJIobYg,17:0-21:0,17:0-21:0,17:0-21:0,17:0-21:0,17:0-22:0,17:0-22:0,17:0-21:0
lo8WwqKogC-kz4toRvkdUQ,11:30-22:30,11:30-22:30,11:30-22:30,11:30-23:0,11:30-23:0,11:30-23:0,11:30-22:30
YRYO4dkcA26k-cmCYxaY1A,8:0-21:0,8:0-21:0,8:0-21:0,8:0-21:0,8:0-21:0,10:0-20:0,10:0-18:0
ld0max-y0Uba4gUDC9c4Yg,14:0-2:0,14:0-2:0,14:0-2:0,14:0-2:0,14:0-2:0,11:30-2:0,11:30-2:0
K6XIGkyk7-fuOQtA8i7p6A,11:0-23:0,11:0-0:0,11:0-0:0,11:0-1:0,11:0-2:0,10:0-2:0,10:0-22:0
eFZwGBf2Ec5e5FdHo76gQQ,12:0-19:0,11:0-20:0,10:0-22:0,11:0-22:0,11:0-23:0,11:0-11:15,11:0-23:0
YAdyu9ovEiOZXBWkD0H8-Q,12:0-21:0,11:30-21:30,11:30-21:30,11:30-21:30,11:30-22:0,12:0-22:30,12:0-21:30
4iY-JA8swpJcLMGFit_G-g,10:0-21:0,10:0-21:0,10:0-21:0,10:0-21:0,10:0-21:0,10:0-19:0,10:0-19:0
U4ePUdVasbs-icGNJ0Ojaw,6:30-23:0,6:30-23:0,6:30-23:0,6:30-23:0,6:30-0:0,6:30-0:0,6:30-23:0
7PHMqeH3ypMtmYVV9eyb-A,11:0-23:0,11:0-23:0,11:0-23:0,11:0-23:0,11:0-23:0,11:0-23:0,11:0-23:0
lgdde-A-rnzOw9ybmL82pQ,0:0-0:0,0:0-0:0,0:0-0:0,0:0-0:0,0:0-0:0,0:0-0:0,0:0-0:0
mTD9IKo7loPg6QTLDcL6YQ,7:0-15:0,7:0-15:0,7:0-15:0,7:0-15:0,7:0-15:0,7:0-16:0,7:0-16:0
eSLwC2iFJOU4UWXyuPiTpg,9:0-3:0,9:0-3:0,9:0-3:0,9:0-3:0,9:0-3:0,9:0-3:0,9:0-3:0
MXC9pwIxovWUc9yu1F8OxA,11:30-22:30,11:30-22:30,11:30-22:30,11:30-22:30,11:30-22:30,12:0-22:30,12:0-22:30
fIBrbhvU9T2PZuch_wBK_g,11:0-23:0,11:0-23:0,11:0-23:0,11:0-23:0,11:0-0:0,11:0-0:0,11:0-23:0
MZRqxvBkJLjKcoOjNz7yLA,8:0-0:0,8:0-0:0,8:0-3:0,8:0-3:0,8:0-3:0,8:0-3:0,8:0-3:0
Idk-QTyUZq9w0ALh5cyvrw,11:0-2:0,11:0-2:0,11:0-2:0,11:0-3:0,11:0-3:0,11:0-3:0,11:0-2:0
V4BYvw51GBAj7pv2n7XtOw,10:30-23:0,10:30-23:0,10:30-23:0,10:30-23:0,10:30-0:0,10:30-0:0,10:30-23:0
jfK5RhtgZ9-lulCzMwpZbA,11:0-2:0,11:0-2:0,11:0-2:0,11:0-2:0,11:0-3:0,11:0-4:0,11:0-3:0
ALouXcCfsrnbpNEpO9-Y3A,11:0-21:0,11:0-21:0,11:0-21:0,11:0-21:0,11:0-22:0,11:0-22:0,11:0-21:0
uuGEGvTJEWwUycI_03e7WQ,7:30-17:0,7:30-17:0,7:30-17:0,7:30-17:0,7:30-17:0,7:30-17:0,7:30-17:0
h3pMMRwqBjMeMtk0_qQzRQ,11:0-21:0,11:0-22:0,11:0-22:0,11:0-22:0,11:0-22:0,11:0-22:0,11:0-21:0
rmaNVBR2D_10blPLk_jtTA,6:30-1:0,6:30-1:0,6:30-1:0,6:30-1:0,6:30-1:0,6:30-1:0,6:30-1:0
LQZ2yBIAFmXYbDD0Z2Nhug,11:0-23:0,11:0-23:0,11:0-23:0,11:0-23:0,11:0-23:0,11:0-23:0,11:0-23:0
iB9By3dVS6BydSUiDHxLyw,0:0-0:0,11:0-2:0,11:0-2:0,11:0-2:0,11:0-2:0,11:0-2:0,10:0-18:0
3sXlZWM9B72_r-dYBIgmyg,0:0-0:0,0:0-0:0,0:0-0:0,0:0-0:0,0:0-0:0,0:0-0:0,0:0-0:0
wjf1uZNr6E4LQ0nUNHX5AA,9:0-9:0,9:0-9:0,9:0-9:0,9:0-9:0,9:0-9:0,9:0-9:0,9:0-9:0
DtJEfQtw-D-ILTnWktrCtw,10:0-22:30,10:0-22:30,10:0-22:30,10:0-22:30,10:0-22:30,10:0-22:30,10:0-22:30
r8Jr-7YfkhJL2nxk9lxUNg,11:0-21:0,11:0-21:0,11:0-21:0,11:0-21:0,11:0-22:0,11:0-22:0,11:0-21:0
L-IyrAwnrg9A2yW7zPI_UA,8:0-22:0,8:0-22:0,8:0-22:0,8:0-22:0,8:0-22:0,8:0-22:0,8:0-15:0
4Ua5_CI0rKq3ar5hUTUprw,11:30-22:30,11:30-22:30,11:30-22:30,11:30-22:30,11:30-23:30,11:30-23:30,11:30-22:30
aMF8cG445ONPRKBsBYqofg,6:0-15:0,6:0-15:0,6:0-15:0,6:0-15:0,6:0-15:0,7:0-15:0,7:0-15:0
owxcYAUca_6K6BAUX4V48w,10:0-22:0,10:0-22:0,10:0-22:0,10:0-22:0,10:0-22:0,10:0-22:0,10:0-22:0
K7fip0nDFFdCC7OCnNOotQ,17:0-0:0,17:0-4:0,17:0-4:0,17:0-0:0,17:0-4:0,17:0-4:0,17:0-4:0
K12EYif4vVDBno8S5RaWMQ,7:0-18:0,7:0-18:0,7:0-18:0,7:0-18:0,7:0-20:0,0:0-0:0,6:0-18:0
9K4WIS_4L94vkExuHcc17Q,6:0-22:0,6:0-22:0,6:0-22:0,6:0-22:0,6:0-22:0,6:0-22:0,6:0-22:0
m7v-K-BARyZu6lePJw8u6g,10:0-23:0,10:0-23:0,10:0-23:0,10:0-23:0,10:0-0:0,10:0-0:0,10:0-23:0
02BXFKzu1rgaYulNGYvi6g,17:0-23:0,17:0-23:0,17:0-23:0,17:0-23:0,17:0-23:0,14:30-23:0,14:30-23:0
1r9xmPVZqsiTNQr_FAcs8w,0:0-0:0,12:0-22:0,12:0-22:0,12:0-22:0,12:0-23:0,12:0-23:0,12:0-21:0
MtxfrJwF-OTvJGyWV1PfzQ,9:0-21:0,9:0-21:0,9:0-21:0,9:0-21:0,9:0-21:0,9:0-21:0,9:0-21:0
Sr-_q9OcQCmbkjMxZhHgjw,11:0-2:0,11:0-2:0,11:0-2:0,11:0-2:0,11:0-2:0,11:0-2:0,11:0-2:0
L0T0tx47qXd15FOrLoKUng,9:30-0:0,9:30-0:0,9:30-0:0,9:30-0:0,9:30-0:0,9:30-0:0,10:30-23:0
uqo0qY32KN0wyzsB30hB5A,0:0-0:0,0:0-0:0,0:0-0:0,0:0-0:0,0:0-0:0,0:0-0:0,0:0-0:0
_RYkQNjV_D6xOzRp3RwVOQ,10:0-0:0,10:0-0:0,10:0-0:0,10:0-0:0,10:0-2:0,10:0-2:0,10:0-0:0
NXT94mdw1KWadc3q0u0KYg,8:0-21:0,8:0-21:0,8:0-21:0,8:0-21:0,8:0-22:0,8:0-22:0,8:0-21:0
7qFtiPg0gdbk911_mj6LoA,17:0-22:0,17:0-22:0,17:0-22:0,17:0-22:0,17:0-23:0,17:0-23:0,17:0-22:0
1i4iRBkkNU_o_S2pY7W7kQ,10:0-22:0,10:0-22:0,10:0-22:0,10:0-22:0,10:0-22:0,10:0-22:0,10:0-22:0
XhJWPRqwVCZKr7vieCKX6g,11:0-22:0,11:0-22:0,11:0-22:0,11:0-22:0,11:0-22:0,11:0-22:0,11:0-22:0
jRRC_tlEgOmDIhnB2qN2uQ,11:0-0:0,11:0-0:0,11:0-0:0,11:0-0:0,11:0-0:0,11:0-0:0,11:0-0:0
RUJymwuG7ICtEZpXLqJpUg,10:0-21:0,10:0-21:0,10:0-21:0,10:0-21:0,10:0-21:0,10:0-21:0,10:0-21:0
efFIGYJDnqPnjXlASxF7PQ,14:0-2:0,14:0-2:0,14:0-2:0,14:0-2:0,14:0-2:0,14:0-2:0,14:0-2:0
r9J4uFdWhDgH8poy1KTdDg,10:0-22:30,10:0-22:30,10:0-22:30,10:0-22:30,10:0-23:0,10:0-23:0,10:0-22:30
EvOHshSlR5t9NwhUuu0YJg,7:0-15:0,7:0-15:0,7:0-15:0,7:0-15:0,7:0-15:0,7:0-15:0,7:0-15:0
6QUuDlLjNDQWFCbJ9--jsQ,11:30-22:0,11:30-22:0,11:30-22:0,11:30-22:0,11:30-23:0,11:30-23:0,11:30-22:0
PyrcymoNDAJDm_Zn9yl-7A,11:0-20:0,11:0-20:0,11:0-20:0,11:0-20:0,11:0-20:0,16:0-21:0,16:0-20:0
yWMpjE_3SSv3QfJxJ_H-4g,10:30-22:0,10:30-22:0,10:30-22:0,10:30-22:0,10:30-22:0,10:30-22:0,10:30-22:0
75i9St7QE12NX5JM-Zt90g,10:30-22:0,10:30-22:0,10:30-22:0,10:30-22:0,10:30-22:0,10:30-22:0,10:30-22:0
2Li0n3-NsCNAje1pZYtHXQ,10:0-22:0,10:0-21:0,10:0-22:0,10:0-22:0,10:0-1:0,10:0-2:30,11:0-22:0
oBuFzfKprMOxd9T2ytjZhw,7:30-19:0,7:30-19:0,7:30-19:0,7:30-19:0,7:30-19:0,8:0-19:0,9:0-19:0
Ipkl7KtlqxCe8bMMkwHwPQ,7:0-16:0,7:0-16:0,7:0-16:0,7:0-16:0,7:0-16:0,7:0-16:0,7:0-16:0
G_22Q3dn5szG7W8NpEEgwg,11:30-22:0,11:30-22:0,11:30-22:0,11:30-22:0,11:30-0:0,11:30-0:0,11:30-22:0
2Y7voMZLcJ4YYC8_UjEuPg,10:0-22:30,10:0-22:30,10:0-22:30,10:0-22:30,10:0-23:0,10:0-23:0,10:0-22:30
VEM9ddboePvhvucd3jAbVQ,0:0-0:0,0:0-0:0,0:0-0:0,0:0-0:0,0:0-0:0,0:0-0:0,0:0-0:0
EUWBT5GDxPC95w9itZ1EHw,16:0-21:0,16:0-21:0,16:0-21:0,16:0-21:0,16:0-22:0,16:0-22:0,16:0-22:0
i914BRmIlPSjJpW5B_cS8Q,6:30-19:0,6:30-19:0,6:30-19:0,6:30-19:0,6:30-19:0,6:30-19:0,6:30-19:0
eRQwgSQD1KyCmJk_PAGOXQ,10:30-22:0,10:30-22:0,10:30-22:0,10:30-22:0,10:30-22:0,10:30-22:0,10:30-22:0
sL7RKR9srM8vd0HAMApgpg,11:0-23:0,11:0-23:0,11:0-23:0,11:0-23:0,11:0-0:0,11:0-0:0,11:0-23:0
njiPpJhy94Ojq91Bev6ckA,10:0-21:30,10:0-21:30,10:0-21:30,10:0-21:30,10:0-22:0,10:0-22:0,10:30-21:30
iPa__LOhse-hobC2Xmp-Kw,5:0-23:0,5:0-23:0,5:0-23:0,5:0-23:0,5:0-1:0,5:0-1:0,5:0-23:0
6Z6IyosSMciZtwk8hRLRag,11:0-22:0,11:0-22:0,11:0-22:0,11:0-22:0,11:0-22:0,11:0-22:0,11:0-22:0
8kToK23uEo5su6VftV8ZOg,11:30-2:0,11:30-2:0,11:30-2:0,11:30-2:0,11:30-2:0,11:30-2:0,11:30-1:0
eszo5NGbX8Cn2gfuUj3gAQ,9:0-21:0,9:0-21:0,9:0-21:0,9:0-21:0,9:0-21:0,9:0-21:0,9:0-21:0
Z25WwYfb-TqP68Hbfqjbzg,10:15-20:30,10:15-20:30,10:15-20:30,10:15-20:30,10:15-20:30,10:15-20:30,10:15-20:30
8zO1gDlfujftc6ZJr43nHA,10:0-22:0,10:0-22:0,10:0-22:0,10:0-22:0,10:0-22:0,11:0-22:0,11:0-22:0
Sv0mCDEF0-V-HGR0nk5Egg,0:0-0:0,0:0-0:0,0:0-0:0,0:0-0:0,0:0-0:0,0:0-0:0,0:0-0:0
Pft_PMCvtmsN2YkDzm1UtQ,11:0-22:0,11:0-22:0,11:0-22:0,11:0-22:0,11:0-23:0,11:0-23:0,11:0-22:0
aKcqKNcbwNydCBnvAA4TeQ,0:0-0:0,0:0-0:0,0:0-0:0,0:0-0:0,0:0-0:0,0:0-0:0,0:0-0:0
M64mDfxaHtBGdn6AoTVwxg,0:0-0:0,14:0-22:0,14:0-22:0,14:0-22:0,14:0-22:0,12:0-22:0,12:0-22:0
c65l1HepL-5Zqh_2fJ7ezw,11:30-22:0,11:30-22:0,11:30-22:0,11:30-22:0,11:30-22:0,12:0-22:0,12:0-22:0
N0apJkxIem2E8irTBRKnHw,11:30-6:0,11:30-6:0,11:30-6:0,11:30-6:0,11:30-6:0,11:30-6:0,11:30-6:0
N6CJerqD19UIZ51J7-hgDQ,7:0-20:0,7:0-20:0,7:0-20:0,7:0-20:0,7:0-20:0,7:0-20:0,7:0-15:0
-jKBFjNTbiafSdunQy6dlQ,10:45-16:45,10:45-21:30,10:45-21:30,10:45-21:30,10:45-22:0,10:45-22:0,10:45-21:30
zhxnD7J5_sCrKSw5cwI9dQ,10:0-23:0,10:0-23:0,10:0-23:0,10:0-23:0,10:0-23:0,10:0-23:0,10:0-23:0
FgHjnpJkCMj62b9P6n7Iig,11:30-23:0,11:30-0:0,11:30-0:0,11:30-0:0,11:30-0:0,11:30-0:0,11:30-23:0
uCHdWwomBaXwBkUww5kYGQ,0:0-0:0,0:0-0:0,0:0-0:0,0:0-0:0,0:0-0:0,0:0-0:0,0:0-0:0
I3STZd5iAvUL9MNLF_DUug,11:0-21:0,11:0-21:0,11:0-21:0,11:0-21:0,6:0-23:0,6:0-23:0,11:0-21:0
f-2ZS7X9KbGGJ2Ql1dBwEg,7:0-19:0,7:0-19:0,7:0-19:0,7:0-19:0,7:0-19:0,8:0-18:0,8:0-17:0
kABF0hYfAEnl166mn1zR1A,11:0-21:30,11:0-21:30,11:0-21:30,11:0-21:30,11:0-21:30,11:0-21:30,11:0-21:0
KpEgsQz0eCQfL7kfkZ8QeA,10:0-21:0,10:0-21:0,10:0-21:0,10:0-21:0,10:0-21:0,10:0-21:0,10:0-22:0
bRR4gsjHv0F_RnRGjQBqlg,12:0-21:30,12:0-21:30,12:0-21:30,12:0-21:30,12:0-22:0,12:0-22:0,12:0-22:0
-ITj6Pu8Gdw8MmLf0XBEKQ,11:0-21:30,11:0-21:30,11:0-21:30,11:0-21:30,11:0-22:0,11:0-22:0,11:0-21:30
bH3xVTnb_5w6k7ILK82Kaw,0:0-0:0,0:0-0:0,0:0-0:0,0:0-0:0,0:0-0:0,0:0-0:0,0:0-0:0
1gKfooshVPeDMQZM3mCN0A,11:0-22:0,11:0-22:0,11:0-22:0,11:0-22:0,11:0-22:0,11:0-22:0,11:0-22:0
x8_NelKV1JY5S5bN7mWJuQ,6:0-21:30,6:0-21:30,6:0-21:30,6:0-21:30,6:0-21:30,6:0-21:30,6:0-21:30
0-fJRl595ZfHFyLQ3cROUg,0:0-0:0,7:0-15:0,7:0-15:0,7:0-15:0,7:0-15:0,7:0-15:0,7:0-15:0
gugN1sgyheBJ6aKtNcv_gQ,7:0-14:0,7:0-14:0,7:0-14:0,7:0-14:0,7:0-14:0,7:0-14:0,7:0-14:0
S_bG5WWbtNXhhY9Y0GTcSg,0:0-0:0,7:0-15:0,7:0-15:0,7:0-15:0,7:0-15:0,8:0-15:0,8:0-15:0
fmnE6VQLBhgIrb6RBuqmjA,11:0-21:0,11:0-21:0,11:0-21:0,11:0-21:0,11:0-14:0,20:0-22:0,11:0-21:0
Q4n0Olo50fIhi6a5apuraA,0:0-0:0,11:0-22:0,11:0-22:0,11:0-22:0,11:0-0:0,9:30-0:0,9:0-16:0
MldtbULi0uqWxduSyE663w,6:0-20:0,6:0-20:0,6:0-20:0,6:0-20:0,6:0-20:0,6:0-20:0,8:0-17:30
tpoSNhUvEUBNMpcuP331mg,11:0-0:0,11:0-0:0,11:0-0:0,11:0-0:0,11:0-2:0,10:0-2:0,10:0-0:0
ypfFfR3-PbtoslIhohNstw,9:0-9:0,9:0-9:0,9:0-9:0,9:0-9:0,9:0-9:0,9:0-9:0,9:0-9:0
2vu5RPLxvAqY0PK5olT7QQ,11:0-22:0,11:0-22:0,11:0-22:0,11:0-22:0,11:0-22:0,11:0-22:0,11:0-22:0
jbbFSVdIrac2QBuSV-NBLw,0:0-0:0,0:0-0:0,0:0-0:0,0:0-0:0,0:0-0:0,0:0-0:0,0:0-0:0
DgHXVoAZ4XzbcQMahuJCbw,6:0-22:0,6:0-22:0,6:0-22:0,6:0-22:0,6:0-23:0,6:0-23:0,6:0-22:0
rGZtr_ZfOVfmj9aTLV11Rw,10:30-22:0,10:30-22:0,10:30-22:0,10:30-22:0,10:30-22:0,10:30-22:0,10:30-22:0
VrGI7_nRjXpn0415S3coGQ,11:0-22:0,11:0-22:0,11:0-22:0,11:0-22:0,11:0-22:0,11:0-22:0,11:0-22:0
Y41j3CfQ35nvEFCV3YPRTQ,5:0-20:0,5:0-20:0,5:0-21:0,5:0-21:0,5:0-22:0,5:0-21:0,5:0-21:0
3LQhD2j97GuVIDAciQzX2Q,10:30-21:0,10:30-21:0,10:30-21:0,10:30-21:0,10:30-21:0,10:30-21:0,10:30-21:0
RwRNR4z3kY-4OsFqigY5sw,8:0-23:0,8:0-23:0,8:0-23:0,8:0-23:0,8:0-23:0,8:0-23:0,8:0-23:0
sSp-ZbEsVDKf8Y2OAXS40A,9:30-19:0,9:30-19:0,9:30-19:0,9:30-20:0,9:30-20:0,9:0-18:0,10:0-15:0
Ljknr0VF5Ia2DlTzELg-Kg,6:30-21:0,6:30-21:0,6:30-21:0,6:30-21:0,6:30-21:0,8:0-21:0,8:0-21:0
6Iu4YDjAPrDRRrPCt_E2zA,10:0-22:0,11:0-22:0,11:0-22:0,11:0-22:0,11:0-22:0,11:0-22:0,10:0-21:0
rfgln6-7WFCu7S7fOoqMdA,0:0-0:0,10:0-23:0,10:0-23:0,10:0-23:0,10:0-23:0,10:0-23:0,11:0-18:0
tTx6Ac4yQWNnRW2qMHFztg,11:30-22:30,11:30-22:30,11:30-22:30,11:30-22:30,11:30-23:0,11:30-23:0,16:0-22:0
VqutAZTwEgFj7FNoTjk3CA,0:0-0:0,0:0-0:0,0:0-0:0,0:0-0:0,0:0-0:0,0:0-0:0,0:0-0:0
j00iBr6uYnwgFs_J5y9f0w,11:0-21:0,11:0-21:0,11:0-21:0,11:0-21:0,11:0-22:0,11:0-22:0,11:0-21:0
f5iPbCVgv-2x00ZBoOwU7A,0:0-0:0,17:0-2:0,17:0-2:0,17:0-2:0,17:0-2:0,17:0-2:0,17:0-2:0
ZSONEY8fvrMHyK7vzK4yPA,10:0-0:0,10:0-0:0,10:0-0:0,10:0-0:0,10:0-0:0,10:0-0:0,10:0-0:0
buTa1akbH0pO_P10v99_eA,0:0-0:0,0:0-0:0,0:0-0:0,0:0-0:0,0:0-0:0,0:0-0:0,0:0-0:0
h4Q-uSoOIhMoIsOhat6l3A,9:0-22:0,9:0-22:0,9:0-22:0,9:0-22:0,9:0-22:0,9:0-22:0,9:0-22:0
x8O-Mll5ksDpeIgtA0XY-w,11:0-21:0,11:0-21:0,11:0-21:0,11:0-21:0,11:0-21:30,11:0-21:30,11:0-21:0
XTtNTWH_Nqv27RC7OtS7dQ,7:0-23:0,7:0-23:0,7:0-23:0,7:0-23:0,7:0-0:0,7:0-0:0,7:0-23:0
pdgzBiQBs8HGUBJzXe9j6w,11:0-21:30,11:0-21:30,11:0-21:30,11:0-21:30,11:0-21:30,11:0-21:30,14:0-21:30
ai5dbb7P-qwt113PaJJCwg,0:0-0:0,0:0-0:0,0:0-0:0,0:0-0:0,0:0-0:0,0:0-0:0,0:0-0:0
ZDx54hHdiULbtD15JAy2fg,11:0-21:0,11:0-21:0,11:0-21:0,11:0-21:0,11:0-22:0,11:0-22:0,11:0-20:0
BlrvqjGanZvjlNsnIyvAXQ,11:0-0:0,11:0-0:0,11:0-0:0,11:0-0:0,11:0-0:0,11:0-0:0,15:0-23:0
Kbbm6Vd5UdbP10dwjBghRw,10:30-1:0,10:30-1:0,10:30-1:0,10:30-1:0,10:30-1:30,10:30-1:30,10:30-1:0
9cflYye_S2xNeb3C0mG3ng,11:0-23:0,11:0-23:0,11:0-23:0,11:0-23:0,11:0-23:0,10:30-21:0,10:30-21:0
PkqN5st3zZ_Xce_5QlBtNQ,7:0-15:0,7:0-15:0,7:0-15:0,7:0-15:0,7:0-15:0,7:0-15:0,7:0-15:0
gpb18i6bLxl5feUrJFmxTQ,11:0-2:0,11:0-2:0,11:0-2:0,11:0-3:0,11:0-3:0,11:0-3:0,11:0-2:0
5n2dA_QqO4c_7pSK0Of6AQ,10:0-22:0,10:0-22:0,10:0-22:0,10:0-22:0,10:0-0:0,10:0-0:0,10:0-22:0
KGMyW-_eq4Errzp7AA8s0Q,10:30-22:0,10:30-22:0,10:30-22:0,10:30-22:0,10:30-22:0,10:30-22:0,10:30-22:0
bFaFb7wu7swOp5qD8lNMog,9:0-21:0,9:0-21:0,9:0-21:0,9:0-21:0,9:0-21:0,9:0-21:0,9:0-21:0
vjTVxnsQEZ34XjYNS-XUpA,10:0-21:0,10:0-21:0,10:0-21:0,10:0-21:0,10:0-21:0,10:0-21:0,11:0-18:0
qL1YorxvE_D-xoPF9f6f8w,10:0-21:0,10:0-21:0,10:0-21:0,10:0-21:0,10:0-21:0,10:0-21:0,10:0-20:0
XE1DgD6as8UHpmz0XK45qg,10:0-20:0,10:0-20:0,10:0-20:0,10:0-20:0,10:0-20:0,10:0-20:0,10:0-20:0
tAdgAmRZnAOvCipAr2trqQ,6:0-22:0,6:0-22:0,6:0-22:0,6:0-22:0,6:0-22:0,6:0-22:0,7:0-22:0
hPclwunHi36YV8cPghWJBg,0:0-0:0,11:0-22:0,11:0-22:0,11:0-22:0,11:0-22:0,11:0-22:0,11:0-22:0
tZt9k3BZ0AaXT4XCOEeRwQ,11:30-0:0,11:30-0:0,11:30-0:0,11:30-1:0,11:30-1:30,11:30-1:30,11:30-23:0
zOL260xaXDYZZPBItzALxQ,11:0-19:0,11:0-19:0,11:0-19:0,11:0-19:0,11:0-20:0,11:0-20:0,11:0-19:0
-ug8U8rDNpW5s_4qCowtzg,8:0-16:0,8:0-16:0,8:0-16:0,8:0-16:0,8:0-16:0,8:0-16:0,8:0-16:0
p0Z87V-52h_4Sqynh519vg,8:0-20:0,8:0-20:0,8:0-20:0,8:0-20:0,8:0-20:0,8:0-20:0,8:0-20:0
NqFZbuw5D-pj7FySj9lwXw,11:0-0:0,11:0-0:0,11:0-0:0,11:0-0:0,11:0-0:0,11:0-0:0,11:0-0:0
vM-5-paNxlVppFj-pSBjxA,10:0-20:0,10:0-20:0,10:0-20:0,10:0-20:0,10:0-20:0,10:0-20:0,11:0-18:0
6gd8wlow5V7fOsdTysKnUw,12:0-23:0,12:0-23:0,12:0-23:0,12:0-23:0,12:0-23:0,9:0-23:0,9:0-23:0
N6BDiFk2CyJTMPGUlcOfAg,0:0-0:0,10:30-21:30,10:30-21:30,10:30-21:30,10:30-21:30,11:0-21:30,11:30-21:30
Ki8seQY5mtXc36xjoMfeDA,11:0-0:0,11:0-0:0,11:0-0:0,11:0-0:0,11:0-0:0,11:0-0:0,11:0-0:0
f_eiOrEcMnkHB7GvQVOHkQ,6:0-15:0,6:0-15:0,6:0-15:0,6:0-15:0,6:0-15:0,6:0-15:0,6:0-15:0
BYDs_o6U4CLxJec8k1Q90Q,0:0-0:0,11:0-21:0,11:0-21:0,11:0-21:0,11:0-22:0,11:0-22:0,11:0-20:0
RTKVzDedmoWN8YjTcMBoNg,10:0-21:0,10:0-21:0,10:0-21:0,10:0-21:0,10:0-22:0,10:0-22:0,10:0-21:0
fK5pISvzFanBY_W9D3C3rg,0:0-0:0,0:0-0:0,0:0-0:0,0:0-0:0,0:0-0:0,0:0-0:0,0:0-0:0
PgJgpW4TKQ8IoALH2Yq-zA,17:0-22:0,17:0-22:0,17:0-22:0,17:0-22:0,17:0-22:0,17:0-22:0,17:0-22:0
mYlNFkIiFY3SyDl-nPWR5g,0:0-0:0,11:0-21:0,11:0-21:0,11:0-21:0,11:0-22:0,16:0-22:0,16:0-21:0
f8IMQgRwo-8GP372MElDGQ,0:0-0:0,0:0-0:0,0:0-0:0,0:0-0:0,0:0-0:0,0:0-0:0,0:0-0:0
4n81G-pmC3rfhmaPsbwYKg,0:0-0:0,0:0-0:0,0:0-0:0,0:0-0:0,0:0-0:0,0:0-0:0,0:0-0:0
iLlPXAA6NYTgWaG4DgCNEA,0:0-0:0,0:0-0:0,0:0-0:0,0:0-0:0,0:0-0:0,0:0-0:0,0:0-0:0
kB1S2GJUjE2k3XN1WQS9tQ,0:0-0:0,0:0-0:0,0:0-0:0,0:0-0:0,0:0-0:0,0:0-0:0,0:0-0:0
r_2voyLZfKpWDc02fXhGkw,10:30-22:0,10:30-22:0,10:30-22:0,10:30-22:0,10:30-22:0,10:30-22:0,10:30-22:0
4WW0U2mKgFYJILnWLmUwLA,0:0-0:0,0:0-0:0,0:0-0:0,0:0-0:0,0:0-0:0,0:0-0:0,0:0-0:0
Nw_-4DFjYK6BDG0CwNwSvQ,10:30-23:0,10:30-23:0,10:30-23:0,10:30-23:0,10:30-0:0,10:30-0:0,10:30-23:0
l07ctcrDMV--TYwe3uzebQ,0:0-0:0,0:0-0:0,0:0-0:0,0:0-0:0,0:0-0:0,0:0-0:0,0:0-0:0
JVTIY3KAIaIiL0fxY82SoQ,8:0-2:0,8:0-2:0,8:0-2:0,8:0-2:0,8:0-3:0,8:0-3:0,8:0-2:0
65IxMPJtsgMlG-fCJy7SAg,16:30-22:30,16:30-22:30,16:30-22:30,16:30-22:30,16:30-22:30,12:0-22:30,12:0-22:30
QJf992yAgUpNeFMuTTPQ1A,8:0-18:0,6:30-19:0,6:30-19:0,6:30-19:0,6:30-19:0,6:30-7:0,6:30-19:0
wP6__WwjrJn_i1PdLLehtw,11:0-1:0,11:0-1:0,11:0-1:0,11:0-1:0,11:0-2:0,11:0-2:0,11:0-1:0
k6cFy32TrLN9Cjiiset_dg,8:0-23:0,8:0-23:0,8:0-23:0,8:0-23:0,8:0-0:0,7:0-0:0,7:0-23:0
DYGCzsHi7pT4AAe8kh5Dug,10:45-22:0,10:45-22:0,10:45-22:0,10:45-22:0,10:45-22:0,10:45-22:0,10:45-22:0
2X5I7wY_bqYWOub-q2Ba3Q,0:0-0:0,16:0-22:0,16:0-22:0,12:0-23:0,12:0-23:0,12:0-23:0,12:0-22:0
-YWr1wm_NaAlgEf9TZzsMQ,10:30-21:30,10:30-21:30,10:30-21:30,10:30-21:30,10:30-21:30,10:30-21:30,10:30-21:30
9B1Rf_KjWBtTNXwPCmYluw,6:0-19:0,6:0-19:0,6:0-19:0,6:0-19:0,6:0-19:0,6:0-19:0,6:0-19:0
3h5jLa-kbHg0cL7v9En0Lg,16:0-21:0,16:0-21:0,16:0-21:0,16:0-21:0,16:0-21:0,16:0-21:0,16:0-21:0
zEd3Ex_k3vHiBbBPWRrO7Q,10:0-22:0,10:0-22:0,10:0-22:0,10:0-22:0,10:0-22:30,10:0-22:30,10:0-21:30
LdB-ymK-cauStX7TxUAs_w,0:0-0:0,0:0-0:0,0:0-0:0,0:0-0:0,0:0-0:0,0:0-0:0,0:0-0:0
qJEtXdrOQeo9py0Wqr6LKQ,11:0-22:0,11:0-22:0,11:0-22:0,11:0-22:0,11:0-22:0,11:0-22:0,11:0-22:0
FKnIIONBcfdPSVW-r5_zfw,11:0-23:0,11:0-23:0,11:0-23:0,11:0-23:0,11:0-1:0,11:0-1:0,11:0-3:0
65kCKrnO3SulNYEen0itGg,11:0-20:0,11:0-20:0,11:0-20:0,11:0-20:0,11:0-20:0,11:0-20:0,11:0-20:0
tpmxNp4q1HpjAJLUR5zhYQ,0:0-0:0,0:0-0:0,0:0-0:0,0:0-0:0,0:0-0:0,0:0-0:0,0:0-0:0
F_oPMHJrH42R67xp5eKtQA,11:0-0:0,11:0-0:0,11:0-0:0,11:0-0:0,11:0-0:0,11:0-0:0,11:0-0:0
R9mqW9qeJW4ZrTyDQZ6xvg,11:0-2:0,11:0-2:0,11:0-2:0,11:0-2:0,11:0-2:0,11:0-2:0,11:0-2:0
Wyc49dq1r5uMqBl9bHVPAw,10:30-22:0,10:30-22:0,10:30-22:0,10:30-22:0,10:30-22:0,10:30-22:0,10:30-22:0
-av1lZI1JDY_RZN2eTMnWg,11:0-22:0,11:0-22:0,11:0-22:0,11:0-22:0,11:0-23:0,12:0-23:0,12:0-21:0
zgQHtqX0gqMw1nlBZl2VnQ,17:0-22:30,17:0-23:0,17:0-23:0,17:0-23:0,17:0-23:0,17:0-23:0,17:0-22:30
bY5f0CV5u3L1b7bGuNUA8A,11:0-21:0,11:0-21:0,11:0-21:0,11:0-21:0,11:0-22:0,10:0-22:0,10:0-19:0
eoyvbnRYQe-z85e8Rc6vAg,11:30-0:0,11:30-0:0,11:30-0:0,11:30-0:0,11:30-1:0,11:30-1:0,11:30-0:0
EOugEwUv8JXT6hXeiG8zoQ,11:30-23:0,11:30-23:0,11:30-23:0,11:30-23:0,11:30-23:0,12:0-22:30,12:0-22:30
hH8002bWtOFYtLgarFZBsg,7:0-14:30,7:0-14:30,7:0-14:30,7:0-14:30,7:0-14:30,7:0-14:30,7:0-14:30
8oVyhkGvcFd_pXwvxOzOxQ,10:0-22:0,10:0-22:0,10:0-22:0,10:0-22:0,10:0-23:0,10:0-23:0,11:0-21:0
8BT-nH2aWf6nyIdK797OHA,17:30-22:0,17:30-22:0,17:30-22:0,17:30-22:0,17:30-22:0,17:30-22:0,17:30-22:0
dqtWVr1WlaQcmPPCrmZH3w,0:0-0:0,0:0-0:0,0:0-0:0,0:0-0:0,0:0-0:0,0:0-0:0,0:0-0:0
kcpu_H4BaMY0dqHY8khoGQ,4:0-21:0,4:0-21:0,4:0-21:0,4:0-21:0,5:0-21:0,4:30-19:30,4:0-21:0
m7WvWdPmaAdLUR-iYjbeGQ,11:0-21:0,11:0-21:0,11:0-21:0,11:0-21:0,11:0-21:0,11:0-21:0,11:0-21:0
VXH7zXcZzXlmAVN8GSjGRQ,10:0-23:0,10:0-23:0,10:0-23:0,10:0-23:0,10:0-23:0,11:0-22:0,11:0-22:0
6xowh_GdOsRrz9QWN6nMxA,11:0-20:0,11:0-20:0,11:0-20:0,11:0-20:0,11:0-22:0,11:0-22:0,11:0-20:0
3Hu-IPhq5I_jyb3YfeHpGQ,6:0-21:0,6:0-21:0,6:0-21:0,6:0-21:0,6:0-21:0,7:0-21:0,7:0-20:0
MsQTe82TCbZXDPG4LOgVoA,10:0-20:0,10:0-20:0,10:0-20:0,10:0-20:0,10:0-20:0,10:0-20:0,10:0-18:0
BQKPbuILIAG53XtIZ51s5Q,8:0-0:0,8:0-0:0,8:0-0:0,8:0-0:0,8:0-0:0,8:0-0:0,8:0-0:0
8khf7GYXdRg4Xtp5tlkGkQ,0:0-0:0,11:0-23:0,11:0-23:0,11:0-23:0,11:0-0:0,11:0-23:0,11:0-23:0
V63RB78cOIBxED8KvsOcBQ,0:0-0:0,0:0-0:0,0:0-0:0,0:0-0:0,0:0-0:0,0:0-0:0,0:0-0:0
Zkw7LIIKJWHsdxkqU5VwXQ,11:0-23:0,11:0-23:0,11:0-23:0,11:0-23:0,11:0-23:0,11:0-23:0,11:0-23:0
rReN_exlBKL3XqYnck3ndA,0:0-0:0,0:0-0:0,0:0-0:0,0:0-0:0,0:0-0:0,0:0-0:0,0:0-0:0
SAfuIUZMXrOnb3LWyvYjDA,11:0-21:0,11:0-21:0,11:0-21:0,11:0-21:0,11:0-21:0,11:0-21:0,11:0-21:0
Gk3YpwgiQf47YKkAUZtQTw,11:0-22:0,11:0-22:0,11:0-22:0,11:0-22:0,11:0-23:0,11:0-23:0,11:0-22:0
_JZ7hXqOZ_MngjPWFgER0w,0:0-0:0,11:0-22:0,11:0-22:0,11:0-22:0,11:0-23:0,10:0-23:0,11:0-16:0
dzKDFiWLkspVBJKGfT0M2g,11:30-23:0,11:30-23:0,11:30-23:0,11:30-23:0,11:30-23:30,11:30-23:30,12:0-22:30
IkmL3syVMj8zZxpL-7SYsw,7:0-21:0,7:0-21:0,7:0-21:0,7:0-21:0,7:0-21:0,8:0-21:0,9:0-21:0
91JwvxaCYhLWnAOWp_AmeQ,10:0-1:0,10:0-1:0,10:0-1:0,10:0-1:0,10:0-1:0,10:0-1:0,10:0-1:0
fCpPsX76xgs4BKLe_uxAMQ,10:30-22:30,10:30-22:30,10:30-22:30,10:30-22:30,10:30-3:0,11:0-3:0,11:30-22:0
Hsn3CYnTsrQ2nJzTKefDQA,10:0-0:0,10:0-23:0,10:0-22:0,10:0-23:0,10:0-0:0,10:0-0:0,10:0-0:0
2mKFNjIEktW2Nl1yV2cj7g,4:0-23:0,4:0-23:0,4:0-23:0,4:0-23:0,4:0-23:0,4:0-23:0,4:0-23:0
VahVKCDFougCFlWH87OYZQ,6:0-6:0,6:0-6:0,6:0-6:0,6:0-6:0,6:0-6:0,6:0-6:0,6:0-6:0
A2eA3LRbptrexCGw8fu67Q,0:0-0:0,11:0-20:0,11:0-20:0,11:0-20:0,11:0-20:0,10:30-20:0,11:0-20:0
Qe9LBkscg4oxrNcx-ypdqg,0:0-0:0,0:0-0:0,0:0-0:0,0:0-0:0,0:0-0:0,0:0-0:0,0:0-0:0
jzM4dTlstNmGDPRT9SC6Hw,11:0-22:0,11:0-22:0,11:0-22:0,11:0-22:0,11:0-23:0,11:0-23:0,11:0-22:0
kqEvZj3BgmSKn4I-O-Adsg,0:0-0:0,0:0-0:0,0:0-0:0,0:0-0:0,0:0-0:0,0:0-0:0,0:0-0:0
DPmZTwZuknnVPAeIGJq5SA,8:0-20:0,8:0-20:0,8:0-20:0,8:0-20:0,8:0-21:0,9:0-21:0,9:0-20:0
QSwpHbPjDhWYKP8qlmlkXg,0:0-0:0,0:0-0:0,0:0-0:0,0:0-0:0,0:0-0:0,0:0-0:0,0:0-0:0
xj6Xs3HHr7YBdY2gH3sOfw,10:0-19:0,10:0-19:0,10:0-19:0,10:0-19:0,10:0-19:0,10:0-19:0,10:0-19:0
Bh5VbI_9msk3GaD0kiKkmg,0:0-0:0,12:0-19:0,12:0-19:0,12:0-19:0,12:0-19:0,12:0-19:0,12:0-18:0
QMPDsRxHmDtap9ECO1Uwjg,10:0-22:0,10:0-22:0,10:0-22:0,10:0-22:0,10:0-23:0,10:0-23:0,10:0-22:0
bgwbuh4gS6bF7Ab1xFgYWA,0:0-0:0,0:0-0:0,0:0-0:0,0:0-0:0,0:0-0:0,0:0-0:0,0:0-0:0
jlviy68buL1X2UADI-Lnlw,0:0-0:0,0:0-0:0,0:0-0:0,0:0-0:0,0:0-0:0,0:0-0:0,0:0-0:0
fcEi7EwL32E1ypwzTi0NOQ,8:0-21:0,8:0-21:0,8:0-21:0,8:0-21:0,8:0-21:0,8:0-21:0,11:0-19:0
Qw39dZRMZC0_XniRfskJGA,0:0-0:0,0:0-0:0,0:0-0:0,0:0-0:0,0:0-0:0,0:0-0:0,0:0-0:0
PbyqDJf815zRn-7p6vYpAQ,11:0-22:0,11:0-22:0,11:0-22:0,11:0-22:0,11:0-22:0,10:0-22:0,11:0-22:0
bxCKBd1qsafnKXlWrCK20g,4:0-3:59,4:0-3:59,4:0-3:59,4:0-3:59,4:0-3:59,4:0-3:59,4:0-3:59
b3vRI8yXNK34hgC0Wd4Iag,7:0-0:0,7:0-0:0,7:0-0:0,7:0-0:0,7:0-1:0,7:0-1:0,7:0-0:0
mzREMIknfmagJugibXrCsQ,11:0-22:0,11:0-22:0,11:0-22:0,11:0-22:0,11:0-22:0,11:0-22:0,11:0-22:0
4VkLiFoIEjTTpbCRgxjnCQ,11:0-21:0,11:0-21:0,11:0-21:0,11:0-21:0,11:0-22:0,11:0-22:0,11:0-21:0
6Leb5-5Wl7OfPM12LaFQeA,0:0-0:0,11:0-21:0,11:0-21:0,11:0-21:0,11:0-14:0,16:0-23:0,16:0-21:0
9OD0pQ0QYa_7dO-LbOBFZQ,8:0-19:0,8:0-19:0,8:0-19:0,8:0-19:0,8:0-19:0,8:0-20:0,8:0-20:0
_y_XqheKUn3Dn6QoUY1t9w,7:0-1:30,7:0-1:30,7:0-1:30,7:0-1:30,7:0-3:0,9:0-3:0,9:0-1:30
SitCGPChCqlHO3bfn4GKLA,7:0-18:0,7:0-18:0,7:0-18:0,7:0-18:0,7:0-18:0,8:0-17:0,9:0-17:0
W1Yr6c2XDx_RBjb6WsV-aQ,11:0-15:0,11:0-15:0,11:0-15:0,16:0-20:0,11:0-15:0,10:0-16:0,10:0-16:0
qWflasEfK2strQg5Ulcz4w,0:0-0:0,0:0-0:0,0:0-0:0,0:0-0:0,0:0-0:0,0:0-0:0,0:0-0:0
Z70uWSYfXlPObNRyLK9MeQ,6:0-17:0,6:0-17:0,6:0-17:0,6:0-17:0,6:0-17:0,6:0-17:0,6:0-17:0
43PeF0ERpSIiEbXM6f9N2g,11:0-0:0,11:0-0:0,11:0-0:0,11:0-0:0,11:0-1:0,11:0-1:0,11:0-1:0
FSnqO-YWUdRb0Xc95nXbvw,10:0-21:30,10:0-21:30,10:0-21:30,10:0-21:30,10:0-22:0,10:0-22:0,11:0-21:0
9vkVY5puIHRfKMgJB4LBnw,11:0-0:0,11:0-0:0,11:0-0:0,11:0-0:0,11:0-1:0,10:0-1:0,10:0-23:0
OY28pLbCh37_5sJIGjHO8A,11:0-2:0,11:0-2:0,11:0-2:0,11:0-2:0,11:0-5:0,11:0-5:0,11:0-2:0
agGJSdMTRrkA6VrYMbC-SQ,12:0-20:0,12:0-20:0,12:0-20:0,12:0-20:0,12:0-20:0,12:0-20:0,12:0-20:0
Vjzg0VOQsBWw1TA3iLol-A,10:0-1:0,10:0-1:0,10:0-1:0,10:0-1:0,10:0-2:0,10:0-2:0,10:0-1:0
S6dDwVGap_F1rbDwFmMUDg,16:0-23:0,16:0-23:0,16:0-23:0,16:0-1:0,16:0-2:0,16:0-2:0,16:0-23:0
01SiPgdiOskMC5bUJoyy_g,0:0-0:0,0:0-0:0,0:0-0:0,0:0-0:0,0:0-0:0,0:0-0:0,0:0-0:0
3E7TJiztCFxjRFJguohpmg,11:0-0:0,11:0-0:0,11:0-0:0,11:0-0:0,11:0-0:0,11:0-0:0,11:0-0:0
nVAJZ6BJ9PPlxDXn976R6A,10:30-1:0,10:30-1:0,10:30-1:0,10:30-1:0,10:30-1:30,10:30-1:30,10:30-1:0
ZluypQEguOOQ9urk3a1ooQ,16:0-21:0,16:0-22:0,16:0-0:0,16:0-0:0,16:0-3:0,16:0-3:0,21:30-4:0
7mFNJCgmZCiSjv2mzoP1Cg,11:0-22:0,11:0-22:0,11:0-22:0,11:0-22:0,11:0-23:0,11:0-23:0,11:0-22:0
A9B6jSj2FvIsK5gpDBXbCw,6:0-22:0,6:0-22:0,6:0-22:0,6:0-22:0,6:0-22:0,6:0-22:0,6:0-22:0
lCMOdWehkmMbb-BY4B4XxA,11:0-0:0,11:0-0:0,11:0-0:0,11:0-0:0,11:0-1:0,11:0-1:0,11:0-23:0
sZq-qUvoLgYxlDmIcxYWDg,6:0-0:0,6:0-0:0,6:0-0:0,6:0-0:0,6:0-0:0,6:0-0:0,6:0-0:0
Fihzq3H6od0AP2WFLCE5yQ,17:0-22:30,17:0-22:30,17:0-22:30,17:0-22:30,17:0-22:30,17:0-22:30,17:0-22:30
kZspuWnM0Y-Losvk2Rl0lA,11:0-23:0,11:0-23:0,11:0-23:0,11:0-23:0,11:0-0:0,11:0-0:0,11:0-23:0
x-38eLYLb2wi3jsbd8QOAg,11:0-22:0,11:0-22:0,11:0-22:0,11:0-22:0,11:0-23:0,11:0-23:0,16:0-22:0
oaqbLDW3wNqkynlnp4mvlw,17:0-22:0,17:0-22:0,17:0-22:0,17:0-22:0,17:0-23:0,17:0-23:0,17:0-22:0
JWN22sQ7cl9KjmIk0nMbUg,7:0-2:0,7:0-2:0,7:0-2:0,7:0-2:0,7:0-3:0,7:0-3:0,7:0-1:0
d6kfTFKpKJX93qAEPhBGAg,18:0-23:0,18:0-23:0,18:0-23:0,18:0-23:0,18:0-2:0,18:0-2:0,18:0-23:0
MTneG8wJrUxIzIfnHe_P-A,9:0-18:0,9:0-18:0,9:0-18:0,9:0-18:0,9:0-18:0,9:0-18:0,9:0-18:0
mHV6YRI_KWIUsVtI4qXJkg,14:0-22:0,14:0-22:0,14:0-22:0,14:0-22:0,14:0-22:0,14:0-22:0,14:0-22:0
AMM3qOH9DUQzJHm9Q3vHag,10:30-21:0,10:30-21:0,10:30-21:0,10:30-21:0,10:30-21:30,10:30-21:0,10:30-21:0
rZDi46tdwQoSAmxU50xiQQ,0:0-0:0,0:0-0:0,0:0-0:0,0:0-0:0,0:0-0:0,0:0-0:0,0:0-0:0
IBZ6e3P0OqcPXVjvGlpueQ,16:0-21:0,16:0-21:0,16:0-21:0,12:0-21:0,12:0-22:0,12:0-22:0,12:0-21:0
a5LPHftunsV3OciDaumJXQ,10:0-15:0,10:0-15:0,10:0-15:0,10:0-15:0,10:0-15:0,8:30-16:0,8:30-16:0
gVILTnDFDsVuVdxFVkRK7A,12:0-23:0,11:0-22:30,11:0-22:30,11:0-22:30,11:0-23:30,11:0-23:30,11:0-22:0
OqGUmVkHT_Yc3_BGloP5Hg,7:0-0:0,7:0-0:0,7:0-0:0,7:0-0:0,7:0-0:0,8:0-1:0,9:0-0:0
82-wE5pkxyBKhfxyyZap_A,10:0-22:0,10:0-22:0,10:0-22:0,10:0-22:0,10:0-0:0,10:0-0:0,10:0-22:0
O3OH5IEFMPtz7mPKakPZ3Q,0:0-0:0,18:0-3:0,18:0-3:0,18:0-3:0,18:0-3:0,18:0-3:0,18:0-3:0
qVbZ_VrZEGJKJg9ZpkGzjw,9:0-2:0,9:0-2:0,9:0-2:0,9:0-2:0,9:0-4:0,9:0-4:0,9:0-2:0
NbQHD6DVge3n-UvfYYNE_g,6:0-22:0,6:0-22:0,6:0-22:0,6:0-22:0,6:0-22:0,6:0-22:0,7:0-22:0
xkGquJpL_-nAg-ZDaVHjPA,10:0-23:0,10:0-23:0,10:0-23:0,10:0-23:0,10:0-3:0,8:0-3:0,8:0-23:0
pYu6GDIfdK1RfwgUKeeDYg,10:0-21:0,10:0-21:0,10:0-21:0,10:0-21:0,10:0-22:0,10:0-22:0,11:0-20:0
UUlp5Pkpq7w5pOiX6esJ9Q,10:0-23:0,10:0-23:0,10:0-23:0,10:0-23:0,10:0-4:0,11:0-4:0,11:0-22:0
2PbXyP13ZAYXSJQeqW4Vcw,11:30-0:0,11:30-0:0,11:30-0:0,11:0-3:0,11:0-3:0,11:0-3:0,11:30-0:0
x1fx7C_tc064cFATjl4fmQ,0:0-0:0,0:0-0:0,0:0-0:0,0:0-0:0,0:0-0:0,0:0-0:0,0:0-0:0
duw-3Aj7gAKbQG-isS5UtQ,6:30-22:0,6:30-22:0,6:30-22:0,6:30-22:0,6:30-22:0,7:0-22:0,7:0-22:0
W6zJtBokhnJvpHlZbROBBQ,6:0-22:0,6:0-22:0,6:0-22:0,6:0-22:0,6:0-22:0,7:0-21:0,8:0-20:0
Lzj-_QdzL2bLeHd_bC88Fg,9:0-2:0,9:0-2:0,9:0-2:0,9:0-2:0,9:0-2:0,9:0-2:0,9:0-2:0
t0edCFMUYmFSN_eXT4HrnQ,10:30-21:0,10:30-21:0,10:30-21:0,10:30-21:0,10:30-21:0,9:30-21:0,9:30-21:0
H7YymiGTqcSDA3Ue7KwZrg,9:0-21:0,9:0-21:0,9:0-21:0,9:0-21:0,9:0-21:0,10:0-20:0,10:0-20:0
t7YEHbN6NiuS1oBlD-R6ag,9:0-18:0,9:0-18:0,9:0-18:0,9:0-18:0,9:0-18:0,9:0-18:0,9:0-18:0
stNlfaeBITkyGmHn8oRwvg,11:0-0:0,11:0-0:0,11:0-0:0,11:0-2:0,11:0-2:0,11:0-2:0,11:0-0:0
b7Y4dIggAacPum1tF3NpKg,11:0-0:0,11:0-0:0,11:0-0:0,11:0-0:0,11:0-0:0,11:0-0:0,11:0-0:0
qTTBJ83d-nWSnQpXyd44gA,0:0-0:0,11:0-23:0,11:0-23:0,11:0-23:0,11:0-23:0,11:0-23:0,11:0-23:0
aXPw7yszWON9ZvXjNJ9bNw,11:0-22:0,11:0-22:0,11:0-22:0,11:0-22:0,11:0-22:0,11:0-22:0,11:0-22:0
FVgaLPmq88zX0mT5NJPFgw,17:0-2:0,15:0-2:0,15:0-2:0,15:0-2:0,12:0-2:0,12:0-2:0,12:0-2:0
Qng9lEqWA9uTtm6oq2rZuw,0:0-0:0,10:30-20:30,10:30-20:30,10:30-20:30,10:30-20:30,11:0-20:30,11:0-18:0
KpFgHrxoVOiwfpR0f5KXUA,9:0-21:0,9:0-21:0,9:0-21:0,9:0-21:0,9:0-21:0,9:0-21:0,9:0-21:0
UDE4VL0k8Zrko7RkJ4agGQ,11:0-21:30,11:0-21:30,11:0-21:30,11:0-21:30,11:0-22:0,11:0-22:0,12:0-21:30
FgPANtTwZqXB-edLkZTXQg,0:0-0:0,0:0-0:0,0:0-0:0,0:0-0:0,0:0-0:0,0:0-0:0,0:0-0:0
JJ8ypBu3b--fy4HA5RB1gg,17:0-23:0,17:0-23:0,17:0-23:0,17:0-23:0,17:0-23:0,17:0-23:0,17:0-22:0
lTXFSaZC8tkZujYxRG-Dcg,7:0-23:0,7:0-23:0,7:0-23:0,7:0-23:0,7:0-23:0,7:0-23:0,7:0-23:0
N8ytddhgHRxdUoVhP-lrsQ,10:0-22:0,10:0-22:0,10:0-22:0,10:0-22:0,10:0-23:0,10:0-23:0,10:0-22:0
F9cXFXk60E2sz_YTSCFp_Q,10:30-1:0,10:30-1:0,10:30-1:0,10:30-1:0,10:30-1:30,10:30-1:30,10:30-1:0
Gc8xWVpbUlBYHAoOT9MTyQ,12:0-22:0,12:0-22:0,12:0-22:0,12:0-22:0,12:0-0:0,12:0-0:0,12:0-22:0
cvu61K0_g7ZIpaEPCiaNcA,11:0-22:0,11:0-22:0,11:0-22:0,11:0-22:0,11:0-22:0,11:0-22:0,11:0-22:0
zwmps5SXn30g-f5wqg_r9A,11:0-22:0,11:0-22:0,11:0-22:0,11:0-22:0,11:0-23:0,11:0-23:0,11:0-22:0
UJuxtm4DtomSaFlfK0X7fg,11:30-16:30,11:30-16:30,11:30-16:30,11:30-16:30,11:30-16:30,11:30-16:30,12:0-16:0
Y1jrsVAWK1bFC_s1CJmICw,12:0-23:0,12:0-23:0,12:0-23:0,12:0-23:0,12:0-23:30,12:0-23:30,12:0-23:0
Aj3WZ2Ueyqzq1dIKLxNMMQ,7:0-23:0,7:0-23:0,7:0-23:0,7:0-23:0,7:0-23:0,7:0-23:0,7:0-23:0
5WJOM9DefIvLOIrntDIv-A,11:0-22:0,11:0-22:0,11:0-22:0,11:0-22:0,11:0-22:0,12:0-22:0,12:0-22:0
peZSKlIlXBaCeEa-Bb6ndw,9:0-0:0,9:0-0:0,9:0-0:0,9:0-0:0,9:0-0:0,9:0-0:0,9:0-0:0
iw9p7E4bMe1YW-APcFGjgQ,0:0-0:0,0:0-0:0,0:0-0:0,0:0-0:0,0:0-0:0,0:0-0:0,0:0-0:0
_7u6Cdgoo65xqUNOuRX4Ew,6:30-19:0,6:30-19:0,6:30-19:0,6:30-19:0,6:30-19:0,7:0-18:0,7:0-18:0
AcGRSWCpb7YB95MTsHlGEw,10:30-22:0,10:30-22:0,10:30-22:0,10:30-22:0,10:30-23:0,10:30-23:0,10:30-22:0
2-_HV0XUYK64OylB5J4i6A,0:0-0:0,10:30-22:0,10:30-22:0,10:30-22:0,10:30-23:0,10:30-23:0,10:30-20:0
4Pb7SlTK89uSdqOwMNM35A,12:0-0:0,12:0-0:0,12:0-0:0,12:0-0:0,12:0-2:0,12:0-2:0,12:0-0:0
Kal1hFMTEzdXYpa5MNzUPw,14:0-1:0,14:0-1:0,14:0-1:0,14:0-2:0,14:0-2:0,14:0-2:0,14:0-1:0
WHrSxyaYLs1nI9lK9wwhzA,10:0-21:0,10:0-21:0,10:0-21:0,10:0-21:0,10:0-15:0,10:0-0:0,10:0-21:0
IMLrj2klosTFvPRLv56cng,10:30-15:0,11:0-21:0,11:0-21:0,11:0-21:0,11:0-22:0,10:30-22:0,10:30-21:0
NVHlTy9TXFJQpUzZKuEeWw,10:0-22:30,10:0-22:30,10:0-22:30,10:0-22:30,10:0-0:0,10:0-0:0,10:0-22:30
44kd3YdkhXj5XiSPs5XNjQ,4:0-3:59,4:0-3:59,4:0-3:59,4:0-3:59,4:0-3:59,4:0-3:59,4:0-3:59
OwG2nkJrDoP-WGcU9tvkUA,10:0-21:0,10:0-21:0,10:0-21:0,10:0-21:0,10:0-22:0,10:0-22:0,11:0-20:0
r_BrIgzYcwo1NAuG9dLbpg,11:30-22:0,11:30-22:0,11:30-22:0,11:30-22:0,11:30-22:30,11:30-22:30,15:0-22:0
dk6c_rmpXmXR6VEXJN1_8g,11:0-22:0,11:0-22:0,11:0-22:0,11:0-3:0,11:0-3:0,11:0-3:0,11:0-20:0
zaxK3ea92mvEBRy-jttngg,10:0-23:0,10:0-23:0,10:0-23:0,8:0-0:0,8:0-0:0,8:0-0:0,10:0-22:0
Xt2aQqrMzuABBvb82sK-Hw,6:0-0:0,6:0-0:0,6:0-0:0,6:0-0:0,6:0-0:0,6:0-0:0,6:0-23:0
0w3BdEOxvwKTpypwbN5kiQ,11:0-2:0,11:0-2:0,11:0-2:0,11:0-2:0,11:0-2:0,11:0-2:0,11:0-2:0
UkbIKrtTDHW8DFNJYJ5yEQ,16:0-22:0,11:30-22:0,11:30-22:0,11:30-23:0,11:30-0:0,13:0-0:0,13:0-21:0
VKmGedwOk-16D7OawNg_ng,11:0-21:30,11:0-21:30,11:0-21:30,11:0-21:30,11:0-22:0,11:0-22:0,11:0-21:30
_2Wbpm821bdNsh-gyqufrg,10:0-22:0,10:0-22:0,10:0-22:0,10:0-22:0,10:0-22:0,10:0-22:0,10:0-22:0
QrTg1ZaKcaJj2fzXQmHFXQ,10:30-21:0,10:30-21:0,10:30-21:0,10:30-21:0,10:30-21:0,10:30-21:0,10:30-19:0
aql8K6zVoJDGRJ3P-IgtpQ,11:0-22:0,11:0-22:0,11:0-22:0,11:0-22:0,11:0-22:0,14:0-22:0,14:0-22:0
TAAlaXAk9sWOUXZW1-wfYQ,11:30-22:0,11:30-22:0,11:30-22:0,11:30-23:0,11:30-23:0,11:30-23:0,11:30-23:0
S599hCA4kJJO3_b6SRFKoA,11:0-21:0,11:0-21:0,11:0-21:0,11:0-21:0,11:0-22:0,11:0-22:0,8:0-22:0
aMZzd9RrRyhpuUJycefotA,7:0-15:0,7:0-21:0,7:0-21:0,7:0-21:0,7:0-21:0,7:0-21:0,7:0-15:0
TVbVii4EUQt9DG7y698zIw,6:0-22:0,6:0-22:0,6:0-22:0,6:0-22:0,6:0-22:0,6:0-22:0,6:0-22:0
i4QxkI-oZgFLD_dShF4F7g,12:0-21:0,17:0-21:30,17:0-21:30,17:0-21:30,12:0-22:30,12:0-22:30,12:0-21:0
XeDLyY2a7nZ3IEY4RYslXA,0:0-0:0,0:0-0:0,0:0-0:0,0:0-0:0,0:0-0:0,0:0-0:0,0:0-0:0
uTn8bL6sabHD2916u5mvkA,10:0-22:0,10:0-22:0,10:0-22:0,10:0-22:0,10:0-22:30,10:0-22:30,10:0-21:0
vuqHcBCbxH36hCFsZ1W-0Q,0:0-0:0,0:0-0:0,0:0-0:0,0:0-0:0,0:0-0:0,0:0-0:0,0:0-0:0
aQ222ydz_GSRZV66xNt4kQ,17:0-1:30,17:0-1:30,17:0-1:30,17:0-1:30,17:0-1:30,17:0-1:30,17:0-23:30
cFyXbPxTAwKRlIqe-XLMcw,11:30-22:0,11:30-22:0,11:30-22:0,11:30-22:0,11:30-23:0,11:30-23:0,11:30-21:0
Jwwkt9oAKsNF4AuItTIdPw,10:30-21:0,10:30-21:0,10:30-21:0,10:30-21:0,10:30-21:0,10:30-21:0,11:0-18:0
cInYKKK7p9y1FokuKClNtw,10:0-19:0,10:0-19:0,10:0-19:0,10:0-19:0,10:0-19:0,10:0-19:0,11:0-17:0
isYj0rlYyUv3bUd4ZChxlQ,16:30-23:0,16:30-23:0,16:30-23:0,16:30-23:0,15:0-23:0,15:0-23:0,15:0-23:0
JdoBiBRgeS_KKaNaU1sofA,10:0-22:0,10:0-22:0,10:0-22:0,10:0-22:0,10:0-22:0,10:0-22:0,10:0-22:0
JK_DiDwbl7HX5OhCAh3h4g,8:0-0:0,8:0-0:0,8:0-0:0,8:0-2:0,8:0-2:0,8:0-2:0,8:0-0:0
aCA3j7cYs8JZFF0ExSfqEg,16:0-21:30,16:0-21:30,11:30-21:30,11:30-22:30,11:30-22:30,11:30-22:30,11:30-21:30
6g-ufVkF3gQjqfBjEzWPJw,11:0-21:0,11:0-21:0,11:0-21:0,11:0-21:0,11:0-21:0,11:0-21:0,11:0-21:0
rUgLG2CzPi26e6cMUjk4kA,9:0-21:0,9:0-21:0,9:0-21:0,9:0-21:0,9:0-21:0,9:0-21:0,9:0-21:0
ostVuyoxxQiP3Qik_L7nPA,11:0-23:0,11:0-23:0,11:0-23:0,11:0-23:0,11:0-0:0,10:0-0:0,10:0-23:0
64kpo_0UjVcy0x1o4CgyXQ,11:0-22:0,11:0-22:0,11:0-22:0,11:0-22:0,11:0-22:0,11:0-22:0,11:30-21:0
1GWJWh9WGytmkXKdkXx6Hw,7:0-1:0,7:0-1:0,7:0-1:0,7:0-1:0,7:0-1:0,8:0-1:0,9:0-1:0
YyvpjiXO_lQuZxn6wqoPJw,0:0-0:0,11:0-23:0,11:0-23:0,11:0-23:0,11:0-23:0,11:0-23:0,11:0-22:30
6cYgq6_kSOa2SgXrjyaLZg,10:0-23:0,10:0-23:0,10:0-23:0,10:0-23:0,10:0-23:0,10:0-23:0,10:0-23:0
BOD0yRkakyxXzJmbVVAxSA,10:0-23:0,11:0-23:0,11:0-0:0,11:0-0:0,11:0-2:0,10:0-2:0,10:0-0:0
7v91woy8IpLrqXsRvxj_vw,9:0-15:0,9:0-15:0,9:0-15:0,9:0-15:0,9:0-1:0,9:0-1:0,9:0-17:0
EIKurJ0CUXJ2sDs900Lb4Q,11:0-21:0,11:0-21:0,11:0-21:0,11:0-21:0,11:0-21:0,11:0-21:0,11:0-21:0
CsAj3Rsw7HuExJl4OG-iZw,5:30-23:0,5:30-23:0,5:30-23:0,5:30-23:0,5:30-23:0,5:30-23:0,5:30-23:0
Nc6k5XNVffb59n_nlDZFdQ,9:0-9:0,9:0-9:0,9:0-9:0,9:0-9:0,9:0-9:0,9:0-9:0,9:0-9:0
a6SqJZTFMpSOR6Qb0STyFA,17:0-22:0,17:0-22:0,17:0-22:0,17:0-22:0,17:0-23:0,17:0-23:0,17:0-22:0
hIUKufhwR6Ifn7bi0-phLA,0:0-0:0,7:0-17:0,7:0-17:0,7:0-17:0,7:0-17:0,9:0-15:0,9:0-15:0
oi6mahpAmEuikfihFVDmCw,7:0-14:0,7:0-14:0,7:0-14:0,7:0-14:0,7:0-20:0,7:0-14:0,7:0-14:0
G9uajeJq5BR9tIKekfh6Fw,5:0-0:0,5:0-0:0,5:0-0:0,5:0-0:0,5:0-0:0,5:0-0:0,5:0-0:0
3A_NZZNHG5dxeZmO-ije2Q,7:0-23:0,7:0-23:0,7:0-23:0,7:0-23:0,7:0-23:0,7:0-23:0,7:0-23:0
rQd-wVQIQ1t7gPqoH9_Gvw,10:0-18:0,10:0-18:0,10:0-18:0,10:0-18:0,10:0-18:0,10:0-18:0,10:0-18:0
S6V63OzrCaj22BQJeKBDCw,9:0-22:0,9:0-22:0,9:0-22:0,9:0-22:0,9:0-22:0,9:0-22:0,9:0-22:0
2PCz_uVX7GOXtGHNXAPXhw,12:0-1:0,12:0-1:0,12:0-1:0,12:0-1:0,12:0-2:0,12:0-2:0,12:0-1:0
aw0H9O1yysoHB0JanT0Ubw,0:0-0:0,11:0-20:0,11:0-20:0,11:0-20:0,11:0-20:0,11:0-20:0,11:0-14:45
Tefx_N6A6nrsdj4jHHnbYg,0:0-0:0,7:0-19:0,7:0-19:0,7:0-19:0,7:0-19:0,9:0-15:0,9:0-15:0
O7ZvoH_ONGNKbXvHDSZlwg,10:0-23:0,10:0-23:0,10:0-23:0,10:0-23:0,10:0-2:0,10:0-2:0,10:0-1:0
eQel7bUz75j0AVKnfsillg,11:30-0:0,11:30-0:0,11:30-0:0,11:30-0:0,11:30-2:30,11:30-2:30,11:30-0:0
UAXz2KC1aXpxzV-MLdXbmQ,17:0-22:0,17:0-22:0,17:0-22:0,17:0-22:0,17:0-22:0,17:0-22:0,17:0-22:0
84RdNjDKXKzqZlSlT6G6PA,8:30-21:0,8:30-21:0,8:30-21:0,8:30-21:0,8:30-20:0,8:30-22:0,9:0-19:0
ALkOqlWODyxPg5VSp0HLrg,17:30-1:0,17:30-1:0,17:30-1:0,17:30-1:0,17:30-1:0,17:30-1:0,16:0-0:0
sA-YqTMe2bJmg1MgbfowuA,0:0-0:0,11:0-18:0,11:0-18:0,9:0-19:0,9:0-18:0,8:0-15:0,9:0-13:0
avBS62WEvwWyoDWBXAlxmg,7:0-22:0,7:0-22:0,7:0-22:0,7:0-22:0,7:0-22:0,7:0-22:0,7:0-22:0
JOoblYsQjFT-47tkt6om0A,6:0-6:0,6:0-6:0,6:0-6:0,6:0-6:0,6:0-6:0,6:0-6:0,6:0-6:0
JrB6On8q8f1_ICQSCLg47w,11:0-22:0,11:0-22:0,11:0-22:0,11:0-0:0,11:0-0:0,11:0-0:0,11:0-22:0
zJ__js7-Cx_wU4GhdBdeRA,4:0-21:0,4:0-21:0,4:0-21:0,5:30-16:0,4:0-21:0,4:0-21:0,4:0-21:0
NzmJJvTEotNCEduQUcIwBg,6:0-22:0,6:0-22:0,6:0-22:0,6:0-22:0,6:0-22:0,6:30-21:0,6:30-21:0
5CJL_2-XwCGBmOav4mFdYg,16:0-4:0,16:0-4:0,16:0-4:0,16:0-4:0,16:0-4:0,11:0-4:0,11:0-4:0
5VK7tIINe1JS5syW-o4H8g,9:0-17:0,9:0-17:0,9:0-17:0,9:0-17:0,9:0-17:0,9:0-17:0,9:0-17:0
ltWlvxGu8iKjyYxLIZAYXw,6:0-23:0,6:0-23:0,6:0-23:0,6:0-23:0,6:0-0:0,6:0-0:0,7:0-23:0
pTZ4u-sEQr-yHq2Cl4EMEw,17:30-21:30,17:30-21:30,17:30-21:30,17:30-21:30,17:30-21:30,17:30-21:30,17:30-21:30
9wxQFibHhvh8yNWQQlOi6g,10:30-22:0,10:30-22:0,10:30-22:0,10:30-22:0,10:30-22:0,10:30-22:0,10:30-22:0
mvWhlMnXXidb1R2krK25VQ,10:0-22:30,10:0-22:30,10:0-22:30,10:0-22:30,10:0-22:30,10:0-22:30,10:0-22:30
wC-6zUGK5Cx3qW8IjvJxpw,11:0-2:0,11:0-2:0,11:0-2:0,11:0-2:0,11:0-2:0,11:0-2:0,11:0-2:0
t3AWGr757V4Fvcun6sDsuw,10:0-20:0,10:0-20:0,10:0-20:0,10:0-20:0,10:0-20:0,11:0-20:0,11:0-18:0
gBEWJ4b2OvUmN4Oh7ju3hw,11:30-22:30,11:30-22:30,11:30-22:30,11:30-22:30,11:30-22:30,11:30-22:30,11:30-22:30
iAu8s96GKQ73Xe7j_2GyCQ,0:0-0:0,0:0-0:0,0:0-0:0,0:0-0:0,0:0-0:0,0:0-0:0,0:0-0:0
N8uKQ5Vdb1LAh-qXT_25Rg,0:0-0:0,11:0-0:0,11:0-0:0,11:0-0:0,11:0-0:0,11:0-0:0,12:0-23:0
V7mZwR-sD6gvk9_DvQJ7hw,0:0-0:0,15:0-20:0,13:0-19:0,13:0-19:0,13:0-19:0,13:0-19:0,13:0-19:0
UsFFaNUWG5u7f9rHpJBHRQ,11:0-0:0,11:0-0:0,11:0-0:0,11:0-0:0,11:0-1:0,11:0-1:0,11:0-0:0
EOS1D1APHwlU19YL3A1PGQ,10:0-22:0,10:0-22:0,10:0-22:0,10:0-22:0,10:0-22:0,10:0-22:0,10:0-22:0
7Cm5SCTu7LePBCXTUaEiwQ,0:0-0:0,11:0-2:0,11:0-2:0,11:0-2:0,11:0-2:0,11:0-2:0,11:0-18:0
9YB4qqmyglww3bbW7i0kOA,17:0-23:0,17:0-23:0,17:0-23:0,17:0-23:0,17:0-23:0,17:0-23:0,17:0-23:0
YxWLkQO8iVdLq4iw1uVLYg,9:30-20:0,9:0-20:0,9:0-20:0,9:0-20:0,9:0-20:0,9:0-19:0,9:30-17:0
bymQ0lRnBar5scP4FERioQ,0:0-0:0,0:0-0:0,0:0-0:0,0:0-0:0,0:0-0:0,0:0-0:0,0:0-0:0
cPXasVLtq_1gmuSg65TUfQ,17:0-21:30,17:0-21:30,5:0-21:30,17:0-21:30,17:0-22:0,16:30-22:0,16:30-21:30
FqJ1SWEBhgVl66FrcsovOQ,11:0-21:0,11:0-21:0,11:0-21:0,11:0-21:0,11:0-21:0,11:0-21:0,11:0-21:0
g9gAuOEXBbWnLlu2uOftwA,16:30-21:0,16:30-21:0,16:30-21:0,16:30-21:0,16:30-22:0,16:30-22:0,16:30-21:0
U_alp6u2EM2hBaOqidZY0Q,0:0-0:0,0:0-0:0,0:0-0:0,0:0-0:0,0:0-0:0,0:0-0:0,0:0-0:0
crGdKSRKi25R2vorZ7skzg,7:0-20:0,7:0-20:0,7:0-20:0,7:0-20:0,7:0-20:0,7:0-20:0,7:0-17:0
29L2u1-bqyXebJls83ArzA,17:0-2:0,17:0-2:0,17:0-2:0,17:0-2:0,17:0-2:0,17:0-2:0,17:0-2:0
KbdX47BHUL1XtG74TMlBXg,12:0-20:0,12:0-20:0,12:0-20:0,12:0-20:0,12:0-21:0,12:0-21:0,12:0-21:0
LauvdfR0EmajWB8l9aihAg,7:0-16:0,7:0-16:0,7:0-16:0,7:0-16:0,7:0-16:0,7:0-16:0,7:0-16:0
b48IZPvY6MQO8MXK3uCNCQ,6:0-6:0,6:0-6:0,6:0-6:0,6:0-6:0,6:0-6:0,6:0-6:0,6:0-6:0
x1IPOlH_O5D3qZdZo6YyEA,11:30-22:0,11:30-22:0,11:30-22:0,11:30-22:0,11:30-22:0,11:0-22:0,11:0-22:0
Z8QYcQrjXP5U1orZfzK6Ig,9:0-21:0,9:0-21:0,9:0-21:0,9:0-21:0,10:0-23:0,10:0-23:0,23:0-0:0
Mksyt1TZQ-7vzCZjeuzfAg,11:0-21:30,11:0-21:30,11:0-21:30,11:0-21:30,11:0-21:30,11:0-21:30,11:0-21:30
s3Y5_k8vGnWfXjGwke89XA,12:0-21:30,12:0-21:30,12:0-21:30,12:0-21:30,12:0-21:30,12:0-21:30,12:0-21:30
aY0Y058p2_iWxMAZron2mg,17:30-21:30,17:30-22:0,17:30-22:0,17:30-23:0,17:30-23:0,17:30-23:30,17:30-21:30
rgG2k-8qHXuO4ZKhC1AmIA,11:0-22:0,11:0-22:0,11:0-22:0,11:0-22:0,11:0-23:0,11:0-23:0,11:0-22:0
dtqT51H8Q8mIvrLylVuiZg,0:0-0:0,11:30-23:0,11:30-23:0,11:30-23:0,11:30-23:0,11:30-23:0,12:0-22:0
YXjD1_p0mvZkdI8S_RKdnA,11:0-22:30,11:0-22:30,11:0-22:30,11:0-22:0,11:0-22:30,11:0-22:30,12:0-21:0
YY23OABxBKOryNqtmMOKjA,11:0-20:0,11:0-20:0,11:0-20:0,11:0-20:0,11:0-1:0,11:0-1:0,11:0-20:0
Tnia3DIsEgc8nVPNnTRj7Q,10:0-0:0,10:0-0:0,10:0-0:0,10:0-2:0,10:0-2:0,10:0-2:0,10:0-0:0
Ia1JlEo7UUyZtmqRe1K1Pw,9:0-16:0,8:0-21:0,8:0-16:0,8:0-21:0,8:0-21:0,8:0-21:0,9:0-17:0
QwxtJF1Dw9hEGdGQciD9Ng,17:30-23:0,17:30-23:0,17:30-23:0,17:30-23:0,17:30-23:0,17:30-23:0,17:30-23:0
xlJqe1gSZz9C2-87mRA8TA,5:0-0:0,5:0-0:0,5:0-0:0,5:0-0:0,5:0-0:0,5:0-0:0,5:0-0:0
2QznyHGF0PuiYkrl5RU66A,9:0-18:0,9:0-18:0,9:0-21:0,9:0-18:0,9:0-21:0,9:0-21:0,9:0-18:0
qvBkj8tcLwv2QMF9jhH12A,0:0-0:0,7:0-21:0,7:0-21:0,7:0-21:0,7:0-22:0,7:0-22:0,7:0-15:0
Lfl9kppQhikig4xI3UdjOA,11:0-22:0,11:0-22:0,11:0-22:0,11:0-23:0,11:0-23:0,11:0-23:0,11:0-22:0
6EkolSf95HjdCl9jVdTM2g,0:0-0:0,0:0-0:0,0:0-0:0,0:0-0:0,0:0-0:0,0:0-0:0,0:0-0:0
U9FCFksABmJcS5Di22PspQ,0:0-0:0,11:0-21:0,11:0-22:0,11:0-22:0,11:0-0:0,11:0-18:0,10:0-21:0
fGbP45JCPckM0hA1O_l6Dw,0:0-0:0,0:0-0:0,0:0-0:0,0:0-0:0,0:0-0:0,0:0-0:0,0:0-0:0
5JNvfPfd6mcpwNoekzqBow,11:30-23:0,11:30-23:0,11:30-23:0,11:30-0:0,11:30-0:0,11:30-0:0,11:30-23:0
-Qkx7W0itbAApcG5lJuMFQ,11:0-23:0,11:0-23:0,11:0-23:0,11:0-23:0,11:0-0:0,11:0-0:0,11:0-23:0
XZbuPXdyA0ZtTu3AzqtQhg,17:0-23:0,17:0-23:0,17:0-23:0,17:0-23:0,17:0-23:0,17:0-23:0,17:0-23:0
sOYsxYYFl03PhHmz_rBDZQ,11:0-2:0,11:0-2:0,11:0-2:0,11:0-2:0,11:0-3:0,11:0-3:0,10:0-2:0
T-eEjmbEeQ53ezioW_9vxQ,17:0-22:0,17:0-22:0,17:0-22:0,17:0-22:0,17:0-22:0,17:0-22:0,17:0-22:0
g-aAe8SqZlZTnN3oA8mNlw,6:0-0:0,6:0-0:0,6:0-0:0,6:0-0:0,6:0-0:0,8:0-0:0,8:0-0:0
5gv6AqHXfi3gJV4fb432Vw,11:0-0:0,11:0-0:0,11:0-0:0,11:0-0:0,11:0-0:0,11:0-0:0,11:0-0:0
TVLAvAFx0FqAkKGKHVjHpQ,11:0-21:0,11:0-21:0,11:0-21:0,11:0-21:0,11:0-21:0,10:0-18:0,10:0-18:0
wYfTZelP5Kv3Kls4J9bnDQ,7:0-22:0,7:0-22:0,7:0-22:0,7:0-22:0,7:0-22:0,8:0-22:0,9:0-21:0
0uEidTfcs-9GAMJXLvIYTw,11:0-22:0,11:0-22:0,11:0-22:0,11:0-22:0,11:0-22:30,11:0-22:30,12:0-22:0
HHvO4MgBFabsmlInou6viQ,10:0-16:0,17:0-22:0,17:0-22:0,17:0-22:0,17:0-22:0,17:0-22:0,17:0-22:0
UijRV_R2aU8-V3aAx2ffxQ,5:0-0:0,5:0-0:0,5:0-0:0,5:0-0:0,5:0-0:0,5:0-0:0,5:0-0:0
S3gVMHlrQoJPzM984vCeBg,6:0-19:0,6:0-19:0,6:0-19:0,6:0-19:0,6:0-19:0,7:0-20:0,7:0-20:0
YSaf1x4Ik6nH2GsIa2DCvg,11:30-21:0,11:30-0:0,11:30-0:0,11:30-0:0,11:30-0:0,16:0-0:0,16:0-0:0
lsMvf-DxBO3As2KgLHtbFw,11:0-0:0,11:0-0:0,11:0-0:0,11:0-0:0,11:0-0:0,11:0-0:0,11:0-0:0
v1AE1LLWDOqe8ubOzqKADg,9:0-15:0,7:0-15:0,7:0-15:0,7:0-15:0,7:0-15:0,7:0-15:0,7:0-15:0
Y-a5L1u8jAuoJLdh25UnQA,0:0-0:0,0:0-0:0,0:0-0:0,0:0-0:0,0:0-0:0,0:0-0:0,0:0-0:0
bUEc1ZDgfZPymHyUXEiiNg,0:0-0:0,0:0-0:0,0:0-0:0,0:0-0:0,0:0-0:0,0:0-0:0,0:0-0:0
meIf7JULcW1vyoeyVJyqsA,11:0-23:0,11:0-23:0,11:0-23:0,11:0-23:0,11:0-23:0,9:0-0:0,11:0-23:0
TgjB-wlAVzol6HoDpE8KYg,0:0-0:0,6:0-13:0,6:0-13:0,17:0-21:0,6:0-13:0,6:0-14:0,6:0-14:0
3glVZZh_vyZH1VvPU0307A,17:0-23:0,17:0-23:0,17:0-23:0,17:0-23:0,17:0-23:0,17:0-23:0,17:0-23:0
YHXczxm4W3BkGT-z7vZBBw,11:0-0:0,11:0-0:0,11:0-0:0,11:0-0:0,11:0-0:0,11:0-0:0,11:0-0:0
3Jq5LfJ5fmJ5KmuA6VHmzw,0:0-0:0,9:0-2:0,9:0-17:0,9:0-2:0,9:0-2:0,9:0-17:0,10:0-1:0
By4Suw6S-whbg51y_967BQ,8:0-0:0,8:0-0:0,8:0-0:0,8:0-1:0,8:0-3:0,11:0-3:0,11:0-0:0
s1w7weo4AffZXrz6oRcVww,8:0-21:0,8:0-21:0,8:0-21:0,8:0-21:0,8:0-21:0,9:0-21:0,10:0-19:0
jBh399TajGcH28Zo2J1pHw,0:0-0:0,11:0-22:0,11:0-22:0,11:0-22:0,10:0-22:0,11:0-23:0,11:0-17:0
aQXzyObFK-Frx1fM_hLhew,11:0-22:0,11:0-22:0,11:0-22:0,11:0-22:0,11:0-23:0,11:0-23:0,12:0-22:0
M_fzy4_KslKoXeyZ022Z8g,11:30-22:0,11:30-22:0,11:30-22:0,11:30-22:0,11:30-22:0,11:30-22:0,11:30-21:30
UV3oegQXN8tWtm8azFPZ2w,11:30-2:0,11:30-2:0,11:30-2:0,11:30-2:0,11:30-2:0,9:0-2:0,9:0-2:0
vQiRoQcRtkwpzb0-95Tnzg,11:0-1:0,11:0-1:0,11:0-1:0,11:0-1:0,11:0-1:0,11:0-1:0,11:0-1:0
IUe5DI53ZH2_U8B0PKJ5sw,9:0-23:0,9:0-23:0,9:0-23:0,9:0-23:0,9:0-23:0,9:0-23:0,9:0-23:0
n9BrA1zIwlbiP1hLAc24jg,11:0-22:0,11:0-22:0,11:0-22:0,11:0-22:0,11:0-23:0,11:0-23:0,11:0-22:0
wRmPV-RvcqcjeyUeOaJQCg,7:0-22:0,7:0-22:0,7:0-22:0,7:0-22:0,7:0-22:0,11:0-22:0,11:0-22:0
gHoP4eJimaMltfUlp6EP4Q,11:0-21:0,11:0-21:0,11:0-21:0,11:0-21:0,11:0-21:30,11:0-21:30,11:0-21:0
OmZ_Ub_0egPc6eDPD1OWSw,11:0-0:0,11:0-0:0,11:0-0:0,11:0-0:0,11:0-0:0,11:0-0:0,11:0-23:0
0BW6h-igJinzbqc-prYUaQ,0:0-0:0,11:30-23:0,11:30-23:0,11:30-23:0,11:30-23:0,17:0-23:0,16:0-22:0
5_2Lls-h_shbRGyUruLlTQ,11:0-21:0,11:0-21:0,11:0-21:0,11:0-21:0,11:0-21:0,12:0-20:0,12:0-20:0
j7Rgozl24WrmDeqFCCKwQg,11:0-22:0,11:0-22:0,11:0-22:0,11:0-23:0,11:0-0:0,11:0-0:0,11:0-23:0
Zbjl53pR2W0jMrGFPM0Ssw,6:30-22:0,6:30-22:0,6:30-22:0,6:30-22:0,6:30-22:0,6:30-22:0,6:30-21:0
qKys2eEhVt5A7NUYMn7o7Q,10:0-0:0,10:0-0:0,10:0-0:0,10:0-0:0,10:0-3:0,10:0-3:0,10:0-0:0
3OxQiVUgZBAoELGRCgkEZw,11:0-21:0,11:0-21:0,11:0-21:0,11:0-21:0,11:0-21:0,10:30-21:0,10:30-21:0
8olG8J91NG_QU92WHG5QfA,11:0-22:0,11:0-22:0,11:0-22:0,11:0-22:0,11:0-22:0,11:0-22:0,11:0-22:0
OACjhgf8nnYGzFnOhA7uhg,16:0-2:0,16:0-2:0,16:0-2:0,16:0-2:0,16:0-2:0,11:0-2:0,11:0-2:0
rioQ_p2pILNbJ4Xp5jW6-Q,11:0-23:0,11:0-23:0,11:0-23:0,11:0-23:0,10:0-1:0,9:0-1:0,9:0-1:0
TOrphxql7UfJ77vXG4G4aQ,9:0-21:0,9:0-21:0,9:0-21:0,9:0-21:0,9:0-2:0,9:0-2:0,9:0-21:0
4fGGeKlUY3SwqLW4SH_QnQ,7:0-19:0,7:0-19:0,7:0-19:0,7:0-19:0,7:0-19:0,7:0-19:0,7:0-15:0
Ch-gb1W9g1zZyuPXpSBq0g,11:30-19:30,11:30-19:30,11:30-19:30,11:30-19:30,11:30-19:30,11:30-19:30,11:30-18:30
8QfDxSuHkXA-sv5wcfP4Zg,7:0-21:0,7:0-21:0,7:0-21:0,7:0-21:0,7:0-21:0,7:0-21:0,7:0-17:0
fYLCKglfKHjgzcOeo4ZDaw,10:30-21:0,10:30-21:0,10:30-21:0,10:30-21:0,10:30-21:30,10:30-21:30,11:0-20:0
ewvBhAgfJi43aZmWCd3Zag,0:0-0:0,8:0-16:0,8:0-16:0,8:0-16:0,8:0-16:0,8:0-16:0,8:0-14:0
H_ngMvvTOse6N5scXHDZdQ,11:0-1:0,11:0-1:0,11:0-1:0,11:0-1:0,11:0-2:0,11:0-2:0,11:0-0:0
zwNC-Ow4eIMan2__bS9-rg,11:0-22:0,11:0-22:0,11:0-22:0,11:0-22:0,11:0-0:0,11:0-0:0,11:0-22:0
w5CSi-An5meLnxjKSFn0wQ,11:0-4:0,11:0-4:0,11:0-4:0,11:0-4:0,11:0-4:0,11:0-4:0,11:0-4:0
XSiqtcVEsP6dLOL7ZA9OxA,11:0-22:0,11:0-22:0,11:0-22:0,11:0-22:0,11:0-22:0,11:0-22:0,11:0-22:0
24Td_CQH1bonWKff1rt2vg,6:30-14:30,6:30-14:30,6:30-14:30,6:30-14:30,6:30-14:30,6:30-14:30,6:30-14:30
Tz3lmsFCS1e8rUkXuHW9mw,0:0-0:0,0:0-0:0,0:0-0:0,0:0-0:0,0:0-0:0,0:0-0:0,0:0-0:0
CiGvnoHtvvzra2RB23lNpQ,8:0-0:0,8:0-0:0,8:0-0:0,8:0-0:0,8:0-1:0,8:0-1:0,8:0-0:0
X46mymnTc04uhlXPqmq7qw,11:0-21:0,11:0-21:0,11:0-21:0,11:0-21:0,11:0-21:0,11:0-21:0,11:0-18:0
lOQPeguczAueJnLmDUTfGg,0:0-0:0,10:0-22:0,10:0-22:0,10:0-23:0,10:0-23:0,9:0-23:0,9:0-21:0
pomGBqfbxcqPv14c3XH-ZQ,11:0-20:0,11:0-21:0,11:0-21:0,11:0-21:0,11:0-22:0,11:0-22:0,10:0-21:0
FML0YqZ7dLBBC3Suap4_4Q,17:0-2:0,17:0-2:0,17:0-2:0,17:0-2:0,12:0-2:0,12:0-2:0,12:0-2:0
v1M2DI3sATaUkHfZEuDStw,10:30-22:30,10:30-22:30,10:30-22:30,10:30-22:30,10:30-22:30,10:30-22:30,10:30-22:30
THcAGc-Fb8gqmA1V-KvFkw,8:0-22:0,8:0-22:0,8:0-22:0,8:0-22:0,8:0-22:0,8:0-22:0,8:0-22:0
dWk0mbhj79pK3WBp5oLtpw,8:0-3:0,8:0-3:0,8:0-3:0,8:0-3:0,8:0-3:0,9:0-3:0,9:0-3:0
mvLdgkwBzqllHWHwS-ZZgQ,11:30-22:0,11:30-22:0,11:30-22:0,11:30-22:0,11:30-22:0,11:30-22:0,12:0-21:0
-jEyZSptICvvaNhuur9rUg,6:30-13:0,6:30-13:0,6:30-13:0,6:30-13:0,6:30-13:0,6:30-13:0,6:30-13:0
PLVJCN2p1MIkeDzIbAx9kA,0:0-0:0,0:0-0:0,0:0-0:0,0:0-0:0,0:0-0:0,0:0-0:0,0:0-0:0
mFQTnqCaJwhK7OAu3u4A5g,11:30-23:0,11:30-22:30,11:30-22:30,11:30-22:30,11:30-23:30,12:0-23:30,16:0-22:30
hgeXEGD9lRX4ohj7afSJnw,11:0-22:0,11:0-22:0,11:0-22:0,11:0-22:0,11:0-22:0,11:0-22:0,11:0-22:0
yz3JQk5Lqbin8mtNfDcy_w,16:0-23:0,16:0-23:0,16:0-23:0,16:0-23:0,16:0-0:0,16:0-0:0,12:0-20:0
PSRZaGGxXmOmabL2si8pKw,16:0-22:0,16:0-22:0,16:0-22:0,16:0-22:0,11:0-22:30,11:0-22:30,11:0-21:0
87I8ba2FKYKeXyAhiC6cLg,0:0-0:0,11:30-21:0,11:30-21:0,11:30-21:0,11:30-21:0,12:0-21:0,12:0-20:0
Yr_w9lakJrKMyEG_hI6zbA,10:30-22:0,10:30-22:0,10:30-22:0,10:30-22:0,10:30-22:30,10:30-22:30,10:30-21:0
8USUyIeN39rurnqCn5cA0w,9:0-21:0,9:0-21:0,9:0-21:0,9:0-21:0,9:0-22:0,9:0-22:0,9:0-21:0
-0tgMGl7D9B10YjSN2ujLA,11:0-2:0,11:0-2:0,11:0-2:0,11:0-2:0,11:0-2:0,10:0-2:0,10:0-2:0
B70iTJjcPkuYn8ouUewWgw,11:30-22:0,11:30-22:0,11:30-22:0,11:30-23:0,11:30-1:0,11:0-1:0,11:0-22:0
XMMLRvV4IMxIGyc4H37LxA,0:0-0:0,11:0-21:0,11:0-21:0,11:0-21:0,11:0-22:0,10:0-22:0,10:0-21:0
nwr-HNLERXNh31LQp6fN-A,0:0-0:0,0:0-0:0,0:0-0:0,0:0-0:0,0:0-0:0,0:0-0:0,0:0-0:0
j2w6wlRmlaZaaErQus8ElQ,11:0-20:0,11:0-20:0,11:0-20:0,11:0-20:0,11:0-20:0,11:0-20:0,11:0-20:0
Nq0UHjD_cKW9UbIJplQf_g,11:0-20:0,9:0-20:0,11:0-20:0,11:0-20:0,11:0-20:0,11:0-20:0,11:0-20:0
dFmaYj3_cZpmEaL4WSOkPg,11:0-3:0,11:0-3:0,11:0-3:0,11:0-3:0,11:0-6:0,11:0-6:0,11:0-3:0
d-NDnFSfwUZ2wf4aDBic5Q,11:0-21:0,11:0-21:0,11:0-21:0,11:0-21:0,11:0-21:0,11:0-21:0,11:0-21:0
hPUd4f1egKtHCRlsieH3Vg,7:0-20:0,7:0-20:0,7:0-20:0,7:0-20:0,7:0-20:0,8:0-19:0,8:30-19:0
KTjfQxsQDKWP0dWXBCyXuA,11:0-22:0,11:0-22:0,11:0-22:0,11:0-22:0,11:0-23:0,11:0-22:0,11:0-22:0
ik9VvawL-BeAqlxTI1leew,11:30-22:30,11:30-22:30,11:30-22:30,11:30-22:30,11:30-23:0,11:30-23:0,12:0-22:0
78iP9YpLaDKeiF6OB7dIzQ,10:0-22:30,10:0-22:30,10:0-22:30,10:0-22:30,10:0-23:30,10:0-23:30,10:0-22:30
9sbXPpRC_wDhCsp7qG2PDw,11:0-6:0,11:0-6:0,11:0-6:0,11:0-6:0,11:0-6:0,11:0-6:0,11:0-6:0
Mwl79jLlxPQabA3yiSPz0A,8:0-20:0,8:0-20:0,8:0-20:0,8:0-20:0,8:0-20:0,8:0-20:0,8:0-20:0
WfB_SsYeKy83QQsqAAyGVQ,8:0-0:0,8:0-0:0,8:0-0:0,8:0-0:0,8:0-0:0,8:0-0:0,8:0-0:0
G8qvbhfbCyMAeZzYrbmZxA,18:0-21:0,18:0-21:0,18:0-21:0,18:0-21:0,18:0-21:0,11:0-21:0,11:0-21:0
l_hx2Yb9SIr1TzHHJpJ_xw,11:0-22:0,11:0-22:0,11:0-22:0,11:0-22:0,11:0-23:0,11:0-23:0,11:0-20:0
QfdcFqAft-M7KSSQZwJ20g,9:0-20:0,9:0-20:0,9:0-20:0,9:0-20:0,9:0-20:0,10:0-20:0,10:0-20:0
onhURB5hb6tKukQNPcBADw,9:0-23:0,9:0-23:0,9:0-23:0,9:0-23:0,9:0-0:0,9:0-0:0,10:0-23:0
4Jscimulh38Rq2hOgjb2Hg,0:0-0:0,7:0-20:0,7:0-20:0,7:0-20:0,7:0-20:0,8:0-19:0,8:0-19:0
hEcn9k6ONd5n2mq0lB2aew,6:0-22:0,6:0-22:0,6:0-22:0,6:0-22:0,6:0-22:0,6:0-22:0,9:0-22:0
DcF162waTQvZd-G0G_J4wQ,10:0-23:0,10:0-23:0,10:0-23:0,10:0-23:0,10:0-0:0,10:0-0:0,10:0-0:0
v91eTDokcNCHzRvmamWVog,8:0-0:0,8:0-0:0,8:0-0:0,8:0-0:0,8:0-0:0,8:0-0:0,8:0-0:0
SK5PY0BnFuG2pQs5dfXyiw,10:30-1:0,10:30-1:0,10:30-1:0,10:30-1:0,10:30-1:0,10:30-1:0,10:30-1:0
mhDG_wtuyTDr-c0rgfEMpQ,10:0-3:0,10:0-3:0,10:0-3:0,10:0-3:0,10:0-3:0,10:0-3:0,10:0-3:0
poX-2lODvtmkR6pve8FXFA,10:0-23:0,10:0-23:0,10:0-23:0,10:0-23:0,10:0-0:0,10:0-0:0,10:0-23:0
4v9nhZ5h-KScIsG7uXjfzg,0:0-0:0,0:0-0:0,0:0-0:0,0:0-0:0,0:0-0:0,0:0-0:0,0:0-0:0
cHAhW7XJ2no_qzc46HpohQ,6:0-6:0,6:0-6:0,6:0-6:0,6:0-6:0,6:0-6:0,6:0-6:0,6:0-6:0
C3PVq7UpeHd6nz1_e-AtkA,11:30-23:0,11:30-23:0,11:30-23:0,11:30-0:0,11:30-2:0,10:30-2:0,10:30-23:0
-Z358O0-8eH0sgSjKINvMA,11:0-21:0,11:0-21:0,11:0-21:0,11:0-21:0,11:0-21:0,11:0-21:0,11:0-18:0
6fPQJq4f_yiq1NHn0fd11Q,7:0-23:0,7:0-23:0,7:0-23:0,7:0-23:0,7:0-23:0,7:0-23:0,7:0-23:0
pofDmHoIsdvPcSKzb2iMag,9:0-22:30,9:0-22:30,9:0-22:30,9:0-22:30,9:0-22:30,9:0-22:30,9:0-22:30
J-vIgY37hcIE9XAQDx2a0Q,7:0-23:0,7:0-23:0,7:0-23:0,7:0-23:0,7:0-23:0,7:0-23:0,7:0-23:0
rOKEgdzmhzT99Ob_OmPE0Q,0:0-0:0,11:0-0:30,11:0-0:30,11:0-0:30,11:0-2:0,11:0-17:30,11:0-17:30
BfIEzYsyZN4nfoLKlSjbwQ,10:0-21:0,10:0-21:0,10:0-21:0,10:0-21:0,10:0-22:0,10:0-22:0,10:0-20:30
Z5CB1ohc5cWdPnWFCBCOHA,5:0-23:0,5:0-23:0,5:0-23:0,5:0-23:0,5:0-1:0,5:30-1:0,5:30-23:0
LiBnff-ZuzW16zIvZgFOfQ,6:0-21:0,6:0-21:0,6:0-21:0,6:0-21:0,6:0-21:0,7:0-21:0,6:0-19:0
tisVBZM6OFh1ih4x6rGtDw,8:0-0:0,8:0-0:0,8:0-0:0,8:0-0:0,8:0-0:0,8:0-0:0,8:0-0:0
fSBhe0A6Dfa8JCYccfpMog,6:0-14:0,6:0-14:0,6:0-14:0,6:0-14:0,6:0-14:0,6:0-12:0,6:0-12:0
Xja69DDoUqbPwFOSB3_Ckw,10:0-21:0,10:0-21:0,10:0-21:0,10:0-21:0,10:0-15:0,21:0-0:30,10:0-21:0
DO32vGtv3p3u7WBPiNoQHQ,9:0-18:0,9:0-18:0,9:0-18:0,9:0-18:0,9:0-18:0,9:0-18:0,9:0-18:0
F2L2f-ITjnHlqKRFQVFsVg,6:0-0:0,6:0-0:0,6:0-0:0,6:0-0:0,6:0-2:0,7:0-2:0,7:0-0:0
VR2LTEsJByan97fcYRkl5w,9:0-21:0,9:0-21:0,9:0-21:0,9:0-21:0,9:0-22:0,9:0-22:0,9:0-21:0
EiO5lrozazxIaqOnUvzCag,10:0-0:0,10:0-0:0,10:0-0:0,10:0-0:0,10:0-1:0,10:0-1:0,10:0-0:0
N5mcKKdcmwirw1bFhE80Sw,0:0-0:0,11:0-22:0,11:0-22:0,11:0-22:0,11:0-0:0,10:0-0:0,10:0-22:0
APyqRwSZ5g-FRWxDl7YuEg,0:0-0:0,0:0-0:0,0:0-0:0,0:0-0:0,0:0-0:0,0:0-0:0,0:0-0:0
w4yq1IRk0DHQE995giqjGg,11:0-22:0,11:0-22:0,11:0-22:0,11:0-22:0,11:0-23:0,11:0-23:0,11:0-22:0
dj6nbGIqguJDXgz49nmFBw,10:30-23:0,10:30-23:0,10:30-23:0,10:30-23:0,10:30-0:0,10:30-0:0,10:30-23:0
BwBU-f-oiJXbyYaVrJAuFw,11:0-21:0,11:0-21:0,11:0-21:0,11:0-21:0,11:30-21:0,9:0-21:0,10:0-21:0
W6HgKXp-gXozKjOqGqIOXg,11:30-1:0,11:30-1:0,11:30-1:0,11:30-2:0,11:30-2:0,11:30-2:0,11:30-23:0
wqFkAsxYPA5tcdSkYMtrrw,6:30-21:0,6:30-21:0,6:30-21:0,6:30-21:0,6:30-21:0,8:0-20:0,8:0-20:0
G5or_Fra4-6IYOVlm_dI2Q,11:0-2:0,11:0-2:0,11:0-2:0,11:0-2:0,11:0-4:0,11:0-4:0,11:0-2:0
n0xipiBLtvEu4Zd3a6KM6Q,12:0-22:0,12:0-22:0,12:0-22:0,12:0-22:0,12:0-22:0,12:0-22:0,12:0-22:0
khxjYMwb_V8UovvwPVhysw,11:0-21:30,11:0-21:30,11:0-21:30,11:0-21:30,11:0-22:0,11:0-22:0,12:0-21:30
wK1SMAzIpHh-KYbrs7m0nA,11:0-22:0,11:0-22:0,11:0-22:0,11:0-22:0,11:0-22:0,11:0-22:0,12:0-20:0
RVEmagXK4BzWp8Qws25PDw,10:30-1:0,10:30-1:0,10:30-1:0,10:30-1:0,10:30-1:0,10:30-1:0,10:30-1:0
yW19YczqSrYmWNsG4A6P1g,9:0-21:0,9:0-21:0,9:0-21:0,9:0-21:0,9:0-21:0,9:0-20:0,10:0-18:0
HPLB1Tr8ZB5UkD-2umKPdA,11:0-22:0,11:0-22:0,11:0-22:0,11:0-22:0,11:0-0:0,11:0-0:0,9:0-22:0
rLX33sjOL3n4g_VqLpJZWA,9:30-23:0,9:30-23:0,9:30-23:0,9:30-23:0,9:30-23:0,9:30-23:0,9:30-23:0
5Mxg20QE52Bf4KwsewjsNA,11:0-23:0,11:0-23:0,11:0-23:0,11:0-1:0,11:0-2:0,11:0-2:0,11:0-23:0
fVJszMsossyPFYEgw1dQ0Q,9:0-0:0,9:0-0:0,9:0-0:0,9:0-0:0,9:0-0:0,9:0-0:0,9:0-0:0
Y_IdXaaFzRr13kai9vfqgQ,0:0-0:0,8:0-16:0,8:0-16:0,8:0-16:0,8:0-16:0,8:0-16:0,8:0-16:0
UaL6yRGSv9fYCyn2DJLu8w,8:0-20:0,8:0-20:0,8:0-20:0,8:0-20:0,8:0-20:0,9:0-20:0,9:0-20:0
C_chktl5jFeRqu1C0rmScA,11:0-22:30,11:0-22:30,11:0-22:30,11:0-22:30,11:0-22:30,11:0-22:30,11:0-22:30
l8k4gOEkfoLKq0mPVWHWGg,11:0-23:0,11:0-23:0,11:0-23:0,11:0-23:0,11:0-0:0,9:0-0:0,9:0-22:0
AakkkTuGZA2KBodKi2_u8A,11:0-22:0,11:0-22:0,11:0-22:0,11:0-22:0,11:0-22:0,11:0-22:0,11:0-22:0
45513UgSlMqWV_yAPVkXrg,11:0-23:0,11:0-23:0,11:0-23:0,11:0-0:0,11:0-2:0,11:0-2:0,11:0-23:0
XX4yIO_sWk6VA9gPPZL5_Q,14:0-0:0,14:0-0:0,14:0-0:0,14:0-0:0,14:0-0:0,14:0-0:0,14:0-0:0
RMG_Sp9tVZ-j3WfQoxxbeg,11:30-22:0,11:30-22:0,11:30-22:0,11:30-23:0,11:30-23:0,12:0-23:0,12:0-22:0
xkc_MfxUcSuRdQnmSvF1IA,8:30-21:0,8:30-21:0,8:30-21:0,8:30-21:0,8:30-21:0,8:30-20:30,8:30-20:30
PPCEx65Lm121Hw5yQhM_Zw,0:0-0:0,11:0-1:0,11:0-1:0,11:0-2:0,11:0-2:0,10:30-2:0,10:30-1:0
qKUbPdzNQpdSP2mhk3tREg,12:0-17:0,11:30-20:30,11:30-20:30,11:30-20:30,11:30-21:30,11:30-18:0,11:30-20:30
CCVh8YKdN3c-WgqEbzya3A,6:0-22:0,6:0-22:0,6:0-22:0,6:0-0:0,6:0-0:0,6:0-0:0,6:0-0:0
X-WXPGYuuknAjZkpYGeRiw,0:0-0:0,0:0-0:0,0:0-0:0,0:0-0:0,0:0-0:0,0:0-0:0,0:0-0:0
O1p3opN9vH2ACTWQ5dP5lA,0:0-0:0,0:0-0:0,0:0-0:0,0:0-0:0,0:0-0:0,0:0-0:0,0:0-0:0
ZogV_sPyn2FSb6nrc3eIng,11:0-23:0,11:0-23:0,11:0-23:0,11:0-23:0,11:0-3:0,11:0-3:0,11:0-23:0
aMJsL18mPiZKpDgDid1ssg,11:0-23:0,11:0-23:0,11:0-23:0,11:0-23:0,11:0-1:0,11:0-1:0,11:0-23:0
kM9NJit_zAgadyuxIwzwiA,11:0-21:30,11:0-21:30,11:0-21:30,11:0-21:30,11:0-21:30,12:0-20:0,12:0-20:0
LOyGm5Q6zdTHdntLBUyBrg,9:0-1:0,9:0-1:0,9:0-1:0,9:0-1:0,9:0-1:0,9:0-1:0,9:0-1:0
JDZ6_yycNQFTpUZzLIKHUg,0:0-0:0,0:0-0:0,0:0-0:0,0:0-0:0,0:0-0:0,0:0-0:0,0:0-0:0
kvyHTYU1Qlhobr-p7C_pgQ,6:0-22:0,6:0-22:0,6:0-22:0,6:0-22:0,6:0-22:0,6:0-22:0,6:0-22:0
5j7BnXXvlS69uLVHrY9Upw,9:30-23:0,9:30-23:0,9:30-23:0,9:30-23:0,9:30-23:0,9:30-23:0,9:30-23:0
m02H7wS7LEN7ast4GcPtAA,11:0-0:0,11:0-0:0,11:0-0:0,11:0-0:0,11:0-1:0,11:0-1:0,11:0-0:0
T4iG8nhlu3uVnRzRn6660w,12:0-2:0,12:0-2:0,12:0-2:0,12:0-2:0,12:0-2:0,12:0-2:0,12:0-2:0
hqvqLihniz0ynit9c36JHg,11:0-3:0,11:0-3:0,11:0-3:0,11:0-3:0,11:0-3:0,11:0-3:0,11:0-3:0
sd7Ci7gTC6Ia1cAIPcmDGw,0:0-0:0,0:0-0:0,0:0-0:0,0:0-0:0,0:0-0:0,0:0-0:0,0:0-0:0
XaUiroJrP634SIx8O8xk9Q,11:0-21:0,11:0-21:0,11:0-21:0,11:0-21:0,11:0-22:0,11:0-22:0,11:0-21:0
AL5YzikrmxwcBzBNLGO7Jw,0:0-0:0,11:0-21:0,11:0-21:0,11:0-21:0,11:0-22:0,11:0-22:0,11:0-21:0
iDT6FpWCjJXSHUMFg94UEw,10:30-22:0,10:30-22:0,10:30-22:0,10:30-22:0,10:30-22:30,10:30-22:30,10:30-22:0
WHHmwtzZoQbm2v9DbMlgFA,8:0-15:0,8:0-15:0,8:0-15:0,8:0-15:0,8:0-15:0,8:0-15:0,8:0-15:0
EpHPxId6RNVHbYLqBGQiSQ,11:0-22:0,11:0-22:0,11:0-22:0,11:0-22:0,11:0-22:0,11:0-23:0,11:0-22:0
adfELKOWudmET4s_yZ68CQ,11:30-0:0,11:30-0:0,11:30-0:0,11:30-0:0,11:30-0:0,11:30-0:0,11:30-0:0
UsKmYp0m8VYWM96tkGm2vQ,16:0-23:0,16:0-23:0,16:0-23:0,16:0-23:0,16:0-23:0,16:0-23:0,16:0-23:0
5TeA1dyLR7MIor-DfIrYog,9:0-19:0,9:0-19:0,9:0-19:0,9:0-19:0,9:0-19:0,9:0-19:0,11:0-18:0
J38kYZWsoYpeXBZB37lnKQ,6:0-0:0,6:0-0:0,6:0-0:0,6:0-0:0,6:0-0:0,6:0-0:0,6:0-21:0
QmZLB8eTeQ3e1BnDMan9xg,7:0-1:0,7:0-1:0,7:0-1:0,7:0-1:0,7:0-1:0,7:0-1:0,7:0-1:0
LPMZ9N1sAjs2nDx7DmiZ2w,11:0-0:0,11:0-0:0,11:0-0:0,11:0-0:0,7:0-23:30,11:0-2:0,11:0-0:0
wuQDMDlqM17jQNo0lYQZ7g,8:0-23:0,8:0-23:0,8:0-23:0,8:0-23:0,8:0-1:0,10:0-1:0,10:0-23:0
ofw8aDSEg1HoQdmCgvLtaQ,11:0-19:0,11:0-19:0,11:0-19:0,11:0-19:0,11:0-20:0,10:0-18:0,11:0-17:0
fmtXCF8wUkv1KS_KYMbXbg,9:0-19:0,9:0-19:0,9:0-19:0,9:0-19:0,9:0-19:0,8:0-19:0,8:0-19:0
CwVE2bN5YscfeTQPZylruA,6:0-22:0,6:0-22:0,6:0-22:0,6:0-22:0,6:0-22:0,6:0-22:0,6:0-22:0
DscqZ5DUZSWTggbv6N_j3Q,6:0-22:0,6:0-22:0,6:0-22:0,6:0-22:0,6:0-22:0,6:0-22:0,6:0-22:0
MgSd4P3ATkiywbbraFygHg,0:0-0:0,11:0-15:0,11:0-21:0,11:0-21:0,11:0-22:0,11:0-22:0,11:0-20:0
sUE2Mo2Y-5yW7Dt7QIXgGQ,11:0-2:0,11:0-2:0,11:0-2:0,11:0-2:0,11:0-2:0,11:0-2:0,11:0-2:0
FM0h7JHdthhnc50vgGWzpA,0:0-0:0,17:0-0:0,17:0-0:0,17:0-0:0,17:0-2:0,17:0-2:0,17:0-23:0
ul5VvYrimRigosgHQUi-ww,11:0-20:0,11:0-20:0,11:0-20:0,11:0-20:0,11:0-20:0,11:0-20:0,12:0-20:0
eVNio5bnzrLPuebbgnKVzw,5:0-16:0,5:0-16:0,5:0-16:0,5:0-16:0,5:0-16:0,6:0-16:0,6:0-15:0
xyAbFNEIFSy_OKNptyzCmg,11:30-23:0,11:30-23:0,11:30-1:0,11:30-2:0,11:30-2:0,11:30-2:0,11:30-23:0
m3K_2-kkNUFrXh74QUfaHg,0:0-0:0,14:0-22:0,14:0-22:0,14:0-23:0,14:0-0:0,14:0-0:0,13:0-19:0
0ExE0tVCsPDMnNdvip1Kzg,11:30-2:0,11:30-2:0,11:30-2:0,11:30-2:0,11:30-2:0,11:30-2:0,11:30-2:0
VfaMlMtHJgndVw62GUiwCQ,7:0-23:0,7:0-23:0,7:0-23:0,7:0-23:0,7:0-0:0,7:0-0:0,7:0-23:0
MS-hfug4QDXqb_Mws3qlzA,12:0-23:0,12:0-23:0,12:0-23:0,12:0-23:0,12:0-0:0,12:0-0:0,12:0-23:0
8klKfy9tK0ySi1l_ajOR5w,7:30-22:0,7:30-22:0,7:30-22:0,7:30-22:0,7:30-22:0,8:30-22:0,8:30-22:0
4khsN1eXcWR0YYmROlLEzw,10:0-13:0,10:0-13:0,10:0-13:0,10:0-13:0,10:0-14:0,10:0-14:0,10:0-13:0
2bXyG9i01EjS9ttdnXToDw,17:0-22:0,17:0-22:0,17:0-22:0,17:0-22:0,17:0-23:0,17:0-23:0,17:0-22:0
BXkk_gg5y4ltheHqKCWMdg,8:0-23:0,8:0-23:0,8:0-23:0,8:0-23:0,8:0-23:0,8:0-23:0,8:0-23:0
QVHKpXJ3fRNMvin0Yvb4Yw,0:0-0:0,11:0-21:0,11:0-21:0,11:0-21:0,11:0-21:0,11:0-21:0,11:0-21:0
ZXfMiPsPv-cH7GMQ-5-mhA,9:0-9:0,9:0-9:0,9:0-9:0,9:0-9:0,9:0-9:0,9:0-9:0,9:0-9:0
KdQM64AQ5_ppgs6RolwJ4w,10:0-20:0,10:0-19:0,10:0-20:0,10:0-19:0,10:0-20:0,9:0-20:0,9:0-17:0
4BBda3yy_8GXGmYLcgggHw,11:30-23:0,11:30-23:0,11:30-23:0,11:30-23:0,11:30-23:0,11:30-23:0,11:30-23:0
owLXnEhlMLsFpemYoOxNkg,0:0-0:0,0:0-0:0,0:0-0:0,0:0-0:0,0:0-0:0,0:0-0:0,0:0-0:0
iiVeHbqOWMuKeUQz7ks71A,11:0-21:30,11:0-21:30,11:0-21:30,11:0-21:30,11:0-22:0,11:0-22:0,11:0-21:30
ndgnPEeRSztiigwNW2IuBg,12:0-23:0,12:0-1:0,12:0-1:0,12:0-1:0,12:0-1:0,12:0-1:0,12:0-23:0
iJziJyLGEbcgTw79t5a-hw,0:0-0:0,11:30-0:0,11:30-0:0,11:30-0:0,11:30-1:0,11:30-1:0,11:30-0:0
ACQ1kbWkPToh0BsAQ5TGIQ,11:0-23:0,11:0-23:0,11:0-23:0,11:0-23:0,11:0-0:0,11:0-0:0,11:0-23:0
1b8d2CqGcfF3Hz0vixQSUQ,8:0-23:30,8:0-23:30,8:0-23:30,8:0-23:30,8:0-1:0,7:0-1:0,7:0-0:0
vUJhUVmRMn9T4gsmz-L_Yg,7:0-20:0,7:0-15:0,7:0-20:0,7:0-20:0,7:0-20:0,7:0-20:0,7:0-20:0
3GJG2D4sBDscfH0rZgsbmQ,11:30-22:0,11:30-22:0,11:30-22:0,11:30-22:0,11:30-23:0,11:30-23:0,16:0-22:0
xeHaI3Qguo5YpeR0vh7hGg,11:0-1:0,11:0-1:0,11:0-1:0,11:0-1:0,11:0-2:0,11:0-2:0,11:0-0:0
Wg9272hxpu9IBTXMTB6EeQ,11:0-22:30,11:0-22:30,11:0-22:30,11:0-22:30,11:0-23:0,11:0-23:0,11:0-22:30
Dje1VOaJy10XVz4UIZXjLw,15:0-21:45,15:0-21:45,15:0-21:45,13:0-21:45,12:0-21:45,12:0-21:45,12:0-21:45
e0JOkQYz_cnz91k6X55PLw,17:30-22:0,17:30-22:0,17:30-22:0,17:30-22:0,17:30-22:0,17:30-22:0,17:30-22:0
pyvxQ1eCeU62I9cWr5uo1g,11:0-22:0,11:0-22:0,11:0-22:0,11:0-22:0,11:0-22:0,11:0-22:0,12:0-21:0
UcCJfq0PElINpflaTH8tPA,7:0-21:0,7:0-21:0,7:0-21:0,7:0-21:0,7:0-21:0,7:0-21:0,7:0-21:0
qo9JoIB9iZxGl-KQGDzEWw,11:30-22:30,11:30-22:30,11:30-22:30,11:30-22:30,11:30-23:30,11:30-23:30,11:30-22:30
gaJDeNh6xKIKJIT13abKTg,11:0-23:0,11:0-23:0,11:0-23:0,11:0-23:0,11:0-23:0,11:0-23:0,11:0-23:0
ZX79Grup-CWl_juMTwBoQA,7:0-23:0,7:0-23:0,7:0-23:0,7:0-23:0,7:0-4:0,8:0-4:0,9:0-21:0
Sg2AKa2X31UCmc1SmsrNUw,0:0-0:0,6:0-16:0,6:0-16:0,6:0-16:0,6:0-16:0,7:0-14:0,7:0-14:0
9QgxFnsLqB1CHCA0F2bGzg,16:30-23:0,16:30-23:0,11:30-0:0,11:30-0:0,11:30-0:0,10:30-0:0,10:30-23:0
PR0UVJ9lT1lUGEvr10ONuA,11:30-21:0,11:30-21:0,11:30-21:0,11:30-21:0,11:30-21:0,11:30-21:0,11:30-19:0
xRhO5lLaKbxG0IRHwYIc5w,0:0-0:0,0:0-0:0,0:0-0:0,0:0-0:0,0:0-0:0,0:0-0:0,0:0-0:0
XS80QAi1aYKK5v1zmKlkwA,11:30-22:0,11:30-22:0,11:30-22:0,11:30-22:0,11:30-22:0,12:0-22:0,16:0-21:30
SmkGXa3XVZTXV04IcBkwLg,10:0-21:0,10:0-21:0,10:0-21:0,10:0-21:0,10:0-21:0,10:0-21:0,10:0-21:0
JECTMESw2pl1fh4khxmxew,9:0-21:0,8:30-14:30,9:0-21:0,9:0-21:0,9:0-21:0,9:0-21:0,9:0-16:0
5G4Tg_hBfUGilQWj2lj8IA,9:0-20:0,9:0-20:0,9:0-20:0,9:0-20:0,9:0-20:0,10:0-20:0,10:0-19:0
jrGxdAblwBmRG6K-dDpKbQ,8:0-22:0,8:0-22:0,8:0-22:0,8:0-22:0,8:0-22:0,8:0-22:0,8:0-22:0
iBt37-7t5GP2ZRT81yHgew,11:0-0:0,11:0-0:0,11:0-2:0,11:0-2:0,11:0-2:0,11:0-2:0,11:0-0:0
SwAZBCyFtVo_8vkRbJhdkA,11:0-23:0,11:0-23:0,11:0-23:0,11:0-23:0,11:0-0:0,10:0-0:0,10:0-23:0
RMIZvXChyfDWzWbNOK0l9Q,5:0-0:0,5:0-0:0,5:0-0:0,5:0-0:0,5:0-0:0,5:0-0:0,5:0-0:0
hBqp4v9iKsM-6i56v0MBuQ,11:0-0:0,11:0-0:0,11:0-0:0,11:0-0:0,11:0-1:0,11:0-1:0,11:0-0:0
muzZW1AqlfdWGMND0jf_kw,0:0-0:0,18:30-20:30,18:30-20:30,18:30-20:30,18:30-20:30,18:30-20:30,11:0-20:30
NyQey4tR7en-l24ChgYEag,17:0-2:0,17:0-2:0,17:0-2:0,17:0-2:0,17:0-2:0,17:0-2:0,17:0-2:0
RU3PsG2y_eGBFi_8jDqyQA,11:0-21:30,11:0-21:30,11:0-21:30,11:0-21:30,11:0-22:0,11:0-22:0,11:0-21:30
myJ6pgIhN42EQh2sAVXKoQ,11:30-22:0,11:30-22:0,11:30-22:0,11:30-22:0,11:30-22:0,11:30-22:0,11:30-22:0
9lqPRnnxUA47dacFK9lhtQ,6:0-22:0,6:0-22:0,6:0-22:0,6:0-22:0,6:0-23:0,6:0-23:0,6:0-22:0
slU5UwPlYVyrz7HhQeqMew,5:30-23:0,5:30-23:0,5:30-23:0,5:30-23:0,5:30-0:0,6:0-0:0,6:0-23:0
0gOE-DJOhWavRI6qQryGhA,11:0-2:0,11:0-2:0,11:0-2:0,11:0-2:0,11:0-2:0,10:0-2:0,10:0-2:0
_81fRJ9m8Fn1s8ixPun46A,11:0-0:0,11:0-0:0,11:0-0:0,11:0-1:0,11:0-1:0,11:0-1:0,11:0-23:0
cJzv3fbd7jL2ZHyFosFkOw,11:0-21:30,11:0-21:0,11:0-21:0,11:0-21:0,11:0-21:30,12:0-21:30,12:0-21:30
HZRT8xygRscGvDYYx2EkQQ,10:30-19:0,10:30-21:0,10:30-21:0,10:30-21:0,10:30-21:0,10:30-21:0,11:0-20:0
vYOtdnBm-45KQiiHj8jqaw,10:0-16:0,10:0-16:0,10:0-16:0,10:0-16:0,10:0-16:0,10:0-16:0,10:0-16:0
Gdv3qhsDeQzZ2Ag-Tzq6vA,11:0-21:0,11:0-21:0,11:0-21:0,11:0-21:0,11:0-22:0,11:0-22:0,11:0-21:0
leMIHa6TogufHv5HNYjnfw,11:0-22:0,11:0-22:0,11:0-22:0,11:0-22:0,11:0-22:0,11:0-22:0,11:0-22:0
j4C0NelU_RzYMz0jXS-lMg,10:0-23:0,10:0-23:0,10:0-23:0,10:0-23:0,10:0-1:0,10:0-1:0,10:0-23:0
xo1FxmxwWAXIVZ1MO222dg,0:0-0:0,0:0-0:0,0:0-0:0,0:0-0:0,0:0-0:0,0:0-0:0,0:0-0:0
9d7N-I00hu-VkXFry4Da-g,11:0-22:0,11:0-22:0,11:0-22:0,11:0-22:0,11:0-23:0,11:0-23:0,11:0-22:0
mRDs0z_ys0h1NFh59vQqSg,9:30-21:30,9:30-21:30,9:30-21:30,9:30-21:30,9:30-21:30,9:30-21:30,9:30-19:0
iRwT2pBa87Y54q8nqfNAzw,9:30-2:0,9:30-2:0,9:30-2:0,9:30-2:0,9:30-2:0,9:30-2:0,9:30-2:0
u2wqrS4WenKSsuFsrLBGAA,15:0-1:0,15:0-1:0,15:0-1:0,19:0-0:0,19:0-0:0,19:0-0:0,19:0-0:0
H8qlBw1YaxMsItfz25-AyA,6:0-6:0,6:0-6:0,6:0-6:0,6:0-6:0,6:0-6:0,6:0-6:0,6:0-6:0
9d3xGYst3o4KhDwhF2dFMg,0:0-0:0,10:30-22:0,10:30-22:0,10:30-22:0,10:30-22:0,10:30-22:0,10:30-21:0
dpU5-xuWm4tCbZ1m3yl2Dg,11:0-21:0,11:0-21:0,11:0-21:0,11:0-22:0,11:0-22:0,11:0-22:0,11:0-21:0
qtZ50TWkfNS2UtLLuD1m8Q,0:0-0:0,10:30-22:0,10:30-22:0,10:30-22:0,10:30-23:0,10:30-23:0,10:30-16:0
aGZPBbF5JqwbCu4aYXbHYQ,9:0-21:0,9:0-21:0,9:0-21:0,9:0-21:0,9:0-21:0,9:0-21:0,9:0-21:0
M4j4R5VPwP0UVlSba24C3g,11:0-22:0,11:0-22:0,11:0-22:0,11:0-22:0,11:0-22:0,11:0-22:0,11:0-22:0
g9zm0uJiyINoiOz7oT7f8w,10:0-19:0,10:0-19:0,10:0-19:0,10:0-19:0,10:0-19:0,9:0-18:0,9:0-18:0
16tWXenJ1wTqugXJU7yiZg,11:30-22:0,11:30-22:0,11:30-22:0,11:30-22:0,11:30-23:0,16:0-23:0,16:0-21:30
-9YyInW1wapzdNZrhQJ9dg,17:0-21:0,7:0-14:0,7:0-14:0,7:0-14:0,7:0-14:0,8:0-21:0,8:0-21:0
ru35Z92NtGynsmw0iZDarQ,8:0-21:0,8:0-21:0,8:0-21:0,8:0-21:0,8:0-21:0,8:0-21:0,8:0-21:0
7cK9uEV09iPmsTqOqmY3kQ,0:0-0:0,16:0-22:0,16:0-22:0,16:0-22:0,11:0-22:0,11:0-22:0,11:0-16:0
K7lWdNUhCbcnEvI0NhGewg,8:0-21:0,8:0-21:0,8:0-21:0,8:0-21:0,8:0-22:0,8:0-22:0,8:0-21:0
9_OPjioLbD9Q_zAeHfv6kw,17:0-1:0,17:0-1:0,17:0-1:0,17:0-1:0,17:0-1:0,17:0-1:0,17:0-1:0
VWtT4DKxQ4YVRWT88Z5SMA,7:0-18:0,7:0-18:0,7:0-18:0,7:0-18:0,7:0-18:0,7:0-18:0,7:0-18:0
dVkQImhIn-9BgYnm1yCUKA,9:0-22:0,9:0-22:0,9:0-22:0,9:0-22:0,9:0-22:0,8:0-22:0,8:0-22:0
uthbVCNZqmExJTzhII9iNQ,10:0-22:0,10:0-22:0,10:0-22:0,10:0-22:0,10:0-23:0,10:0-23:0,10:0-22:0
SXzJL5egnVXurANcg-G28A,10:30-22:0,10:30-22:0,10:30-22:0,10:30-22:0,10:30-23:0,10:30-23:0,10:30-22:0
rGt76zQHjSaOuOrj31EO6Q,11:0-0:0,11:0-0:0,11:0-0:0,11:0-0:0,11:0-0:0,11:0-0:0,11:0-0:0
rMCRX4dUo2BmOIwcf_Q0SA,10:30-22:30,10:30-22:30,10:30-22:30,10:30-22:30,10:30-22:30,10:30-22:30,10:30-22:30
8f9Tl2gq78wqjtrToOTo7A,8:0-22:0,8:0-22:0,8:0-22:0,8:0-22:0,8:0-22:0,8:0-22:0,8:0-22:0
6nPyQJp7xmc1cvYaolwn8Q,7:0-0:0,7:0-0:0,7:0-0:0,7:0-0:0,7:0-0:0,8:0-0:0,8:0-0:0
73oP6zoYZKNlO8642EMD_Q,11:0-19:0,11:0-19:0,11:0-19:0,11:0-19:0,11:0-19:0,11:0-19:0,11:0-19:0
uOJ87zqbU1MtShCSHDkiyw,11:0-22:0,11:0-22:0,11:0-22:0,11:0-22:0,11:0-2:0,16:0-2:0,11:0-21:0
0G1y7uV7w1D2uziS4Lt_Dw,11:0-0:0,11:0-0:0,11:0-0:0,11:0-0:0,11:0-0:0,11:0-0:0,11:0-0:0
hyXNS3tSmi6njhBjgo8eGw,11:0-22:30,11:0-22:30,11:0-22:30,11:0-22:30,11:0-23:0,11:0-23:0,11:30-22:0
Cp7JVPbO5Vv_huCBxLtXWQ,0:0-0:0,0:0-0:0,0:0-0:0,0:0-0:0,0:0-0:0,0:0-0:0,0:0-0:0
YCEZLECK9IToE8Mysorbhw,7:0-19:0,7:0-19:0,7:0-19:0,7:0-19:0,7:0-19:0,7:0-19:0,7:0-19:0
DiUgFZkt88xcDWG0OjjCaQ,10:0-1:0,10:0-1:0,10:0-1:0,10:0-1:0,10:0-1:0,10:0-1:0,10:0-1:0
nPBG-UbMHDMdcnW-HncZNA,11:0-22:0,11:0-22:0,18:0-22:0,11:0-22:0,11:0-22:0,11:0-22:0,12:0-20:0
xhyzmAnZp2snpBklfcr3Sw,0:0-0:0,11:30-0:0,11:30-0:0,11:30-0:0,11:30-2:0,11:30-2:0,11:30-0:0
I3sKfkXsYv4oF54JGoHWew,12:0-2:0,12:0-2:0,12:0-2:0,12:0-2:0,12:0-2:0,12:0-2:0,12:0-2:0
5pEQwYimyfp5wpeudYNahw,0:0-0:0,8:0-22:0,8:0-22:0,8:0-0:0,8:0-2:0,8:0-2:0,10:0-17:0
Ft54rxPfVRo2VGAEG20O0Q,12:0-22:0,12:0-22:0,12:0-22:0,12:0-22:0,12:0-22:30,12:0-22:30,12:0-22:0
7A6eDE4E3GzFao8BjeM9yA,6:0-23:0,6:0-23:0,6:0-23:0,6:0-23:0,6:0-23:30,6:0-23:30,7:0-23:0
LU8lZgIBkocPkrradywauA,11:0-21:0,11:0-21:0,11:0-21:0,11:0-21:0,11:0-21:0,11:0-21:0,11:0-21:0
0WHXFRerY6I05u1VBU71cw,8:0-22:0,8:0-22:0,8:0-22:0,8:0-22:0,8:0-22:0,8:0-22:0,8:0-22:0
tByEVAaHu9Vm33deijKQBw,6:0-20:0,6:0-20:0,6:0-20:0,6:0-20:0,6:0-20:0,6:0-20:0,6:0-20:0
0dEUND3rVLjp50rczLIaeA,11:0-0:0,11:0-0:0,11:0-0:0,11:0-0:0,11:0-1:0,11:0-1:0,11:0-0:0
LsfKW67Qe_0bU4krXEkOAA,0:0-0:0,0:0-0:0,0:0-0:0,0:0-0:0,0:0-0:0,0:0-0:0,0:0-0:0
AM0NHSxMeX92OKBt0ywmSA,0:0-0:0,17:0-22:0,17:0-23:0,17:0-23:0,17:0-23:0,12:0-23:0,17:0-22:0
MQD3EvzB7C8zol6kBxBrSg,0:0-0:0,11:0-21:0,11:0-21:0,11:0-21:0,11:0-22:0,11:0-22:0,11:0-19:0
6SwdqYrQSASONmrgG4mBjA,11:0-2:0,11:0-2:0,11:0-2:0,11:0-2:0,11:0-2:0,10:0-2:0,10:0-2:0
MFuhou9rtGLGfznSzn0Mvg,0:0-0:0,7:0-15:0,7:0-15:0,7:0-15:0,7:0-15:0,7:0-15:0,7:0-15:0
JFX1lf5vxJAMzAGJV_MMjQ,7:0-0:0,7:0-0:0,7:0-0:0,7:0-0:0,7:0-0:0,8:0-0:0,9:0-0:0
wdxqWcQkS8SawOg1jaTZ4w,0:0-0:0,0:0-0:0,0:0-0:0,0:0-0:0,0:0-0:0,0:0-0:0,0:0-0:0
4QmwJBk9VPKyO2DfUeIVWg,0:0-0:0,0:0-0:0,0:0-0:0,0:0-0:0,0:0-0:0,0:0-0:0,0:0-0:0
uIuJGLPWli4dbomvANcuiQ,17:0-22:30,17:0-22:30,17:0-22:30,17:0-23:0,17:0-23:0,17:0-23:0,17:0-22:30
ZJEnjjd6gl9ZMyShAZ2PNA,11:0-21:0,11:0-21:0,11:0-21:0,11:0-21:0,11:0-21:0,11:0-21:0,11:0-21:0
CON1tC_YaTuF3fazCjEivA,10:0-23:0,10:0-23:0,10:0-23:0,10:0-23:0,10:0-23:0,10:0-23:0,10:0-23:0
ScgWjQFX6AhyejgivdFL0w,11:0-22:0,11:0-22:0,11:0-22:0,11:0-22:0,11:0-22:0,11:0-22:0,11:0-22:0
BnpuVvPy3sfLlkqKCx6Xnw,0:0-0:0,0:0-0:0,0:0-0:0,0:0-0:0,0:0-0:0,0:0-0:0,0:0-0:0
XZxJ4fG-4a3PP9VP5jvDWw,11:30-22:0,11:30-22:0,11:30-22:0,11:30-22:0,11:30-22:0,12:0-22:0,12:0-22:0
NdUuGRxEH0waBQbL6R7mmg,0:0-0:0,0:0-0:0,0:0-0:0,0:0-0:0,0:0-0:0,0:0-0:0,0:0-0:0
8-8btzuYZCqEVOPwk0YYfA,0:0-0:0,11:0-0:0,11:0-0:0,11:0-0:0,11:0-0:0,11:0-0:0,11:0-0:0
7VShkfLFDaTngFMd8fl5Rw,10:0-23:0,10:0-23:0,10:0-23:0,10:0-23:0,10:0-0:0,10:0-0:0,11:0-23:0
OMV-pNZWEh9BkoYB2KNNVA,11:0-22:0,11:0-22:0,11:0-22:0,11:0-22:0,11:0-23:0,10:0-23:0,11:0-22:0
qVpfhkHMvF9Rlwe9dqPlBg,8:0-21:0,8:0-21:0,8:0-21:0,8:0-21:0,8:0-21:0,8:0-21:0,8:0-21:0
axfGq2ooUSB9MpL1RQTmeQ,9:0-22:30,9:0-22:30,9:0-22:30,9:0-22:30,9:0-23:0,9:0-23:0,10:0-22:30
aUCJt0FluWAxkOd8s7TkWQ,10:30-1:0,10:30-1:0,10:30-1:0,10:30-1:0,10:30-1:30,10:30-1:30,10:30-1:0
1I3PnP5FSkur8AXp6izLOw,11:0-2:0,11:0-2:0,11:0-2:0,11:0-2:0,11:0-2:0,11:0-2:0,11:0-2:0
znu3EN7tDFIXmiTwKvX1Ow,11:30-23:0,17:0-23:0,11:30-23:0,11:30-23:0,11:30-23:0,13:0-22:30,16:30-22:30
8aoZuNwB2w0YmI887kky9g,9:0-17:0,9:0-17:0,9:0-17:0,9:0-17:0,9:0-17:0,9:0-17:0,9:0-17:0
lZUCbZkCpS6bvgcxAuYS5Q,10:0-23:0,10:0-23:0,10:0-23:0,10:0-23:0,10:0-23:0,10:0-23:0,10:0-23:0
tS58M3ksle_MHc_vn4VgRA,6:0-23:0,6:0-23:0,6:0-23:0,6:0-23:0,6:0-23:0,8:0-23:0,8:0-22:0
QnfAHUr5-HTiaA5-va3glQ,11:0-21:0,11:0-21:0,11:0-21:0,11:0-21:0,10:30-22:30,10:30-22:30,11:0-21:0
K2_zfa7cKbg5klHJYqoWnw,12:0-22:0,12:0-22:0,12:0-22:0,12:0-22:0,12:0-23:0,12:0-23:0,12:0-22:0
LfHUUOyJXWzUbyDrYfHHkw,6:0-21:0,6:0-21:0,6:0-21:0,6:0-21:0,6:0-21:0,6:0-21:0,7:0-20:0
BB-Ab0rwYk6aclOn9SMVmg,6:0-5:30,6:0-5:30,6:0-5:30,6:0-5:30,6:0-5:30,6:0-5:30,6:0-5:30
QzvLnOqwH6BIY_jCOvzuQQ,11:0-23:0,11:0-23:0,11:0-23:0,11:0-23:0,11:0-0:0,10:0-0:0,10:0-23:0
gA78_OGp1ekMvZWjRoBmFw,10:0-22:0,10:0-22:0,10:0-22:0,10:0-22:0,10:0-22:0,10:0-22:0,10:0-22:0
y-O3h7CV6X6P5ey1ZFcQwA,7:0-19:0,7:0-19:0,7:0-19:0,7:0-19:0,7:0-19:0,7:0-19:0,7:0-19:0
LG7-BUvDLoOZCHDjyiBQFQ,11:0-21:0,11:0-21:0,11:0-21:0,11:0-21:0,11:0-21:0,11:0-21:0,11:0-21:0
tuTAKHUm7ErDRZ2Yll8LzQ,11:30-21:0,11:30-21:0,11:30-21:0,11:30-21:0,11:30-21:0,11:30-21:0,11:30-21:0
mUVAMNN7BCQ9HGA9w_7C1g,11:0-21:0,11:0-21:0,11:0-21:0,11:0-21:0,11:0-21:0,8:0-21:0,8:0-16:0
tgXiIcCoKYfg-hm8yLxenQ,10:30-1:0,10:30-1:0,10:30-1:0,10:30-1:0,10:30-1:30,10:30-1:30,10:30-1:0
uILn9EX0WW-AHL6lV8gupA,0:0-0:0,0:0-0:0,0:0-0:0,0:0-0:0,0:0-0:0,0:0-0:0,0:0-0:0
Y6q0K1fJa0Hy1AK3y9BzIg,0:0-0:0,11:0-21:30,11:0-21:30,11:0-21:30,11:0-21:30,11:0-21:30,11:0-21:30
YF8HRRyDdEglMg9gz-tJMA,11:0-22:0,11:0-22:0,11:0-22:0,11:0-22:0,11:0-22:0,11:0-22:0,11:0-22:0
X2I47eENvYeVL6QlzAZ0wA,11:0-23:0,11:0-23:0,11:0-23:0,11:0-23:0,11:0-23:0,11:0-23:0,11:0-23:0
7fCK4G60IBr2JQGpnrR53Q,10:0-23:0,10:0-23:0,10:0-23:0,10:0-23:0,10:0-23:0,10:0-23:0,10:0-23:0
EvE23d1PSbfGWe7EA5HRBQ,11:0-22:0,11:0-22:0,11:0-22:0,11:0-22:0,11:0-22:0,11:0-22:0,11:0-21:30
kGqNxTmtKoax_jaStzAuWA,11:0-16:0,11:0-16:0,11:0-16:0,11:0-16:0,11:0-16:0,11:0-16:0,11:0-16:0
1ifkamskfIVf4LxosSwmuA,0:0-0:0,7:0-15:0,7:0-15:0,7:0-15:0,7:0-19:0,7:0-19:0,7:0-16:0
IZFODW0fifph9urOnl6pGQ,6:30-17:0,6:30-17:0,6:30-17:0,6:30-17:0,6:30-17:0,7:0-15:0,7:0-15:0
A19Qrn0IqYhmTvIAUhk2_A,11:0-21:0,11:0-21:0,11:0-21:0,11:0-21:0,11:0-21:30,11:0-21:0,11:0-21:0
FuMc84iDRyPHD8tpkME0yA,11:0-22:0,11:0-22:0,11:0-22:0,11:0-23:0,11:0-23:0,11:0-23:0,11:0-23:0
mlOFd0pHDcav5hcnbKJiXQ,0:0-0:0,10:30-15:30,10:30-21:0,10:30-21:0,10:30-21:0,12:0-15:0,12:0-18:0
F06m2yQSPHIrb1IT7heYeQ,11:0-23:0,11:0-23:0,11:0-23:0,11:0-23:0,11:0-23:0,11:0-23:0,11:0-23:0
bZhTX1b2YfydaX0mWJ9oWQ,0:0-0:0,0:0-0:0,0:0-0:0,0:0-0:0,0:0-0:0,0:0-0:0,0:0-0:0
n6AxJR-ey2_DgAJPZfEvfQ,7:0-20:0,7:0-20:0,19:0-20:0,7:0-21:0,7:0-21:0,7:0-21:0,7:0-18:0
DIVF4oo86EGupm5CC60sZg,11:0-2:0,11:0-2:0,11:0-2:0,11:0-2:0,11:0-2:0,10:0-0:0,10:0-0:0
l8SNag-Ii0YUeSGHkA3Vhw,11:0-0:0,11:0-0:0,11:0-0:0,11:0-0:0,11:0-0:0,11:0-0:0,16:30-0:0
MOB5oCEKCw3S76SsiuQjqA,8:0-21:0,8:0-21:0,8:0-21:0,8:0-21:0,9:0-21:0,9:0-21:0,9:0-15:0
5TY6bUT3bbl9aHItiIXXqw,11:0-22:0,11:0-22:0,11:0-22:0,11:0-22:0,11:0-0:0,11:0-0:0,11:0-22:0
JlpkA8yZb3K4wUkz1UJD1g,11:0-21:0,11:0-21:0,11:0-21:0,11:0-21:0,11:0-23:0,12:0-23:0,12:0-23:0
hU7z5Jtl57RIODS0hPg9Ug,0:0-0:0,0:0-0:0,0:0-0:0,0:0-0:0,0:0-0:0,0:0-0:0,0:0-0:0
GarQqqVFnqe5DjKK0JL9sQ,10:30-21:0,10:30-21:0,10:30-21:0,10:30-21:0,10:30-22:0,10:30-22:0,11:0-21:0
LeU2bXqL4bWlky4z4PPysw,11:0-2:0,11:0-2:0,11:0-2:0,11:0-2:0,11:0-2:0,11:0-2:0,11:0-2:0
D2t3yDnG-HI17YOsiiWIuw,10:30-22:30,10:30-22:30,10:30-22:30,10:30-22:30,10:30-23:0,10:30-23:0,10:30-22:30
dxeu5YQIzw0jOp1cSVkimg,17:0-2:0,17:0-2:0,17:0-2:0,17:0-2:0,17:0-3:0,17:0-3:0,17:0-2:0
H-OLwUTkdygFDS9IJGUKLA,11:0-21:0,11:0-21:0,11:0-21:0,11:0-21:0,11:0-21:30,11:0-21:30,11:0-21:0
rhyYT6qtMVxXcj9QKLiYpg,0:0-0:0,0:0-0:0,0:0-0:0,0:0-0:0,0:0-0:0,0:0-0:0,0:0-0:0
NL-ymrd7jsk4MscQRgtPJQ,5:30-0:0,5:30-0:0,5:30-0:0,5:30-0:0,0:0-0:0,0:0-0:0,0:0-0:0
U4iqELk1IiqARpk5uJJOZg,0:0-0:0,12:0-23:0,12:0-23:0,12:0-23:0,12:0-0:0,11:0-0:0,13:0-21:0
aNYunG3j5zNJ4F0dQcZMyQ,12:0-21:30,11:30-22:0,11:30-22:0,12:0-21:30,11:30-22:0,17:0-22:0,17:0-21:0
0WoQQlMXVIDEgI0xNdENKA,8:0-22:0,8:0-22:0,8:0-22:0,8:0-22:0,8:0-22:0,8:0-22:0,8:0-22:0
RrqcZLX05djKo1GVLMXMDQ,11:0-23:0,11:0-23:0,11:0-23:0,11:0-23:0,11:0-23:0,11:0-23:0,11:0-23:0
MYUQc3vflQBtBT7154Y6YA,11:0-2:0,11:0-2:0,11:0-2:0,11:0-2:0,11:0-2:0,11:0-2:0,11:0-2:0
mBPoC45aHpiqx6wp-FpE2g,4:0-3:59,4:0-3:59,4:0-3:59,4:0-3:59,4:0-3:59,4:0-3:59,4:0-3:59
Ce4d_jWB-1yDn1ayCrYn1w,10:0-23:0,10:0-23:0,10:0-23:0,10:0-0:30,9:0-2:30,9:0-2:30,9:0-23:0
npFreYuGvPtNbHo0x74zcA,6:0-19:0,6:0-19:0,6:0-19:0,6:0-18:0,6:0-19:0,6:0-19:0,6:0-19:0
Db7rYJ8iDo-oE1Ich5Vxdw,7:30-18:0,7:30-18:0,7:30-18:0,7:30-18:0,7:30-18:0,9:0-18:0,9:0-18:0
nlsibvBeSc8vfus2KuQatA,0:0-0:0,11:0-22:0,11:0-22:0,11:0-22:0,13:0-22:0,11:0-22:0,11:0-22:0
kwRWzhS3UoIIeoi7ghK6uw,7:0-17:0,6:0-19:0,6:0-19:0,6:0-19:0,6:0-19:0,5:0-18:0,8:0-17:0
E7VRsyNQWPteH6_qI4j7bw,6:0-6:0,6:0-6:0,6:0-6:0,6:0-6:0,6:0-6:0,6:0-6:0,6:0-6:0
wEcabjRpTEDBC6_XqmnPfw,10:0-0:0,10:0-0:0,10:0-0:0,10:0-0:0,10:0-2:0,10:0-2:0,10:0-18:0
7Ppgpgva-HP3o3h-xp2sWw,0:0-0:0,0:0-0:0,0:0-0:0,0:0-0:0,0:0-0:0,0:0-0:0,0:0-0:0
5RqU2YARBU69d9zK6h-fXg,0:0-0:0,0:0-0:0,0:0-0:0,0:0-0:0,0:0-0:0,0:0-0:0,0:0-0:0
i7Ssyx4l0H_CujFD4lpH2w,10:0-22:0,10:0-22:0,10:0-22:0,10:0-22:0,10:0-22:0,10:0-22:0,10:0-22:0
5wpy0z2KSF7buUtiCEquWg,11:0-0:0,11:0-0:0,11:0-0:0,11:0-0:0,11:0-1:0,11:0-1:0,11:0-0:0
7EZ4Eu7YJ1ltRCC5jXFJrQ,7:0-22:0,7:0-22:0,7:0-22:0,7:0-22:0,7:0-22:0,7:0-22:0,7:0-22:0
ErnZ6XLbX3aG9jz3OcyzLg,12:0-23:0,12:0-23:0,12:0-23:0,12:0-23:0,12:0-23:0,12:0-23:0,12:0-23:0
L6hkMaZ1tAPF4sW1WmdQLQ,6:0-22:0,6:0-22:0,6:0-22:0,6:0-22:0,6:0-22:0,7:0-22:0,7:0-21:0
MLQeuiL9rqOq_rDKGEcU0A,17:0-22:0,17:0-23:0,17:0-23:0,17:0-23:0,17:0-23:0,17:0-23:0,17:0-23:0
Pthcdg09sHQ9M9Tj5P9gfQ,16:0-1:0,11:30-1:0,11:30-2:0,11:30-2:0,11:30-2:0,11:30-16:0,16:0-1:0
qmLtSxV25iQOYUlqTAdD-Q,10:0-19:0,10:0-19:0,10:0-19:0,10:0-19:0,10:0-19:0,10:0-19:0,10:0-17:0
zYZPpOqo_2YrLJLOmjlgPQ,11:0-22:0,11:0-22:0,11:0-22:0,11:0-22:0,11:0-23:0,11:0-23:0,11:0-22:0
gOBxVkHpqtjRRxHBIrpnMA,10:45-22:0,10:45-22:0,10:45-22:0,10:45-22:0,10:45-22:0,10:45-22:0,10:45-22:0
QqesgEbz-B0mYEoEF6vBDg,8:0-22:0,8:0-22:0,8:0-22:0,8:0-0:0,8:0-0:0,10:0-0:0,10:0-22:0
Gd2OE3FIWzv5boI99bM6Iw,12:0-23:0,12:0-23:0,12:0-23:0,12:0-23:0,12:0-23:0,12:0-23:0,12:0-23:0
8PZGCtgG5MZKvz9i3B9gCA,11:0-22:0,11:0-22:0,11:0-22:0,11:0-22:0,11:0-22:0,11:30-22:0,11:30-22:0
cdRcqdqA4CH6DZk2CIRKwQ,6:0-23:0,6:0-23:0,6:0-23:0,6:0-23:0,6:0-0:0,6:0-0:0,6:0-23:0
16b6StEXMkT0DXn5zcVshw,11:0-23:0,11:0-23:0,11:0-23:0,11:0-23:0,11:0-23:0,11:0-23:0,11:0-23:0
i78im_1r1ZQbwqLjVxZxpg,7:0-21:0,7:0-21:0,7:0-21:0,7:0-21:0,7:0-21:0,8:0-21:0,8:0-21:0
WM33kyvA8XfiL8lk2I2vcA,0:0-0:0,0:0-0:0,0:0-0:0,0:0-0:0,0:0-0:0,0:0-0:0,0:0-0:0
Kx-ENvzuh8HB-W_xbT5jrg,0:0-0:0,9:0-21:0,7:0-16:0,9:0-21:0,9:0-21:0,11:0-20:0,11:0-19:0
R2ngkZC6KtJwRK_fmJk4WA,15:0-0:0,16:0-0:0,16:0-0:0,16:0-0:0,15:0-0:0,11:0-0:0,11:0-0:0
p82Oz-NOHn-MAZQ0jQBkNg,11:30-22:0,11:30-22:0,11:30-22:0,11:30-22:0,11:30-22:30,11:30-22:30,0:0-22:0
W1Lw4Hxg7iRab9tJm8ZItQ,10:0-22:30,10:0-22:30,10:0-22:30,10:0-22:30,10:0-23:0,10:0-23:0,10:0-22:30
sBRt5i-9MzlnEoTwvdlBrA,11:30-22:0,11:30-22:0,11:30-22:0,11:30-22:0,11:30-23:0,13:0-23:0,14:30-22:0
Fb4n3CDCn0pdSUz9FO7kDw,11:0-22:0,11:0-22:0,11:0-22:0,11:0-22:0,11:0-22:0,11:0-22:0,11:0-22:0
ZDvS8DtnkYa8jY703MflEw,0:0-0:0,0:0-0:0,0:0-0:0,0:0-0:0,0:0-0:0,0:0-0:0,0:0-0:0
lDkKSL4AT2faZwClvCvLnw,7:0-21:30,7:0-21:30,7:0-21:30,7:0-21:30,7:0-21:30,7:0-21:30,7:0-21:30
5fpXjlC71y_mKORnPdX5zA,9:0-9:0,9:0-9:0,9:0-9:0,9:0-9:0,9:0-9:0,9:0-9:0,9:0-9:0
szhJLmdLDVFTevm8fu0T4A,11:0-23:0,11:0-23:0,11:0-23:0,11:0-23:0,11:0-0:0,10:0-23:0,9:0-23:0
mQuDZwxxPe54MY4TT8lEPQ,17:0-2:0,17:0-2:0,17:0-2:0,17:0-2:0,17:0-2:0,17:0-2:0,17:0-2:0
BYp4NUxpwXCsTAoEmksLxA,17:0-22:0,17:0-22:0,17:0-22:0,17:0-22:0,17:0-23:0,17:0-23:0,17:0-22:0
CzwowIhuiBfW9O0MqUJhKA,12:0-23:0,12:0-23:0,12:0-23:0,12:0-23:0,12:0-23:30,12:0-23:30,12:0-23:0
5FVTSx9CIzvA3i3AOVaj8g,8:30-13:0,7:0-20:0,7:0-20:0,7:0-20:0,8:30-17:30,8:0-19:0,9:0-18:0
YiqMMUXr3GwswdVnlgGUKg,11:30-23:0,11:30-23:0,11:30-23:0,11:30-23:30,11:30-1:0,11:30-1:0,11:30-23:0
SHa-NH7EDrm61v5nKvVsNg,11:30-21:0,11:30-21:0,11:30-21:0,11:30-22:0,11:30-22:0,11:30-22:0,17:0-21:0
IUacTdoWEWEODMVFlUOOlw,6:0-23:0,6:0-23:0,6:0-23:0,6:0-23:0,6:0-0:0,6:0-0:0,7:0-23:0
ZdaZwXC0FByDY3EwNELphw,18:0-22:0,18:0-22:0,18:0-22:0,18:0-23:0,18:0-23:0,18:0-23:0,18:0-22:0
xSZQa9ez44TJ0tiVHSY1Mw,7:0-22:0,7:0-22:0,7:0-22:0,7:0-22:0,7:0-22:0,7:0-3:0,7:0-22:0
zsgvTFimYf4stONAJOyePw,11:0-2:0,11:0-2:0,11:0-2:0,11:0-3:0,11:0-3:0,11:0-3:0,11:0-2:0
xfWdUmrz2ha3rcigyITV0g,11:0-0:0,11:0-0:0,11:0-0:0,11:0-0:0,11:0-2:0,11:0-2:0,11:0-0:0
awI4hHMfa7H0Xf0-ChU5hg,0:0-0:0,0:0-0:0,0:0-0:0,0:0-0:0,0:0-0:0,0:0-0:0,0:0-0:0
FqXwm6UpihHY7Ha-pr4y6Q,11:0-22:0,11:0-22:0,11:0-22:0,11:0-22:0,11:0-22:0,12:0-22:0,12:0-22:0
i--dxuKd_6Dx7mwgQ5nl-g,10:0-15:0,10:0-21:0,10:0-21:0,10:0-21:0,10:0-21:0,9:30-21:0,9:30-15:0
3utUsvqVVbTuz8AdSxXOyQ,8:30-19:30,8:30-19:30,8:30-19:30,8:30-19:30,8:30-19:30,9:0-18:30,10:0-17:30
WCFz9KVJTtIXSVvD5NMYoQ,11:30-23:0,11:30-23:0,11:30-23:0,11:30-23:0,11:30-23:30,11:30-23:30,11:30-22:30
ufwkkMd9yr9cFU1R5ONArg,9:0-17:0,9:0-17:0,9:0-17:0,9:0-17:0,9:0-17:0,8:0-17:0,8:0-17:0
k1luUes-twOcLWEMzpLZ_w,11:0-1:0,11:0-1:0,11:0-1:0,11:0-4:0,11:0-4:0,11:0-4:0,12:0-0:0
_Xzz-PChcdJ1862CK6dRyw,0:0-0:0,7:30-15:0,7:30-15:0,7:30-15:0,7:30-15:0,8:0-15:0,8:0-15:0
_O2_jwNT_3FDaSRZ50jvrw,0:0-0:0,7:0-14:0,7:0-14:0,7:0-14:0,7:0-14:0,7:0-14:0,7:0-14:0
BaVtTt9pBoI8rrN35tsj_g,11:0-22:0,11:0-22:0,11:0-22:0,11:0-22:0,11:0-23:0,11:0-23:0,11:0-22:0
khOsPUxJuf5R3cmgiZnk6g,13:0-23:0,13:0-23:0,13:0-23:0,13:0-23:0,13:0-0:0,13:0-0:0,13:0-23:0
1JF9TbJ2d5hH8xsQvvklHg,7:0-16:0,7:0-16:0,7:0-16:0,7:0-16:0,7:0-16:0,7:0-16:0,8:0-14:0
OIdOJaNS8M624F58XGV3PQ,11:30-22:0,11:30-22:0,11:30-22:0,11:30-22:0,11:30-23:0,11:30-23:0,11:30-22:0
vlT0hItbmwjAMQsExUcymg,12:0-23:0,12:0-23:0,12:0-23:0,12:0-23:0,12:0-0:0,12:0-0:0,14:0-23:0
o6s39LHk5pxz9KM9ySgHjA,0:0-0:0,0:0-0:0,0:0-0:0,0:0-0:0,0:0-0:0,0:0-0:0,0:0-0:0
kM91Woq__EKVzLjo4dOTaw,11:30-22:0,11:30-22:0,11:30-22:0,11:30-22:0,11:30-23:0,11:30-23:0,12:0-22:0
9NwXHbKyJOhX9nxjRi0AcQ,10:0-1:45,10:0-1:45,10:0-1:45,10:0-1:45,10:0-1:45,10:0-1:45,10:0-1:45
ro82qYK_AETB8wNGA5Xdzw,17:30-22:0,17:30-22:0,17:30-22:0,17:30-23:0,17:30-23:0,17:30-23:0,17:30-22:0
vsafIOqyblej4784tqbUhQ,10:0-22:0,10:0-22:0,10:0-22:0,10:0-22:0,10:0-23:0,10:0-23:0,10:0-22:0
EiEaPRsi2AW3j3xraIssrA,8:30-3:0,8:30-14:0,8:30-23:0,8:30-23:0,8:30-23:0,8:30-23:0,8:30-23:0
G-5kEa6E6PD5fkBRuA7k9Q,17:0-22:45,17:0-23:0,17:0-23:0,17:0-23:0,17:0-22:45,17:0-22:45,15:30-21:30
yNPh5SO-7wr8HPpVCDPbXQ,0:0-0:0,11:0-21:0,11:0-21:0,11:0-21:0,11:0-22:0,12:0-22:0,12:0-21:0
7Q2cYSl5NBYytJzgjX0oKw,11:0-2:0,11:0-2:0,11:0-2:0,11:0-2:0,11:0-2:0,11:0-2:0,11:0-2:0
o01ztaNP08Dq8DJImuovcw,9:0-21:30,9:0-21:30,9:0-21:30,9:0-21:30,9:0-21:30,9:0-21:30,9:0-21:30
wy6pYrWtiGrktOpUmsvCHQ,10:0-23:0,10:0-23:0,10:0-23:0,10:0-23:0,10:0-0:0,10:0-0:0,10:0-23:0
6hkHrWb82XfJdZ-SJmCKCg,9:0-22:30,9:0-22:30,9:0-22:30,9:0-22:30,9:0-22:30,9:0-22:30,9:0-22:30
v9lgBpntXoaJJxEwuadBsQ,6:0-21:0,6:0-21:0,6:0-21:0,6:0-21:0,6:0-21:0,9:0-21:0,7:0-21:0
Q_dh08clYUPj13GmCRzIVA,0:0-0:0,10:0-20:0,10:0-20:0,10:0-20:0,10:0-20:0,10:0-20:0,10:0-20:0
3Qe4M3JNs7yIRXP13g-NYA,0:0-0:0,0:0-0:0,0:0-0:0,0:0-0:0,0:0-0:0,0:0-0:0,0:0-0:0
fXUJ9d5R6kNXrnAouByB6g,8:0-20:0,8:0-20:0,8:0-20:0,8:0-20:0,8:0-20:0,8:0-20:0,8:0-18:0
mfnmy_M3D5ElkgJD_TxoCA,12:0-22:0,12:0-22:0,12:0-22:0,12:0-22:0,12:0-23:0,12:0-23:0,12:0-22:0
TEaBolNAkOdRm2gvIYz4OQ,10:30-22:30,10:30-22:30,10:30-22:30,10:30-22:30,10:30-23:0,10:30-23:0,10:30-22:30
jo4KmAqlZ7vxjHIP7IIkAw,11:30-22:0,11:30-22:0,11:30-23:0,11:30-23:0,11:30-23:0,10:0-23:0,10:0-22:0
CvQf21Vfm3RD6L5iHZojCw,11:30-22:30,11:30-22:30,11:30-22:30,11:30-22:30,11:30-23:0,11:30-23:0,11:30-22:30
yAXWKWRTs4wNy-zrJgoeXQ,7:0-22:0,7:0-22:0,7:0-22:0,7:0-22:0,7:0-22:0,7:0-22:0,7:0-22:0
UhP-yXtTi8HsQ6_7aQ7UlA,6:0-23:0,6:0-23:0,6:0-23:0,6:0-23:0,6:0-23:0,6:0-23:0,6:0-22:0
XcDdBiRTD1XEJPTJ2Uphjw,0:0-0:0,0:0-0:0,0:0-0:0,0:0-0:0,0:0-0:0,0:0-0:0,0:0-0:0
lEgKurgXzZaMpExXtvBY7w,10:0-20:0,10:0-20:0,10:0-20:0,10:0-20:0,10:0-20:0,10:0-20:0,10:0-20:0
r49iBfbnfoK7yt4rdsL_7g,11:30-22:30,11:30-22:30,11:30-22:30,11:30-22:30,11:30-22:30,11:30-22:30,11:30-22:30
NiQ_3tXqkoe6GaQ5w2sHaQ,6:0-1:0,6:0-1:0,6:0-1:0,6:0-1:0,6:0-1:0,6:0-1:0,6:0-1:0
DAqAinEAZkyouNaeZD0OxA,11:0-22:0,11:0-22:0,11:0-22:0,11:0-22:0,11:0-23:0,10:0-23:0,11:0-22:0
bbLmWFHAr-dCR8KHVla8aQ,11:0-2:0,11:0-2:0,11:0-2:0,11:0-3:0,11:0-3:0,11:0-3:0,11:0-2:0
TNjlLA1DdH75TX_J_XQSRw,0:0-0:0,10:30-21:30,10:30-21:30,10:30-17:30,10:30-21:30,10:30-21:30,10:30-17:0
ys9-GszQ96Mkk07krgKtkw,11:30-21:0,11:30-21:0,11:30-21:0,11:30-21:0,11:30-21:0,11:30-21:0,11:30-21:0
I_DEYAFFpAZA0cd4ogza3A,17:0-23:0,17:0-23:0,17:0-23:0,17:0-23:0,17:0-0:0,17:0-0:0,17:0-23:0
-Tpo5r3kF_z4iilx8JXhvA,11:0-22:0,11:0-22:0,11:0-22:0,11:0-22:0,11:0-22:0,11:0-22:0,11:0-22:0
c5TOGBUCCUUNBPM7h_KbmQ,6:0-23:0,6:0-23:0,6:0-23:0,6:0-23:0,6:0-23:0,6:0-23:0,6:0-23:0
ibf4xvHWD4t1DOOZhidHBg,0:0-0:0,11:0-0:0,11:0-0:0,11:0-1:0,11:0-2:0,11:0-2:0,11:0-22:0
CM7IDKFxV6p5FdptjXsr8A,11:0-1:0,11:0-1:0,11:0-1:0,11:0-1:0,11:0-2:0,11:0-2:0,11:0-0:0
5aeOewSy4RiI8sLLWpeNGA,10:0-22:0,10:0-22:0,10:0-22:0,10:0-22:0,10:0-22:0,10:0-22:0,10:0-22:0
uWTMa1_JDJRHE7TAKmw3ZA,10:0-23:0,10:0-23:0,10:0-23:0,10:0-23:0,10:0-23:0,10:0-23:0,10:0-23:0
Dgzrb9DTWozUcYOe4L9_FQ,17:0-2:0,11:30-2:0,11:30-2:0,11:30-2:0,11:30-2:0,11:0-16:0,11:0-2:0
Ehy00JWQixgoXzisVKhvag,11:30-22:0,11:30-22:0,11:30-22:0,11:30-22:0,11:30-23:0,11:30-23:0,11:30-22:0
tHwNWbjsgIedLw0FLmBHyg,16:0-23:0,16:0-23:0,16:0-23:0,16:0-23:0,11:0-1:0,11:0-1:0,11:0-23:0
vkvxUYIrwIV3r5o4dFF5Mg,7:0-14:30,7:0-14:30,7:0-14:30,7:0-14:30,7:0-14:30,7:0-14:30,7:0-14:30
94BEy7wGKmrOC7sjSHMisw,0:0-0:0,0:0-0:0,0:0-0:0,0:0-0:0,0:0-0:0,0:0-0:0,0:0-0:0
50-xiTYmE6NERi-yJ6NvHw,17:0-22:0,17:0-22:0,17:0-22:0,17:0-22:30,17:0-22:30,17:0-22:30,17:0-21:0
edtm5kawvrtzE-siZw1_4A,10:0-0:0,10:0-0:0,10:0-0:0,10:0-0:0,10:0-2:0,10:0-2:0,10:0-0:0
2SHu52w_w4Z4ACq-vx3a-Q,11:0-22:0,11:0-22:0,11:0-22:0,11:0-22:0,11:0-23:0,11:0-23:0,11:0-22:0
FbpAg7_qZ6gUpcPLvFyZRw,11:0-0:0,11:0-0:0,11:0-0:0,11:0-0:0,11:0-0:0,11:0-0:0,11:0-0:0
9Xsjz292QEFVff_p03qsZQ,0:0-0:0,10:0-21:0,10:0-21:0,10:0-21:0,10:0-22:0,10:0-22:0,10:0-18:0
jXL1Mfygf36id0hJytcsqg,11:0-23:0,11:0-23:0,11:0-23:0,11:0-23:0,11:0-0:0,10:0-0:0,10:0-23:0
CjfsFcNnV62PWWFq7-ZLgg,11:0-0:0,11:0-0:0,11:0-0:0,11:0-0:0,11:0-0:0,12:0-0:0,12:0-0:0
QnTuluWsuNb3aYCl-J9HVQ,0:0-0:0,0:0-0:0,0:0-0:0,0:0-0:0,0:0-0:0,0:0-0:0,0:0-0:0
sCPNcNxYuTnTdlAZohMyQg,11:30-23:0,11:30-23:0,11:30-23:0,11:30-23:0,11:30-23:0,11:30-23:0,11:30-23:0
iPM8BXV6vEVEci8ttsOObQ,0:0-0:0,10:0-22:0,10:0-22:0,10:0-22:0,10:0-22:0,10:0-22:0,10:0-17:0
8wFiWvlfOVt1zvAvsoLw2g,6:0-22:0,6:0-22:0,6:0-22:0,6:0-22:0,6:0-22:0,6:0-22:0,6:0-22:0
ortVZ6ZUTK7CR41B7AwtXQ,10:30-23:0,10:30-23:0,10:30-23:0,10:30-23:0,10:30-23:0,10:30-23:0,10:30-23:0
DYuOxkW4DtlJsTHdxdXSlg,11:0-0:0,11:0-0:0,11:0-23:0,11:0-23:0,11:0-0:0,11:0-0:0,11:0-0:0
p80K-OLjJYpIFWu9Ll5fyA,7:0-21:0,7:0-20:0,5:30-23:0,5:30-23:0,5:30-23:0,6:0-22:30,6:30-21:30
mUGDDv2j1qIzbh1JsAoBGQ,11:0-22:0,11:0-22:0,11:0-22:0,11:0-22:0,11:0-22:30,11:0-22:30,11:0-22:0
ddodJ1uDbZsPE-aPJcu3Cg,11:0-23:0,11:0-23:0,11:0-23:0,11:0-23:0,11:0-23:0,11:0-23:0,11:0-23:0
lQpxpk_ZFJ_ZtYNYhJQv8Q,11:0-21:0,11:0-21:0,11:0-21:0,11:0-21:0,11:0-21:0,11:0-21:0,11:0-21:0
W6Do-RqSULOil1LtZ6XwxA,9:0-21:0,9:0-21:0,9:0-21:0,9:0-21:0,9:0-21:0,9:0-21:0,9:0-19:0
9ULcHyUTN1O16Vr8KUMQew,11:0-21:0,11:0-21:0,11:0-21:0,11:0-21:0,11:0-21:30,11:0-21:30,11:0-21:0
oMgDbkk0hlPYFUmwAOVjgQ,7:0-21:30,7:0-21:30,7:0-21:30,7:0-21:30,7:0-21:30,7:0-21:30,7:0-21:30
8jHr3atzErzItizENMkpzQ,6:0-0:0,6:0-0:0,6:0-0:0,6:0-0:0,6:0-0:0,7:0-0:0,7:0-0:0
kgw8nBO9ZMRhukfnJd6bxg,0:0-0:0,11:0-22:0,11:0-22:0,11:0-22:0,11:0-23:0,11:0-23:0,11:0-22:0
uD7ninjOe7UxI_7-JVQ3dg,8:0-22:0,8:0-22:0,8:0-22:0,8:0-22:0,8:0-23:0,8:0-23:0,8:0-22:0
rzE7XHS7KKGVa5yItYeWuw,11:0-20:0,11:0-20:0,11:0-21:0,11:0-21:0,11:0-21:0,11:0-21:0,11:0-21:0
fzxvmA3Ygu3yrQQ6-cEpTw,0:0-0:0,16:0-21:0,16:0-21:0,16:0-21:0,16:0-22:0,16:0-22:0,16:0-21:0
aPAljlYaHdDDKZngS5I2UQ,11:0-22:0,11:0-22:0,11:0-22:0,11:0-22:0,11:0-23:0,11:0-23:0,11:0-22:0
mLpemaBq4Au6yOxv61Jovw,8:30-20:30,8:30-20:30,8:30-20:30,8:30-20:30,8:30-20:30,9:0-20:30,9:0-20:30
-oUM2uISux96lMGeawHIOA,10:0-11:0,10:0-11:0,10:0-11:0,10:0-11:0,9:0-0:0,9:0-0:0,9:0-23:0
3CBLxydJU6CFRMGhu9b-sw,0:0-0:0,11:0-1:0,11:0-1:0,11:0-1:0,11:0-2:0,11:0-2:0,11:0-1:0
M3VcPBiMvhsEJSGUHvXu2w,11:0-22:0,11:0-22:0,11:0-22:0,11:0-22:0,11:0-22:0,11:0-22:0,11:0-22:0
MQsccAhTxdd2Y5JBKjrT9w,9:0-21:0,9:0-21:0,9:0-21:0,9:0-21:0,8:0-21:0,8:0-21:0,8:0-20:0
X5e3xIixJUN3OMagh0_oLQ,11:0-15:0,11:0-22:0,11:0-22:0,11:0-22:0,11:0-22:0,14:0-22:0,16:0-22:0
XkvqT4fdp-hNQPAbee6_iA,6:30-20:0,6:30-20:0,6:30-20:0,6:30-20:0,6:30-20:0,7:0-19:0,7:0-19:0
0Yh6U06nGLjAMwCw6l9-DA,12:0-2:0,12:0-2:0,12:0-2:0,12:0-2:0,12:0-2:0,12:0-2:0,12:0-2:0
NeDqVEiin0q-FxCvOKiERw,0:0-0:0,11:0-21:0,11:0-21:0,11:0-21:0,11:0-22:0,11:0-22:0,11:0-20:0
j0GIt0EpmpWqms5WbPl5Bw,11:0-2:0,11:0-2:0,11:0-2:0,11:0-2:0,11:0-2:0,10:0-2:0,10:0-2:0
LvNQkpggm72kJUTzO0juWQ,11:0-22:0,8:0-22:0,8:0-22:0,8:0-22:0,8:0-22:0,9:0-22:0,7:45-16:0
EfAqol3tWckyNrBMIooJmg,11:0-2:0,11:0-2:0,11:0-2:0,11:0-2:0,11:0-4:0,11:0-4:0,11:0-3:0
np8wj1g3cgCoIcJ26zozpA,11:0-22:0,11:0-22:0,11:0-22:0,11:0-22:0,11:0-22:0,9:0-23:0,9:0-22:0
Z6E2Syzo_IYLIGpI5tSpRg,10:0-21:30,10:0-21:30,10:0-21:30,10:0-21:30,10:0-21:30,10:0-21:30,10:0-21:30
XivdTqw1u86uIUvUtN8hAw,11:30-23:0,11:30-23:0,11:30-23:0,11:30-23:0,11:30-23:0,11:30-23:0,11:30-23:0
vhKUBKcOm8zOLxeS3XM9iA,11:0-22:0,11:0-22:0,11:0-22:0,11:0-22:0,11:0-22:0,11:0-22:0,11:0-22:0
fRu_POqPowUo6nHSRMjOPw,17:0-22:45,17:0-22:45,17:0-22:45,17:0-23:45,17:0-22:45,17:0-22:45,17:0-22:45
eSSr6I0nt-IZrkq4RgrUbA,11:30-21:30,11:0-22:0,11:0-22:0,11:0-22:0,11:0-22:0,12:0-22:0,12:0-21:30
02Ycww2etUAxorZb5gIM8Q,8:0-16:0,8:0-14:0,7:0-21:0,7:0-21:0,7:0-21:0,7:0-21:0,7:0-18:0
Do4n_yK_K6DmR9_Es5qwlA,0:0-0:0,0:0-0:0,0:0-0:0,0:0-0:0,0:0-0:0,0:0-0:0,0:0-0:0
5PaCXc5dW2im69n-ByZ1FQ,11:0-0:0,11:0-0:0,11:0-0:0,11:0-1:0,11:0-2:0,11:0-2:0,11:0-0:0
IiG1_hV_TyQgLzh2j8Zncg,0:0-0:0,18:0-22:0,18:0-22:0,18:0-22:0,17:0-21:0,17:0-22:0,17:0-22:0
l2KV-9-dkrvhZF6lNrPpCw,11:0-3:0,11:0-3:0,11:0-3:0,11:0-4:0,11:0-4:0,11:0-4:0,11:0-3:0
-ZpPd7bY9ra553VoxXvYHw,11:0-1:0,11:0-1:0,11:0-1:0,11:0-1:0,11:0-3:0,12:0-3:0,12:0-3:0
53BSdnhzcCBfBH_6TgX63Q,10:30-23:0,10:30-23:0,10:30-23:0,10:30-23:0,10:30-2:0,10:30-2:0,10:30-23:0
ug_NBv4W_5fZf3hi2h2U_w,8:0-2:0,8:0-2:0,8:0-2:0,8:0-2:0,8:0-2:0,9:0-0:30,9:0-0:30
INJ-1LC57mpAsNspyb3CfA,11:0-1:0,11:0-1:0,11:0-1:0,11:0-1:0,11:0-2:0,11:0-2:0,11:0-1:0
RdOz1AUEYmt_2hJm4A_YFQ,7:0-23:0,7:0-23:0,7:0-23:0,7:0-23:0,7:0-23:0,7:0-23:0,7:0-23:0
RtDEwPI69XidCCklUtSLQA,11:30-22:30,11:30-22:30,11:30-22:30,11:30-22:30,11:30-23:30,11:30-23:30,11:30-22:30
LPsbCMNL1GDQ4dRek8e8dA,8:0-21:0,8:0-21:0,8:0-21:0,8:0-21:0,8:0-21:0,9:30-19:0,11:0-17:0
sCo8DEQfbc8_xWzg2kmvIA,12:30-0:0,12:30-0:0,12:30-0:0,12:30-0:0,12:30-0:0,12:30-0:0,12:30-0:0
5OqrwhtZ3mcmUSwLINZTWQ,17:30-22:30,17:30-22:30,17:30-22:30,17:30-22:30,17:30-22:30,17:30-22:30,17:30-22:30
bHnHcNkORD898OpPq4L5vA,12:0-0:0,12:0-0:0,12:0-0:0,12:0-0:0,12:0-0:0,12:0-0:0,12:0-0:0
7dHYudt6OOIjiaxkSvv3lQ,10:30-1:0,10:30-1:0,10:30-1:0,10:30-1:0,10:30-1:30,10:30-1:30,10:30-1:0
vUYz-JgVTAtUGUbQuF7czw,0:0-0:0,0:0-0:0,0:0-0:0,0:0-0:0,0:0-0:0,0:0-0:0,0:0-0:0
p64mw9sYIPtazkwXK8yhWw,10:0-0:0,10:0-0:0,10:0-0:0,10:0-0:0,10:0-1:30,10:0-1:30,11:0-0:0
5f13F6HZgLoARSdXECfLAw,11:30-22:0,11:30-22:0,11:30-22:0,11:30-22:0,11:30-23:0,11:30-23:0,11:30-22:0
zx_j6OuuHHa2afVoAZuLpA,0:0-0:0,13:0-22:0,13:0-22:0,13:0-22:0,13:0-22:0,13:0-22:0,13:0-22:0
AVA3AwMEHfLY9anV3WgDXA,10:0-23:0,10:0-23:0,10:0-23:0,10:0-23:0,10:0-23:0,10:0-23:0,10:0-23:0
R39q-GVgLaEIh2Ce8PQGDQ,11:0-13:0,11:0-13:0,11:0-13:0,11:0-13:0,11:0-14:0,11:0-14:0,11:0-0:0
N93EYZy9R0sdlEvubu94ig,11:0-22:0,11:0-22:0,11:0-22:0,11:0-22:0,11:0-22:0,11:0-21:0,12:0-19:0
EqNtK4J5CHYQee-qX-WxRQ,11:0-0:0,11:0-0:0,11:0-0:0,11:0-0:0,11:0-0:0,11:0-0:0,11:0-0:0
wYHSMUo2u125Pdv1h7F9VA,10:0-21:0,10:0-21:0,10:0-21:0,10:0-21:0,10:0-21:0,9:30-19:0,11:0-18:0
Ovf_Mj2t8rznC3-FeRHWdA,7:30-15:0,7:30-15:0,7:30-15:0,7:30-15:0,7:30-15:0,7:30-15:0,7:30-15:0
Rt_M67qJU8x4QGhdYwnkAQ,10:0-1:30,10:0-1:30,10:0-1:30,10:0-1:30,10:0-2:30,10:0-2:30,10:0-1:30
iXV2kGGyXJlKM8JKek-HNg,0:0-0:0,16:0-22:0,16:0-22:0,16:0-22:0,16:0-2:0,17:0-2:0,9:0-15:0
Z4UQlerXfBH8jv6XcFLeEA,9:30-13:0,9:0-17:0,9:0-17:0,9:0-17:0,17:0-20:0,17:0-20:0,8:30-14:0
jdAdf7keZac1idbgNKG2pw,0:0-0:0,0:0-0:0,0:0-0:0,0:0-0:0,0:0-0:0,0:0-0:0,0:0-0:0
1yAUftiOsCEkZ4B1UsdxRQ,17:0-22:30,17:0-22:30,17:0-22:30,11:30-22:30,11:30-23:0,17:0-23:0,11:0-14:0
k-771ytdXmdz7xvqyemI2Q,6:0-22:0,6:0-22:0,6:0-22:0,6:0-22:0,6:0-22:0,6:0-22:0,7:0-22:0
UtWd3LMEktL51UJyUwYwjA,7:0-16:0,7:0-16:0,7:0-16:0,7:0-16:0,7:0-16:0,7:0-16:0,6:30-15:0
T6mV9V8sfyW3Wj5tsKgabw,7:30-23:30,7:30-23:30,7:30-23:30,7:30-23:30,7:30-23:30,7:30-23:30,7:30-23:30
jSu2A7DibDjmUd3wUt6fPg,10:0-4:0,10:0-4:0,10:0-4:0,10:0-4:0,10:0-4:0,10:0-4:0,10:0-4:0
VyVIneSU7XAWgMBllI6LnQ,11:0-21:0,11:0-22:0,11:0-22:0,11:0-22:0,11:0-22:0,11:0-22:0,11:0-22:0
ixGb4NLfgD90wZHlw94rLw,11:0-22:0,11:0-22:0,11:0-22:0,11:0-22:0,11:0-23:0,12:0-23:0,12:0-22:0
W1Vn2G1disKO52jHARIZMA,11:0-22:0,11:0-22:0,11:0-22:0,11:0-22:0,11:0-23:0,11:0-23:0,11:0-22:0
PJYjYb7oKtSwpE613W44bg,0:0-0:0,0:0-0:0,0:0-0:0,0:0-0:0,0:0-0:0,0:0-0:0,0:0-0:0
fF5b2RZlpV-RrL1dFKqUng,11:30-22:30,11:30-22:30,11:30-22:30,11:30-22:30,11:30-22:30,11:30-22:30,11:30-22:30
BWWzh28StP6hkMm5L4nCAQ,11:0-23:0,11:0-23:0,11:0-23:0,11:0-23:0,11:0-23:0,11:0-23:0,12:0-22:0
cQNGkOyCvnIqs78vO8SGJQ,17:30-23:0,17:30-23:0,17:30-23:0,17:30-23:0,17:0-23:0,17:0-23:0,17:30-23:0
2lmM-jzCA4rOWuvo2fKBPQ,0:0-0:0,0:0-0:0,0:0-0:0,0:0-0:0,0:0-0:0,0:0-0:0,0:0-0:0
ak-f8IV0ZdDeI4oYnjA1Pw,7:0-0:0,7:0-0:0,7:0-0:0,7:0-0:0,7:0-0:0,7:0-0:0,7:0-0:0
REbr-5VuKm9yGFWstjuceg,11:0-21:0,11:0-21:0,11:0-21:0,11:0-21:0,11:0-21:0,11:0-21:0,11:0-21:0
F6ScBoyzVPhuvyJUUdUZ9Q,11:0-2:0,11:0-2:0,11:0-2:0,11:0-2:0,11:0-2:0,11:0-2:0,11:0-2:0
SEG56Wws3Wb2AXyz-eohlQ,15:0-1:0,15:0-1:0,15:0-1:0,15:0-1:0,15:0-1:0,15:0-1:0,16:0-0:0
R_LcZEX_Ua4JnC3CFg_ZmQ,0:0-0:0,0:0-0:0,0:0-0:0,0:0-0:0,0:0-0:0,0:0-0:0,0:0-0:0
WOz66UuVsfc2K9GxzfDnGg,10:0-21:0,9:0-21:0,9:0-21:0,9:0-21:0,9:0-21:0,9:0-21:0,9:0-20:0
UrhPr4uPoqKrYVANaroqgg,7:0-0:0,7:0-0:0,7:0-0:0,7:0-0:0,7:0-1:0,7:0-0:0,7:0-0:0
KxHDiCOhHWQu_VOw8DMfJA,16:0-2:0,16:0-2:0,16:0-2:0,16:0-2:0,16:0-2:0,16:0-2:0,12:0-2:0
2_jWcWOew5DA6wR7_eH36Q,11:0-20:0,11:0-20:0,11:0-20:0,11:0-20:0,11:0-21:0,11:0-20:0,11:0-20:0
YmIYjZGnuZzqVPkFBF4Omw,11:0-0:0,11:0-0:0,11:0-0:0,11:0-0:0,11:0-2:0,11:0-2:0,11:0-0:0
aYZq1sV8iQeHZfj_MB2Twg,9:0-21:0,9:0-21:0,9:0-21:0,9:0-21:0,9:0-21:0,10:0-20:0,10:0-20:0
bl0GSLa6DvLXCvhAw5DVUg,11:0-20:0,11:0-20:0,11:0-20:0,11:0-20:0,11:0-20:0,11:0-20:0,12:0-18:0
i1bwc_MLGgOIJ8S0r2uu2w,6:0-21:0,6:0-21:0,6:0-21:0,6:0-21:0,6:0-21:0,7:0-21:0,7:0-21:0
gHd7b3NTvD3IBbOEhPERwA,11:30-22:0,11:30-22:0,11:30-22:0,11:30-22:0,11:30-22:0,11:30-22:0,11:0-21:30
wpUMNpJ51-ikkZQoIfkyjA,17:0-2:0,17:0-2:0,17:0-2:0,17:0-2:0,16:0-2:0,16:0-2:0,16:0-2:0
k1c_bC3DK6mKg797vH1T8w,17:0-22:0,17:0-22:0,17:0-22:0,17:0-22:0,17:0-22:0,17:0-22:0,17:0-21:0
m_KxjrHzcVgYgtiPlmqFYA,0:0-0:0,8:30-20:30,8:30-20:30,8:30-20:30,8:30-21:0,8:30-21:0,11:0-18:0
wKI0q-WkPi0N3Mk_T3frmQ,10:0-22:0,10:0-22:0,10:0-22:0,10:0-22:0,10:0-0:0,10:0-0:0,10:0-22:0
h6neYN7OZVt9_ok2bAx6BA,0:0-0:0,0:0-0:0,0:0-0:0,0:0-0:0,0:0-0:0,0:0-0:0,0:0-0:0
dp6Cb_S8uCzZK_h5tpq_Kg,13:0-22:0,13:0-22:0,13:0-22:0,13:0-22:0,13:0-22:0,13:0-22:0,13:0-22:0
iMK_sepebKBMfv4TDc-ifw,16:30-22:30,16:30-22:30,16:30-22:30,16:30-22:30,16:30-22:30,16:30-22:30,16:30-22:30
Trbt0Ex85yvwT8DHoEFCvg,7:30-23:30,7:30-23:30,7:30-23:30,7:30-23:30,7:30-23:30,7:30-23:30,7:30-23:30
qvQ-i1HgSloSJLkGnXsfhw,11:0-22:0,11:0-22:0,11:0-22:0,11:0-22:0,11:0-23:0,11:0-23:0,11:0-22:0
T3eygkCPKat4TMyWIKLtGg,11:0-22:0,11:0-22:0,11:0-22:0,11:0-22:0,11:0-22:0,11:0-22:0,11:0-22:0
uRhytgGI6IcMQRZ7wi-XrA,16:0-21:0,16:0-21:0,16:0-21:0,16:0-21:0,16:0-21:0,10:0-21:0,10:0-21:0
NPvkRgy3A0Elgx8IaMWIPQ,0:0-0:0,8:0-21:0,8:0-21:0,7:0-21:0,8:0-21:0,7:0-21:0,8:0-21:0
y7l6oqnwy5gd54OEjwlXDg,0:0-0:0,0:0-0:0,0:0-0:0,0:0-0:0,0:0-0:0,0:0-0:0,0:0-0:0
I_3P0ns6_3najPBxn629nw,9:0-20:30,9:0-20:30,9:0-20:30,9:0-21:0,9:0-21:0,10:0-20:30,10:0-18:0
41WfL6MGTAXYgRQfNT3dyA,10:0-22:0,10:0-22:0,10:0-22:0,10:0-22:0,10:0-22:0,10:0-22:0,10:0-22:0
tWdp26XQEJqJGnRmFVJQxA,0:0-0:0,10:0-22:0,10:0-22:0,5:0-22:0,10:0-22:0,17:0-22:0,17:0-21:0
9QgkfSUUY5bq0rO7sAq0cA,10:0-22:0,10:0-22:0,10:0-22:0,10:0-22:0,10:0-22:0,11:0-21:30,11:0-21:30
DQf63-KJ25m-kDIMto614g,9:0-14:0,9:0-14:0,9:0-14:0,9:0-14:0,9:0-14:0,10:0-14:0,10:0-14:0
9cYYusmNE0qdfT7pqfdc5w,0:0-0:0,0:0-0:0,0:0-0:0,0:0-0:0,0:0-0:0,0:0-0:0,0:0-0:0
G_mqw9nNYDFkwtCe5Jd8QA,9:0-22:0,9:0-22:0,9:0-22:0,9:0-22:0,9:0-22:0,9:0-22:0,9:0-22:0
nt2-Zk4FmGY2SYSDBI0gHw,9:0-23:30,9:0-23:30,9:0-23:30,9:0-23:30,9:0-23:30,9:0-23:30,9:0-23:30
CaJL4GYQ8Knvg2FZXRkz0w,9:0-21:0,9:0-21:0,9:0-21:0,9:0-21:0,9:0-21:0,9:0-21:0,9:0-20:0
EXW-sodgyshlS9E_d325Pw,0:0-0:0,7:0-17:0,7:0-17:0,7:0-17:0,7:0-17:0,8:0-17:0,8:0-17:0
gsqm34KlLnOgo-yNPbZbYw,11:30-22:0,11:30-22:0,11:30-22:0,11:30-22:0,11:30-22:0,11:30-22:0,11:0-21:30
7-Pb3DdCD39RJ4ZSxG_7-g,10:0-22:0,10:0-22:0,10:0-22:0,10:0-22:0,10:0-23:0,10:0-23:0,10:0-15:0
YZGSNhgTS6YeyUYoivD-Ww,11:0-7:0,11:0-7:0,11:0-7:0,11:0-7:0,11:0-7:0,11:0-7:0,11:0-7:0
wXXqG4igJeJwL9o5sjyMXQ,0:0-0:0,11:30-21:0,11:30-20:0,11:30-21:0,11:30-21:0,11:30-21:0,11:30-20:0
T_Vjy4_Z-F0mFQMLRHDTrQ,11:0-3:0,11:0-3:0,11:0-3:0,11:0-4:0,11:0-4:0,11:0-4:0,11:0-3:0
Fib1pHk5oeh_9iwObSNgEQ,10:0-18:0,10:0-20:0,10:0-20:0,10:0-20:0,10:0-20:0,12:0-20:0,10:0-18:0
wpQsmMvdhefqIlxvRt_Jbg,17:0-0:0,17:0-0:0,17:0-0:0,17:0-0:0,17:0-1:0,17:0-1:0,17:0-0:0
8wt-saX_qXaqVCXQHc5qXw,0:0-0:0,0:0-0:0,0:0-0:0,0:0-0:0,0:0-0:0,0:0-0:0,0:0-0:0
mD8bJbumIGOtlXXuvVNuqw,11:30-21:0,11:30-21:0,11:30-21:0,11:30-21:0,11:30-21:0,12:0-21:0,13:0-19:0
vATbGMxLd9cZ3VY_GZAIJw,6:0-6:0,6:0-6:0,6:0-6:0,6:0-6:0,6:0-6:0,6:0-6:0,6:0-6:0
hNSvyreISNd9XXrHyyaSjQ,11:0-2:0,11:0-2:0,11:0-2:0,11:0-2:0,11:0-2:0,11:0-2:0,11:0-2:0
5mair616AhJMpRjbd5z94g,7:0-22:0,7:0-22:0,7:0-22:0,7:0-22:0,7:0-22:0,8:0-22:0,8:0-22:0
GzBIAjAMHD9iVZK8BT6XMw,0:0-0:0,9:30-22:0,9:30-22:0,9:30-22:0,9:30-0:0,9:30-0:0,8:30-14:30
EqUlVPI8t9A96BIvWdW1pw,0:0-0:0,0:0-0:0,0:0-0:0,0:0-0:0,0:0-0:0,0:0-0:0,0:0-0:0
OP9iJKhKQ39PJnhk0G_ZrA,0:0-0:0,0:0-0:0,0:0-0:0,0:0-0:0,0:0-0:0,0:0-0:0,0:0-0:0
OmmYZ3jd3x4AUE26OG91Xw,11:0-21:0,11:0-21:0,11:0-21:0,11:0-21:0,11:0-21:30,11:0-21:30,11:0-21:0
wto3KiT-Mh6rxO_9GBHfbA,11:0-23:0,11:0-23:0,11:0-23:0,11:0-23:0,11:0-0:0,11:0-0:0,11:0-23:0
anQSLdujUOp0sTCmIBi2Tg,17:30-22:0,17:30-22:0,17:30-22:0,17:30-22:0,17:30-22:0,17:30-22:0,17:30-22:0
ET4y-4D-FRYeFxYBxLcKrg,9:30-22:30,9:30-22:30,9:30-22:30,9:30-22:30,9:30-22:30,9:30-22:30,9:30-22:30
brAUHv7Kmxx5nclssCPldA,11:0-22:0,11:0-22:0,11:0-22:0,11:0-22:0,11:0-22:0,11:0-22:0,11:0-22:0
hX-FAgxOZaVcfUu1Gi0spQ,9:0-19:0,9:0-19:0,9:0-19:0,9:0-19:0,9:0-19:0,9:0-19:0,9:0-19:0
nMQJ57am8aEnz1jy9Hl_3g,0:0-0:0,0:0-0:0,0:0-0:0,0:0-0:0,0:0-0:0,0:0-0:0,0:0-0:0
vVnccEZW4p9HlbUEucpUYg,12:0-22:0,12:0-22:0,12:0-22:0,12:0-22:0,12:0-23:0,12:0-23:0,12:0-22:0
44xBONbuMSghULXXEnl-Lw,10:0-22:0,10:0-22:0,10:0-22:0,10:0-22:0,10:0-22:0,10:0-22:0,10:0-22:0
hV4j36jlyeBwTW_9uQiTjQ,10:0-22:0,10:0-22:0,10:0-22:0,10:0-22:0,10:0-22:0,10:0-22:0,10:0-22:0
PJPO9AYkt__t4kSWdSWnfw,9:0-19:0,9:0-19:0,9:0-19:0,9:0-19:0,9:0-20:0,8:0-20:0,8:0-19:0
w_Cw1-80276SAhHw2LJqFQ,11:0-0:0,11:0-0:0,11:0-0:0,11:0-0:0,11:0-1:0,11:0-1:0,11:0-0:0
YYRP-b61hjDljhWBfmUlDg,10:0-22:0,10:0-22:0,10:0-22:0,10:0-22:0,10:0-23:0,10:0-23:0,10:0-22:0
Ql0iiHl2xpIwtkuC255Wiw,10:0-21:30,11:0-21:30,11:0-21:30,11:0-19:0,11:0-23:0,10:0-23:0,10:0-21:30
pHd7QUYFmIt4E4irprwbuw,10:30-16:0,10:30-20:30,10:30-20:30,10:30-20:30,10:30-20:30,10:30-20:30,10:30-16:0
Q2ZNaN3p8s_-XXjBWyY2qA,17:0-22:0,17:0-22:0,17:0-22:0,17:0-22:0,12:0-22:30,16:30-22:30,16:0-21:0
i0EtEzlEkOho6YcLG29bvw,0:0-0:0,0:0-0:0,0:0-0:0,0:0-0:0,0:0-0:0,0:0-0:0,0:0-0:0
B7G_2Hx8Rx8l6oQ6K3n5Uw,0:0-0:0,11:0-21:0,11:0-21:0,11:0-21:0,11:0-22:0,11:0-22:0,11:0-21:0
htVvtLIFftBLqzRISjReDw,0:0-0:0,11:30-23:0,11:30-23:0,11:30-23:0,11:30-0:30,10:0-0:30,10:0-23:0
qR4EIktJfQKc4rnKgBzvtw,12:0-22:30,12:0-22:30,12:0-22:30,12:0-22:30,12:0-22:30,12:0-22:30,12:0-22:30
Rs8Wi4OEjeOX7LVlzsXDOA,11:0-22:0,11:0-22:0,11:0-22:0,11:0-22:0,11:0-23:0,11:0-23:0,11:0-22:0
SvlTuwslYKdqvqWtDe2dgA,11:0-20:0,11:0-20:0,11:0-20:0,11:0-20:0,11:0-21:0,11:0-21:0,11:0-20:0
TH8QoP2xFRtuxP1kR08b1w,11:0-23:0,11:0-23:0,11:0-23:0,11:0-23:0,11:0-0:0,11:0-0:0,11:0-23:0
lkM72Y21bjBqUGaW7iL7tQ,8:0-23:0,8:0-23:0,8:0-23:0,8:0-23:0,8:0-23:0,8:0-23:0,8:0-23:0
YMc2n7R4_6N0PIHIfUJqPg,10:0-0:0,10:0-0:0,10:0-0:0,10:0-0:0,10:0-1:0,10:0-1:0,10:0-0:0
gJKdFQhR4hLCQuoKyU0kEw,0:0-0:0,0:0-0:0,0:0-0:0,0:0-0:0,0:0-0:0,0:0-0:0,0:0-0:0
Tyid4017KYwSLNH4iU-Y7A,7:0-17:0,7:0-17:0,7:0-17:0,7:0-17:0,7:0-17:0,8:0-17:0,8:0-17:0
saijdv-vXJrvsCfvr7SZOw,11:30-22:0,11:30-22:0,11:30-22:0,11:30-22:0,11:30-23:0,11:30-23:0,11:30-22:0
30TxDt2V8G7FWXsKaEKA9A,10:0-23:0,10:0-23:0,10:0-23:0,10:0-23:0,10:0-0:0,10:0-0:0,10:0-21:0
OFaBWa-YLblMZhfS54MsWA,11:0-21:0,11:0-21:0,11:0-21:0,11:0-21:0,11:0-22:0,11:0-22:0,11:0-21:0
Vu2C9npNSaHLYM7lvkKJJQ,11:0-1:0,11:0-1:0,11:0-1:0,11:0-2:0,11:0-2:0,11:0-2:0,11:0-1:0
PezBzE1cRaPcm4rq6n50KA,0:0-0:0,0:0-0:0,0:0-0:0,0:0-0:0,0:0-0:0,0:0-0:0,0:0-0:0
8al-XRt5nuIize8_STWffQ,11:0-0:0,11:0-0:0,11:0-0:0,11:0-0:0,11:0-4:30,11:0-4:30,11:0-0:0
9Bu4mbMrtSq6lrAtSjJq2w,9:0-17:0,9:0-17:0,9:0-17:0,9:0-17:0,9:0-17:0,9:0-17:0,9:0-17:0
UXauVhawknwlatK5SN87yA,0:0-0:0,0:0-0:0,0:0-0:0,0:0-0:0,0:0-0:0,0:0-0:0,0:0-0:0
MW20l3gVlw7NzATSOV7Qkw,11:30-22:0,11:30-22:0,11:30-22:0,11:30-23:0,11:30-23:0,11:30-23:0,11:30-22:0
vOQ37XBxWePPfS5HJ7SoHw,11:0-2:0,11:0-2:0,11:0-2:0,11:0-2:0,11:0-2:0,11:0-2:0,11:0-2:0
wpnLPAnkMEb1NpC3xiD_qg,9:0-21:0,9:0-21:0,9:0-21:0,9:0-21:0,9:0-22:0,9:0-22:0,9:0-21:0
hYX0z2C6Th5XmcrKOP31fQ,15:30-19:30,15:30-0:0,15:30-19:30,15:30-0:0,15:30-1:0,11:0-1:0,11:0-0:0
U474WrLuujw5z7rA0ksghg,0:0-0:0,11:0-23:0,11:0-23:0,11:0-23:0,11:0-0:0,11:0-0:0,11:0-23:0
-qbYIpY84C9xBWc9g5rl5g,0:0-0:0,0:0-0:0,0:0-0:0,0:0-0:0,0:0-0:0,0:0-0:0,0:0-0:0
FUfANPwFtAyzVf3zF1SU5w,6:30-22:0,6:30-22:0,6:30-22:0,6:30-22:0,6:30-22:0,6:30-22:0,10:0-17:0
8QwAWJJ1FtICnE266xISMQ,11:0-2:0,11:0-2:0,11:0-2:0,11:0-4:0,11:0-5:0,11:0-5:0,11:0-2:0
02pL_Xj3sTO_lHcWqUcwKA,10:0-20:0,10:0-20:0,10:0-20:0,10:0-20:0,10:0-20:0,10:0-20:0,10:0-20:0
uovqgCcWIqTwUeH_A54t2A,10:45-22:0,10:45-22:0,10:45-22:0,10:45-22:0,10:45-22:0,10:45-22:0,10:45-22:0
T2EyxkHr4HAmruwa5XM6CA,11:0-0:0,11:0-0:0,11:0-0:0,11:0-3:0,11:0-4:0,11:0-4:0,11:0-0:0
oJ7mF-fW8GuEoUZ8BSA37Q,10:0-19:0,10:0-19:0,10:0-19:0,10:0-19:0,10:0-19:0,10:0-17:0,12:0-17:0
1WBVqmo7tgF0z0eGf4fPhQ,0:0-0:0,11:0-21:0,11:0-21:0,11:0-21:0,11:0-21:0,11:0-21:0,11:0-20:0
Uxyc9jyxZ_h2awnz5bAVMA,10:0-21:0,10:0-21:0,10:0-21:0,10:0-21:0,10:0-21:0,10:0-21:0,10:0-21:0
YGiu5QCuPdof6Bc_P6k4BA,6:0-23:0,6:0-23:0,6:0-23:0,6:0-23:0,6:0-23:0,6:0-23:0,6:0-23:0
HTZFw4QDKhD8KRbnb5ZuJA,11:0-21:30,11:0-21:30,11:0-21:30,11:0-21:30,11:0-21:30,11:0-21:30,11:0-21:30
UidEFF1WpnU4duev4fjPlQ,11:30-23:0,11:30-23:0,11:30-23:0,11:30-23:0,11:30-0:0,11:30-0:0,11:30-23:0
aT9jGDqTCvVjGjbYC969Rg,11:0-21:0,11:0-21:0,11:0-21:0,11:0-21:0,11:0-21:0,11:0-21:0,17:30-20:30
evekKeEoJMT2O6Z7ky96iw,11:30-21:0,11:30-21:0,11:30-21:0,11:30-21:0,11:30-21:0,11:30-21:0,11:30-21:0
J4CATH00YZrq8Bne2S4_cw,17:30-23:0,17:30-23:0,17:30-23:0,17:30-23:0,17:30-23:0,17:30-23:0,17:30-23:0
Yp9w4nhUowBU_IS_StFXbQ,7:0-14:30,7:0-14:30,7:0-14:30,7:0-14:30,7:0-14:30,7:0-14:30,7:0-14:30
IRzXVRIzRoYpnjaVXF3vNA,4:0-3:59,4:0-3:59,4:0-3:59,4:0-3:59,4:0-3:59,4:0-3:59,4:0-3:59
Y91-sIlVyH6v4YM6sTINAw,10:0-23:0,10:0-23:0,10:0-23:0,10:0-23:0,10:0-23:0,10:0-23:0,10:0-23:0
V78f9CdEVTkKFkyhdTYVrQ,0:0-0:0,0:0-0:0,0:0-0:0,0:0-0:0,0:0-0:0,0:0-0:0,0:0-0:0
vmg_VdqXVOVhUoacU2pfdw,0:0-0:0,0:0-0:0,0:0-0:0,0:0-0:0,0:0-0:0,0:0-0:0,0:0-0:0
oxe7PI6ah3SGiB8Z0n9zqg,11:0-22:0,11:0-22:0,11:0-22:0,11:0-22:0,11:0-14:0,9:0-14:0,9:0-22:0
xpeSmFl6yWWn8KGGUsb05g,0:0-0:0,0:0-0:0,0:0-0:0,0:0-0:0,0:0-0:0,0:0-0:0,0:0-0:0
p1XLB4zo6sI09Pb4-IA23Q,10:0-4:0,10:0-4:0,10:0-4:0,10:0-4:0,10:0-4:0,10:0-4:0,10:0-4:0
jKu_hYzVNQqjRvdvp6mQaQ,6:0-23:0,6:0-23:0,6:0-23:0,6:0-4:0,0:0-0:0,0:0-0:0,6:0-23:0
O1UaBWCQbcEdzpX6sSWRjQ,9:0-19:0,9:0-19:0,9:0-19:0,9:0-19:0,9:0-19:0,9:0-19:0,9:0-19:0
Wc1i5QsTKheJq6lstPAllA,10:30-22:0,10:30-22:0,10:30-22:0,10:30-22:0,10:30-23:0,10:30-23:0,10:30-22:0
h-psPOmlY0mCOflb3S3rdQ,17:30-21:30,17:30-21:30,17:30-21:30,17:30-21:30,17:30-22:0,17:30-22:0,17:30-21:30
LFhF2la-C_vrNrQRz5GnIA,6:0-22:0,6:0-22:0,6:0-22:0,6:0-22:0,6:0-22:0,6:0-22:0,7:0-22:0
Oq3EFcMbQ6J4V2uxga77KQ,7:0-18:0,7:0-18:0,7:0-18:0,7:0-18:0,7:0-18:0,8:0-18:0,8:0-18:0
jC2AF31_Zba7yb0ZKWnfpA,9:0-2:0,9:0-2:0,9:0-2:0,9:0-2:0,9:0-2:0,9:0-2:0,9:0-2:0
Lzv68iVkRHstVvW3aXNWkA,0:0-0:0,16:0-23:0,16:0-23:0,16:0-23:0,16:0-0:0,15:0-0:0,15:0-23:0
rkF_WvWIHqM1TfYtoPTvNw,11:0-22:0,11:0-22:0,11:0-22:0,11:0-22:0,11:0-22:30,11:0-22:30,11:0-22:0
Uyh4JZ0T3nbpBWzm1xrABw,17:0-23:0,17:0-23:0,17:0-23:0,17:0-23:0,17:0-23:0,17:0-23:0,17:0-22:0
rYQFg698WyJnSPUuBO92nQ,11:0-22:0,11:0-22:0,11:0-22:0,11:0-22:0,11:0-23:0,11:0-23:0,11:0-22:0
a1WWhLOWUC3wZLhkXdAIJQ,7:0-22:0,7:0-22:0,7:0-22:0,7:0-22:0,7:0-22:0,7:0-22:0,7:0-22:0
Rpdq7PHGvpSWQcYwuHlgUA,7:0-0:0,7:0-0:0,7:0-0:0,7:0-0:0,7:0-1:0,7:0-1:0,7:0-0:0
PD3ganU8NAGkqkcIXYPSxQ,0:0-0:0,11:0-23:0,11:0-23:0,11:0-23:0,11:0-23:0,11:0-23:0,11:0-17:0
oJynEBZyqKcfJjDgfMgDTA,9:0-19:30,9:0-19:30,9:0-19:30,9:0-19:30,9:0-19:30,9:0-19:30,9:0-19:0
41Kbugm-qmIQTt7unkALYQ,0:0-0:0,17:30-22:30,17:30-22:30,17:30-22:30,17:30-22:30,17:30-22:30,9:0-14:0
hPCheDmQDna-2iiJ4c553w,7:0-22:0,7:0-22:0,7:0-22:0,7:0-22:0,7:0-12:0,8:0-12:0,8:0-22:0
sCewr7cA5ra7yd6jBfEe9A,10:30-21:0,10:30-21:0,10:30-21:0,10:30-21:0,10:30-21:0,10:30-20:0,11:0-20:0
ccWEjDEgIO70iiGSN-rRUg,6:0-17:0,6:0-17:0,6:0-17:0,6:0-17:0,6:0-17:0,6:0-17:0,6:0-17:0
NdXgEnEpHrP74L1oZtdsBQ,11:0-22:0,11:0-22:0,11:0-22:0,11:0-22:0,11:0-23:0,11:0-23:0,11:0-22:0
ppHkkuDvvH8g1Enz6F8OJA,7:0-14:0,7:0-14:0,7:0-14:0,7:0-14:0,7:0-14:0,7:0-15:0,7:0-15:0
CNRXPwmj5EvSNdXnOXcpJg,0:0-0:0,11:0-22:0,11:0-22:0,11:0-22:0,11:0-22:0,11:0-22:0,12:0-22:0
JEVDNF6r9-nNdX9DtiJYFA,11:0-23:0,11:0-23:0,11:0-23:0,11:0-23:0,11:0-0:0,11:0-0:0,12:0-22:0
5-s0ESpKQeI50QIgcz8GGQ,11:0-22:0,11:0-22:0,11:0-22:0,11:0-22:0,11:0-22:0,11:0-22:0,11:0-22:0
lRwpFFaFr3QQ5fGHkk3eXQ,11:0-23:0,11:0-23:0,11:0-23:0,11:0-23:0,11:0-0:0,11:0-0:0,12:30-23:30
VSgrQWkpv15FJuqmNE3srg,7:30-16:0,7:30-16:0,7:30-16:0,7:30-16:0,7:30-16:0,9:0-16:0,9:0-16:0
Cr-ywH3ZjBqCyolXf8BpVA,17:0-21:0,17:0-21:0,17:0-21:0,17:0-21:0,17:0-22:0,17:0-22:0,17:0-21:0
0-cZ9XfpC3vsLotOJ6Nxfg,11:0-3:0,11:0-4:0,11:0-4:0,11:0-4:0,11:0-4:0,14:0-3:0,14:0-3:0
ZkGDCVKSdf8m76cnnalL-A,7:0-22:0,7:0-22:0,7:0-22:0,7:0-22:0,7:0-22:0,7:0-22:0,7:0-22:0
cHdJXLlKNWixBXpDwEGb_A,11:0-21:0,11:0-21:0,11:0-21:0,11:0-21:0,11:0-21:0,11:0-21:0,11:0-21:0
E9HkUYYO_-5vKjvBwLuDIw,0:0-0:0,11:0-22:0,11:0-22:0,11:0-22:0,11:0-22:0,17:0-22:0,17:0-22:0
4Nj2ktP2NjCbv2aKeH3ZBg,0:0-0:0,7:0-16:0,7:0-16:0,7:0-16:0,7:0-16:0,8:0-16:0,8:0-13:30
fJvY-QjDY1ZWWArjx9rRIw,11:30-22:30,11:30-22:30,11:30-22:30,11:30-22:30,11:30-23:30,11:30-23:30,11:30-22:30
5xCeuEI7Einoi5xYsNuDCQ,11:0-1:0,11:0-1:0,11:0-1:0,11:0-1:0,11:0-2:0,11:0-2:0,11:0-0:0
8EvgKu_VpVXJ0KUvrxS7BA,11:0-22:0,11:0-22:0,11:0-22:0,11:0-22:0,11:0-23:0,11:0-23:0,11:0-22:0
p9v9Sl2g_ibaajWvO0NjkQ,11:0-0:0,11:0-0:0,11:0-0:0,11:0-0:0,11:0-1:20,11:0-1:20,11:0-0:0
2iLeiQ4OCJVwfodR9egMag,11:0-0:0,11:0-0:0,11:0-0:0,11:0-0:0,11:0-2:0,11:0-2:0,11:0-0:0
f0R8zFi9RrAKN8ujMZpCpw,6:30-22:0,6:30-22:0,6:30-22:0,6:30-22:0,6:30-22:0,6:30-22:0,6:30-22:0
w761Gs5wswaiKRNq0IpA7w,11:0-23:0,11:0-23:0,11:0-23:0,11:0-23:0,11:0-0:0,11:0-0:0,11:0-23:0
pLMSnq39S3-lA24bB2jIKQ,11:0-23:0,11:0-23:0,11:0-23:0,11:0-23:0,11:0-23:0,11:0-22:0,11:0-22:0
cJWbbvGmyhFiBpG_5hf5LA,11:0-16:0,11:0-23:0,11:0-16:0,11:0-23:0,11:0-0:0,11:0-0:0,11:0-23:0
0X255ZLz70dj3QrLWnPE3Q,11:30-21:30,11:30-21:30,11:30-21:30,11:30-21:30,11:30-22:0,16:0-22:0,16:0-21:30
KMEvwN9hzkBVUGXqKZWxoQ,11:0-21:0,11:0-21:0,11:0-21:0,11:0-21:0,11:0-21:0,11:0-21:0,11:0-21:0
uP21QeqzU5E3azBk2_GDsw,6:0-2:0,6:0-2:0,6:0-2:0,6:0-2:0,6:0-2:0,6:0-2:0,9:0-2:0
CmGiqR21BH7d6rsoBd-XSw,8:30-23:0,8:30-23:0,8:30-23:0,8:30-23:0,8:30-23:0,8:0-23:0,8:0-22:0
HjT1oe9jea1m65FWEYbfKw,10:0-21:0,10:0-21:0,10:0-21:0,10:0-21:0,10:0-21:0,9:30-21:0,11:0-18:0
I9nziYEw4YIFjr3ZDBpFog,10:0-22:0,10:0-22:0,10:0-22:0,10:0-22:0,10:0-22:0,10:0-22:0,13:0-22:0
lja35zyGpcmVrhCTWwVgPg,0:0-0:0,12:0-21:0,12:0-21:0,12:0-21:0,12:0-22:0,12:0-22:0,12:0-21:0
pks_z0EXHrxouKLKaMq1gw,8:0-18:0,9:0-21:0,9:0-21:0,9:0-21:0,9:0-3:0,9:0-3:0,8:0-18:0
oJZNHz5UUVUgrZwVBVlpYw,0:0-0:0,0:0-0:0,0:0-0:0,0:0-0:0,0:0-0:0,0:0-0:0,0:0-0:0
IO3iTBH0rX-G7E7wAreRSQ,10:0-3:0,10:0-3:0,10:0-3:0,10:0-3:0,10:0-4:0,10:0-4:0,10:0-3:0
zBFhe2VVjhQZPieaG0ydBA,9:0-6:0,9:0-6:0,9:0-6:0,9:0-6:0,9:0-6:0,9:0-6:0,9:0-6:0
K3V9JWBZgIMtSICc4kBRUA,11:0-23:0,11:0-23:0,11:0-23:0,11:0-23:0,11:0-23:0,11:0-23:0,11:0-23:0
vqgfQqPiLw6ghdVgpZ_vJQ,11:0-2:0,11:0-2:0,11:0-2:0,11:0-2:0,11:0-2:0,11:0-2:0,11:0-2:0
Zs180bOPbw70yElhxpUe0Q,16:0-2:0,16:0-2:0,16:0-2:0,12:0-2:0,12:0-2:0,12:0-2:0,12:0-2:0
eZCftIgMLs4cKvT9NWxx_A,10:0-0:0,10:0-0:0,10:0-0:0,10:0-0:0,10:0-1:0,10:0-1:0,10:0-0:0
EVZXshc4g2TpXLJ-rwVzhw,11:0-23:0,11:0-23:0,11:0-23:0,11:0-23:0,11:0-0:0,11:0-0:0,11:0-23:0
lxlwz6rF3psUP8FBoU-Vgg,11:0-22:0,11:0-22:0,11:0-22:0,11:0-22:0,11:0-23:0,11:0-23:0,11:0-22:0
0gTTGuA6uEmMhLhfJi0hqA,0:0-0:0,11:0-21:0,11:0-21:0,11:0-21:0,11:0-21:30,11:30-21:30,11:30-21:0
q2f9sfgxdZKPwRKjcd3LDw,11:0-22:30,11:0-22:30,11:0-22:30,11:0-22:30,11:0-22:30,14:0-21:0,14:0-21:0
Sy9XPnOgEr7PemrYPWB7yw,6:30-8:0,6:30-8:0,6:30-8:0,6:30-8:0,6:30-8:0,10:30-19:0,10:30-19:0
f-gbagOKzs-72s49cF3qRg,7:0-15:0,7:0-15:0,7:0-15:0,7:0-15:0,7:0-15:0,7:0-16:0,7:0-16:0
_Ad2ZKhUl-krJFpaZ1FI8g,11:0-0:0,11:0-0:0,11:0-0:0,11:0-0:0,16:0-0:0,11:0-0:0,11:0-0:0
dJS3iH-odljqWS9MKEFsBA,10:30-20:0,10:30-20:0,10:30-20:0,10:30-20:0,10:30-20:0,10:30-20:0,10:30-20:0
Ns20WGWn6s6niKAGIQB4UQ,0:0-0:0,11:0-0:0,11:0-0:0,11:0-2:0,11:0-2:0,17:0-2:0,18:0-2:0
dn51F67VLgPuqy_8SFk9oA,0:0-0:0,0:0-0:0,0:0-0:0,0:0-0:0,0:0-0:0,0:0-0:0,0:0-0:0
cn6Lguvd8T2pWq4-WNLHpQ,17:0-23:0,17:0-23:0,17:0-23:0,17:0-23:0,17:0-23:0,11:30-23:0,11:30-23:0
nJBwEYaulNXHPAUP0OBRtg,0:0-0:0,10:0-18:0,10:0-18:0,10:0-18:0,10:0-18:0,10:0-15:0,10:0-18:0
H1NqpoM2hT_A6M98PSrZvw,10:30-22:0,10:30-22:0,10:30-22:0,10:30-22:0,10:30-22:0,10:30-22:0,11:0-19:0
CI6gEOiOQ5ps0oMUhgmKRg,16:0-22:0,16:0-22:0,16:0-22:0,16:0-22:0,16:0-22:0,16:0-22:0,16:0-22:0
tBLHU0-_-2nhypyfc2sR2A,10:0-23:0,10:0-23:0,10:0-23:0,10:0-23:0,10:0-0:0,10:0-0:0,10:0-23:0
Jur1iiejUFw_YCkfDfy1gQ,10:30-22:30,10:30-22:30,10:30-22:30,10:30-22:30,10:30-22:30,10:30-22:30,10:30-22:30
7Wr0piSMGiq5qy5opiLNrA,9:0-15:0,9:0-15:0,9:0-15:0,9:0-15:0,9:0-15:0,9:0-15:0,9:0-15:0
nBl_4gw5ecGzNkHyzfii8g,9:0-22:0,9:0-22:0,9:0-22:0,9:0-22:0,9:0-23:0,9:0-23:0,17:0-22:0
VnvRZia9M18-IUarfdnYfA,10:30-22:30,10:30-22:30,10:30-22:30,10:30-22:30,10:30-22:30,10:30-22:30,10:30-22:30
dvFVX3xmcLauD__8GKhJMA,11:0-21:0,11:0-21:0,11:0-21:0,11:0-21:0,11:0-21:0,11:0-21:0,11:0-21:0
LHwzyN5cllTfLuZ8v2k_Bg,17:30-22:0,18:0-23:0,18:0-23:0,18:0-23:0,18:0-23:0,17:30-23:0,17:30-22:0
4BZwZrm3atfkDkc0gV3sCQ,17:0-22:0,17:0-22:0,17:0-22:0,17:0-22:0,17:0-22:0,17:0-22:0,17:0-22:0
3ZHyw0d8mk0HOEP7v4fW1A,11:0-23:0,11:0-23:0,11:0-23:0,11:0-23:0,11:0-23:0,11:0-23:0,11:0-23:0
XGGNnL54iKcXa62CqpR4rQ,0:0-0:0,0:0-0:0,0:0-0:0,0:0-0:0,0:0-0:0,0:0-0:0,0:0-0:0
yvJqxVTO_qwRGLMtUrqzQw,10:30-22:0,10:30-22:0,10:30-22:0,10:30-22:0,10:30-23:0,10:30-23:0,10:30-22:0
2xw-Ksu9b2jDYlZaApXcBA,11:0-22:0,11:0-22:0,11:0-22:0,11:0-22:0,11:0-23:0,11:0-23:0,11:0-22:0
H4TksVu70WQzg_BNV9QNJA,8:0-20:0,8:0-20:0,8:0-20:0,8:0-20:0,8:0-20:0,8:0-20:0,8:0-20:0
9-cVW8wSRoE6Nmnc7v0uUA,0:0-0:0,0:0-0:0,0:0-0:0,0:0-0:0,0:0-0:0,0:0-0:0,0:0-0:0
mnwRtuVQEsIUomBchu0gwg,11:0-0:0,11:0-0:0,11:0-0:0,11:0-1:30,11:0-1:30,9:0-1:30,9:0-0:0
lusyQapYBD-df6VofjRWMQ,12:0-23:0,12:0-23:0,12:0-23:0,12:0-23:0,12:0-23:0,12:0-23:0,12:0-23:0
a9-r8ru5CAN_cNK1kVsPnw,11:0-0:0,11:0-0:0,11:0-0:0,11:0-0:0,11:0-2:0,11:0-2:0,11:0-0:0
H_YBTOS23PRhrjWtP7TeJw,11:30-22:0,11:30-22:0,11:30-22:0,11:30-22:0,11:30-22:0,11:30-22:0,11:30-22:0
CgCujnZFGzsMPDVo4VNCLA,11:0-22:0,11:0-22:0,11:0-22:0,11:0-22:0,11:0-22:0,11:0-22:0,11:0-22:0
De0rCcVM47vNhkqj7hrJHw,8:0-21:0,8:0-21:0,8:0-21:0,8:0-21:0,8:0-21:0,10:0-18:0,10:0-18:0
HxSINQAplSFAn6of-wexcA,0:0-0:0,11:0-22:0,11:0-22:0,11:0-22:0,11:0-22:0,11:0-22:0,11:0-22:0
OSLEi9yMmaV0FBZKshJnUw,7:0-22:0,7:0-22:0,7:0-22:0,7:0-22:0,7:0-22:0,7:0-22:0,7:0-22:0
25c15dEPrBrWr4tR1r6sTg,11:0-22:0,11:0-22:0,11:0-22:0,11:0-22:0,11:0-22:0,12:0-22:0,12:0-22:0
kiweDovyXezj-ZMpB1tlXg,6:0-6:0,6:0-6:0,6:0-6:0,6:0-6:0,6:0-6:0,6:0-6:0,6:0-6:0
M8sRqVmRXeikXYt2J2MyuQ,11:0-23:0,11:0-23:0,11:0-23:0,11:0-23:0,11:0-3:0,11:0-3:0,11:0-23:0
N4t78qF2C5jqYBjNr0j3_w,11:0-21:0,11:0-21:0,11:0-21:0,11:0-21:0,11:0-21:0,11:0-21:0,11:0-21:0
pHJu8tj3sI8eC5aIHLFEfQ,11:0-22:0,11:0-22:0,11:0-22:0,11:0-22:0,11:0-23:0,16:0-23:0,16:0-22:0
Po0QGzgwFrfnGJEi_akCjA,11:0-0:0,11:0-0:0,11:0-0:0,11:0-0:0,11:0-0:0,11:0-0:0,11:0-0:0
SJBzyJDCR_f6dx5tpYAABA,16:0-22:0,11:30-22:0,11:30-22:0,11:30-22:0,11:30-22:0,11:30-22:0,16:0-22:0
naX46MT7k6aDVB-j1jhBEg,9:0-21:0,8:0-21:0,8:0-21:0,8:0-21:0,8:0-21:0,8:0-21:0,8:0-21:0
R073RHVTWuUc_JabjD0bsA,11:0-22:30,11:0-22:30,11:0-22:30,11:0-22:30,11:0-23:0,11:0-23:0,11:0-22:30
PQER4ba8Q0zqB1G2QiXamQ,6:0-20:0,6:0-22:0,6:0-22:0,6:0-20:0,6:0-22:0,6:0-22:0,6:0-22:0
fD33UMpiCJcWWXmNKYKANQ,11:0-22:0,11:0-22:0,11:0-22:0,11:0-22:0,11:0-23:0,11:0-23:0,11:0-22:0
6J5avXp59yPk1gC7okZs4w,11:0-21:0,11:0-21:0,11:0-21:0,11:0-21:0,11:0-21:0,11:0-21:30,11:0-21:30
IB8zLlGraOg9LU7qQVLPyg,10:0-21:0,10:0-21:0,10:0-21:0,10:0-21:0,10:0-21:0,10:0-21:0,11:0-19:0
XWTPNfskXoUL-Lf32wSk0Q,11:30-21:0,11:30-21:0,11:30-22:0,11:30-22:0,11:30-22:0,10:0-22:30,10:0-21:0
1qTx9z8RMz7RIYKAfnpZ0A,17:0-0:0,17:0-0:0,17:0-0:0,17:0-0:0,17:0-0:0,17:0-0:0,17:0-0:0
xDGtQSAt0-jdsinecP7lRQ,11:0-22:0,11:0-22:0,11:0-22:0,11:0-22:0,11:0-23:0,11:0-23:0,11:0-22:0
TT658qQinO6MBHP9q7rJ8w,0:0-0:0,11:0-21:0,11:0-21:0,11:0-21:0,11:0-22:0,12:0-22:0,11:0-20:0
QoC81Y4w5aZZ2VLI4Mxwlw,0:0-0:0,6:0-17:0,6:0-17:0,6:0-17:0,6:0-17:0,7:0-15:0,7:0-15:0
QpOAv584eb-ecG4TLEm95g,10:30-21:30,10:30-21:30,10:30-21:30,10:30-21:30,10:30-21:30,10:30-21:30,10:30-21:30
PYrA0thkuLCVAknUHYhVEQ,0:0-0:0,11:0-21:0,11:0-21:0,11:0-21:0,11:0-22:0,11:0-22:0,11:0-20:0
i53HvxUdQEMllZ1XmpjjyA,0:0-0:0,0:0-0:0,0:0-0:0,0:0-0:0,0:0-0:0,0:0-0:0,0:0-0:0
fYDzrVfx9uSbX7xmBVx-Hg,10:30-22:0,10:30-22:0,10:30-22:0,10:30-22:0,10:30-22:0,10:30-22:0,10:30-22:0
JPOsmsL_MNPYQsJaz2wq3A,0:0-0:0,0:0-0:0,0:0-0:0,0:0-0:0,0:0-0:0,0:0-0:0,0:0-0:0
rI_DhGggyQZwr0Rsh9bXTg,11:0-23:0,11:0-23:0,11:0-23:0,11:0-0:0,11:0-4:0,11:0-4:0,11:0-22:0
GC5wcui5uejRZTi8OCNPkQ,16:0-21:0,16:0-21:0,16:0-21:0,16:0-21:0,11:0-22:0,11:0-22:0,11:0-21:0
aFGRzoMkSdi010_ECpFOhw,5:0-19:0,5:0-19:0,5:0-19:0,5:0-19:0,5:0-19:0,5:0-19:15,5:0-19:0
6OhahrmtLGmkUdPfaMck0A,11:0-23:0,11:0-23:0,11:0-23:0,11:0-23:0,11:0-23:0,11:0-23:0,10:30-23:0
8owN7MXEQ4SC_3coyc7WPQ,10:30-22:0,10:30-22:0,10:30-22:0,10:30-22:0,10:30-22:0,10:30-22:0,10:30-22:0
gh6__q2WXFuyN8gt6VAnWw,13:0-23:0,13:0-23:0,13:0-23:0,13:0-23:0,13:0-23:0,13:0-23:0,13:0-23:0
WEeMwRLhgCyO1b4kikVcuQ,10:0-0:0,10:0-0:0,10:0-0:0,10:0-0:0,10:0-2:0,10:0-2:0,10:0-2:0
GEw0gKy93o1Jje2WxApL9g,10:30-22:0,10:30-22:0,10:30-22:0,10:30-23:0,10:30-23:0,10:30-23:0,10:30-22:0
tjw1yJdmatifLYHbsI9HGA,9:0-22:0,9:0-22:0,9:0-22:0,9:0-23:0,9:0-23:0,9:0-23:0,9:0-23:0
SvUvVEr9cTjS-PJQ9MuckQ,0:0-0:0,8:30-14:0,7:30-18:0,7:30-18:0,7:30-18:0,8:0-18:0,9:0-16:0
9hNuOUywLPHdSbAXtQ9DhQ,11:0-22:0,11:0-22:0,11:0-22:0,11:0-22:0,11:0-0:0,11:0-0:0,11:0-22:0
Kb43diOoBV4l77bxpn2k3Q,0:0-0:0,0:0-0:0,0:0-0:0,0:0-0:0,0:0-0:0,0:0-0:0,0:0-0:0
B4-2wA8Pj8MQK1Ylymypqg,0:0-0:0,7:0-15:0,7:0-15:0,7:0-15:0,7:0-15:0,7:0-15:0,7:0-14:0
R_ZlcX46pPdjhjmfd043LA,11:0-23:0,11:0-23:0,11:0-23:0,11:0-23:0,11:0-23:0,11:0-23:0,11:0-23:0
APTMjoe2_EM4lVxWTNeYBQ,13:0-0:0,13:0-0:0,13:0-0:0,13:0-0:0,13:0-1:0,13:0-1:0,18:0-1:0
DAfWBoWNe_B5_lJAfYH5KQ,7:0-20:0,7:0-20:0,7:0-20:0,7:0-20:0,7:0-21:0,7:0-21:0,7:0-20:0
hgPpc-bi4jStmM2SI4nKwA,11:0-0:0,11:0-0:0,11:0-0:0,11:0-0:0,11:0-4:0,11:0-4:0,11:0-0:0
NLbeb563AdMiUcUlBR-FAg,10:0-21:0,10:0-21:0,10:0-21:0,10:0-21:0,10:0-21:0,9:30-21:0,11:0-19:0
_xJINZ8_Dtvi8r29qkXCCw,17:0-22:0,17:0-22:0,17:0-22:0,17:0-23:0,17:0-23:0,17:0-23:0,17:0-22:0
EDqCEAGXVGCH4FJXgqtjqg,11:0-2:0,11:0-2:0,11:0-2:0,11:0-3:0,11:0-3:0,11:0-3:0,11:0-2:0
A-2rj2poYBBjtenXSzKsyg,11:30-2:0,11:30-2:0,11:30-2:0,11:30-2:0,11:30-3:0,11:30-3:0,11:30-2:0
k-EPIvUKvDM5gR-4Ns8OnA,7:0-2:0,7:0-2:0,7:0-2:0,7:0-2:0,7:0-2:0,7:0-2:0,7:0-2:0
1fG7Xg4dLzcKIApzJiXtXw,11:0-22:0,11:0-22:0,11:0-22:0,11:0-22:0,11:0-22:0,11:0-22:0,11:0-22:0
Zsb1fveuV7sIYJogNsbzIA,0:0-0:0,0:0-0:0,0:0-0:0,0:0-0:0,0:0-0:0,0:0-0:0,0:0-0:0
F0lI9okn4pzmN_iq5UqF7w,11:0-21:0,11:0-21:0,11:0-21:0,11:0-21:0,11:0-22:0,11:0-22:0,11:0-21:0
os_m94NtcG7JQg095WdggQ,0:0-0:0,11:0-23:0,11:0-23:0,11:0-23:0,11:0-23:0,11:0-23:0,13:0-19:0
PDKVytRY5kYlyieqSkF-rQ,12:0-18:0,9:30-18:0,9:30-18:0,9:30-18:0,9:30-18:0,12:0-23:0,12:0-18:0
-9eNGMp8XiygI8t8QFuFWw,16:0-22:0,16:0-22:0,16:0-22:0,16:0-22:0,16:0-23:0,15:0-23:0,15:0-22:0
Gc-eMRKW4KiAeQFp3ztc7g,7:0-21:0,7:0-21:0,7:0-21:0,7:0-21:0,7:0-21:0,11:0-17:0,10:0-17:0
c0exbGNQvCDJZLorPeYY7Q,7:0-17:0,7:0-17:0,7:0-17:0,7:0-17:0,7:0-17:0,8:0-14:0,8:0-14:0
rnBffgr3QiXUpKef2YFScg,10:30-22:0,10:30-22:0,10:30-22:0,10:30-22:0,10:30-23:0,10:30-23:0,10:30-22:0
8sFRqawo8bDDWiaC9wkA5g,10:0-22:0,10:0-22:0,10:0-22:0,10:0-22:0,10:0-2:0,10:0-2:0,10:0-2:0
8GcBqziFqPkz5YSuXx-tSA,7:0-17:0,7:0-17:0,7:0-17:0,7:0-17:0,7:0-17:0,7:0-17:0,7:0-17:0
F9h98ZFHLCHG7SdVbXMz0g,10:0-21:0,11:30-21:0,11:30-21:0,11:30-21:0,10:0-21:0,10:0-21:0,10:0-21:0
RhEvP5flF6KoPriMHmVYGg,0:0-0:0,0:0-0:0,0:0-0:0,0:0-0:0,0:0-0:0,0:0-0:0,0:0-0:0
dIN5IF2bSHeASjPFJBhshw,17:0-22:0,17:0-22:0,17:0-22:0,17:0-22:0,11:30-23:0,12:0-23:0,12:0-22:0
HNlawtaYv1E4zJlW-q2XdQ,11:0-22:0,11:0-22:0,11:0-22:0,11:0-23:0,11:0-23:0,11:0-23:0,11:0-22:0
8F-UdXe_YylX3k0L1SEiRg,0:0-0:0,0:0-0:0,0:0-0:0,0:0-0:0,0:0-0:0,0:0-0:0,0:0-0:0
8-vqn5UeqY3gDXzg9-sHSg,11:0-21:30,11:0-21:30,11:0-21:30,11:0-21:30,11:0-22:0,11:0-22:0,11:0-21:0
y1esDY2vFyaTMf1YlRT7ZA,0:0-0:0,16:0-22:0,16:0-22:0,16:0-22:0,11:0-22:0,11:0-22:0,11:0-22:0
ysv6yhVYOoH9Pf7PlMyD0g,8:0-2:0,8:0-2:0,8:0-2:0,8:0-2:0,8:0-4:0,8:0-4:0,8:0-2:0
u0KWFEkp2KCaB0ebmvi4Kw,11:0-2:0,11:0-2:0,11:0-2:0,11:0-2:0,11:0-2:0,11:0-2:0,11:0-2:0
Bq0LXZcOrZdkeM4kCy31lw,8:0-22:0,8:0-22:0,8:0-22:0,8:0-22:0,8:0-22:0,8:0-22:0,8:0-22:0
kDCyqlYcstqnoqnfBRS5Og,0:0-0:0,8:30-21:0,8:0-18:0,8:0-18:0,8:0-21:0,9:0-18:0,9:0-15:0
xuigChd24ZA8K_YVeNeEaQ,7:30-20:0,7:30-20:0,7:30-20:0,7:30-20:0,7:30-20:0,9:0-20:0,9:0-20:0
RqpL5Y50F9exjyHfpTzp3w,0:0-0:0,0:0-0:0,0:0-0:0,0:0-0:0,0:0-0:0,0:0-0:0,0:0-0:0
lAADTWyB91S2Ch0iWqbh1w,10:30-22:0,10:30-22:0,10:30-22:0,10:30-22:0,10:30-23:0,10:30-23:0,10:30-22:0
9GPTELAPPpT5vUxad9AoCw,7:0-22:0,7:0-22:0,7:0-22:0,7:0-22:0,7:0-23:0,7:0-23:0,7:0-23:0
HaWU8ICNtjIkCN_ZNrx1hw,8:0-0:0,8:0-0:0,8:0-0:0,8:0-0:0,8:0-0:0,8:0-0:0,8:0-20:0
8KEB1lcjKlIVSd6uA8JB9w,10:30-22:0,10:30-22:0,10:30-22:0,10:30-23:0,10:30-23:0,10:30-23:0,11:0-22:0
uGcC3CKAolcwfOTMjjoexQ,10:30-22:0,10:30-22:0,10:30-22:0,10:30-22:0,10:0-22:0,10:0-22:0,10:30-22:0
Ozv8Hi0TP9oWbvsPc1EoCg,0:0-0:0,0:0-0:0,0:0-0:0,0:0-0:0,0:0-0:0,0:0-0:0,0:0-0:0
GM3_MoAgPcyE1ozWxjy-XA,11:0-2:0,11:0-2:0,11:0-2:0,11:0-2:0,11:0-2:0,11:0-2:0,11:0-2:0
do6yub0lpn-vRF08Yhi3aQ,9:0-22:0,9:0-22:0,9:0-22:0,9:0-22:0,9:0-14:0,9:0-14:0,9:0-22:0
bJeVUZ8vCVLGYGIaVbY4Xw,5:0-0:0,5:0-0:0,5:0-0:0,5:0-0:0,5:0-4:0,0:0-0:0,4:0-0:0
R9i4v1iPBCFeqzMkQEcfjQ,11:0-21:30,11:0-21:30,11:0-21:30,11:0-21:30,11:0-21:30,11:0-21:30,11:0-21:30
sS__otwzn0INyR_5Dimfdg,10:0-23:0,10:0-23:0,10:0-23:0,10:0-23:0,10:0-0:0,10:0-0:0,10:0-0:0
GmHmp02nPVvwVKApWEyr8Q,11:0-22:0,11:0-22:0,11:0-22:0,11:0-22:0,11:0-23:0,11:0-23:0,11:0-22:0
xpJEBXTCQh5Ib8BJrjt9Bg,11:30-2:0,11:30-2:0,11:30-2:0,11:30-2:0,11:30-2:0,11:30-2:0,11:30-2:0
YH_-5LGif2oRj6ax8gENpQ,11:0-22:0,11:0-22:0,11:0-22:0,11:0-22:0,11:0-22:0,11:0-22:0,11:0-21:30
oH4iqq4kjJfXpHCgB9G1sw,0:0-0:0,10:0-18:0,10:0-18:0,10:0-18:0,10:0-18:0,10:0-18:0,10:0-18:0
O3fzOdRgcd5UFjymimyJjQ,10:0-23:0,10:0-23:0,10:0-23:0,10:0-23:0,10:0-23:0,10:0-23:0,11:0-23:0
fhoFsFK6TqJOEo30LtXeDA,0:0-0:0,10:0-0:0,10:0-0:0,10:0-2:0,10:0-2:0,10:0-2:0,10:0-0:0
PPDW3gtt0JojgXNYcSH1GA,11:30-22:0,11:30-22:0,11:30-22:0,11:30-22:0,11:30-22:30,11:30-22:30,3:0-22:0
esBRj9uPRzwxaW4Lz1XGLA,12:0-22:0,12:0-22:0,12:0-22:0,12:0-22:0,11:30-23:0,11:30-23:0,12:0-22:0
lkpoSg7xf60BsrOjdm0CBA,5:0-22:0,5:0-22:0,5:0-22:0,5:0-22:0,5:0-22:0,5:0-22:0,5:0-22:0
HKKRiQhMbz4IRqYwTZGcwA,16:0-3:0,16:0-3:0,16:0-3:0,16:0-3:0,16:0-3:30,16:0-3:30,16:0-3:0
Kl5VdpWLChwsUhJO0ArXYw,9:0-0:0,9:0-0:0,9:0-0:0,9:0-0:0,9:0-1:0,9:0-1:0,9:0-1:0
xkcyHkhggPQlHDhflb8QBQ,6:0-22:0,6:0-22:0,6:0-22:0,6:0-22:0,6:0-22:0,6:0-22:0,6:0-22:0
5i5sLQPOkBAE5CoimgiK1g,6:30-18:0,6:30-18:0,6:30-18:0,6:30-18:0,6:30-18:0,6:30-18:0,6:30-18:0
S_F4XmLUZFv9Uzbjy44_NA,0:0-0:0,12:0-21:0,12:0-21:0,12:0-21:0,12:0-23:0,12:0-23:0,12:0-23:0
2aVQu4wnptrFM_kxDhhPIg,6:0-23:0,6:0-23:0,6:0-23:0,6:0-23:0,6:0-23:0,6:0-23:0,6:0-23:0
Wht6JaY_yLIb3usuPvSulA,10:0-22:0,10:0-22:0,10:0-22:0,10:0-22:0,10:0-23:0,10:0-23:0,10:0-23:0
Kh1tvb7vDDp84bxdYyiOEA,0:0-0:0,0:0-0:0,0:0-0:0,0:0-0:0,0:0-0:0,0:0-0:0,0:0-0:0
qva0jVl1yup7RaImLh_eVw,11:30-22:0,11:30-22:0,11:30-22:0,11:30-22:0,11:30-22:0,11:30-22:0,11:30-22:0
jn7h4Uv-RKHflDHsAfqoDA,6:0-20:0,6:0-20:0,6:0-20:0,6:0-20:0,6:0-20:0,6:0-20:0,7:0-19:0
OJdufUU3hVabgviIBHksYw,8:0-3:0,8:0-3:0,8:0-4:0,8:0-4:0,8:0-5:0,8:0-5:0,8:0-3:0
-WBbMDJayOnd0ktCCi3I1Q,11:0-22:0,12:0-22:15,11:0-22:0,11:0-22:0,11:0-22:30,11:0-22:30,11:30-22:0
f_rkKVZAGBLp5zYl263Sww,10:0-17:30,10:0-17:30,10:0-17:30,10:0-17:30,10:0-17:30,10:0-17:30,12:0-16:30
rxDQ7nTJifil7iHSdGxxSg,7:0-21:0,7:0-22:0,7:0-22:0,7:0-0:0,7:0-0:0,7:0-0:0,7:0-21:0
7MeMGh0SUlF-GuTyruwtcw,10:30-2:0,10:30-2:0,10:30-2:0,10:30-2:0,10:30-2:0,10:30-2:0,10:30-2:0
Uq-15wDzsi6H7fImKHL0JQ,17:0-1:0,17:0-1:0,17:0-1:0,17:0-1:0,17:0-2:0,17:0-2:0,17:0-1:0
mvMih24zuSw_dZyU_LEY7g,11:0-23:0,11:0-23:0,11:0-23:0,11:0-23:0,11:0-0:0,10:0-0:0,10:0-23:0
burnDlH36FSphvf4vQf10w,11:0-22:30,11:0-22:30,11:0-22:30,11:0-22:30,11:0-22:30,11:0-22:30,11:0-22:30
YoEISHuKbCiq4HgykG9fIA,17:0-22:0,17:0-22:0,17:0-22:0,17:0-22:0,17:0-23:0,13:0-23:0,13:0-22:0
95CCHowiE0W_ovv5-9lQAQ,10:0-21:0,9:0-15:45,10:0-21:0,10:0-21:0,10:0-22:0,10:0-22:0,10:0-21:0
dVbZ0xbkwl8BWiqaDS0t-w,0:0-0:0,0:0-0:0,0:0-0:0,0:0-0:0,0:0-0:0,0:0-0:0,0:0-0:0
7hXWFtmoJHz63SD8k56a_Q,0:0-0:0,0:0-0:0,0:0-0:0,0:0-0:0,0:0-0:0,0:0-0:0,0:0-0:0
t1e_vofsehxcl8QCgfE3_Q,10:0-23:0,10:0-23:0,10:0-23:0,10:0-23:0,10:0-2:0,10:0-2:0,10:0-23:0
xiAiahsdBfTxYCFfvZmMfQ,7:0-14:0,7:0-14:0,7:0-14:0,7:0-14:0,7:0-14:0,7:0-14:0,7:0-14:0
J2Am_nJkdicGk2S1DzwuPA,0:0-0:0,0:0-0:0,0:0-0:0,0:0-0:0,0:0-0:0,0:0-0:0,0:0-0:0
NNs2v3f6FIdZ7cSu3LRaHw,11:0-0:0,11:0-0:0,11:0-0:0,11:0-0:0,11:0-0:0,11:0-0:0,12:0-12:30
88Ktzlej575IGDFiTOxX9A,11:0-21:0,11:0-21:0,11:0-21:0,11:0-21:0,11:0-21:0,11:0-21:0,11:0-19:0
tro-hrljuY1cUAVFYauTlQ,10:30-1:0,10:30-1:0,10:30-1:0,10:30-1:0,10:30-1:30,10:30-1:30,10:30-1:0
x-H-2BYL2XoDDLiub950Ag,11:0-22:0,11:0-22:0,11:0-22:0,11:0-22:0,11:0-22:0,11:0-22:0,11:0-22:0
eJKnymd0BywNPrJw1IuXVw,16:0-0:0,8:0-2:0,8:0-2:0,8:0-22:0,10:0-3:0,8:0-2:0,8:0-0:0
yezPTl7telVji0nP0RnH3Q,8:0-21:0,8:0-21:0,8:0-21:0,8:0-21:0,8:0-21:0,12:0-18:0,12:0-18:0
mxAXtF_FxtQpFSlRu_vwFg,8:0-18:30,8:0-18:30,8:0-18:30,8:0-18:30,8:0-18:30,8:30-18:30,8:30-18:30
4ucJBvnGR3wa2kEgMz0C2Q,11:30-22:30,11:30-22:30,11:30-22:30,11:30-22:30,11:30-22:30,15:0-23:0,15:0-23:0
Dpl8d6eXq-YnF5zEV1cwMw,11:0-23:0,11:0-23:0,11:0-23:0,11:0-23:0,11:0-23:0,11:0-0:0,11:0-23:0
MJXL27XNMm15NQ-MGP8jhw,11:0-21:0,11:0-21:0,11:0-21:0,11:0-21:0,11:0-22:0,11:0-22:0,11:0-21:0
DHwG62oZACWX80Y74m1cyw,0:0-0:0,10:30-22:0,10:30-22:0,10:30-22:0,10:30-23:0,10:30-23:0,10:30-20:0
qeIKP9mGEucrdxbGo9uRTw,17:0-0:0,17:0-0:0,17:0-0:0,17:0-0:0,17:0-2:0,17:0-2:0,17:0-0:0
vExvdgUbU377-Fry2uuv_w,11:30-2:0,11:30-2:0,11:30-2:0,11:30-2:0,11:30-2:0,11:0-2:0,11:0-2:0
aqKkw9Fefvum4cF6GtIQiA,0:0-0:0,17:0-22:0,17:0-22:0,17:0-22:0,17:0-22:30,12:0-22:0,12:0-21:0
7Xw_vv-ekUL2sTqipnKT0g,0:0-0:0,0:0-0:0,0:0-0:0,0:0-0:0,0:0-0:0,0:0-0:0,0:0-0:0
SS4HgxPnEgF3cFPQFNDI1g,7:0-0:0,7:0-0:0,7:0-0:0,7:0-0:0,7:0-0:0,7:0-0:0,7:0-0:0
rhyjGfqYlCJoi8Zeulg6QA,11:30-23:30,11:30-23:30,11:30-23:30,11:30-23:30,11:30-0:0,11:30-0:0,11:30-23:30
gc8ngjYYwsgrAC3Y2SFymA,12:0-23:0,12:0-23:0,12:0-23:0,12:0-23:0,12:0-0:0,12:0-0:0,12:0-23:0
TC_wo34sUnF1CpZKXRYRlg,7:0-22:0,7:0-22:0,7:0-22:0,7:0-22:0,7:0-22:0,8:0-22:0,8:0-20:0
H-SO-RdX_umCon5hwRsYww,0:0-0:0,11:0-23:0,11:0-23:0,11:0-23:0,10:0-2:0,10:0-2:0,10:0-22:0
nTMZSvPMSIofI5RLARFIaA,11:30-20:0,11:30-21:30,11:30-21:30,11:30-21:30,11:30-21:30,11:30-21:30,12:0-21:0
vF7nFTv22qA-YnCP09pvHQ,9:30-20:30,9:30-20:30,9:30-20:30,9:30-20:30,9:30-20:30,9:30-20:30,9:30-19:30
7DKnwKw-Hfg3aQCYFe6zOA,11:0-2:0,11:0-2:0,11:0-2:0,11:0-2:0,11:0-3:0,11:0-3:0,11:0-2:0
eYJcI9cI6-kJ2NQpYdHcLw,11:0-21:0,11:0-21:0,11:0-21:0,11:0-21:0,11:0-22:0,9:0-22:0,9:0-21:0
xPwTSwLwxyBfj6v6tWJzmg,10:0-0:0,10:0-0:0,10:0-0:0,10:0-0:0,10:0-1:0,10:0-1:0,10:0-0:0
sYUsL6Og4axZduPrJpdi0g,11:0-23:0,11:0-23:0,11:0-23:0,11:0-23:0,11:0-0:0,11:0-0:0,11:0-23:0
A5Rkh7UymKm0_Rxm9K2PJw,11:0-1:15,11:0-1:15,11:0-1:15,11:0-1:15,11:0-1:45,11:0-1:45,10:0-1:15
zPAMOTc_VEfgPxseUtWw-w,7:0-21:0,7:0-21:0,7:0-21:0,7:0-21:0,7:0-21:0,9:0-21:0,9:0-21:0
DuDZ4FZ_UxGQ-3GPuk8iJw,11:0-18:0,11:0-18:0,11:0-18:0,11:0-18:0,11:0-18:0,11:0-18:0,11:0-18:0
odhwxNT5Y1qWB8v_rdmS6Q,8:0-22:0,8:0-22:0,8:0-22:0,8:0-22:0,8:0-22:0,8:0-22:0,8:0-22:0
p3YqOYELqXtLyHz9T49p_w,12:0-22:0,12:0-22:0,12:0-22:0,12:0-22:0,12:0-23:0,12:0-23:0,12:0-22:0
Wg91oE233AzNieNryRJYYg,11:0-0:0,11:0-0:0,11:0-0:0,11:0-0:0,11:0-0:0,11:0-0:0,11:0-0:0
-b94nkPVLQw95zgtDhcpYA,11:0-22:0,11:0-22:0,11:0-22:0,11:0-22:0,11:0-22:0,11:0-22:0,11:0-22:0
HFEkIohUqGIudgqbHiK1uA,6:0-14:0,6:0-14:0,6:0-14:0,6:0-14:0,6:0-14:0,6:0-15:0,6:0-15:0
MPhhbu9HfDK0OjdtdFN1BA,11:0-2:0,11:0-2:0,11:0-2:0,11:0-3:0,11:0-3:0,11:0-3:0,11:0-2:0
StNAnvyhVISULAFmO_Ke1Q,0:0-0:0,10:30-15:0,10:30-20:30,10:30-21:0,10:30-21:0,10:0-21:0,10:30-15:0
bCUtviPBUJORqBrfn7X-rA,11:30-22:0,11:30-22:0,11:30-22:0,11:30-22:0,11:30-22:0,11:30-22:0,11:30-22:0
kB5Ow6V9b23dETFpGAL1Hg,10:0-19:0,10:0-19:0,10:0-19:0,11:0-21:0,11:0-21:0,11:0-18:0,13:0-17:0
OMUe6NNOFEe0VdAouIqAuA,10:30-21:30,10:30-21:30,10:30-21:30,10:30-21:30,10:30-21:30,10:30-21:30,10:30-21:30
E_DXCeVllZtHV93hsAIZvw,9:0-22:0,9:0-22:0,9:0-22:0,9:0-22:0,9:0-23:0,9:0-23:0,9:0-23:0
5N8R7ALESZ30EoAzVJtabw,11:0-20:0,11:0-20:0,11:0-20:0,11:0-20:0,11:0-22:0,11:0-22:0,11:0-20:0
9V9RlgqqnPFQJfF_e9Lnmw,10:30-22:0,10:30-22:0,10:30-22:0,10:30-22:0,10:30-22:30,10:30-22:30,10:30-22:0
LelAlfuj5oVRF9CQdWLsNQ,11:0-22:0,11:0-22:0,11:0-22:0,11:0-22:0,11:0-23:0,8:0-23:0,8:0-21:0
rHmILK3NBQWiRQMr9Sk8ew,0:0-0:0,0:0-0:0,0:0-0:0,0:0-0:0,0:0-0:0,0:0-0:0,0:0-0:0
f6eYVrrILm5mcPqWKoMiHg,7:0-0:0,7:0-0:0,7:0-0:0,7:0-0:0,7:0-0:0,7:0-0:0,7:0-0:0
cbgIpJwmPVI6Zf7nUIXdFw,11:0-21:0,11:0-21:0,11:0-21:0,11:0-21:0,11:0-21:0,11:0-21:0,12:0-21:0
r1J-N3jdagwifLT_mD73Kg,0:0-0:0,16:0-2:0,16:0-2:0,16:0-2:0,16:0-4:0,16:0-4:0,16:0-4:0
yflKHx4_Dc4enRvJYWxTLg,11:0-23:0,11:0-23:0,11:0-23:0,11:0-23:0,11:0-1:0,11:0-1:0,11:0-22:0
BBJ6Y9Kb2-luoBFBfc8o9w,16:0-22:0,16:0-22:0,16:0-22:0,16:0-22:0,11:0-23:0,11:0-23:0,11:0-22:0
Ohy6TtDSeJkVAtIHXP7pMw,0:0-0:0,0:0-0:0,0:0-0:0,0:0-0:0,0:0-0:0,0:0-0:0,0:0-0:0
XpjILpOfE75xuTw4B5gkTQ,9:0-21:0,9:0-21:0,9:0-21:0,9:0-21:0,9:0-22:0,9:0-22:0,11:0-21:0
mDA6_CDxdyQ-_qO5RHloow,7:30-23:0,7:30-23:0,7:30-23:0,7:30-23:0,7:30-1:0,7:30-1:0,7:30-23:0
sQFpfRs1Flcw3evCdI2wpA,11:0-23:0,11:0-23:0,11:0-23:0,11:0-23:0,11:0-0:0,11:0-0:0,11:0-0:0
PEGtD36MLdfcsD2hc95Kiw,10:0-22:0,10:0-22:0,10:0-22:0,10:0-22:0,10:0-22:0,10:0-22:0,10:0-22:0
hGcu2YoHxNTHSMG07Kntzg,11:0-23:0,11:0-23:0,11:0-23:0,11:0-23:0,11:0-3:0,11:0-23:0,11:0-23:0
WyyJdVQBFlPVITTmjgEhlQ,10:0-4:0,10:0-4:0,10:0-4:0,10:0-4:0,10:0-4:0,10:0-4:0,10:0-4:0
FfJD4vO-iYUL2Kr0WWzNYg,17:0-1:0,17:0-1:0,17:0-1:0,17:0-3:0,16:0-3:0,16:0-3:0,16:0-1:0
cA9LmSotIsN3C8zCI94--A,12:0-22:0,12:0-22:0,12:0-22:0,12:0-22:0,12:0-23:0,12:0-23:0,12:0-22:0
IZDGxg1vdlK0-TFQ018-Sg,5:0-23:30,5:0-23:30,5:0-23:30,5:0-23:30,5:0-1:0,5:0-1:0,5:0-23:30
d4bMBIhBELF_bhkT-Sig3Q,0:0-0:0,0:0-0:0,0:0-0:0,0:0-0:0,0:0-0:0,0:0-0:0,0:0-0:0
pucWlGXJZ4kdAxQN2jkIpA,11:30-0:0,11:30-0:0,11:30-0:0,11:30-0:0,11:30-0:0,17:0-0:30,17:0-22:30
poYsvuOmVDqF4dTnjJ780A,7:0-18:30,7:0-18:30,7:0-18:30,7:0-18:30,7:0-18:30,7:0-18:0,7:0-18:0
bU9RYLrF77bxO2pSA0Ba7Q,10:45-22:0,10:45-22:0,10:45-22:0,10:45-22:0,10:45-22:0,10:45-22:0,10:45-22:0
-JFVxwdVQfX207554dx1nw,10:0-21:30,10:0-21:30,10:0-21:30,10:0-21:30,10:0-21:30,11:0-21:30,11:0-21:30
SNfVWF3AXk_0eSpq9_ry5A,11:0-23:0,11:0-23:0,11:0-23:0,11:0-23:0,11:0-0:0,11:0-0:0,11:0-23:0
82AEJCAi_-mzOcJmy_XTew,10:0-5:0,10:0-5:0,10:0-5:0,10:0-5:0,10:0-5:0,10:0-5:0,10:0-5:0
eremwEUrZUbg9FHMleD0_A,11:0-0:0,11:0-0:0,11:0-0:0,11:0-0:0,11:0-3:0,11:0-3:0,11:0-0:0
qDbVUkKMLtRqSDcKgLTx1A,11:0-21:0,11:0-21:0,11:0-21:0,11:0-21:0,11:0-23:0,11:0-23:0,11:0-20:0
fXSOxjL7FP_sVew1gXnOIw,9:30-3:0,9:30-3:0,9:30-3:0,9:30-3:0,9:30-4:0,9:30-4:0,9:30-3:0
ZLRI8ZjrzEm5fRW-ahGz_g,6:0-0:0,6:0-0:0,6:0-0:0,6:0-0:0,6:0-0:0,6:0-0:0,6:0-0:0
0KN2L1CNIj4ppjNwIKJ2nw,11:30-21:0,11:30-21:0,11:30-21:0,11:30-21:0,11:30-21:0,11:30-21:0,11:30-21:0
bXvr9e0_TQ83RI3nZwDdsg,10:0-21:0,10:0-21:0,10:0-21:0,10:0-21:0,10:0-21:0,10:0-5:0,11:0-20:0
v9u0NgjA4iQeKGevFnYSCA,0:0-0:0,0:0-0:0,0:0-0:0,0:0-0:0,0:0-0:0,0:0-0:0,0:0-0:0
qms2KpC7A0KM3DxGqXWzaQ,11:0-21:0,11:0-21:0,11:0-21:0,11:0-21:0,11:0-21:0,11:0-21:0,11:0-21:0
S47qerKWSdrq2q6XwFgYrg,11:30-22:0,11:30-22:0,11:30-22:0,11:30-22:0,11:30-22:0,11:30-22:0,11:0-21:30
4VjrVv-PBuG-al5JnUUIGg,0:0-0:0,0:0-0:0,0:0-0:0,0:0-0:0,0:0-0:0,0:0-0:0,0:0-0:0
t7m7E8foZvMHu6y7WDzhcw,7:0-23:0,7:0-23:0,7:0-23:0,7:0-23:0,7:0-0:0,7:0-0:0,8:0-23:0
ck57kpQ7uO_t5bX5j4N50Q,7:0-23:0,7:0-23:0,7:0-23:0,7:0-23:0,7:0-23:0,7:0-23:0,7:0-23:0
D9LMDxJTbMIP5drSgWp1SQ,11:0-2:0,11:0-2:0,11:0-2:0,11:0-3:0,11:0-3:0,11:0-3:0,11:0-2:0
outxUaAfepg5AujKU1-TZg,11:0-1:0,11:0-1:0,11:0-1:0,11:0-2:0,11:0-2:0,11:0-2:0,11:0-1:0
f3K2hJ2sJBCtyc1M6O2jpw,0:0-0:0,0:0-0:0,0:0-0:0,0:0-0:0,0:0-0:0,0:0-0:0,0:0-0:0
VJNR3RGqrgi-LRu70eL4sg,0:0-0:0,0:0-0:0,0:0-0:0,0:0-0:0,0:0-0:0,0:0-0:0,0:0-0:0
Vzax98BCkEM1uYibYCzqPQ,8:0-20:0,8:0-20:0,8:0-20:0,8:0-20:0,8:0-20:0,7:0-20:0,7:0-17:0
xL9EhlYVMSe2mdkisYjXog,11:0-0:0,11:0-0:0,11:0-0:0,11:0-0:0,11:0-2:0,11:0-2:0,11:0-0:0
JeGnpVwVNO8M8i5gO2Lp8A,10:0-23:0,10:0-23:0,10:0-23:0,10:0-23:0,10:0-23:0,10:0-23:0,10:0-23:0
UTj2l1Cdc6PFdPzVtJDndg,11:0-0:0,11:0-0:0,11:0-0:0,11:0-2:0,11:0-2:0,11:0-2:0,11:0-0:0
Cm-BH_7VPLP63FdI9ML6vA,0:0-0:0,0:0-0:0,0:0-0:0,0:0-0:0,0:0-0:0,0:0-0:0,0:0-0:0
BfBl4TKaTrfrZY-yGSB1jQ,10:0-21:0,10:0-21:0,10:0-21:0,10:0-21:0,10:0-21:0,10:0-21:0,11:0-19:0
XVVFgEY-0MsyEAR8SO7dzg,7:0-21:30,7:0-21:30,7:0-21:30,7:0-21:30,7:0-21:30,7:0-21:30,7:0-21:30
7xEgy2btCKLdTe1vD14ABw,10:0-23:0,10:0-23:0,10:0-23:0,10:0-23:0,10:0-0:0,10:0-0:0,10:0-23:0
68PJJkcq_i0SlLqO6t7Qxw,11:0-23:0,11:0-23:0,11:0-23:0,11:0-23:0,11:0-23:0,11:0-23:0,10:30-23:0
LVAXy83j6H0gfKA30ndGvA,16:0-2:0,16:0-2:0,16:0-2:0,16:0-2:0,14:0-2:0,11:0-2:0,11:0-2:0
QCnT5MdeWrbZ2SjvDY4_cQ,0:0-0:0,0:0-0:0,0:0-0:0,0:0-0:0,0:0-0:0,0:0-0:0,0:0-0:0
Kykw3ho8wHtLV6gr9qbWTg,0:0-0:0,11:0-21:0,11:0-21:0,11:0-21:0,11:0-22:0,11:0-22:0,11:0-21:0
QdXg79fKbFLEPePPnL02Fw,8:0-22:0,8:0-22:0,8:0-22:0,8:0-22:0,8:0-22:0,8:0-22:0,8:0-22:0
JfF1D9SWwsKqoWsVpT-6Zg,11:0-2:0,11:0-2:0,11:0-2:0,11:0-2:0,11:0-2:0,11:0-2:0,11:0-2:0
XiHEGZlZGF8xrjxC6iM3sg,0:0-0:0,0:0-0:0,0:0-0:0,0:0-0:0,0:0-0:0,0:0-0:0,0:0-0:0
yxmpQfqKDeLnSJj9dpxZ6A,5:0-23:0,5:0-23:0,5:0-23:0,5:0-23:0,5:0-0:0,5:0-0:0,7:0-23:0
AwBCgvegeFogpb3lpmpCuw,10:30-22:0,10:30-22:0,10:30-22:0,10:30-22:0,10:30-23:0,10:30-23:0,10:30-22:0
5Dccw539NNtnyCgTu5ed5A,11:0-22:0,11:0-22:0,11:0-22:0,11:0-22:0,11:0-23:0,11:0-23:0,11:0-22:0
QcdKTLeP3J5Ki-fVcPZkfA,0:0-0:0,0:0-0:0,0:0-0:0,0:0-0:0,0:0-0:0,0:0-0:0,0:0-0:0
-_yEVC3_3M6YOsamYfNFEw,10:0-21:0,10:0-21:0,10:0-21:0,10:0-21:0,10:0-21:0,10:0-21:0,10:0-21:0
8fOclthOuxV9JXGbgpacKA,7:0-18:0,7:0-18:0,7:0-18:0,7:0-18:0,7:0-18:0,8:0-4:0,9:0-16:0
KNOuvGb2HoeWnyxSOIYyHg,7:30-19:0,7:30-19:0,7:30-19:0,7:30-19:0,7:30-19:0,8:0-18:0,8:0-18:0
eB67Ak5iop5pqzKhXRzECQ,9:0-19:0,9:0-19:0,9:0-19:0,9:0-19:0,9:0-19:0,10:0-19:0,10:0-19:0
QrTvQw_aZOLk_8FZ8tQ_-w,11:30-0:0,11:30-0:0,11:30-0:0,11:30-2:0,11:30-2:0,11:30-2:0,11:30-0:0
CVEFqoWc2azMDsyEesMSZQ,0:0-0:0,14:0-21:0,16:0-22:0,16:0-22:0,16:0-22:0,11:30-22:0,11:30-20:0
1DdkhCSmKDgFmilXS9SZEA,10:0-21:0,10:0-21:0,10:0-21:0,10:0-21:0,9:0-23:0,9:0-23:0,9:0-21:0
E_jLyf_YuGgMP_rw8tvNSA,11:0-23:0,17:0-23:0,11:0-23:0,11:0-23:0,11:0-23:0,11:0-23:0,12:0-23:0
tNq5iUjDNkDmbp7WV2pUkA,11:0-21:30,11:0-21:30,11:0-21:30,11:0-21:30,11:0-22:0,11:0-22:0,11:0-21:30
Se-co1eXBho5A4YwMfKMIQ,0:0-0:0,7:0-15:0,7:0-15:0,7:0-15:0,7:0-15:0,7:0-15:0,7:0-15:0
BqXuk5peVO-lIovXCv9CyQ,0:0-0:0,11:0-21:0,11:0-21:0,11:0-21:0,11:0-21:0,11:0-21:0,9:0-18:0
hJApSwheuQhctflM4fAhYA,10:0-23:0,10:0-23:0,10:0-23:0,10:0-23:0,10:0-23:0,10:0-23:0,10:0-23:0
O66Zy8Y13VBm72ZDhS4fIg,11:30-0:0,11:30-0:0,11:30-2:0,11:30-2:0,11:30-2:0,11:30-2:0,11:30-0:0
ejcVeQztxXY6NX2O2SE0Rw,0:0-0:0,0:0-0:0,0:0-0:0,0:0-0:0,0:0-0:0,0:0-0:0,0:0-0:0
FVgHb9w4pnkRBV5bZYJaZA,0:0-0:0,0:0-0:0,0:0-0:0,0:0-0:0,0:0-0:0,0:0-0:0,0:0-0:0
iIwKW2cBAxjElE8eUzjwqA,11:0-0:0,11:0-0:0,11:0-0:0,11:0-0:0,11:0-1:0,11:0-1:0,11:0-0:0
wmId49_BwzfWd3ww6GDMeA,0:0-0:0,17:0-3:0,17:0-3:0,17:0-3:0,17:0-3:0,17:0-3:0,17:0-3:0
c_hzWIFgbmirxHnzBtkH0A,11:0-23:0,11:0-23:0,11:0-23:0,11:0-23:0,11:0-23:0,11:0-23:0,11:0-23:0
Dj-SKw-awL_g7rHgCbCOew,11:0-23:0,11:0-23:0,11:0-23:0,11:0-23:0,11:0-0:0,11:0-0:0,11:0-23:0
J7KlrDFrriWoRkIUVNRPbg,10:0-0:0,10:0-0:0,10:0-0:0,10:0-0:0,10:0-0:0,10:0-0:0,10:0-0:0
V1CvqpVdyc1XkbQRPJqLCA,7:0-1:0,7:0-1:0,7:0-1:0,7:0-1:0,7:0-2:0,7:0-2:0,7:0-0:0
Qk_g7_hCvXrtdv_XUlXXGg,11:0-23:0,11:0-23:0,11:0-23:0,11:0-23:0,11:0-0:0,11:0-0:0,11:0-22:0
WRj8rLeJpU49wqU9EmZLEg,11:30-23:0,11:30-23:0,11:30-23:0,11:30-23:0,11:30-3:0,11:30-3:0,11:30-23:0
0rrxeGhMUXZdyVt16DdKHw,9:30-20:0,9:30-20:0,9:30-20:0,9:30-21:0,9:30-21:0,9:30-21:0,9:30-20:0
DkYS3arLOhA8si5uUEmHOw,0:0-0:0,0:0-0:0,0:0-0:0,0:0-0:0,0:0-0:0,0:0-0:0,0:0-0:0
kaBMd8sgJvOh5CAgsP106g,7:0-19:0,7:0-19:0,7:0-19:0,7:0-19:0,7:0-19:0,9:30-18:0,10:0-17:0
D3E-h3moTngDIoNHeHAjOg,11:0-21:30,11:0-21:30,11:0-21:30,11:0-21:30,11:0-21:30,11:0-21:30,11:0-21:30
58ZoYIdM9trgdQgXLwszqw,11:0-21:30,11:0-21:30,11:0-21:30,11:0-21:30,11:0-22:0,11:0-22:0,11:0-21:30
la4mM0mSexjkOLe1goXJPg,16:0-22:30,16:0-22:30,16:0-22:30,16:0-22:30,12:0-23:0,12:0-23:0,12:0-22:30
Gh1BoQNMGkh91pSHqvDRAA,11:0-22:0,11:0-22:0,11:0-22:0,11:0-22:0,11:0-22:0,11:0-22:0,11:0-22:0
etgHBzJzM5UZZKbzAphp-A,10:0-1:0,10:0-1:0,10:0-1:0,10:0-1:0,10:0-2:0,10:0-2:0,10:0-1:0
JBrBsKpw0bbXK5nlrXVOYQ,11:0-21:0,11:0-21:0,11:0-21:0,11:0-21:0,11:0-22:0,11:0-22:0,11:0-21:0
U0md3UhNA2123G-vYR9hWQ,10:0-17:0,9:0-20:0,9:0-20:0,9:0-21:0,9:0-20:0,9:0-19:0,9:0-17:0
Qwm70aImivq8HopQH5QX7g,11:0-23:0,11:0-23:0,11:0-23:0,11:0-23:0,11:0-0:0,11:0-0:0,11:0-23:0
LyunOKCJ30PVfAis--hs4A,10:0-0:0,10:0-0:0,10:0-0:0,10:0-0:0,10:0-1:0,10:0-1:0,10:0-0:0
_H_0DVFM0YgeXfnEC33vuA,0:0-0:0,12:0-21:0,12:0-16:0,12:0-21:0,12:0-21:0,12:0-21:0,12:30-18:30
EBHzEtuOJz474NwRQFqJbg,11:0-2:0,11:0-2:0,11:0-2:0,11:0-2:0,11:0-3:0,11:0-3:0,11:0-3:0
eJPckkV1k7gn0V2awA1pzA,10:30-21:0,10:30-21:0,10:30-21:0,10:30-21:0,10:30-21:0,10:30-21:0,10:30-21:0
q3YnYPjLuBGRDi_59yTC5g,0:0-0:0,11:0-22:0,11:0-22:0,11:0-22:0,11:0-22:0,11:0-22:0,11:0-19:0
hO7kziifftiIViRK8dFoKA,7:0-19:0,7:0-19:0,7:0-19:0,7:0-19:0,7:0-19:0,8:0-18:0,8:0-18:0
Fl3OriheCTatMZMlNdaCnQ,11:30-22:30,11:30-22:30,11:30-22:30,11:30-22:30,11:30-23:30,11:30-23:30,11:30-22:30
25wTaO0_Rk-GLb4k2uMs0Q,17:30-22:0,17:30-22:0,17:30-22:0,17:30-22:0,17:30-22:0,17:30-22:0,17:30-22:0
N95IG-T9bbR2iNL9_an1SQ,10:30-21:0,10:30-21:0,10:30-21:0,10:30-21:0,10:30-21:0,10:30-21:0,10:30-21:0
KkVkroVMA2rBLJz529nZVw,6:0-2:0,6:0-2:0,6:0-2:0,6:0-2:0,6:0-2:0,6:0-2:0,6:0-1:0
OQ9rVtBEFFI4jkdEo9AoRg,12:0-2:0,12:0-2:0,12:0-2:0,12:0-2:0,12:0-2:0,11:0-2:0,11:0-2:0
jlF81N1Hr9tANTfMSRWsLA,10:45-22:0,10:45-22:0,10:45-22:0,10:45-22:0,10:45-22:0,10:45-22:0,10:45-22:0
2i0dDzxLuQQAwzxDZVR-1g,8:0-23:0,8:0-23:0,8:0-23:0,8:0-23:0,8:0-23:0,8:0-23:0,8:0-23:0
-N_agk8RUHvHk3GVDsyunQ,0:0-0:0,0:0-0:0,0:0-0:0,0:0-0:0,0:0-0:0,0:0-0:0,0:0-0:0
cmzL5S9QOjeiU3YzopM3JA,0:0-0:0,0:0-0:0,0:0-0:0,0:0-0:0,0:0-0:0,0:0-0:0,0:0-0:0
2NiBvT5zL272IRcxru_x9A,11:0-22:0,11:0-22:0,11:0-22:0,11:0-23:0,11:0-0:0,11:0-0:0,11:0-22:0
mEhW0TYZi1xor_Xp15Fc2w,10:0-21:0,10:0-21:0,10:0-21:0,10:0-21:0,10:0-21:0,10:0-21:0,10:0-21:0
ozMd45nXHTCl3mdOwouwlw,0:0-0:0,11:0-21:0,11:0-21:0,11:0-21:0,11:0-21:0,11:0-21:0,13:0-21:0
naRs_pZV1k6ANa6Hd_VHsw,9:0-0:0,9:0-0:0,9:0-0:0,9:0-0:0,9:0-2:0,9:0-2:0,9:0-0:0
4Wou6LarHqefHP21qRu0Ag,6:0-2:0,6:0-2:0,6:0-2:0,6:0-2:0,6:0-2:0,6:0-2:0,6:0-2:0
g6ezOwLIRXGzWVbyTZL_DA,11:0-2:0,11:0-2:0,11:0-2:0,11:0-2:0,11:0-2:0,11:0-2:0,11:0-2:0
oFHvr1cAktvU-bQgrl4aPw,7:0-0:0,7:0-0:0,7:0-0:0,7:0-0:0,7:0-0:0,7:0-0:0,7:0-0:0
YI08egmS9lWWB6N6MmrePw,11:0-21:0,11:0-21:0,11:0-21:0,11:0-21:0,11:0-21:0,11:0-21:0,11:0-21:0
Wq9yflrKX79xKiY__BvCoQ,11:0-21:0,11:0-21:0,11:0-21:0,11:0-21:0,11:0-21:0,11:0-21:0,11:0-21:0
uMQV2qwiviaCA61tvEjmFQ,11:0-22:0,11:0-22:0,11:0-22:0,11:0-22:0,11:0-23:0,11:0-22:0,12:0-20:0
ZZ2TTInNyOKPAc0PrcrHfg,7:0-22:0,7:0-22:0,7:0-22:0,7:0-22:0,7:0-22:0,7:0-22:0,7:0-22:0
Oy7IBK9CcfnBrP5EZaOEiQ,0:0-0:0,7:30-17:0,7:30-19:30,7:30-19:30,7:30-19:30,8:0-16:0,9:0-16:30
VHW4OkWuFyQjb0ggEUgTPg,7:0-15:0,7:0-15:0,7:0-15:0,7:0-15:0,7:0-15:0,7:0-15:0,7:0-15:0
eKxr0FVXo4KDCGMFfQtqfg,10:0-22:0,10:0-22:0,10:0-22:0,10:0-22:0,10:0-22:0,10:0-21:0,10:0-20:0
6nbmlMVmbifIjrEEbCaA6w,9:0-21:0,9:0-21:0,9:0-21:0,9:0-21:0,9:0-21:0,9:0-21:0,10:0-21:0
kWe8Tq19JHqLYo5rtQpjJg,6:30-18:30,6:30-18:30,6:30-18:30,6:30-18:30,6:30-18:30,6:30-18:30,6:30-18:30
27_N5P9HZ86IviONPT_twg,17:0-22:0,17:0-22:0,17:0-22:0,17:0-23:0,17:0-23:0,17:0-23:0,17:0-22:0
k9AaulyfonmUlkmI3uMiQQ,11:0-1:0,11:0-1:0,11:0-1:0,11:0-1:0,11:0-2:0,11:0-2:0,11:0-1:0
iHi-7vmZ6vQ1Kx6HOrqxKQ,7:0-23:0,7:0-23:0,7:0-23:0,7:0-23:0,7:0-0:0,7:0-0:0,7:0-23:0
Sx2pqHFFerBjzHQSLcxBAQ,0:0-0:0,0:0-0:0,0:0-0:0,0:0-0:0,0:0-0:0,0:0-0:0,0:0-0:0
8vkFJ_kA8XxDyjHfmsdEOg,11:0-22:0,11:0-22:0,11:0-22:0,11:0-22:0,11:0-22:0,11:0-22:0,11:0-22:0
qL1YWy7auU6K7H68WQxNqw,7:0-0:0,7:0-0:0,7:0-0:0,7:0-0:0,7:0-1:0,7:0-1:0,7:0-0:0
617wOC5iiA17lw4t_W9Saw,4:0-1:0,4:0-1:0,4:0-1:0,4:0-1:0,0:0-0:0,0:0-0:0,4:0-1:0
FATSrR3ZC1qjtQ3ApH4reQ,11:0-22:0,11:0-22:0,11:0-22:0,11:0-22:0,11:0-22:0,11:0-22:0,11:0-22:0
owyqzFdNleiX7_ic6KSqkg,6:0-20:0,6:0-20:0,6:0-20:0,6:0-20:0,6:0-20:0,6:0-20:0,6:0-20:0
UK2Onb024Azao0DrTHSvhg,11:0-21:0,11:0-21:0,11:0-21:0,11:0-21:0,11:0-21:0,11:0-21:0,11:0-19:0
5XORYO9raiXVZSGGPvjSmA,0:0-0:0,0:0-0:0,0:0-0:0,0:0-0:0,0:0-0:0,0:0-0:0,0:0-0:0
Pd52CjgyEU3Rb8co6QfTPw,8:30-22:30,8:30-22:30,8:30-22:30,8:30-22:30,8:30-22:30,8:30-22:30,8:30-22:30
nIsfnwlnS_9TieULU4Z6JA,6:0-0:0,6:0-0:0,6:0-0:0,6:0-0:0,6:0-0:0,6:0-0:0,7:0-0:0
E4wuEcTEmuq7kvgSbTDLFQ,11:0-2:0,11:0-2:0,11:0-2:0,11:0-3:0,11:0-3:0,11:0-3:0,11:0-2:0
FygWGVRGu9iBdoNU5f2rBw,0:0-0:0,12:0-22:0,17:0-22:0,17:0-22:0,17:0-23:0,17:0-23:0,17:0-22:0
x6fYvse8sBOZf9y8BOZZmA,17:30-23:30,17:30-23:30,17:30-23:30,17:30-23:30,17:30-0:30,17:30-0:30,17:30-23:30
y0x795PyDX8JL_oyIaTUiQ,0:0-0:0,0:0-0:0,0:0-0:0,0:0-0:0,0:0-0:0,0:0-0:0,0:0-0:0
O7HkpdnXpwKNgsA9DbMPhw,7:30-16:0,7:30-16:0,7:30-16:0,7:30-16:0,7:30-16:0,10:0-17:0,10:0-17:0
E3X8OaMYJckk4LJGd-Wd4w,8:30-15:0,8:30-15:0,8:30-15:0,8:30-15:0,8:30-15:0,9:0-15:0,9:0-15:0
MpT8KheTjs7TSDWIoMUFxg,11:0-21:30,11:0-21:30,11:0-21:30,11:0-21:30,11:0-22:0,11:0-22:0,11:0-21:30
8-4EI1VyBQsMEvScE4LEJw,17:0-22:0,17:0-22:0,17:0-22:0,17:0-22:0,17:0-22:0,17:0-22:0,15:0-22:0
qjmcNUgd9tcyrAETcjvLsA,10:0-22:30,10:0-22:30,10:0-22:30,10:0-23:0,10:0-23:0,11:0-23:0,11:0-22:30
BLDArCmdbbCnUcfLrxnrlQ,11:30-23:0,11:30-23:0,11:30-23:0,11:30-23:0,11:30-23:0,11:30-23:0,11:30-23:0
gBfPyzPRmeOaj3SdcIj0Rw,12:0-22:0,12:0-22:0,12:0-22:0,12:0-22:0,12:0-23:0,12:0-23:0,12:0-22:0
FW_zg6VuyW5v_vM394gWAw,11:0-21:0,11:0-21:0,11:0-21:0,11:0-21:0,11:0-22:0,11:0-22:0,11:0-21:0
-dSfSU0Nwwh2b0aLo5ifyw,11:0-22:0,11:0-22:0,11:0-22:0,11:0-22:0,11:0-22:0,11:0-22:0,11:0-22:0
eZqoDfBg-xOS8WdcZCYM2A,11:0-16:0,11:0-14:0,11:0-18:0,11:0-18:0,23:0-3:0,11:0-16:0,15:0-18:0
xDvl_i1g1HCJ4EmIRmwfqg,0:0-0:0,0:0-0:0,0:0-0:0,0:0-0:0,0:0-0:0,0:0-0:0,0:0-0:0
G4XcXQhdS9Pt39bVDdfVCg,4:30-0:0,4:30-0:0,4:30-0:0,4:30-4:0,4:30-4:0,4:30-4:0,4:30-0:0
zBrm-ejSU0QwDlpFyCs9zQ,12:0-2:0,12:0-2:0,12:0-2:0,12:0-2:0,12:0-2:0,11:0-2:0,11:0-2:0
jq9gzjKbVWgeMYzA0aFzxw,7:0-19:0,7:0-19:0,7:0-19:0,7:0-19:0,7:0-19:0,7:0-19:0,7:0-19:0
h_NnD6TPuhIFy2ZdqOlUgQ,8:0-20:0,8:0-20:0,8:0-20:0,8:0-20:0,8:0-20:0,8:0-20:0,10:0-18:0
KTgbFortwSnFSsQDhoXpTA,0:0-0:0,0:0-0:0,0:0-0:0,0:0-0:0,0:0-0:0,0:0-0:0,0:0-0:0
cjatara6LkXRu2BXD_jxlA,16:0-2:0,16:0-2:0,16:0-2:0,16:0-2:0,16:0-2:0,16:0-2:0,16:0-2:0
SN69A7A6gnjAJiN9wnNWHQ,11:30-22:0,11:30-22:0,11:30-22:0,11:30-22:0,11:30-22:0,11:30-22:0,11:0-21:30
L3cr192keA1dWb_ebk1pJQ,10:0-0:0,10:0-0:0,10:0-0:0,10:0-0:0,10:0-0:0,10:0-0:0,10:0-0:0
oI11Y5AZscmmn12Yv3PinQ,0:0-0:0,0:0-0:0,0:0-0:0,0:0-0:0,0:0-0:0,0:0-0:0,0:0-0:0
xA4QVCgYHhuHoziwQNUWBg,11:0-0:0,11:0-0:0,11:0-0:0,11:0-0:0,11:0-0:0,11:0-0:0,11:0-0:0
j4qZTfkB3eWpvOv2FXtzeQ,0:0-0:0,0:0-0:0,0:0-0:0,0:0-0:0,0:0-0:0,0:0-0:0,0:0-0:0
xYeLEIWbG0IBnMGU2mWUBg,11:30-0:0,11:30-0:0,11:30-0:0,11:30-0:0,11:30-0:0,11:30-0:0,11:30-0:0
GW5oBBgoznV97tIap_WRZw,11:0-19:0,11:0-19:0,11:0-19:0,11:0-19:0,11:0-19:0,11:0-19:0,12:0-18:0
YSUcHqlKMPHHJ_cTrqtNrA,11:0-23:0,11:0-23:0,11:0-23:0,11:0-23:0,11:0-23:0,12:0-23:0,12:0-22:0
-uYAkAplo7a4WM7c6lDrWQ,11:0-21:0,11:0-21:0,11:0-21:0,11:0-21:0,11:0-22:0,11:0-22:0,11:0-21:0
_ng1XrWNbJZgAsqZlyb7cg,10:0-22:0,10:0-22:0,10:0-22:0,10:0-22:0,10:0-22:0,10:0-22:0,10:0-22:0
dCRd0MAt1Oth3BEUFF08Dg,6:30-23:0,6:30-23:0,6:30-23:0,6:30-23:0,6:30-23:0,0:0-0:0,0:0-0:0
7m1Oa1VYV98UUuo_6i0EZg,11:0-20:0,11:0-20:0,11:0-20:0,11:0-20:0,11:0-21:0,11:0-21:0,11:0-20:0
ZL15NFVdN7hG0NUXppkU9Q,0:0-0:0,10:0-21:0,10:0-21:0,10:0-21:0,10:0-21:0,10:0-21:0,10:30-19:0
0WPXDs4ini3D7jpiy1Daqw,7:0-22:0,7:0-22:0,7:0-22:0,7:0-22:0,7:0-0:0,7:0-0:0,7:0-22:0
ryEwIARbKHvb0lCkAam8dQ,8:0-22:0,8:0-22:0,8:0-22:0,8:0-22:0,8:0-23:0,8:0-23:0,8:0-22:0
oKZPgeCOxnVSxudYcn1OtQ,11:30-0:0,11:30-0:0,11:30-0:0,11:30-2:0,11:30-2:0,11:30-2:0,11:30-0:0
imZGzMSS6fB_h20zu35DBw,10:0-0:0,10:0-0:0,10:0-0:0,10:0-2:0,10:0-2:0,8:0-2:0,8:0-20:0
ZG8PZgaMKhdJUpNxkc9Diw,0:0-0:0,11:0-0:0,11:0-0:0,11:0-0:0,11:0-2:0,11:0-2:0,10:0-20:0
4JxFc9_0epj0YJPcJy3Xsg,11:30-22:0,11:30-22:0,11:30-22:0,11:30-22:0,11:30-22:0,12:0-22:0,12:0-21:0
OUP9dy2eu_-2Mga3DpSFfQ,12:0-20:0,11:0-21:0,11:0-21:0,11:0-21:0,11:0-21:0,11:0-21:0,11:0-20:0
Hliq9wrI1BcR-xcG_C9_Qg,15:0-22:0,15:0-22:0,15:0-22:0,15:0-22:0,11:0-23:0,11:0-23:0,11:0-23:0
PpreEj90GJUDm7LHI6kPOA,9:0-22:0,9:0-22:0,9:0-22:0,9:0-22:0,9:0-23:0,9:0-23:0,9:0-22:0
sVrkLeKlDfCKjQWfcHVqrg,10:0-23:0,10:0-23:0,10:0-23:0,10:0-23:0,10:0-23:0,10:0-23:0,10:0-23:0
apL0x9CFcXEQMnyjUOnQAQ,11:0-0:0,11:0-0:0,11:0-0:0,11:0-1:0,11:0-3:0,11:0-3:0,11:0-22:0
KHROx3AxX8btg70JDPbIqg,0:0-0:0,0:0-0:0,0:0-0:0,0:0-0:0,0:0-0:0,0:0-0:0,0:0-0:0
pdy6EAcJvZks1hKogxOj6Q,1:0-21:0,11:0-21:0,11:0-21:0,11:0-21:0,11:0-21:30,11:0-21:30,12:0-21:0
ElWzx5_fU8S2G45OnM-HpA,0:0-0:0,11:0-21:30,11:0-21:30,11:0-21:30,11:0-22:30,10:0-22:30,10:0-15:0
ESDIZvGMiFl7MfriZpXEqw,10:30-1:0,10:30-1:0,10:30-1:0,10:30-1:0,10:30-1:30,10:30-1:30,10:30-1:0
twX6mYg7TT1ImLUJflt5Tg,8:0-19:0,8:0-19:0,8:0-19:0,8:0-19:0,8:0-19:0,8:0-19:0,8:0-19:0
iEulhGpJwNygO9eYgbdxtg,0:0-0:0,0:0-0:0,0:0-0:0,0:0-0:0,0:0-0:0,0:0-0:0,0:0-0:0
Yv4P4qUwd7F-qQ4Y4eD1JQ,17:0-2:30,17:0-2:30,17:0-2:30,17:0-2:30,17:0-2:30,17:0-2:30,17:0-2:30
mlkVAm2DkGnKnNVR1AnQLA,0:0-0:0,0:0-0:0,0:0-0:0,0:0-0:0,0:0-0:0,0:0-0:0,0:0-0:0
fcUZ0HlaO1bMW26tzQZVOQ,0:0-0:0,0:0-0:0,0:0-0:0,0:0-0:0,0:0-0:0,0:0-0:0,0:0-0:0
5Qoq8cif3nMCQUN-urH8YA,9:0-23:0,9:0-23:0,9:0-23:0,9:0-23:0,9:0-0:0,9:0-0:0,9:0-23:0
xRu_KfaJcowaKbr8nNnm0Q,11:30-22:0,11:30-22:0,11:30-22:0,11:30-22:0,11:30-22:0,11:30-22:0,11:0-21:30
d2k0I5mbDiOYrCAjJLLMiQ,11:0-21:0,11:0-21:0,11:0-21:0,11:0-21:0,11:0-21:0,12:0-21:0,12:0-21:0
oLbHJ_qJh78Kw4fhUw1HGg,11:0-21:30,11:0-21:30,11:0-21:30,11:0-21:30,11:0-22:0,11:0-22:0,11:0-21:30
atLCqV8RGezSxgLzcM9HaQ,8:0-22:0,8:0-22:0,8:0-22:0,8:0-22:0,8:0-22:0,8:0-22:0,8:0-22:0
9O-L6F0cMfNmE5i07pN_xQ,0:0-0:0,8:0-18:0,8:0-18:0,7:0-19:0,7:0-19:0,7:0-19:0,7:0-19:0
LUDX--wfStrKavGyitk4nA,16:0-23:0,16:0-23:0,16:0-23:0,16:0-23:0,16:0-23:0,16:0-23:0,16:0-22:0
Q8uwArm4h8bhsqxw84Gd8w,0:0-0:0,16:0-22:0,16:0-22:0,16:0-22:0,16:0-22:0,13:0-22:0,13:0-21:0
AIeGHVUVZLBlJmdl7pJHJg,6:30-23:0,6:30-23:0,6:30-23:0,6:30-23:0,6:30-23:0,7:0-23:0,7:0-23:0
qJA-fSlnamDWHtQxvJITfA,11:0-23:0,11:0-23:0,11:0-23:0,11:0-23:0,11:0-23:0,11:0-23:0,12:0-22:0
Qmwfg-PtYuCo5Q_IwcA_HQ,17:0-23:0,17:0-23:0,17:0-23:0,17:0-23:0,17:0-0:0,17:0-0:0,17:0-23:0
OMhJbPB9LNAdQu1bwuiEIQ,7:30-16:0,7:30-16:0,7:30-16:0,7:30-16:0,7:30-16:0,8:0-16:0,8:0-15:0
TMn3xLDiI9_y-AgTYb1gSA,0:0-0:0,12:0-22:0,12:0-22:0,12:0-22:0,12:0-23:0,12:0-23:0,12:0-22:0
2vuAlukfUZf3vbHsexEeDw,0:0-0:0,0:0-0:0,0:0-0:0,0:0-0:0,0:0-0:0,0:0-0:0,0:0-0:0
lOmt6Edj6A4OZBUIUwtI8Q,9:0-21:0,9:0-21:0,9:0-21:0,9:0-21:0,9:0-22:0,9:0-22:0,9:0-21:0
ZNfmAHWxq6BddtPGgEgKIA,7:0-22:0,7:0-22:0,7:0-22:0,7:0-22:0,7:0-22:0,8:0-22:0,9:0-22:0
G7yeF8yMra1_kymdxPVCWQ,0:0-0:0,0:0-0:0,0:0-0:0,0:0-0:0,0:0-0:0,0:0-0:0,0:0-0:0
ldUwLnF4grOEXE-LXN94QA,11:0-22:0,11:0-22:0,11:0-22:0,11:0-22:0,11:0-22:0,11:0-23:0,11:0-22:0
TB7bScfRFBJehXSu_1MMSw,5:0-0:0,5:0-0:0,5:0-0:0,5:0-0:0,5:0-0:0,5:0-0:0,5:0-0:0
wN2zNgEK-QizEA_NKAHj6Q,0:0-0:0,11:0-0:0,11:0-0:0,11:0-0:0,17:0-1:0,11:0-1:0,11:0-0:0
SvIXTIcPjZFrSHb8w-xtBg,6:0-22:0,6:0-22:0,6:0-22:0,6:0-22:0,6:0-22:0,6:0-22:0,8:0-22:0
kgffcoxT6BQp-gJ-UQ7Czw,9:0-21:0,9:0-21:0,9:0-21:0,9:0-21:0,9:0-21:0,9:0-21:0,9:0-21:0
kc5JPu8lkg64yUbrheJxng,10:0-2:0,10:0-2:0,10:0-2:0,10:0-2:0,10:0-2:0,10:0-2:0,10:0-2:0
DyVteo8Blf5gEfC9QbJE9A,0:0-0:0,0:0-0:0,0:0-0:0,0:0-0:0,0:0-0:0,0:0-0:0,0:0-0:0
pSMK_FtULKiU-iuh7SMKwg,11:0-23:0,11:0-23:0,11:0-23:0,11:0-23:0,11:0-0:0,11:0-0:0,11:0-23:0
iXTl2p0w4Fnv8wZNeOEbhw,11:0-22:0,11:0-22:0,11:0-22:0,11:0-22:0,11:0-23:0,11:0-23:0,11:0-22:0
Z0PvhaSGgR5NsoXctsUa5A,6:0-19:30,6:0-19:30,6:0-19:30,6:0-19:30,6:0-18:0,7:30-12:30,7:30-12:30
vBJ3qJi2Hk_OyYV_FkqCtw,9:0-20:0,9:0-20:0,9:0-20:0,9:0-20:0,9:0-20:0,9:0-20:0,9:0-20:0
h0fQdldYxuG1Utc_ZK1z0A,8:0-22:0,8:0-22:0,8:0-22:0,8:0-22:0,7:0-17:0,9:30-16:0,15:0-22:0
8FqfLM0Kv3Grr9l8bOAlCA,9:0-23:0,9:0-23:0,9:0-23:0,9:0-23:0,9:0-0:0,9:0-0:0,9:0-23:0
QNfh79NwsNnl-AngRhg2ww,17:0-23:0,17:0-23:0,17:0-23:0,17:0-23:0,17:0-0:0,17:0-0:0,17:0-23:0
YPavuOh2XsnRbLfl0DH2lQ,9:0-22:0,9:0-22:0,9:0-22:0,9:0-22:0,8:0-23:0,8:0-23:0,8:0-18:0
Sp8dpnVOh0SG4_4A3IOT_w,9:0-19:0,9:0-19:0,9:0-19:0,9:0-19:0,9:0-19:30,9:0-19:0,9:0-19:0
6f2imTsIysASgHh2t91OOQ,17:30-1:0,17:30-1:0,17:30-1:0,17:30-1:0,17:30-2:0,17:30-2:0,17:30-1:0
0Hcks5q-DgJbDlmEWolx4A,16:0-22:0,16:0-22:0,16:0-22:0,16:0-22:0,16:0-22:30,11:0-22:30,11:0-21:0
hy1TkGNnDuHfUHf_7kUqRw,7:0-0:0,7:0-0:0,7:0-0:0,7:0-0:0,7:0-0:0,7:0-0:0,7:0-0:0
5Ktv5ZmJI0CN4L0KxDWJvw,0:0-0:0,11:0-22:0,11:0-22:0,11:0-22:0,11:0-22:0,11:0-22:0,10:0-21:0
SqxIx0KbTmCvUlOfkjamew,11:0-22:0,11:0-22:0,11:0-22:0,11:0-22:0,11:0-22:0,11:0-22:0,11:0-22:0
2m4092MsMzEHkuxodaj6-g,11:0-1:0,11:0-1:0,11:0-1:0,11:0-1:0,11:0-1:0,11:0-1:0,11:0-1:0
XglMkgLbu2U0wsbLTOQhxw,0:0-0:0,0:0-0:0,0:0-0:0,0:0-0:0,0:0-0:0,0:0-0:0,0:0-0:0
YwLZ6RDKKhPAoAOP5m_elA,11:0-22:0,11:0-22:0,11:0-22:0,11:0-22:0,11:0-22:0,11:0-22:0,11:0-22:0
_MHUEErH3KW_KvVSOjyYhg,11:0-21:0,11:0-21:0,11:0-21:0,11:0-21:0,11:0-22:0,11:0-22:0,12:0-21:0
jYIqQ9rovccjFtJhiEWVnQ,16:0-2:0,16:0-2:0,16:0-2:0,16:0-2:0,16:0-2:0,16:0-2:0,16:0-2:0
lI4azrL2urejaJJX-uJ1-A,11:30-22:0,11:30-22:0,11:30-22:0,11:30-22:0,11:30-22:0,11:30-22:0,11:30-22:0
C8_zdU7zGLUK3uC4e5AepQ,11:30-2:30,11:30-2:30,11:30-2:30,11:30-2:30,11:30-2:30,11:30-2:30,11:30-0:0
fK1oj0dk9Bc6KsBk5mMDxg,12:0-22:0,12:0-22:0,12:0-22:0,12:0-22:0,12:0-23:0,12:0-23:0,12:0-22:0
u5XWrLv6uo3i_rhxH4wLDA,7:0-15:0,7:0-15:0,7:0-15:0,7:0-15:0,7:0-15:0,7:0-16:0,7:0-16:0
dpP8fIiaxypAD7NBRf38fg,11:0-23:0,11:0-23:0,11:0-23:0,11:0-23:0,11:0-0:0,11:0-0:0,11:0-23:0
XkVSo8q8AKaXa20NkjkQNg,10:0-22:0,10:0-22:0,10:0-22:0,10:0-22:0,10:0-22:0,10:0-22:0,10:0-22:0
RJx_V39W3KGO1ORr99NCBw,16:0-3:0,16:0-3:0,16:0-3:0,16:0-3:0,16:0-3:0,16:0-3:0,16:0-3:0
i2sSSIrgQg1fVjqYXZLvNA,9:0-22:0,9:0-22:0,9:0-22:0,9:0-22:0,9:0-22:0,9:0-22:0,9:30-21:0
AYTlIG4ys4UozaZi_q4L5w,11:30-22:0,11:30-22:0,11:30-0:0,17:0-22:30,17:0-22:30,17:0-22:30,11:30-22:0
s8FKeP99MPwqjfHoip6lOw,11:30-22:0,11:30-22:0,11:30-22:0,11:30-22:0,12:0-23:0,12:0-23:0,12:0-20:0
9hEPwq1GmU1dp3ZyBB9ASQ,0:0-0:0,0:0-0:0,0:0-0:0,0:0-0:0,0:0-0:0,0:0-0:0,0:0-0:0
ZztPR3OnI8hlKerG5e72hQ,17:0-2:0,17:0-2:0,17:0-2:0,17:0-2:0,17:0-2:0,17:0-2:0,17:0-2:0
HnbkGxUs7oWKYDeB-Pk82Q,6:0-0:0,6:0-0:0,6:0-0:0,6:0-0:0,6:0-1:0,6:0-1:0,6:0-0:0
w_7VFr4bZiTl65HWEf0SVQ,7:0-22:0,7:0-22:0,7:0-22:0,7:0-22:0,7:0-22:0,7:0-22:0,7:0-22:0
FL_UG4G1btvH5K3TVDvnew,7:0-19:0,7:0-19:0,7:0-19:0,7:0-19:0,7:0-19:0,7:0-18:0,7:0-18:0
bjrPt4DN1r4HpiR0Y8ofvg,6:0-20:0,6:0-20:0,6:0-20:0,6:0-20:0,6:0-20:0,6:0-20:0,6:0-20:0
AfL8Ds7ex73tfVbq3EFWKg,10:30-21:30,10:30-21:30,10:30-21:30,10:30-21:30,10:30-21:30,10:30-21:30,10:30-21:0
OwZM33ZI8LZVknaLICWIhw,11:0-20:0,11:0-20:0,11:0-20:0,11:0-20:0,11:0-21:0,11:0-21:0,11:0-20:0
Jo3Cpvf8fpfcAIFG3TagbQ,11:0-22:30,11:0-22:30,11:0-22:30,11:0-23:0,11:0-23:0,11:0-0:0,11:0-23:0
MdxMiFVRKvYdbna9oUEPZg,5:0-23:0,5:0-23:0,5:0-23:0,5:0-23:0,5:0-23:0,5:0-23:0,5:0-23:0
E3fK-R2ShkZc6tIta_3pbw,10:0-21:0,10:0-21:0,10:0-21:0,10:0-21:0,10:0-21:0,10:0-21:0,10:0-18:30
QRAYQVcUKEYhqVACMs4L9w,0:0-0:0,11:30-22:0,11:30-22:0,11:30-22:0,11:30-22:0,12:0-22:0,17:0-22:0
NBtUS6ihgRMbrk0s8g3RUw,17:0-21:0,17:0-21:0,17:0-21:0,17:0-21:0,17:0-21:0,12:0-21:0,12:0-21:0
bMchstbw4IPp19vpERj8cA,10:0-18:0,10:0-18:0,10:0-18:0,10:0-18:0,10:0-18:0,10:0-18:0,10:0-18:0
I8j1gHLKNJVN4dNVUOsedw,6:0-18:0,6:0-18:0,6:0-18:0,6:0-18:0,0:0-0:0,0:0-0:0,0:0-0:0
KJ6DuC0Jve9hAtzM2SGNOQ,0:0-0:0,0:0-0:0,0:0-0:0,0:0-0:0,0:0-0:0,0:0-0:0,0:0-0:0
CKl_mzN-FXTuag0p1DObaQ,11:0-22:0,11:0-22:0,11:0-22:0,11:0-22:0,11:0-23:0,12:0-23:0,12:0-22:0
gTzBrOVpzlRGi9po3UzcJQ,7:0-22:0,7:0-22:0,7:0-22:0,7:0-22:0,7:0-22:0,7:0-22:0,7:0-22:0
HV_TRGJdMurmJkqkdRGaww,8:0-22:0,8:0-22:0,8:0-22:0,8:0-22:0,8:0-23:0,8:0-23:0,8:0-22:0
hQ66PZ605HFoaHW0dZAmYQ,11:30-18:0,11:30-21:45,11:30-21:45,11:30-21:45,11:30-21:45,10:0-21:45,10:0-18:0
R5ZvZ97FDp2bD93CNKg-zQ,11:30-23:0,11:30-23:0,11:30-23:0,11:30-23:0,11:30-23:0,12:0-23:0,17:0-22:0
6cz8xLR64Iuzpa4NNcFHqg,11:30-22:30,11:30-22:30,11:30-22:30,11:30-23:0,11:30-2:0,11:30-1:0,16:0-22:0
gTHo2aGgiG-jqy-_C2OhSg,7:0-23:0,7:0-23:0,7:0-23:0,7:0-23:0,7:0-23:0,7:0-23:0,7:0-23:0
Lu4pQHQCRXI773PeP3PjTA,11:0-23:0,11:0-23:0,11:0-23:0,11:0-23:0,11:0-23:0,11:0-23:0,11:0-23:0
O0KPQu0zouowlJZWsJrSXw,7:0-7:0,7:0-7:0,7:0-7:0,7:0-7:0,7:0-7:0,7:0-7:0,7:0-7:0
D3dAx-QW_uuClz4MambeHA,5:30-10:0,5:30-10:0,5:30-10:0,5:30-10:0,5:30-10:0,5:30-10:0,6:30-17:30
RC4oyPNX3FVTCfxsDeJI6A,5:0-16:0,5:0-16:0,5:0-16:0,5:0-16:0,5:0-16:0,6:0-16:0,6:0-16:0
mUdalYTuAtnZm2K9zoH27Q,17:0-22:0,17:0-22:0,17:0-22:0,17:0-22:0,17:0-22:0,17:0-22:0,17:0-22:0
PnSOaN7kg6S9fFHX9RCtMA,10:0-0:0,10:0-0:0,10:0-0:0,10:0-0:0,10:0-0:0,10:0-0:0,10:0-0:0
JmZj7wzAJ7_4ksjG9WXdqw,9:0-9:0,9:0-9:0,9:0-9:0,9:0-9:0,9:0-9:0,9:0-9:0,9:0-9:0
fg_KGtLwAw2IpXin0KdAZA,6:0-0:0,6:0-0:0,6:0-0:0,6:0-0:0,6:0-0:0,6:0-0:0,6:0-0:0
_-QrdVYJbebaC2qschZ6iQ,10:30-22:0,10:30-22:0,10:30-22:0,10:30-22:0,10:30-23:0,10:30-23:0,10:30-22:0
N-L7ISdndWsIWdK0fn29wg,0:0-0:0,0:0-0:0,0:0-0:0,0:0-0:0,0:0-0:0,0:0-0:0,0:0-0:0
ixfpsy7M6vLAe0Xf-EWH4g,8:0-16:0,7:0-18:0,7:0-18:0,7:0-18:0,7:0-18:0,7:0-18:0,8:0-17:0
Gml97gSULiA6HFjie01d3Q,0:0-0:0,10:0-23:0,10:0-23:0,10:0-23:0,10:0-23:0,10:0-23:0,10:0-23:0
lF3klLu44Jaq3UqO9a50Pg,10:0-22:0,10:0-22:0,10:0-22:0,10:0-22:0,10:0-22:0,10:0-22:0,10:0-22:0
-Ggr1M22MxTbP2J8L7oHqw,11:0-0:0,11:0-0:0,11:0-0:0,11:0-0:0,11:0-2:0,11:0-2:0,11:0-0:0
xtYiHTmunjfCN2sUaQxBjA,0:0-0:0,0:0-0:0,0:0-0:0,0:0-0:0,0:0-0:0,0:0-0:0,0:0-0:0
8bYXg27QEoAx7us15eIL5g,11:0-23:0,11:0-23:0,11:0-23:0,11:0-23:0,11:0-0:0,11:0-0:0,11:0-23:0
elqbBhBfElMNSrjFqW3now,11:0-22:0,11:0-22:0,11:0-22:0,11:0-22:0,11:0-22:0,12:0-22:0,12:0-22:0
Q_DeJQmmoLr8s47wPIzmow,12:0-2:0,12:0-2:0,12:0-2:0,12:0-2:0,12:0-2:0,12:0-2:0,12:0-2:0
plnZTiH4rmzsjuALAzouNw,4:0-1:0,4:0-1:0,4:0-1:0,4:0-1:0,4:0-1:0,4:0-1:0,4:0-1:0
H6DatYLpe0lYdYb37JpMyA,16:0-2:0,16:0-2:0,16:0-2:0,16:0-2:0,16:0-2:0,12:0-2:0,12:0-2:0
GisIy4El3OAxJwnkovgv_A,10:0-21:0,10:0-21:0,10:0-21:0,10:0-21:0,10:0-21:0,10:0-21:0,10:0-18:0
wurpJbu7mISq-7i27VG2mg,7:0-15:0,7:0-15:0,7:0-15:0,7:0-15:0,7:0-15:0,7:0-16:0,7:0-16:0
9bPeWHLGZPFGLob-iJyQdQ,11:30-22:0,11:30-22:0,11:30-22:0,11:30-22:0,11:30-22:0,11:30-22:0,11:30-22:0
014FsLbXZrHg3k1LsRgElQ,11:30-22:0,11:30-22:0,11:30-22:0,11:30-22:0,11:30-22:0,11:30-22:0,11:0-21:30
71bwX-tbmq4su8H7Q9oLOQ,0:0-0:0,0:0-0:0,0:0-0:0,0:0-0:0,0:0-0:0,0:0-0:0,0:0-0:0
y1Bf_dA_FUggDqYoFSdGfQ,6:0-23:0,6:0-23:0,6:0-23:0,6:0-23:0,6:0-0:0,6:0-0:0,7:0-23:0
GRR61NwIkgpzPjQVjx5LAA,8:0-23:0,8:0-23:0,8:0-23:0,8:0-23:0,8:0-23:0,9:0-23:0,10:0-23:0
9u7knPXVCUOwnsz8sTTT_w,9:0-20:0,9:0-20:0,9:0-20:0,9:0-20:0,9:0-2:0,9:0-20:0,9:0-20:0
hz2auCaURcLk13UHOBlm3g,4:0-21:0,4:0-21:0,4:0-21:0,4:0-21:0,4:0-21:0,4:0-21:0,4:0-21:0
Njc2gHb5Z_ufkA_ow7hKqw,11:30-23:0,11:30-23:0,11:30-23:0,11:30-23:0,11:30-1:0,11:0-1:0,11:30-23:0
gG4aW7XLL859HnOLwydrDw,11:0-0:0,11:0-0:0,11:0-0:0,11:0-1:0,11:0-2:0,11:0-2:0,11:30-23:30
9wNrqTeoEepFSbFu4QLuUQ,11:0-22:0,11:0-22:0,11:0-22:0,11:0-22:0,11:0-23:0,11:0-23:0,11:0-22:0
V_RD57ea9ATcoryET1vTkA,9:0-21:0,9:0-21:0,9:0-21:0,9:0-22:0,9:0-22:0,10:0-22:0,10:0-21:0
jBs2HmEOkqCvdHNnw3N-og,11:0-22:0,11:0-22:0,11:0-22:0,11:0-22:0,11:0-23:0,11:0-23:0,11:0-22:0
yCUM58iPU8-G6KbgmzuKjA,12:0-20:30,12:0-20:30,12:0-20:30,12:0-20:30,12:0-20:30,12:0-20:30,12:0-20:30
pRBFVKqls5xdSLPYD9jWww,0:0-0:0,0:0-0:0,0:0-0:0,0:0-0:0,0:0-0:0,0:0-0:0,0:0-0:0
D3jaTcBrVy7FdOzZwRbgDw,11:30-22:0,11:30-22:0,11:30-22:0,11:30-22:0,11:30-22:0,11:30-22:0,11:0-21:30
ieour3mPrdGm1cCg1IwN8w,0:0-0:0,11:30-22:0,11:30-22:0,11:30-22:0,11:30-22:0,12:0-22:0,12:0-22:0
x_bhc4U_e6lv7Dat2WV04w,10:0-2:0,10:0-2:0,10:0-2:0,10:0-2:0,10:0-2:0,10:0-2:0,10:0-2:0
cuXCQM-9VwpZlSneEY1b3w,17:0-22:0,17:0-22:0,17:0-22:0,17:0-22:0,17:30-22:30,17:30-22:30,17:30-22:30
3BGzRYh6GQbZz3LGAGb-sQ,0:0-0:0,11:0-0:0,11:0-0:0,11:0-0:0,11:0-2:0,10:0-2:0,10:0-18:0
vWcDq3HDcN8PsoErage4jA,0:0-0:0,0:0-0:0,0:0-0:0,0:0-0:0,0:0-0:0,0:0-0:0,0:0-0:0
52glsmQhUatwEZ_5vvWMQQ,0:0-0:0,7:0-21:0,7:0-21:0,7:0-21:0,7:0-21:0,7:0-21:0,7:0-20:0
pLj8MPkuK6OH9EtB_-6Szg,10:30-22:0,11:0-22:30,11:0-22:30,11:0-22:30,11:0-22:30,11:0-22:30,12:0-22:0
edO9zyRGJcwiso8ZcAkA8Q,9:0-23:0,11:0-21:30,11:0-21:30,11:0-21:30,11:0-21:30,12:0-21:30,11:0-21:30
yXj1P-pc6CGDFSta-45L5Q,7:0-14:30,7:0-14:30,7:0-14:30,7:0-14:30,7:0-14:30,7:0-14:30,7:0-14:30
73wAdIyaeTh6DuZCe-CpSg,11:0-21:0,11:0-21:0,11:0-21:0,11:0-21:0,11:0-21:0,11:0-21:0,13:0-19:0
xI8O5h3Pa0MQlTWf93noTA,0:0-0:0,0:0-0:0,0:0-0:0,0:0-0:0,0:0-0:0,0:0-0:0,0:0-0:0
vNwj8u1KbnKPQFMTd3TDWw,11:0-22:0,11:0-22:0,11:0-22:0,11:0-22:0,11:0-23:0,11:0-23:0,11:0-22:0
WDYaPybbBHI69EVVVb62cw,17:0-23:0,17:0-23:0,17:0-23:0,17:0-23:0,17:0-23:0,17:0-23:0,17:0-23:0
FCqMWanlmta0fIGXWkSshQ,11:0-4:0,11:0-4:0,11:0-4:0,11:0-4:0,11:0-5:0,11:0-5:0,11:0-4:0
bpRo8L8dkhgbJhdIKa9mwA,18:0-0:0,18:0-23:0,18:0-23:0,18:0-23:0,17:30-0:0,17:30-0:0,18:0-23:0
rq-jNRnX_CL9mNq55DO17w,7:30-21:0,7:30-21:0,7:30-21:0,7:30-21:0,7:30-21:0,8:0-21:0,8:0-21:0
Kxbn0XLcCgQqmkdIkhuOeQ,12:0-23:0,12:0-23:0,12:0-23:0,12:0-23:0,12:0-23:0,12:0-23:0,12:0-23:0
Ub8goFppwZkOGTpfoWF4JA,9:0-20:0,9:0-20:0,9:0-20:0,9:0-20:0,9:0-20:0,10:0-18:0,10:0-18:0
PQWE8a6Opjiuzt7DaX2R6Q,0:0-0:0,11:0-2:0,11:0-2:0,11:0-2:0,11:0-2:0,11:0-2:0,11:0-19:0
WLX-1Tb0BK9u3374SWxR0w,11:0-22:0,11:0-22:0,11:0-22:0,11:0-22:0,11:0-22:0,11:0-22:0,16:0-22:0
aCQbOhehLeej31x6EMY5eQ,11:0-23:0,11:0-23:0,11:0-23:0,11:0-23:0,11:0-23:0,11:0-23:0,11:0-23:0
DHa-YDvcs_0LeOT9ojUQWw,10:0-22:0,10:0-22:0,10:0-22:0,10:0-22:0,10:0-22:0,10:0-22:0,12:0-20:0
VPhvdJpKc5nPzT0VdJgeKg,11:0-20:0,11:0-20:0,11:0-20:0,11:0-20:0,11:0-22:0,11:0-22:0,8:0-21:0
xNNAfZJkLZlAeS-I7-QwgA,11:0-22:0,11:0-22:0,11:0-22:0,11:0-22:0,11:0-23:0,11:0-23:0,11:0-23:0
EqisTm5p7M27J4NUY5XG_w,10:0-21:0,10:0-21:0,10:0-21:0,10:0-21:0,10:0-22:0,10:0-22:0,11:0-20:0
qraqnnpchUfx-vMiTfgcNw,11:0-23:0,11:0-23:0,11:0-23:0,11:0-23:0,11:0-0:0,11:0-0:0,11:0-21:0
hi2EpaTqR9Wx-aj05-eyfg,0:0-0:0,0:0-0:0,0:0-0:0,0:0-0:0,0:0-0:0,0:0-0:0,0:0-0:0
0hp3WtPSxvmJVk3BNTfhHQ,4:0-23:30,4:0-23:30,4:0-23:30,4:0-23:30,4:0-0:30,4:0-0:30,4:0-23:30
DKAu06HS0932ty3nf6iw6Q,0:0-0:0,11:0-22:0,11:0-22:0,11:0-22:0,11:0-23:0,11:0-23:0,11:0-22:0
7IOt1SahnsyuMwTcuZgFLQ,11:0-16:0,11:0-22:0,11:0-22:0,11:0-22:0,11:0-23:0,12:0-23:0,12:0-16:0
wcYar8rgLFA7Mu3wJUqEgQ,0:0-0:0,11:0-0:0,11:0-0:0,11:0-0:0,11:0-1:0,11:0-1:0,11:0-2:0
wX1ORSDKPkA5ftE7F6UONw,11:0-17:0,10:0-22:0,10:0-22:0,10:0-22:0,10:0-0:0,10:0-0:0,11:0-22:0
cWPTOM_o5toaXpq0gNxD7Q,0:0-0:0,9:0-17:0,9:0-19:30,9:0-19:30,9:0-21:0,10:0-21:0,10:0-17:0
n4HJ0fTMwMEGx07tzhN7Gw,0:0-0:0,11:0-20:0,11:0-20:0,11:0-20:0,11:0-20:30,11:0-20:30,11:0-20:0
P8p9Ni-Kft1uh1c7Pmmw8g,9:0-3:30,9:0-3:30,9:0-3:30,9:0-4:30,9:0-4:30,9:0-4:30,9:0-3:30
HmeRzfULqmvcx_3TRe_tBw,10:0-21:0,10:0-21:0,10:0-21:0,10:0-21:0,10:0-21:0,10:0-21:0,10:0-21:0
qPkyjuQyKMrHkbs2pGg7PQ,11:0-2:0,11:0-2:0,11:0-2:0,11:0-2:0,11:0-2:0,9:0-2:0,9:0-2:0
aEs7Qle2Ah49dwaf3QNU1w,10:0-1:0,10:0-1:0,10:0-1:0,10:0-1:0,10:0-1:0,10:0-1:0,10:0-1:0
CR2DMfg3uP02PKT_fuygIw,11:0-22:0,11:0-22:0,11:0-22:0,11:0-22:0,11:0-23:0,11:0-23:0,11:0-22:0
wZhB4U003eg2GQ-F7D2D4A,17:0-23:0,12:0-23:0,12:0-23:0,12:0-23:0,12:0-0:0,12:0-0:0,12:0-20:0
b5kC2XepQ1-6qCDpvtoxxA,7:0-0:0,7:0-0:0,7:0-0:0,7:0-0:0,7:0-2:0,7:0-2:0,7:0-0:0
WXSsJIO_uGGSxS9qC8x1gQ,11:0-22:0,8:0-22:0,8:0-22:0,8:0-22:0,8:0-22:0,9:0-22:0,7:45-16:0
I5TnTKHzJuLA0YLZPGCNwQ,11:0-21:30,11:0-21:30,11:0-21:30,11:0-21:30,11:0-21:30,11:0-20:0,11:0-19:0
Aj1ocRaJoocaYEmfD5gjIQ,0:0-0:0,0:0-0:0,0:0-0:0,0:0-0:0,0:0-0:0,0:0-0:0,0:0-0:0
2gI7dlktBQXPZiuOW-HWvw,11:0-22:0,11:0-22:0,11:0-22:0,11:0-22:0,11:0-22:0,11:0-22:0,14:0-22:0
iGEvDk6hsizigmXhDKs2Vg,12:0-20:0,12:0-20:0,12:0-20:0,12:0-20:0,12:0-20:0,12:0-20:0,12:0-20:0
htNNxttBjRmRnP4d0XFl-w,10:30-22:0,10:30-22:0,10:30-22:0,10:30-22:0,10:30-0:0,10:30-0:0,10:30-22:0
-iBk1_3M_efQtY6Bcygp5w,11:0-22:0,11:0-22:0,11:0-22:0,11:0-22:0,11:0-0:0,11:0-0:0,11:0-22:0
CsaBnIMNCYE0e6NYB2QAOw,16:0-2:0,16:0-2:0,16:0-2:0,16:0-2:0,16:0-2:0,16:0-2:0,16:0-2:0
T_vPBF3WRyHoNXrr86ZhkQ,10:30-21:30,10:30-21:30,10:30-21:30,10:30-21:30,10:30-22:0,10:30-22:0,10:30-21:30
fnaDx7UD4MiodQlgYHDwsQ,17:0-21:30,17:0-21:30,17:0-21:30,17:0-21:30,17:0-21:30,14:0-21:30,16:0-21:0
66jwLkSd6M0cZulZrA3zcw,11:0-0:0,11:0-0:0,11:0-0:0,11:0-0:0,11:0-0:0,11:0-0:0,11:0-0:0
fNc1WuGwiT7RhqXUIe4S8A,11:0-22:0,11:0-22:0,11:0-22:0,11:0-22:0,11:0-23:0,11:0-23:0,16:0-22:0
GUaPe4gw5KhihfPPqhtSIA,6:0-2:0,6:0-2:0,6:0-2:0,6:0-2:0,6:0-2:0,6:0-2:0,6:0-2:0
KyzPvdGPb2ubVlXJrS2QPA,11:0-22:0,11:0-22:0,11:0-22:0,11:0-22:0,11:0-0:0,12:0-0:0,12:0-23:0
LiOtsNFFkD1S9tFvHnzX0w,7:0-18:0,7:0-18:0,7:0-18:0,7:0-18:0,7:0-17:0,9:0-17:0,9:0-17:0
PqsF56BoiXAh26kXnzSykw,6:0-21:0,6:0-21:0,6:0-21:0,6:0-21:0,6:0-21:0,6:0-21:0,7:0-19:0
N0l-6kdgRXEskiGw3ab05A,11:0-23:0,11:0-23:0,11:0-23:0,11:0-23:0,11:0-2:0,11:0-2:0,11:0-23:0
Fv4EXwV30rwGD2NzN1ekgA,10:0-2:0,11:0-2:0,11:0-2:0,11:0-2:0,11:0-2:0,11:0-2:0,11:0-2:0
JG9UpsFR6hrqQqsKh_RyaQ,17:0-22:0,17:0-22:0,17:0-22:0,17:0-23:0,17:0-23:0,17:0-23:0,17:0-22:0
0yjLZZx708uJbierAonqQg,10:30-22:0,10:30-22:0,10:30-22:0,10:30-22:0,10:30-22:0,10:30-22:0,10:30-22:0
MhiBpIBNTCAm1Xd3WzRzjQ,11:30-23:0,11:30-23:0,11:30-23:0,11:30-23:0,11:30-0:0,11:30-0:0,12:0-23:0
v7UIeEvwNd3fleFE6icm3A,0:0-0:0,10:0-22:0,10:0-22:0,10:0-22:0,10:0-23:0,10:0-23:0,10:0-17:0
rpNPlBwKTEvtAWUvDcHm4A,6:0-0:0,6:0-0:0,6:0-0:0,6:0-0:0,6:0-0:0,6:0-0:0,6:0-0:0
IN8BHY7zkhjUxUh4qnbrHg,0:0-0:0,11:30-22:0,11:30-22:0,11:30-22:0,11:30-22:0,11:30-22:0,16:0-22:0
-U7tvCtaraTQ9b0zBhpBMA,7:0-21:30,7:0-21:30,7:0-21:30,7:0-21:30,7:0-22:0,7:0-22:0,7:0-22:0
2jfkLlCWymebnlveEPLUbg,11:0-21:0,11:0-21:0,11:0-21:0,11:0-21:0,11:0-23:0,11:0-23:0,11:0-21:0
UPmrHkx4YmNo_QRniekP8g,11:0-2:0,11:0-2:0,11:0-2:0,11:0-2:0,11:0-2:0,9:0-2:0,9:0-2:0
xMhpJZaj4QT1Soh76-E2CA,0:0-0:0,17:0-21:30,17:0-21:30,17:0-21:30,17:0-22:0,17:0-22:0,16:0-21:30
DZsA7BXUnQyi0f7HXYcuiA,8:0-22:0,8:0-22:0,8:0-22:0,8:0-22:0,8:0-22:0,9:0-22:0,9:0-22:0
1Dfx3zM-rW4n-31KeC8sJg,7:0-0:0,7:0-0:0,7:0-0:0,7:0-1:0,7:0-1:0,7:0-1:0,7:0-0:0
kDFeGBX1vWiDyJXMYRL0_A,6:30-2:0,6:30-2:0,6:30-2:0,6:30-2:0,6:30-2:0,8:30-2:0,8:30-2:0
rOyXMZJIFa0_XW2AeXatsA,11:0-22:30,11:0-22:30,11:0-22:30,11:0-22:30,11:0-22:30,11:0-22:30,11:0-22:30
rQtQbCcRPyoVR8-Qrti6pA,11:0-20:0,11:0-20:0,11:0-20:0,11:0-20:0,11:0-20:0,11:0-20:0,11:0-20:0
e3B8xTCLvPR1jZWkoCjuUA,10:45-22:0,10:45-22:0,10:45-22:0,10:45-22:0,10:45-22:0,10:45-22:0,10:45-22:0
_kgk_9chyFpTWbSbPoY8YA,11:0-0:0,11:0-0:0,11:0-0:0,11:0-0:0,11:0-0:0,11:0-0:0,11:0-22:0
-AVRReI-nfsa0lKlehEojw,11:30-23:0,11:30-23:0,11:30-23:0,11:30-23:0,11:30-23:0,11:30-23:0,11:30-23:0
TNRJvG_R1njEdid-UdCjBQ,12:0-22:0,12:0-22:0,12:0-22:0,12:0-22:0,12:0-22:0,12:0-22:0,12:0-22:0
7pFvRwpwxRc8qf6eTWY6kQ,7:0-2:0,7:0-2:0,7:0-2:0,7:0-2:0,7:0-3:0,8:0-3:0,9:0-2:0
L97gcZgV8Cm9-MSuAanO9Q,6:0-0:0,6:0-0:0,6:0-0:0,6:0-0:0,6:0-0:0,6:0-0:0,7:0-0:0
QCCVxVRt1amqv0AaEWSKkg,11:0-23:0,11:0-23:0,11:0-23:0,11:0-23:0,11:0-23:0,16:0-23:0,16:0-23:0
9-3de3NJte9Y2YsE3yl2EA,9:0-21:0,9:0-21:0,9:0-21:0,9:0-21:0,9:0-22:0,9:0-22:0,9:0-21:0
ckJXV05NfciL2S1aHAleaA,6:0-21:0,6:0-21:0,6:0-21:0,6:0-21:0,6:0-21:0,7:0-21:0,7:0-20:0
Ld2hhA3q3cdkptwS1fsYEg,11:0-21:0,11:0-21:0,11:0-21:0,11:0-21:0,11:0-21:0,11:0-21:0,11:0-20:0
HfxMovSXJZVqL514iUD02g,0:0-0:0,0:0-0:0,0:0-0:0,0:0-0:0,0:0-0:0,0:0-0:0,0:0-0:0
wq7uhw_hXAPgT23w87O82w,11:0-12:0,11:0-12:0,11:0-12:0,11:0-12:0,11:0-12:0,11:0-12:0,11:0-12:0
YtfQQHdcQ_bGl2V0Agxw1A,11:0-22:0,11:0-22:0,11:0-22:0,11:0-22:0,11:0-22:0,11:0-22:0,11:30-22:0
Apkr-qykgpUI5ltIw7B-7Q,0:0-0:0,0:0-0:0,0:0-0:0,0:0-0:0,0:0-0:0,0:0-0:0,0:0-0:0
TpwCjlKsdYjLsvlYhKGt4g,8:0-20:0,8:0-18:0,8:0-18:0,8:0-19:0,8:0-19:0,10:0-14:0,9:0-18:0
anj8PWjrIOXi1HNHmohp0g,12:0-23:0,12:0-23:0,12:0-23:0,12:0-23:0,12:0-0:0,12:0-0:0,12:0-23:0
WdB_1TDZanjfBcT2Xj5Ljg,17:0-2:0,17:0-2:0,17:0-2:0,17:0-2:0,17:0-2:0,11:0-2:0,11:0-2:0
BoiAZQB9AHRvazM055GFOw,17:0-21:0,17:0-21:0,17:0-21:0,17:0-21:0,17:0-21:0,17:0-21:0,11:0-15:0
-R_u_4Ya8ceUN7qDlvIQTg,10:0-21:0,10:0-21:0,10:0-21:0,10:0-21:0,10:0-21:0,10:0-21:0,11:0-18:0
R_fQGSUQv0L_fRiuua47dw,0:0-0:0,7:0-15:0,7:0-15:0,7:0-15:0,6:0-15:0,6:0-15:0,6:0-15:0
RNi6tW22UMgHwWLAb0mYdA,17:0-22:0,17:0-22:0,17:0-22:0,17:0-22:0,17:0-22:0,17:0-22:0,16:0-21:0
piHJq_NDrOh5SYk3AyQVOg,0:0-0:0,7:0-14:0,7:0-14:0,17:0-21:0,17:0-21:0,17:0-21:0,7:0-14:0
LtNgP4FqXp5nMFOHErK8cw,11:0-21:30,11:0-21:30,11:0-21:30,11:0-21:30,11:0-22:0,12:0-22:0,12:0-21:30
Nz44ccUso3nq5S2OlQHNlA,11:30-21:30,11:30-21:30,11:30-21:30,11:30-21:30,11:30-21:30,11:30-21:30,12:0-19:0
yhgOJXJd_XAU-8jIvcfq0g,11:0-4:0,11:0-4:0,11:0-4:0,11:0-4:0,11:0-4:0,11:0-4:0,11:0-4:0
prHnRsgY-PuM7vxe8-RwEA,11:0-21:30,11:0-21:30,11:0-21:30,11:0-21:30,11:0-21:30,11:0-21:30,11:0-21:30
IHnh6sKnutS_7IRHguW0PA,0:0-0:0,0:0-0:0,0:0-0:0,0:0-0:0,0:0-0:0,0:0-0:0,0:0-0:0
Tuu_B0QGo7SQUuXW_Nd4hg,11:0-23:0,11:0-23:0,11:0-23:0,11:0-23:0,11:0-1:0,11:0-1:0,11:0-23:0
PbCI9qi0peAzhA7R1xtQlg,11:0-22:0,11:0-22:0,11:0-22:0,11:0-22:0,11:0-22:0,11:0-22:0,11:0-22:0
IFvBnwcWJ54BgMzVnCxIrQ,0:0-0:0,7:0-16:30,7:0-16:30,7:0-16:30,7:0-16:30,7:0-16:30,8:0-14:0
cQzFj5GNz8l_VMJJnW4mLw,0:0-0:0,0:0-0:0,0:0-0:0,0:0-0:0,0:0-0:0,0:0-0:0,0:0-0:0
1M1A-s6BbnzK3eURw01rZQ,8:0-22:0,8:0-22:0,8:0-22:0,8:0-16:0,8:0-16:0,8:0-16:0,8:0-16:0
GSzgEBYd1hYebz1xi5jrmw,10:0-0:0,10:0-0:0,10:0-0:0,10:0-0:0,10:0-1:0,10:0-1:0,10:0-0:0
CGd8erq6Ojn834pQ0gpRqA,10:30-21:0,10:30-21:0,10:30-21:0,10:30-21:0,10:30-21:0,11:0-20:0,11:0-17:0
JYCL0ThG7Xw5KDfyVDgb7A,11:30-2:0,11:30-2:0,11:30-2:0,11:30-2:0,11:30-2:0,11:30-2:0,11:30-2:0
zW0a510NN0P2n4tqKeIRBw,0:0-0:0,0:0-0:0,0:0-0:0,0:0-0:0,0:0-0:0,0:0-0:0,0:0-0:0
urSuLlkYXXI5uwtKIxl9ew,6:30-14:0,6:30-17:0,6:30-17:0,6:30-17:0,6:30-17:0,6:30-17:0,6:30-17:0
X7lyBcWvjR5F08FyNdyBog,12:0-23:0,12:0-23:0,12:0-23:0,12:0-23:0,12:0-2:0,12:0-2:0,12:0-23:0
Xhf3nW6UahoVpRMkVUlnJA,7:0-18:0,7:0-18:0,7:0-18:0,7:0-18:0,7:0-18:0,7:30-18:0,8:0-18:0
pDKITbL0no7HPHFodv9jTQ,7:0-20:30,7:0-19:0,7:0-20:30,7:0-20:30,7:0-20:30,7:0-20:30,8:0-18:0
j9HtS2p2mJRyKiNhLP_e7w,10:0-23:0,10:0-23:0,10:0-23:0,10:0-23:0,10:0-23:0,10:0-23:0,10:0-23:0
__8j8yhsmE98wNWHJNyAgw,11:30-22:0,11:30-22:0,11:30-22:0,11:30-22:0,11:30-22:0,12:30-22:0,12:30-22:0
_yAYxyEBMIbqFL8pubaf_g,7:0-0:0,7:0-0:0,7:0-0:0,7:0-0:0,7:0-1:0,7:0-1:0,7:0-0:0
SW6ZQk22G1_CV81_gfnvNQ,17:0-22:0,17:0-23:0,17:0-23:0,17:0-23:0,17:0-23:0,17:0-23:0,17:0-22:0
rVZfapnQgyVLsNWA583u-A,11:0-21:30,11:0-21:30,11:0-21:30,11:0-21:30,11:0-22:0,11:0-22:0,11:0-21:30
1F4T9e6bRFwL11wnNxW4Ng,9:30-22:0,9:30-22:0,9:30-22:0,9:30-22:0,9:30-22:30,10:0-22:30,10:0-22:0
tlSnPGiM8G6whUxjc_O_4A,11:0-23:0,11:0-23:0,11:0-23:0,11:0-23:0,11:0-0:0,15:0-0:0,15:0-22:0
0XEqyl_lVaJNHRKxNcjJZg,0:0-0:0,7:0-15:0,7:0-15:0,7:0-15:0,7:0-15:0,8:0-15:0,8:0-15:0
6hnRhJv7O0RgvFT-BIo0KA,11:0-1:0,11:0-1:0,11:0-1:0,11:0-1:0,11:0-1:30,11:0-1:30,11:0-1:0
kJhQq1BFz7lOYLve7xPaJQ,0:0-0:0,11:0-2:0,11:0-2:0,11:0-2:0,11:0-2:0,9:0-2:0,11:0-18:0
DVfCbJhJUDWRlUfrKzaKOA,11:0-23:0,11:0-23:0,11:0-23:0,11:0-23:0,11:0-0:0,10:0-0:0,10:0-23:0
vHz2RLtfUMVRPFmd7VBEHA,11:0-23:0,11:0-23:0,11:0-23:0,11:0-23:0,11:0-23:0,11:0-23:0,11:0-22:0
XYIPXJ9parr9FtvvcGI1SA,10:30-21:30,10:30-21:30,10:30-21:30,10:30-21:30,10:30-21:30,11:30-21:30,11:30-21:30
u12UCVo-zyFTX2Nxf_n63A,10:30-1:0,10:30-1:0,10:30-1:0,10:30-1:0,10:30-1:30,10:30-1:30,10:30-1:0
5hTskC8JrA2zA0mYaYEZpg,17:0-0:0,17:0-0:0,17:0-0:0,17:0-0:0,17:0-2:0,17:0-2:0,17:0-0:0
Vx3zDwV6_jB3abXkXK4jiQ,10:30-14:0,10:30-14:0,10:30-14:0,10:30-15:0,10:30-16:0,10:30-16:0,11:0-14:0
JwXNyXdJmk_YnXokLhpI8w,11:0-21:0,11:0-21:0,11:0-21:0,11:0-21:0,11:0-21:30,11:0-21:30,11:0-21:0
lrAUseySfmFeZkWOGfsKnQ,10:0-1:0,10:0-1:0,10:0-1:0,10:0-1:0,10:0-1:0,10:0-1:0,10:0-1:0
7wHLFohwCw8l6WS-feLjeg,17:0-22:0,17:0-22:0,17:0-22:0,17:0-22:0,17:0-23:0,17:0-23:0,17:0-22:0
fia9wLvJYq54MCkMxH9_wA,9:0-22:0,9:0-22:0,9:0-22:0,9:0-22:0,9:0-23:0,9:0-23:0,9:0-22:0
2ivGlp_mVzwFaPjatAERXg,0:0-0:0,0:0-0:0,0:0-0:0,0:0-0:0,0:0-0:0,0:0-0:0,0:0-0:0
uLUl_dMl6a9m774LGReDVA,15:0-21:30,15:0-21:30,15:0-21:30,15:0-21:30,15:0-21:30,15:0-21:30,16:0-21:0
b5OTjiOjEg_UkmObTVnf2A,7:0-21:0,7:0-21:0,7:0-21:0,7:0-21:0,7:0-21:0,7:0-21:0,9:0-20:0
OaHfq01gm8PTYkJ36k1feg,0:0-0:0,0:0-0:0,0:0-0:0,0:0-0:0,0:0-0:0,0:0-0:0,0:0-0:0
Pg08gKwJApGWoHtnq3aWqw,9:0-0:0,9:0-0:0,9:0-0:0,9:0-0:0,9:0-2:0,9:0-2:0,9:0-0:0
ibOX3CypYVz0nJhCN5Wmcw,0:0-0:0,0:0-0:0,0:0-0:0,0:0-0:0,0:0-0:0,0:0-0:0,0:0-0:0
6Y01DAOBtDo9BwXGW4dR7g,13:30-23:0,13:30-23:0,13:30-23:0,13:30-23:0,13:30-23:30,12:0-23:30,12:0-23:30
hmEM8tyaD04mf6VXPG5JhQ,11:0-21:0,11:0-21:0,11:0-21:0,11:0-21:0,11:0-21:0,11:0-21:0,12:0-20:0
CxzUdREgfS4ymtXFSREf8Q,9:0-21:0,9:0-21:0,9:0-21:0,9:0-21:0,9:0-21:0,9:0-21:0,9:0-21:0
gx2yPrOJSwF1ApJYdGBWIw,0:0-0:0,11:30-1:30,11:30-1:30,11:30-1:30,11:30-1:30,11:30-1:30,11:30-1:30
JfHXzulF6yIKgA22YYPedw,11:0-22:0,11:0-22:0,11:0-22:0,11:0-22:0,11:0-23:0,10:0-23:0,10:0-22:0
llifBVCFAnr124WdKXmtLg,11:0-22:0,11:0-22:0,11:0-22:0,11:0-22:0,11:0-2:0,11:0-3:0,11:0-1:0
yTTEhnUOirRjGjxkObQTVw,6:0-18:0,6:0-18:0,6:0-18:0,6:0-18:0,6:0-18:0,6:0-14:0,6:0-13:0
FkJTuuqeJL4jHi2FojX_fg,17:0-22:30,17:0-22:30,17:0-22:30,17:0-22:30,17:0-23:30,17:0-23:30,17:0-22:0
CSaVK9wgqe2_tQuuCDINyQ,0:0-0:0,11:0-21:0,11:0-21:0,11:0-21:0,11:0-21:0,11:0-21:0,11:0-21:0
gwM0ykDKKpKgKzwtU5djqg,10:0-0:0,10:0-0:0,10:0-0:0,10:0-0:0,10:0-0:0,10:0-0:0,10:0-0:0
gtcsOodbmk4E0TulYHnlHA,13:0-2:0,13:0-2:0,13:0-2:0,13:0-2:0,13:0-2:0,13:0-2:0,13:0-2:0
W-p6Tx6Wfj0hseH80JgDpA,6:0-2:0,6:0-2:0,6:0-2:0,6:0-2:0,6:0-2:0,6:0-2:0,10:0-2:0
JijwZPUuFqQqUekNR--dfw,17:0-22:0,17:0-22:0,17:0-22:0,17:0-22:0,17:0-23:0,17:0-23:0,17:0-23:0
7RiWdR02uwbPjTJVUhmGAw,12:0-1:0,12:0-2:0,12:0-2:0,12:0-2:0,12:0-2:0,12:0-2:0,12:0-1:0
geQG2a9uO6Q9hXVx937Kbw,11:0-23:0,11:0-23:0,11:0-23:0,11:0-23:0,11:0-3:0,11:0-3:0,11:0-23:0
WMj5Uj04pAqFxLMnJQcQqw,10:0-0:0,10:0-0:0,10:0-0:0,10:0-0:0,9:0-1:0,9:0-1:0,9:0-0:0
UfcwUHtPrjRDL8irHCWqpQ,11:0-23:0,11:0-23:0,11:0-23:0,11:0-23:0,11:0-0:0,11:0-0:0,11:0-23:0
aJR1iUWwNVBM692gq7adBA,11:0-21:0,11:0-21:0,11:0-21:0,11:0-21:0,11:0-21:30,12:0-21:30,12:0-21:0
yVBgxJoLTQyspbCNhvUuwA,7:0-7:0,7:0-7:0,7:0-7:0,7:0-7:0,7:0-7:0,7:0-7:0,7:0-7:0
GT9Hx_Na0vH3Na7ym9dp4A,0:0-0:0,0:0-0:0,0:0-0:0,0:0-0:0,0:0-0:0,0:0-0:0,0:0-0:0
_cRDDAasE-4584eXN_5Ecw,10:0-21:0,10:0-21:0,10:0-21:0,10:0-21:0,10:0-21:0,10:0-20:0,11:0-19:0
xpCBsOqICPNtcR07qOL0bw,9:0-8:30,9:0-8:30,9:0-8:30,9:0-8:30,9:0-8:30,9:0-8:30,9:0-8:30
Gh2JfQaMdzaAsj_FfYYebg,11:0-2:0,11:0-0:0,11:0-0:0,11:0-0:0,11:0-2:0,11:0-2:0,11:0-0:0
XydKWBaKYDO2BFXs8pXnbg,0:0-0:0,0:0-0:0,0:0-0:0,0:0-0:0,0:0-0:0,0:0-0:0,0:0-0:0
94mHPEWCqcHULzEfhvcl9Q,6:0-21:0,6:0-21:0,6:0-21:0,6:0-21:0,6:0-21:0,6:0-21:0,6:0-21:0
KvlI2QK-HZYv1dqd31eE7Q,11:0-0:0,11:0-0:0,11:0-0:0,11:0-0:0,11:0-0:0,11:0-0:0,11:0-0:0
qpaX3qOHBSOAEDUcIs8SPQ,9:0-0:0,9:0-0:0,9:0-0:0,9:0-0:0,9:0-0:0,9:0-0:0,9:0-0:0
v_xuLfW7TXBsQctpOuPvQw,11:0-23:0,11:0-23:0,11:0-23:0,11:0-23:0,11:0-23:0,11:0-23:0,11:0-23:0
ncEJaX_79zZGSS1NQNzu4A,0:0-0:0,0:0-0:0,0:0-0:0,0:0-0:0,0:0-0:0,0:0-0:0,0:0-0:0
JZKefaX9VXvmkcfMmbyrEg,7:0-22:0,7:0-22:0,7:0-22:0,7:0-22:0,7:0-22:0,7:0-22:0,7:0-22:0
IcnJlauqhHfelo_qp9uKuw,11:0-21:30,11:0-21:30,11:0-21:30,11:0-21:30,11:0-21:30,11:0-21:30,11:0-21:30
apHPFnDUIaZM7uZoB9DXfw,12:0-20:0,12:0-20:0,12:0-20:0,12:0-21:0,12:0-21:0,12:0-21:0,12:0-20:0
TAyCOYufOJ4OtxyHqfdlfA,0:0-0:0,0:0-0:0,0:0-0:0,0:0-0:0,0:0-0:0,0:0-0:0,0:0-0:0
t96VplJ-W6Z_mRjBuFPOmg,22:30-5:30,22:0-6:0,22:30-5:30,22:0-6:0,22:0-6:0,22:0-6:0,22:30-5:30
nC88cvlUf-KWBlM_tLRCYA,0:0-0:0,0:0-0:0,0:0-0:0,0:0-0:0,0:0-0:0,0:0-0:0,0:0-0:0
S-oIZWzHhTRF3iqqQMvYoA,10:30-19:0,10:30-21:0,10:30-21:0,10:30-21:0,10:30-22:0,10:30-22:0,11:0-20:0
ept9mIlqGIsemr6w0RczaA,10:30-21:0,10:30-21:0,10:30-21:0,10:30-21:0,10:30-21:0,10:30-21:0,10:30-21:0
BORPULADzZV6_LJZzcsywQ,8:0-2:0,8:0-2:0,8:0-2:0,8:0-2:0,8:0-2:0,7:0-2:0,7:45-2:0
q3dJQtwZQrrurNT-1bNKgQ,11:0-22:0,11:0-22:0,11:0-22:0,11:0-22:0,11:0-23:0,11:0-23:0,11:0-21:0
RJ5UZBzWm67j0h6cxV80kQ,8:0-21:0,8:0-21:0,8:0-21:0,8:0-21:0,8:0-21:0,8:0-21:0,8:0-21:0
g9IeZKQl0TamGI8772vYAQ,10:0-21:0,10:0-21:0,10:0-21:0,10:0-21:0,10:0-21:0,10:0-21:0,10:0-21:0
CHrAzFjnUHhrxu2Q8UgnsA,0:0-0:0,11:0-21:0,11:0-21:0,15:0-21:0,11:0-0:0,9:0-0:0,9:0-21:0
kn6KOuQXlRxbLhOAluNFpQ,8:0-17:0,8:0-22:0,8:0-22:0,8:0-22:0,8:0-22:0,8:0-22:0,8:0-17:0
t9wNYKJz1penDhrTPOr78A,11:0-21:0,11:0-21:0,11:0-21:0,11:0-21:0,11:0-21:0,10:0-21:0,10:0-20:0
X2oxkKB-wlu8xV0P8fbfiQ,10:0-21:30,10:0-21:30,10:0-21:30,10:0-21:30,10:0-23:0,10:0-23:0,10:30-21:30
H5poGfDHCDMip7VYi7u8Rg,11:0-23:0,11:0-23:0,11:0-23:0,11:0-23:0,11:0-23:0,11:0-23:0,12:0-22:0
EY39KMDG-WFla8GL-ff_iQ,17:0-2:0,17:0-2:0,17:0-2:0,17:0-2:0,17:0-2:0,17:0-2:0,17:0-2:0
HewQZ7hyegytoABzApyUiA,10:0-22:0,10:0-22:0,10:0-22:0,10:0-22:0,10:0-22:0,10:0-22:0,10:0-22:0
ALn_0f-Usn3n0a9WBcjhhg,11:0-1:0,11:0-1:0,11:0-1:0,11:0-1:0,11:0-1:0,17:0-1:0,17:0-1:0
y-Iw6dZflNix4BdwIyTNGA,17:0-1:0,12:0-1:0,12:0-1:0,12:0-1:0,12:0-2:0,12:0-2:0,11:0-23:0
RemVo5yYDk57dKdZwXMyVg,11:0-21:0,11:0-21:0,11:0-21:0,11:0-21:0,11:0-21:0,11:0-21:0,11:0-21:0
yLZAThtPscqQ6XIvXftUMg,11:30-23:0,11:30-23:0,11:30-23:0,11:30-23:0,11:30-23:0,11:30-0:0,11:30-23:0
lym9VHmU2QupopVsMGt7lg,10:45-22:0,10:45-22:0,10:45-22:0,10:45-22:0,10:45-22:0,10:45-22:0,10:45-22:0
yRvmDKX-Ocgd8zq_iMgujA,11:0-22:0,11:0-22:0,11:0-22:0,11:0-22:0,11:0-0:0,11:0-0:0,11:0-22:0
5MzGPxcrSPoWQc_bRmOXoQ,0:0-0:0,0:0-0:0,0:0-0:0,0:0-0:0,0:0-0:0,0:0-0:0,0:0-0:0
1laaO5PS8fLK5kPTkSSYsw,11:30-2:0,11:30-2:0,11:30-2:0,11:30-2:0,11:30-2:0,11:30-2:0,11:30-2:0
SeNOJ2zYHziptxLuiRINLg,11:30-23:0,11:30-23:0,11:30-23:0,11:30-23:0,11:30-0:0,11:30-0:0,10:30-23:0
1KhBzrqmU164bss64jR5uA,10:0-22:0,10:0-22:0,10:0-22:0,10:0-22:0,10:0-22:0,10:0-22:0,10:0-22:0
oo-kGk1BEWpuDvSE4gfmgQ,11:0-21:30,11:0-21:30,11:0-21:30,11:0-21:30,11:0-22:0,11:0-22:0,11:0-21:30
Cp-clhAJs3NJRwXpXk_saw,15:0-2:0,15:0-0:0,15:0-0:0,15:0-2:0,15:0-2:0,15:0-2:0,15:0-22:0
XQJr9_jZR1vOoZVcZfDDwQ,6:0-22:0,6:0-22:0,6:0-22:0,6:0-22:0,6:0-23:0,6:0-23:0,6:0-22:0
OdViVhR2ayppzkN2WtIScw,10:30-1:0,10:30-1:0,10:30-1:0,10:30-1:0,10:30-1:30,10:30-1:30,10:30-1:0
lhsETIUHGR1aOx8b0M0hPQ,11:0-23:0,11:0-23:0,11:0-23:0,11:0-23:0,11:0-0:0,10:0-0:0,10:0-23:0
oS0CnUbyv0GUoD3L8_3UPQ,0:0-0:0,11:0-23:0,11:0-23:0,11:0-23:0,11:0-23:0,12:0-23:0,12:0-22:0
WbcN3mkRgoV2RtGMCMVr1w,7:0-22:0,7:0-22:0,7:0-22:0,7:0-22:0,7:0-22:0,7:0-22:0,7:0-22:0
_0x7W6fizaPP76xNBxBLAQ,10:30-21:0,10:30-21:0,10:30-21:0,10:30-21:0,10:30-21:0,10:30-21:0,11:0-20:0
mr5hwhIb_qfpTg9mbWHgsQ,7:0-23:0,7:0-23:0,7:0-23:0,7:0-23:0,7:0-23:0,8:0-23:0,9:0-23:0
Yp3yuxI6hIzGP9xb5a5-bQ,10:0-22:30,10:0-22:30,10:0-22:30,10:0-22:30,10:0-23:0,10:0-23:0,10:0-22:30
z_46RY-L3vcMrH3-wxCp9w,11:30-22:0,11:30-22:0,11:30-17:0,11:30-22:0,11:30-23:0,11:30-23:0,15:0-22:0
rjlAUHT8B6KhKAmkZqS1xw,0:0-0:0,15:0-22:0,15:0-22:0,15:0-22:0,15:0-22:0,10:0-22:0,10:0-21:0
5pObrGpv1Is5WLDeOFSDIQ,10:0-0:0,10:0-0:0,10:0-0:0,10:0-0:0,10:0-1:0,10:0-1:0,10:0-0:0
38YPE4KCvgChy9y6FcksEQ,11:0-23:0,11:0-23:0,11:0-23:0,11:0-23:0,11:0-0:0,10:0-0:0,10:0-23:0
AT_xDv2Lm5K7VtER1fp-SA,17:0-23:0,17:0-23:0,17:0-23:0,17:0-23:0,17:0-23:30,17:0-23:30,16:0-21:0
rubQx8VlHZT4_IyMUs75YA,11:0-22:0,11:0-22:0,11:0-22:0,11:0-22:0,11:0-22:30,11:0-22:30,11:0-22:0
a9aW5e731lplWGHUZ02-zQ,11:0-21:0,11:0-21:0,11:0-21:0,11:0-21:0,11:0-21:0,11:0-21:0,11:0-20:0
XDYCIRENiT2doRZgwNJ3SA,9:0-9:0,9:0-9:0,9:0-9:0,9:0-9:0,9:0-9:0,9:0-9:0,9:0-9:0
ljkZuPphAFpuwNF1o9-FGw,11:0-1:0,11:0-1:0,11:0-1:0,11:0-2:0,11:0-2:0,10:30-2:0,10:30-1:0
CNXAVovX19R5GUNVO4_GzA,0:0-0:0,0:0-0:0,0:0-0:0,0:0-0:0,0:0-0:0,0:0-0:0,0:0-0:0
PgQZfKQwW6Q9fIvViD7Xrg,10:0-22:0,10:0-22:0,10:0-22:0,10:0-22:0,0:0-21:0,10:0-22:0,10:0-18:0
sSmt7JFTDNCcK1KfMVO2hw,11:0-2:0,11:0-2:0,11:0-2:0,11:0-2:0,11:0-2:0,11:0-2:0,11:0-2:0
l7_pJgcg2onEj5QHWzVFvA,10:0-22:0,10:0-22:0,10:0-22:0,10:0-22:0,10:0-22:0,10:0-22:0,10:0-22:0
7wMCJ9NqL9eBEX4WdJWuIA,11:0-0:0,11:0-0:0,11:0-0:0,11:0-0:0,11:0-0:0,10:0-0:0,10:0-0:0
LpdW1vh1AVm5QznEL5j03g,9:30-21:30,9:30-21:30,9:30-21:30,9:30-21:30,9:30-22:0,9:30-22:0,9:30-21:30
uN2oZDJGO078ExbbV_DGmA,11:0-22:0,11:0-22:0,11:0-22:0,11:0-22:30,11:0-23:0,11:0-23:0,11:30-22:0
dvOW0RTqmwQTB_ZmNm2Wag,16:0-0:0,16:0-0:0,16:0-0:0,16:0-1:0,16:0-2:0,12:0-2:0,12:0-0:0
Mypk1XBD6PQ77zLXyMiKhg,11:0-21:0,11:0-21:0,11:0-21:0,11:0-21:0,11:0-21:0,11:0-21:0,11:0-21:0
9MA7T15gbbcmKz43r_Ad0g,10:0-3:0,10:0-3:0,10:0-3:0,10:0-3:0,10:0-3:0,10:0-3:0,10:0-3:0
nl2nsBi9U3sW1R34nF0s0Q,9:0-20:0,9:0-20:0,9:0-20:0,9:0-20:0,9:0-20:0,9:0-20:0,9:0-17:0
t4PZ3r2eTPeDXWNiV4Cr0g,8:0-20:0,8:0-20:0,8:0-20:0,8:0-20:0,8:0-20:0,8:0-17:0,10:0-17:0
EQD9Ii9UOFnd8lorP5IsEw,10:30-22:30,10:30-22:30,10:30-22:30,10:30-22:30,10:30-23:0,10:30-23:0,10:30-22:30
Qzq-m_TKJ-Iv1BmYLcjlVA,11:0-22:0,11:0-22:0,11:0-22:0,11:0-22:0,11:0-23:0,11:0-23:0,12:0-22:0
E8g8SNXaZb4QUqJMe9JFyw,11:0-22:30,11:0-22:30,11:0-22:30,11:0-22:30,11:0-23:0,11:0-23:0,11:0-22:30
miUYb0E10sNtXe-qXiYjbw,9:0-0:0,9:0-0:0,9:0-0:0,9:0-0:0,9:0-0:0,9:0-0:0,9:0-0:0
Vw4m_3DyDQgMPU8ouj86ZQ,10:30-21:0,10:30-21:0,10:30-21:0,10:30-21:0,10:30-21:0,10:30-21:0,10:30-21:0
XVjTeFc18ihrT06SU3rnUw,11:0-1:0,11:0-3:0,11:0-1:0,11:0-3:0,11:0-4:30,11:0-4:30,11:0-3:0
_j2EtQtgLuXGRBfbM5YwZA,11:0-3:0,11:0-3:0,11:0-3:0,11:0-3:0,11:0-3:0,11:0-3:0,11:0-3:0
mfQfNIb3TYeBSxsN1WD8eA,0:0-0:0,0:0-0:0,0:0-0:0,0:0-0:0,0:0-0:0,0:0-0:0,0:0-0:0
T3C5Mq-QxshN7qH_HPQMpQ,0:0-0:0,0:0-0:0,0:0-0:0,0:0-0:0,0:0-0:0,0:0-0:0,0:0-0:0
mUohdQQD8EU6qPwspB0AdQ,0:0-0:0,0:0-0:0,0:0-0:0,0:0-0:0,0:0-0:0,0:0-0:0,0:0-0:0
ZVCSVpPiBsw9Go7Sk3SHgQ,15:0-2:0,15:0-2:0,15:0-2:0,15:0-2:0,15:0-2:0,15:0-2:0,15:0-2:0
XnNKFv5xqdPd9K1aAW-uUQ,0:0-0:0,12:0-22:0,12:0-22:0,12:0-22:0,12:0-22:0,12:0-22:0,12:0-20:0
iPUk1Q98-D1YgUmA0DaSQQ,7:0-19:0,7:0-19:0,7:0-19:0,7:0-19:0,7:0-19:0,7:0-19:0,7:0-19:0
aL6HK8EBNMPUWm3zi8xtew,0:0-0:0,0:0-0:0,0:0-0:0,0:0-0:0,0:0-0:0,0:0-0:0,0:0-0:0
8a4ScB2OYz8uVtp1PWP5jg,7:0-22:0,7:0-22:0,7:0-22:0,7:0-22:0,7:0-22:0,7:0-22:0,7:0-22:0
QvC9BTeewBxMgdUadFglKw,0:0-0:0,0:0-0:0,0:0-0:0,0:0-0:0,0:0-0:0,0:0-0:0,0:0-0:0
bxQUVVI8LR5RmyTYYJq07A,11:0-21:0,11:0-21:0,11:0-21:0,11:0-21:0,11:0-21:0,11:0-21:0,13:0-21:0
4UmjnX46qbhV6-D5W89IOQ,7:0-3:0,7:0-3:0,7:0-3:0,7:0-3:0,7:0-4:0,7:0-4:0,7:0-3:0
pdTYUCGkYz35utxPyUMoag,0:0-0:0,12:0-23:0,12:0-23:0,12:0-23:0,12:0-23:0,12:0-23:0,11:30-22:0
3Kx4IdA-knGK-9QrGtGl2w,7:30-22:0,7:30-22:0,7:30-22:0,7:30-22:0,7:30-22:0,7:30-22:0,7:30-22:0
yjlrIZ5FtsiYFIn3xiaNIw,11:0-20:0,11:0-20:0,11:0-20:0,11:0-21:0,11:0-21:0,11:0-20:0,11:0-20:0
uMfR1JzSJl6s_HZbGLWVXg,10:30-22:0,10:30-22:0,10:30-22:0,10:30-22:0,10:30-22:0,10:30-22:0,10:30-22:0
10Ft6GZPvoZyRWi1bVo3Rw,7:0-21:30,7:0-21:30,7:0-21:30,7:0-21:30,7:0-21:30,8:0-21:30,10:0-21:0
MOi64A9mDpK9zUB8546L8Q,6:0-23:0,6:0-23:0,6:0-23:0,6:0-23:0,6:0-0:0,6:0-0:0,7:0-23:0
c8W-jLGOk74_h9gOa68xSQ,16:0-3:0,16:0-3:0,16:0-3:0,16:0-3:0,16:0-3:0,16:0-3:0,16:0-3:0
3cXsW6HxqW1HS4fcNCP1HQ,9:0-21:0,9:0-21:0,9:0-21:0,9:0-21:0,9:0-22:0,9:0-22:0,9:0-21:0
UNMBMKI9FjnO9flxPxV-1w,0:0-0:0,11:0-21:30,11:0-21:30,11:0-21:30,11:0-22:0,11:0-22:0,16:0-21:0
079CV1EE5WLdQqVEVYFeHQ,17:0-21:0,17:0-21:0,17:0-21:0,17:0-21:0,17:0-21:0,17:0-21:0,17:0-21:0
GHxoLiZCORG_38rYV9OYGw,11:30-21:45,11:30-21:45,11:30-21:45,11:30-21:45,11:30-22:15,11:30-22:15,11:30-22:0
XA7hhTrBn0QQA18DK-VJoQ,11:0-1:0,11:0-1:0,11:0-1:0,11:0-1:0,11:0-1:0,11:0-2:0,11:0-0:0
bSbAq9ylam6RInhbm2aZKA,9:0-0:0,9:0-0:0,9:0-0:0,9:0-0:0,9:0-0:0,9:0-0:0,9:0-0:0
8AWnAA7aUk8OO5oLz8yvQQ,6:0-15:0,6:0-15:0,6:0-15:0,6:0-15:0,6:0-15:0,6:0-15:0,6:0-15:0
apdb7MGnmnx6nGWBJ0ch_g,6:0-21:0,6:0-21:0,6:0-21:0,6:0-21:0,6:0-23:0,6:0-23:0,6:0-21:0
YJi-xBxsTgegLF116qjQWA,0:0-0:0,0:0-0:0,0:0-0:0,0:0-0:0,0:0-0:0,0:0-0:0,0:0-0:0
9XelmxS5q9tv7uClvjGqMg,8:0-0:0,8:0-0:0,8:0-0:0,8:0-0:0,8:0-0:0,8:0-0:0,8:0-0:0
GzF4lVSh61sayvwVMp8RmA,11:30-22:0,11:30-22:0,11:30-22:0,11:30-22:0,11:30-22:0,11:30-22:0,11:0-21:30
BZSzoBFhkXBUQTx4Cgl5Aw,0:0-0:0,0:0-0:0,0:0-0:0,0:0-0:0,0:0-0:0,0:0-0:0,0:0-0:0
AaLvYFsLuyO1uGk0QLxN5A,10:0-0:0,10:0-0:0,10:0-0:0,10:0-2:0,10:0-2:0,10:0-2:0,10:0-2:0
DDs5YMhAjnP6oA5-eGw_TQ,7:0-0:0,7:0-0:0,7:0-0:0,7:0-0:0,7:0-1:0,7:0-1:0,7:0-0:0
jVJcR4y8q7FuwlK0cYVuyw,6:0-22:0,6:0-22:0,6:0-22:0,6:0-22:0,6:0-22:0,7:0-22:0,8:0-20:0
2jkJ7odjlDIvDqJf2dwzaA,14:0-23:0,14:0-23:0,14:0-23:0,14:0-23:0,14:0-23:0,14:0-23:0,14:0-23:0
qqs7LP4TXAoOrSlaKRfz3A,0:0-0:0,11:0-21:0,11:0-21:0,11:0-21:0,11:0-22:0,10:0-22:0,10:0-16:0
LR0qF0FEVsCOhYWUOiH26A,7:0-22:0,7:0-22:0,7:0-22:0,7:0-22:0,7:0-22:0,7:0-22:0,7:0-22:0
49fcUkW5tOHlqBakrWTMzQ,12:0-22:0,12:0-22:0,12:0-22:0,12:0-23:0,12:0-23:0,12:0-23:0,12:0-22:0
maJvbTIlMjOoZTcsGUqHOQ,10:0-22:0,10:0-22:0,10:0-22:0,10:0-22:0,10:0-22:0,10:0-22:0,10:0-22:0
oUE9RDKKhb3RZPA8EQRJDw,11:0-23:0,11:0-23:0,11:0-23:0,11:0-23:0,11:0-23:0,11:0-22:0,15:0-22:0
3QQEc5QUP-h6LCkUZQEYQw,14:0-0:0,14:0-0:0,14:0-0:0,14:0-2:0,11:0-2:0,11:0-2:0,11:0-0:0
dg5hk2uYsxrcLs7St66C_A,16:0-2:0,16:0-2:0,16:0-2:0,16:0-3:0,16:0-3:0,16:0-3:0,16:0-2:0
14I5aGqNXvHLKSKS8PAV_w,8:0-19:0,8:0-19:0,8:0-19:0,8:0-19:0,8:0-19:0,8:0-17:0,9:0-16:0
xVHzCbDWCwmyavF5PgJRmg,11:0-1:0,11:0-1:0,11:0-1:0,11:0-1:0,11:0-1:0,11:0-1:0,12:0-1:0
flEnFkUtW5YVowWbenXsSg,11:0-4:0,11:0-4:0,11:0-4:0,11:0-4:0,11:0-5:0,12:0-17:0,12:0-16:0
A1ZRCrjOMOwQGj2hCYWDEQ,10:0-22:30,10:0-22:30,10:0-22:30,10:0-22:30,10:0-22:30,10:0-22:30,10:0-22:30
iQ6ydwCOKHlz8BPpJpj2Zg,9:30-22:0,9:30-22:0,9:30-22:0,9:30-22:0,9:30-22:0,8:0-22:0,8:0-22:0
BQmrbbfd-7RLj_mqFie3Dw,10:0-21:0,10:0-21:0,10:0-21:0,10:0-21:0,10:0-21:0,9:30-21:0,11:0-19:0
v_XG6rpmOIqxMYyTfNKjaQ,10:0-1:0,10:0-1:0,10:0-1:0,10:0-1:0,10:0-1:0,10:0-1:0,10:0-1:0
6Ve_2kEz18dvhp4q3M5I2Q,0:0-0:0,9:0-19:0,9:0-19:0,9:0-16:0,9:0-19:0,9:0-19:0,9:0-16:0
aIyqvsWX2NPCVjW4EOTHFQ,5:0-17:0,5:0-17:0,5:0-17:0,5:0-17:0,5:0-17:0,5:0-17:0,5:0-17:0
COExayvsDDJOjWTOFZ7a4A,13:0-23:0,13:0-23:0,13:0-23:0,13:0-23:0,13:0-2:0,13:0-2:0,13:0-17:0
v5b0jWUV_F10vBvJ51A_lQ,12:0-22:0,12:0-22:0,12:0-22:0,12:0-22:0,12:0-22:0,12:0-22:0,12:0-22:0
I6MRD0JkDDa74TbVOJ1ykw,0:0-0:0,0:0-0:0,0:0-0:0,0:0-0:0,0:0-0:0,0:0-0:0,0:0-0:0
ftgmU5MuiXK4yP1CU3vqaw,17:0-22:0,17:0-22:0,17:0-22:0,17:0-22:0,17:0-22:0,17:0-22:0,17:0-22:0
l_ph7O9NYyEjMwpSc_TLTw,7:0-7:0,7:0-7:0,7:0-7:0,7:0-7:0,7:0-7:0,7:0-7:0,7:0-7:0
DnalbBqgX7afqSYgO5R8iQ,11:0-0:0,11:0-0:0,11:0-0:0,11:0-0:0,11:0-1:0,11:0-1:0,11:0-0:0
7yYexN1Q5ShE_z1MH2TDTw,11:0-22:0,11:0-22:0,11:0-22:0,11:0-22:0,11:0-23:0,11:0-23:0,11:0-22:0
CVrySTnC86omXXAm0GJMyA,11:0-21:0,11:0-21:0,11:0-21:0,11:0-21:0,11:0-22:0,11:0-22:0,11:0-21:0
NxZIySJr3DjROJBkl_KaEg,10:0-21:0,10:0-21:0,10:0-21:0,10:0-21:0,10:0-21:0,10:0-21:0,10:0-21:0
JnotDMU1KOYHm5kHHuPnyg,8:0-22:0,8:0-22:0,8:0-22:0,8:0-22:0,8:0-22:0,11:0-22:0,12:0-22:0
evJGY4DnDAWP6pJownLY9w,11:0-22:0,11:0-22:0,11:0-22:0,11:0-22:0,11:0-23:0,11:0-23:0,11:0-22:0
IV2CLIAAvF40lIFsu0BJtg,17:0-22:0,17:0-22:0,17:0-22:0,17:0-22:0,17:0-22:30,17:0-22:30,17:0-22:0
rHxc9sR5ELjboLqd_fUzJg,11:0-22:0,11:0-22:0,11:0-22:0,11:0-22:0,11:0-23:0,11:0-23:0,11:0-22:0
ppasQEo3jPkBdwdRGVd9WQ,0:0-0:0,0:0-0:0,0:0-0:0,0:0-0:0,0:0-0:0,0:0-0:0,0:0-0:0
ZPwx7ktiVluGFVg0L05n5A,9:0-20:0,9:0-21:0,9:0-21:0,9:0-21:0,9:0-22:0,9:0-22:0,10:30-20:0
qCTuGaciae73u7C57s2_0Q,12:0-22:0,12:0-22:0,12:0-22:0,12:0-22:0,12:0-22:30,12:0-22:30,12:0-22:30
a48i_DFln5e1oaJKNM6BUg,8:0-20:0,8:0-20:0,8:0-20:0,8:0-20:0,8:0-20:0,9:0-20:0,10:0-19:0
CgtLpRLRRKpw5nTvWxlRWQ,0:0-0:0,17:0-23:0,17:0-23:0,17:0-23:0,17:0-23:0,17:0-23:0,17:0-22:0
fzQeUR_AvjpwIWjsMDAbGw,11:0-23:0,11:0-23:0,11:0-23:0,11:0-3:0,11:0-4:0,11:0-4:0,11:0-23:0
PsRvJffbQdaHhK9xHxB06A,0:0-0:0,0:0-0:0,0:0-0:0,0:0-0:0,0:0-0:0,0:0-0:0,0:0-0:0
KGiObVBRve0oEyMBfOywcQ,10:30-22:0,10:30-22:0,10:30-22:0,10:30-22:0,10:30-22:0,10:30-22:0,10:30-22:0
zuwba6QEBIDZT0tJZmNhdQ,0:0-0:0,12:0-0:0,12:0-0:0,12:0-0:0,12:0-0:0,12:0-0:0,12:0-0:0
iHzgeI9ryIniOX9-AJPbcg,11:30-23:0,11:30-23:0,11:30-23:0,11:30-23:0,11:30-23:0,11:30-23:0,11:30-23:0
Hj_pXjhl-J2yjpJX-vyeMA,0:0-0:0,17:0-2:0,17:0-2:0,17:0-2:0,17:0-2:0,11:0-2:0,17:0-0:0
3fT1kcQ-MVEImGHa3hll5w,10:0-21:0,10:0-19:0,10:0-21:0,10:0-21:0,10:0-21:0,10:0-21:0,11:0-19:0
RWFC8Ht9gWcRc2vX57OPsA,10:0-4:0,10:0-4:0,10:0-4:0,10:0-4:0,10:0-4:0,10:0-4:0,10:0-4:0
O8sBSjxL8hQbA41lKtcoJg,4:0-22:0,4:0-22:0,4:0-22:0,4:0-22:0,4:0-22:0,4:0-22:0,4:0-22:0
9kk7eaffUzXwh-KLmKLxzw,9:0-21:0,9:0-21:0,9:0-21:0,9:0-21:0,9:0-21:0,9:0-21:0,9:0-21:0
VAEMdy7M4Cm0fn_Itteemw,16:30-22:0,16:30-22:0,16:30-22:0,16:30-22:0,16:30-23:0,16:30-23:0,16:30-22:0
x2CLU-qw2Hpwu2vSGLEorg,9:30-21:0,9:30-21:0,9:30-21:0,9:30-21:0,9:30-21:0,9:30-21:0,9:30-21:0
naO2DJaInOVGG1ZRgA3N6Q,11:0-22:0,11:0-21:0,11:0-21:0,11:0-22:0,11:0-22:0,10:0-22:0,10:0-22:0
ZP_1K8uC-YGbdPQ0KfNJog,0:0-0:0,14:0-22:0,14:0-22:0,14:0-22:0,14:0-23:0,14:0-23:0,14:0-21:0
tEZPHzECrTUVWr07RcKpTw,10:30-23:0,10:30-23:0,10:30-23:0,10:30-23:0,10:30-23:0,10:30-23:0,10:30-23:0
SEjyjYlMfFFzkHaru6JadA,4:0-3:59,4:0-3:59,4:0-3:59,4:0-3:59,4:0-3:59,4:0-3:59,4:0-3:59
uUvnimNxg15Ds9r0SC3oMg,8:0-22:30,8:0-22:30,8:0-22:30,8:0-22:30,8:0-23:0,8:0-23:0,8:0-22:30
9SHoWGXsGOCa5hOjBOzPtg,11:0-21:30,11:0-21:30,11:0-21:30,11:0-21:30,11:0-22:0,11:0-22:0,11:0-21:30
FfG8twx5K18y268Gp4dSKA,6:30-5:0,6:30-5:0,6:30-5:0,6:30-5:0,6:30-5:0,6:30-5:0,6:30-5:0
ftvZ6BVmbZndKcVPEdakIQ,11:0-22:0,11:0-22:0,11:0-22:0,11:0-23:0,11:0-23:0,11:0-23:0,11:0-21:0
twirfhS-LvbQjAoZjoxWOQ,16:30-22:0,16:30-22:0,16:30-22:0,16:30-22:0,16:30-22:0,16:30-22:0,16:30-22:0
SuwhEmo9wE4Tis4i3Sg4Kw,6:0-21:0,6:0-21:0,6:0-21:0,6:0-22:30,6:30-22:30,6:30-21:0,6:0-21:0
9d36_PI9Fh7kZ-Pybr2QiA,12:0-0:0,12:0-23:0,12:0-23:0,12:0-0:0,12:0-3:0,17:0-3:0,17:0-1:0
5K5Fppbmvsw9znotxVOXng,10:30-22:0,10:30-22:0,10:30-22:0,10:30-22:0,10:30-23:0,10:30-23:0,10:30-22:0
dnBQZpWTyJzTe0QJf7YK5w,10:0-2:0,10:0-2:0,10:0-2:0,10:0-2:0,10:0-2:0,10:0-2:0,10:0-2:0
yjUgQXvycpnH9-lfBA2sgA,9:0-0:0,9:0-0:0,9:0-0:0,9:0-0:0,9:0-2:0,10:0-0:0,10:0-0:0
SpeZAJN0ACO_m3Z4mcqwpA,10:0-0:0,10:0-0:0,10:0-0:0,10:0-0:0,10:0-1:0,10:0-1:0,10:0-0:0
J_btDyZbIv0hZNjrw56zlA,12:0-2:0,12:0-2:0,12:0-2:0,12:0-2:0,12:0-5:0,12:0-5:0,12:0-2:0
dDTJv37DK257kf74ZPBcxg,11:0-1:0,11:0-1:0,11:0-1:0,11:0-1:0,11:0-1:0,10:0-1:0,10:0-23:0
iNdMl5rb4FKFFgmzimuzvQ,9:0-1:0,9:0-1:0,9:0-1:0,9:0-1:0,9:0-2:0,9:0-2:0,9:0-1:0
M-bM5y8qdE-Z3mfZept1EA,11:0-21:30,11:0-21:30,11:0-21:30,11:0-21:30,11:0-21:30,11:0-21:30,11:0-21:30
TZl7YBuzo5awZP8QJDLg_w,11:0-20:0,11:0-21:0,11:0-21:0,11:0-21:0,11:0-21:0,11:0-21:0,11:0-20:0
cfT6rmhWvUnbEqfKXhwxYw,8:0-18:0,8:0-18:0,8:0-18:0,8:0-18:0,8:0-18:0,8:0-18:0,8:0-18:0
QNdNPr3f-WdESYo9WabWpw,0:0-0:0,7:0-21:0,7:0-21:0,7:0-21:0,7:0-22:0,8:0-22:0,9:0-17:0
1dX0u7zsjizDvatHEutHdQ,8:0-22:0,8:0-22:0,8:0-22:0,8:0-22:0,8:0-22:0,8:0-22:0,9:0-21:0
omU26JKzbqXhugm0O2U1mA,7:0-14:30,7:0-14:30,7:0-14:30,7:0-14:30,7:0-14:30,7:0-14:30,7:0-14:30
T00dMi_gQdyQkE9GKJFVSQ,7:0-14:0,7:0-14:0,7:0-14:0,7:0-14:0,7:0-3:0,7:0-3:0,7:0-1:0
zTr86H7j2bKQT13KBhBpPQ,0:0-0:0,0:0-0:0,0:0-0:0,0:0-0:0,0:0-0:0,0:0-0:0,0:0-0:0
Dn_x7Fiy4OEmCKHpeAV1Rg,0:0-0:0,0:0-0:0,0:0-0:0,0:0-0:0,0:0-0:0,0:0-0:0,0:0-0:0
PpD_gfjcw5nsjRmFeAR3_Q,9:0-19:0,9:0-19:0,9:0-19:0,9:0-19:0,9:0-19:0,9:0-19:0,9:0-18:0
YrqQWT5wzBUumklE4B_XfA,11:0-23:0,11:0-23:0,11:0-23:0,11:0-23:0,11:0-3:30,12:0-3:30,11:0-23:0
qGW6A2w5E0rfQV-0f5jrVQ,0:0-0:0,0:0-0:0,0:0-0:0,0:0-0:0,0:0-0:0,0:0-0:0,0:0-0:0
S-FDDYNks1fXSoddvW9WvQ,10:30-21:0,10:30-21:0,10:30-21:0,10:30-21:0,10:30-21:0,10:30-21:0,10:30-21:0
41o1FUbCYKJv2djtnlkzlg,11:0-2:0,11:0-2:0,11:0-2:0,11:0-2:0,11:0-2:0,10:0-2:0,10:0-2:0
qflIO8MUjwBnpY0R9wZ9Nw,10:0-19:30,10:0-19:30,10:0-19:30,10:0-19:30,10:0-19:30,9:0-18:0,10:30-18:0
8Uq4KDu10q1NAjA86v5Oeg,7:0-2:0,7:0-2:0,7:0-2:0,7:0-2:0,7:0-2:0,7:0-2:0,7:0-2:0
zJgAFcChZslMk76tMcv4xg,0:0-0:0,9:0-20:0,9:0-20:0,9:0-20:0,9:0-22:0,8:0-22:0,8:0-18:0
ukCTLs6T8LY1eUBXiAlmCg,16:0-2:0,16:0-2:0,16:0-2:0,13:0-21:0,16:0-2:0,16:0-2:0,16:0-2:0
fT6Uwl6abRQfiNgxre_qbg,11:0-21:30,11:0-21:30,11:0-21:30,11:0-21:30,11:0-22:30,11:0-22:30,11:0-21:30
iCQpiavjjPzJ5_3gPD5Ebg,11:0-5:0,11:0-4:0,11:0-4:0,11:0-4:0,11:0-5:0,11:0-5:0,11:0-5:0
jylz2TZWeULXS_rn3sal2A,10:30-22:0,10:30-22:0,10:30-22:0,10:30-22:0,10:30-22:0,10:30-22:0,10:30-22:0
CyQXHdumQvxKAkXglORTdQ,12:0-22:0,12:0-22:0,12:0-22:0,12:0-22:0,12:0-23:0,12:0-23:0,15:0-22:0
QoXT0qI6_3WeHImUuLAyjg,7:30-16:0,7:30-18:0,7:30-18:0,7:30-18:0,7:30-18:0,8:30-15:30,8:30-15:30
gtB-1QxTscdPj78UE5sWuQ,0:0-0:0,0:0-0:0,0:0-0:0,0:0-0:0,0:0-0:0,0:0-0:0,0:0-0:0
EDcZRvERC22Cvw1yi4-VKg,0:0-0:0,11:0-22:0,11:0-22:0,11:0-22:0,11:0-22:30,11:0-22:30,11:0-22:0
cRuk2y-LeWL42UVEkLVU3A,6:30-1:0,6:30-1:0,6:30-1:0,6:30-1:0,6:30-1:0,6:30-1:0,6:30-1:0
dc2jT85aZGNguurhIwJDbA,16:0-2:0,16:0-2:0,16:0-2:0,16:0-2:0,16:0-2:0,16:0-2:0,16:0-2:0
mU4EnLW8Z6GRvA93HSwInQ,0:0-0:0,11:30-21:0,11:30-21:0,11:30-21:0,11:30-21:0,10:0-21:0,10:0-15:0
mA3kz245czbdqAyJMg9BsQ,11:0-21:30,11:0-21:30,11:0-21:30,11:0-21:30,11:0-22:30,11:0-22:30,11:0-21:30
Zps5RW0brl-s43OvlCgZAQ,9:0-21:0,9:0-21:0,9:0-21:0,9:0-21:0,9:0-15:0,21:15-23:30,10:0-21:0
4x55GDKIP4oHh7H2TKaaHg,0:0-0:0,0:0-0:0,0:0-0:0,0:0-0:0,0:0-0:0,0:0-0:0,0:0-0:0
msPPUPKgPTlGXh2YrBAt-Q,0:0-0:0,0:0-0:0,0:0-0:0,0:0-0:0,0:0-0:0,0:0-0:0,0:0-0:0
I_WWH2vYccjz-QxW3u1zJA,10:0-21:0,10:0-21:0,10:0-21:0,10:0-21:0,10:0-21:30,10:0-21:30,10:0-21:0
OPwC1xFjSwFMVQHy95970w,11:0-21:0,11:0-21:0,11:0-21:0,11:0-21:0,11:0-22:0,11:0-22:0,11:0-21:0
EMHFX2g0xHTKy0RRujkxUA,9:0-17:0,9:0-17:0,9:0-17:0,9:0-17:0,9:0-17:0,9:0-17:0,9:0-17:0
Zrx25j1M794Nh8fUGB8E9A,10:0-2:0,10:0-2:0,10:0-2:0,10:0-2:0,10:0-2:0,10:0-4:0,10:0-4:0
EnCIojgP5KTr1leaysFE3A,8:0-22:0,8:0-22:0,8:0-22:0,8:0-22:0,8:0-0:0,8:0-0:0,8:0-22:0
pVcaSUJ0IcHvwKwETawT5A,10:0-21:0,10:0-21:0,10:0-21:0,10:0-21:0,10:0-21:0,10:0-21:0,11:0-18:0
4KPp6fLU8WJHJ63bxSb3Ww,11:0-22:0,11:0-22:0,11:0-22:0,11:0-22:0,11:0-22:0,11:0-22:0,11:0-22:0
HJdcjuoTcaf3aBPBxYPc5g,10:0-20:0,10:0-20:0,10:0-20:0,10:0-20:0,10:0-20:0,10:0-20:0,10:0-20:0
BcrTHaJULDlB1XuW4RIb_Q,10:30-21:0,10:30-21:0,10:30-21:0,10:30-21:0,10:30-21:0,10:30-21:0,11:0-20:0
C9ImzBi5fn742ZcAYDww2A,0:0-0:0,7:0-15:0,7:0-15:0,7:0-15:0,7:0-15:0,7:0-15:0,7:0-15:0
Q5olb1x6FGk2oLAlc9p5Lg,11:0-22:0,11:0-22:0,11:0-22:0,11:0-22:0,11:0-23:0,11:0-23:0,11:0-21:0
AkxbEOc5fz89ra9LLijJcw,16:0-23:0,16:0-23:0,16:0-23:0,16:0-23:0,12:0-1:0,12:0-1:0,12:0-23:0
W5d8iNog90R-qw43m5dGwg,12:0-22:0,11:0-22:0,11:0-22:0,11:0-22:0,11:0-22:0,11:0-22:0,11:0-22:0
jemdJGfzecsGq32yuTnaYQ,11:0-0:0,11:0-0:0,11:0-0:0,11:0-0:0,11:0-2:0,11:0-2:0,11:0-0:0
JOqH0qOAVL7OfkYW3opg4A,11:0-2:0,11:0-2:0,11:0-22:0,11:0-23:0,11:0-2:0,11:0-2:0,11:0-23:0
aGzoMSl-Qy53emT96-Vmcg,9:30-3:0,9:30-3:0,9:30-3:0,9:30-3:0,9:30-3:0,9:30-3:0,9:30-3:0
ngIcoAQTtsDIWuBQcjdHOQ,0:0-0:0,8:0-17:0,8:0-17:0,8:0-17:0,8:0-17:0,7:0-17:0,7:0-17:0
E67gGK8yOn9kkNzx8FzQKA,0:0-0:0,0:0-0:0,0:0-0:0,0:0-0:0,0:0-0:0,0:0-0:0,0:0-0:0
dJyvE8huwBlyUWcjPJJFDQ,9:0-20:0,9:0-20:0,9:0-20:0,9:0-20:0,9:0-20:0,9:0-20:0,11:0-17:0
UDk7qUVIetK3Y3NuARguqg,17:0-22:30,17:0-22:30,17:0-22:30,17:0-22:30,17:0-22:30,17:0-22:30,17:0-22:30
ZAqgv1gply0m_4fHAIffWA,9:0-23:0,9:0-23:0,9:0-23:0,9:0-23:0,9:0-3:0,9:0-3:0,9:0-23:0
tm-0kaz3A2DN6HdRcPwBzw,0:0-0:0,17:0-23:0,17:0-23:0,17:0-23:0,17:0-23:0,17:0-23:0,17:0-23:0
EzvQSacRpQhFU_p8NgiVJw,7:0-22:0,7:0-22:0,7:0-22:0,7:0-22:0,7:0-22:0,7:0-23:30,7:0-22:0
RPO5ISR18Xllgk9ahdPepA,0:0-0:0,17:0-22:0,17:0-22:0,17:0-22:0,17:0-22:0,17:0-22:0,17:0-21:0
FlsVt2Sn3KG2Zr7gKeYQzQ,10:0-22:0,10:0-22:0,10:0-22:0,10:0-22:0,10:0-0:0,10:0-0:0,10:0-22:0
OyUfEt9E5LuGg66_ciGVwg,4:0-23:0,4:0-23:0,4:0-23:0,4:0-23:0,4:0-1:0,4:0-1:0,4:0-23:0
ivjJxc3IhwrY8r-ESilEiQ,6:30-17:0,6:30-17:0,6:30-17:0,6:30-22:0,6:30-22:0,6:30-22:0,6:30-22:0
0V18KwdtfsdrIu9xyO4GLg,0:0-0:0,11:0-21:0,11:0-21:0,11:0-21:0,11:0-21:30,11:0-21:30,11:0-21:0
yCK1Ok69D7TSWJESZQZHiQ,0:0-0:0,11:0-21:0,11:0-21:0,11:0-21:0,11:0-23:0,11:0-23:0,12:0-21:0
A6upLxml9nNaVT_V3oIUkg,6:0-22:0,6:0-22:0,6:0-22:0,6:0-22:0,6:0-23:0,6:0-23:0,6:0-22:0
BgthHqiXot2s4Sd_xcI6DQ,10:30-22:0,10:30-22:0,10:30-22:0,10:30-22:0,10:30-22:0,10:30-22:0,10:30-22:0
Ko1VahSCJYqdGs-ElvA_BA,7:0-20:0,7:0-20:0,7:0-20:0,7:0-20:0,7:0-20:0,7:0-20:0,7:0-20:0
rBqek2924sBTjW1qE2ci2Q,10:0-2:0,10:0-1:0,10:0-1:0,10:0-2:0,10:0-2:0,10:0-2:0,10:0-2:0
_iEl9sCLsvXEFHUWPvgsAg,11:0-22:0,11:0-22:0,11:0-22:0,11:0-22:0,11:0-0:0,10:0-0:0,8:0-21:0
oRgoOhwCex1X9j1iQ9ou3w,10:0-23:0,10:0-23:0,10:0-23:0,10:0-23:0,10:0-23:0,10:0-23:0,10:0-23:0
yz2EimDE7bBvq6b4mDe_zg,0:0-0:0,0:0-0:0,0:0-0:0,0:0-0:0,0:0-0:0,0:0-0:0,0:0-0:0
05Solp0aY1YTZqoORMjUTg,9:0-21:0,9:0-21:0,9:0-21:0,9:0-21:0,9:0-21:0,9:0-21:0,9:0-21:0
PpHnxQaRP2JNjJODQDX9GA,0:0-0:0,0:0-0:0,0:0-0:0,0:0-0:0,0:0-0:0,0:0-0:0,0:0-0:0
Rnck2nc0j-FbolNiae2grg,0:0-0:0,14:0-23:0,11:0-23:0,11:0-23:0,11:0-23:0,14:0-22:0,12:0-22:0
DE89UdHFMCN6DtYWZuer5A,11:0-23:0,11:0-23:0,11:0-23:0,11:0-23:0,11:0-23:0,11:0-23:0,11:0-23:0
ghVhlFpNhfBwWDFGSlt2JA,11:30-0:0,11:30-0:0,11:30-0:0,11:30-0:0,11:30-0:0,11:30-0:0,11:30-0:0
8OaXvfag7E7oznV4rVb7vg,8:0-23:0,8:0-23:0,8:0-23:0,8:0-23:0,8:0-23:0,8:0-23:0,8:0-23:0
qB15WElGAlI_eGWjn0kT2w,7:0-0:0,7:0-0:0,7:0-0:0,7:0-0:0,7:0-0:0,7:0-0:0,7:0-0:0
Al-cFxIKoJpbPW9Roy0FEw,11:30-22:0,11:30-22:0,11:30-22:0,11:30-22:0,11:30-22:0,11:30-22:0,11:0-21:30
q9X0rwLBGehmRwXFqlWE-A,6:30-20:30,6:30-20:30,6:30-20:30,6:30-20:30,6:30-20:30,8:0-20:30,8:0-20:30
cxFZ9pFvWvP2DWjw0-G5iQ,10:0-23:0,10:0-23:0,10:0-23:0,10:0-23:0,10:0-23:0,10:0-23:0,10:0-23:0
fzpnaYOqBDjKnnAgFcgR8A,6:0-6:0,6:0-6:0,6:0-6:0,6:0-6:0,6:0-6:0,6:0-6:0,6:0-6:0
CgCp4FAVXFnEuDavxicrfQ,11:0-22:0,11:0-22:0,11:0-22:0,11:0-22:0,11:0-23:0,10:0-23:0,11:0-22:0
FMKaY9ob7ZSxFHT7fBROHg,11:30-21:30,11:30-21:30,11:30-21:30,11:30-21:30,11:30-21:30,11:30-21:30,13:30-21:30
NsbcCa8_i0RQjXLhpeLixw,6:0-22:0,6:0-22:0,6:0-22:0,6:0-22:0,6:0-22:0,8:0-22:0,8:0-21:0
OezwOIJ0_62Mj8MLdkGRAw,7:0-23:0,7:0-23:0,7:0-23:0,7:0-23:0,7:0-23:0,8:0-19:0,8:0-19:0
fCiTjtJYuDyk1xYtauYxEw,11:0-0:0,11:0-0:0,11:0-0:0,11:0-0:0,11:0-1:0,11:0-1:0,11:0-0:0
WUswpeAjbiww_xkSS8jTEA,12:0-21:0,9:0-21:0,9:0-21:0,9:0-21:0,8:0-22:0,8:0-22:0,8:0-18:0
I_a74zmgR-X03LsKISWPcg,0:0-0:0,12:0-21:0,12:0-21:0,12:0-21:0,12:0-22:0,12:0-22:0,12:0-18:0
WzrMNz9eUF78RgZGDTS8xg,11:0-21:30,11:0-21:30,11:0-21:30,11:0-21:30,11:0-22:0,11:0-22:0,11:0-21:30
HkPnai4LMRjAYZkZ2AQLkA,9:0-20:0,7:30-22:0,9:0-22:0,9:0-23:0,9:0-23:0,9:0-22:0,9:0-18:0
fPISsMIXOYZP1uins2Bwyw,0:0-0:0,12:0-22:0,12:0-22:0,12:0-22:0,12:0-23:0,12:0-23:0,12:0-22:0
yP-6hIA3qGWbIz0p9zSaoA,11:30-22:30,11:30-22:30,11:30-22:30,11:30-22:30,11:30-23:0,11:30-23:0,12:0-22:30
7XvmghjpF4lwigeY1En1_A,10:0-22:30,10:0-22:30,10:0-22:30,10:0-22:30,10:0-22:30,10:0-22:30,10:0-22:30
UjN6x14j9Tj9QbDYy-TzAg,10:0-22:30,10:0-22:30,10:0-22:30,10:0-22:30,10:0-22:30,11:0-22:30,11:0-22:30
AGHYXLa8ybk-M4OTJKNBnA,0:0-0:0,0:0-0:0,0:0-0:0,0:0-0:0,0:0-0:0,0:0-0:0,0:0-0:0
6W3hdaCjx_n1kADEuORduA,9:0-21:0,9:0-21:0,9:0-21:0,9:0-21:0,9:0-22:0,8:0-22:0,8:0-21:0
VsewHMsfj1Mgsl2i_hio7w,17:0-23:0,17:0-23:0,17:0-23:0,17:0-23:0,17:0-23:0,19:0-23:0,10:0-23:0
yYkvonvBGZB6UMnpzr6Ryw,6:0-0:0,6:0-0:0,6:0-0:0,6:0-0:0,6:0-0:0,6:0-0:0,7:0-0:0
GLVahCssTKPBY_06LzUGQA,5:0-18:0,5:0-18:0,5:0-18:0,5:0-18:0,5:0-18:0,5:0-18:0,5:0-18:0
xFN8mRubo3G0oIzJwc8XBA,0:0-0:0,0:0-0:0,0:0-0:0,0:0-0:0,0:0-0:0,0:0-0:0,0:0-0:0
ZW0EGqx6jeBe_7ihmLykBQ,10:0-21:0,10:0-21:0,10:0-21:0,10:0-21:0,10:0-21:0,10:0-21:0,10:0-21:0
nKph91qATrPCbJ-QwZjDZw,0:0-0:0,8:0-16:30,8:0-16:30,8:0-16:30,8:0-16:30,8:0-16:30,8:30-16:0
sUTgw9d2-OkYSRmF0wK75A,0:0-0:0,11:0-22:0,11:0-22:0,11:0-23:0,11:0-23:0,10:0-23:0,10:0-22:0
333W59XcrXZsJlnBAAx5mQ,0:0-0:0,11:0-21:0,11:0-21:0,11:0-21:0,11:0-22:0,11:0-22:0,11:0-21:0
9P23-V64kYz3trn9ecaJJA,11:0-21:0,18:0-20:30,18:0-22:0,18:0-22:0,18:0-22:0,18:0-22:0,18:0-20:0
BAbRAGFnht4BM0QG_OM1Og,11:0-21:0,11:0-21:0,11:0-21:0,11:0-21:0,11:0-22:0,12:0-22:0,12:0-21:0
hqi9zoHMqpSLy628aHGVOQ,9:0-20:0,9:0-20:0,9:0-20:0,9:0-20:0,9:0-20:0,9:0-20:0,11:0-18:0
pNZAIoa4qg1ZIHABxzRbVg,7:0-20:30,7:0-20:30,7:0-20:30,7:0-20:30,7:0-20:30,7:0-20:30,7:0-20:30
VIVdyOc5dWBMWdtzM-Hw2A,0:0-0:0,0:0-0:0,0:0-0:0,0:0-0:0,0:0-0:0,0:0-0:0,0:0-0:0
HJEaoW2OUTeZuQcygYUpqQ,8:30-16:0,8:30-16:0,8:30-20:0,8:30-20:0,8:30-20:0,8:30-20:0,8:30-19:0
yUkOP3Tmdp1pWA7p3zHboQ,11:0-23:0,11:0-23:0,11:0-23:0,11:0-23:0,11:0-0:0,11:0-0:0,11:0-22:0
VRwT0pscR5vESCrAnUpNwQ,11:30-22:0,11:30-22:0,11:30-22:0,11:30-22:0,11:30-22:0,11:30-22:0,11:30-21:0
h-Il9oq7rJKkRTIEg9uIOw,11:0-21:0,11:0-21:0,11:0-21:0,11:0-21:0,11:0-21:0,11:0-21:0,11:0-21:0
n1S7XnZfCCDIWlMZ8yUvEw,10:0-21:30,10:0-21:30,10:0-21:30,10:0-21:30,10:0-22:0,10:0-22:0,10:30-21:30
pfpOi3Q-Yap72z2bLKdWPQ,8:0-23:0,8:0-23:0,8:0-23:0,8:0-23:0,8:0-0:0,8:0-0:0,8:0-23:0
aVKBmuvdDmEOgOfqaSF_xA,10:30-21:0,10:30-21:0,10:30-21:0,10:30-21:0,10:30-21:0,10:30-21:0,10:30-21:0
5By2_wEFEzCO1-34AdJxGg,11:0-0:0,11:0-0:0,11:0-0:0,11:0-0:0,11:0-0:0,11:0-0:0,11:0-0:0
nCJMgK00U7J3MyjLqZOSeQ,10:0-23:0,10:0-23:0,10:0-2:30,10:0-2:30,10:0-2:30,10:0-2:30,10:0-2:30
QWbRrFpE-xXAToUbO83Djg,11:30-22:30,11:30-23:30,11:30-22:30,11:30-23:30,11:30-0:30,12:0-0:30,12:0-22:30
YPTR9EI2w75WeuCnS_JJXw,10:0-22:0,10:0-22:0,10:0-22:0,10:0-22:0,10:0-23:0,10:0-23:0,10:0-22:0
A7glw1TI5YmoIQWoMhONpQ,11:30-22:0,11:30-22:0,11:30-22:0,11:30-22:0,11:30-22:0,12:0-22:0,12:0-22:0
Qa4eXuZ1IFPwnVXJcpZWtw,11:0-0:0,11:0-0:0,11:0-0:0,11:0-2:0,11:0-2:0,11:0-2:0,11:0-0:0
FecWyJGnrIk5AYrR7C67xg,0:0-0:0,0:0-0:0,0:0-0:0,0:0-0:0,0:0-0:0,0:0-0:0,0:0-0:0
tnmnxPV_H4fOFkDqiDnqwg,11:0-22:30,11:0-22:30,11:0-22:30,11:0-22:30,11:0-22:30,11:0-22:30,11:0-22:30
CqN6eOajC383xL63tu8OAg,11:0-22:0,11:0-22:0,11:0-22:0,11:0-22:0,11:0-22:0,11:0-22:0,12:0-19:0
APIbThZ8PYfWsdK4Z0D5Rg,0:0-0:0,0:0-0:0,0:0-0:0,0:0-0:0,0:0-0:0,0:0-0:0,0:0-0:0
2W7ATgSmo2hnTM3e8081VA,7:0-22:0,7:0-22:0,7:0-22:0,7:0-22:0,7:0-22:0,7:0-22:0,7:0-22:0
2Wl4o7l54I-EtxtaDpOTzA,11:30-2:0,11:30-2:0,11:30-2:0,11:30-2:0,11:30-2:0,11:30-2:0,10:0-2:0
QteBKpZTRa2dJ3u7MLiXww,10:0-22:0,10:0-22:0,10:0-22:0,10:0-22:0,10:0-22:0,10:0-22:0,10:0-22:0
Y7Mt00v9wDhyz7k3AlXKzA,11:0-0:0,11:0-0:0,11:0-0:0,11:0-1:0,11:0-2:0,11:0-2:0,11:30-23:30
FoRVCri_clZDdhrYVlPmQw,6:0-16:0,6:0-16:0,6:0-16:0,6:0-16:0,6:0-16:0,6:30-17:0,6:30-17:0
da17_EW7GaYZWw1Z1JKSmw,0:0-0:0,0:0-0:0,0:0-0:0,0:0-0:0,0:0-0:0,0:0-0:0,0:0-0:0
uHnLw8FsZLYm_SC0jnoY6Q,11:0-22:0,11:0-22:0,11:0-22:0,11:0-22:0,11:0-23:0,11:0-23:0,11:0-22:0
dUffgo9Lh_Vk9TLuFR5ywg,11:0-22:0,11:0-22:0,11:0-22:0,11:0-22:0,11:0-22:0,11:0-22:0,11:0-22:0
W45EAHPo4Jv1hpuriQ2z5A,10:0-17:0,8:30-19:0,8:30-19:0,8:30-19:0,7:30-19:30,7:0-18:30,10:0-18:0
AHeilK8QgEn6on7tGFVYnQ,11:0-0:0,11:0-0:0,11:0-0:0,11:0-0:0,11:0-4:0,11:0-4:0,11:0-0:0
oWD385Ues-RWJmhP_Riz1g,0:0-0:0,7:0-15:0,7:0-15:0,7:0-15:0,7:0-15:0,7:0-15:0,7:0-15:0
bNHeKmkBx5emT9xLfdWyjw,10:30-22:30,10:30-22:30,10:30-22:30,10:30-22:30,10:30-22:30,10:30-22:30,12:0-22:0
TgcjQfl1E9DE-SjDVOUDJQ,11:0-21:0,11:0-21:0,11:0-21:0,11:0-21:0,11:0-21:0,17:0-21:0,17:0-21:0
Xdzd_3-eh0sxCZOXGhEWkw,16:0-21:0,16:0-21:0,16:0-21:0,16:0-21:0,16:0-21:30,16:0-21:30,16:0-21:0
gOOc6MDdhw7fV0Tf30mfAQ,7:0-15:0,7:0-15:0,7:0-15:0,7:0-15:0,7:0-15:0,7:0-15:0,7:0-15:0
FkdG2Qsh0V2UmrEOn_ImDA,9:0-23:0,9:0-23:0,9:0-23:0,9:0-23:0,9:0-23:0,9:0-23:0,9:0-23:0
ZsGnt11KrZdvtuY67sxpQw,6:0-20:30,18:0-21:0,6:0-20:30,6:0-20:30,6:0-20:30,6:0-20:30,6:0-20:30
W4hWYHAE_MBqYoY1ZJx8fw,19:0-5:0,19:0-5:0,19:0-5:0,19:0-5:0,19:0-5:0,19:0-5:0,19:0-5:0
vOdFaWm5VgenJODzk_nIQg,11:30-22:30,11:30-22:30,11:30-22:30,11:30-22:30,11:30-3:30,11:30-3:30,11:30-3:30
Ze4VPogvcD7inc3QuvY_yg,0:0-0:0,0:0-0:0,0:0-0:0,0:0-0:0,0:0-0:0,0:0-0:0,0:0-0:0
gOOfBSBZlffCkQ7dr7cpdw,8:0-23:0,8:0-23:0,8:0-23:0,8:0-23:0,8:0-0:0,10:0-0:0,10:0-23:0
oVmk03sRsExksDLkhIezHw,11:0-2:0,11:0-2:0,11:0-2:0,11:0-2:0,11:0-2:0,9:0-2:0,9:0-2:0
JDHw4ADjfnhfnILP1FoL1Q,11:30-22:30,11:30-22:30,11:30-22:30,11:30-22:30,11:30-22:30,11:30-22:30,11:30-22:30
JsGswUxAFK4uRht2UL62UA,9:30-22:0,9:30-22:0,9:30-22:0,9:30-22:0,9:30-23:0,9:30-23:0,10:0-22:0
bLieCqMMt4la2i8M2v1TUg,0:0-0:0,0:0-0:0,0:0-0:0,0:0-0:0,0:0-0:0,0:0-0:0,0:0-0:0
zLHOG9ty0OcXSQ6iy2BwwA,4:30-0:0,4:30-0:0,4:30-0:0,4:30-0:0,4:30-4:0,4:30-4:0,4:30-0:0
Gmkfors9fSxUKcJKSX0BRQ,7:0-22:0,7:0-22:0,7:0-22:0,7:0-22:0,7:0-22:0,8:0-22:0,8:0-22:0
ZCrK07xb6w5Vi1vathV0NQ,11:0-23:30,11:0-23:30,11:0-23:30,11:0-23:30,11:0-23:30,11:0-23:30,11:0-23:30
kiGc-yk1z1JgqTq7t6CcwA,11:30-22:0,11:30-22:0,11:30-22:0,11:30-23:0,11:30-23:0,12:0-23:0,12:0-22:0
8CcmHGUGlEEF2eNvS3ndMg,12:0-21:0,12:0-21:0,12:0-21:0,12:0-21:0,12:0-23:0,12:0-23:0,12:0-20:0
YA7kPicnPFqd_gydw0SOjw,7:0-21:0,7:0-21:0,7:0-21:0,7:0-21:0,7:0-21:0,9:0-20:0,10:0-18:0
2S9t90Q0qZWCV7X_u0rxZQ,11:0-22:0,11:0-22:0,11:0-22:0,11:0-22:0,11:0-22:0,11:0-22:0,11:0-22:0
S8U3oGLIWGh8U13dTBp04A,10:30-22:30,10:30-22:30,10:30-22:30,10:30-22:30,10:30-22:30,11:0-23:0,11:0-23:0
ZIdR-IopAtU5PH_mGtUAbw,9:0-19:0,9:0-19:0,9:0-19:0,9:0-19:0,9:0-19:0,10:0-19:0,12:0-17:0
NSgSagwajv26iS8zUKs2EQ,11:0-23:0,11:0-23:0,11:0-23:0,11:0-23:0,11:0-0:0,9:0-0:0,9:0-0:0
wrRxFrnUucvR4dlG6Q9fKA,10:0-22:0,10:0-22:0,10:0-22:0,10:0-22:0,10:0-22:30,10:0-22:30,10:0-22:0
80Lkm305ZOkQdMEIvOy_lw,11:0-1:0,11:0-1:0,11:0-1:0,11:0-2:0,11:0-2:0,11:0-2:0,11:0-1:0
Fa_U5Np2lS7pVu1u7iT8ow,11:0-2:0,11:0-2:0,11:0-2:0,11:0-2:0,11:0-2:0,11:0-2:0,11:0-2:0
BcW7Z9lPmOB_8eS2lEuOqQ,17:0-3:0,17:0-3:0,17:0-3:0,17:0-3:0,17:0-3:0,17:0-3:0,17:0-3:0
PQicuLOZ3uNJKn4PtayjlQ,0:0-0:0,11:0-22:0,11:0-22:0,11:0-22:0,11:0-22:0,11:0-22:0,11:0-22:0
ZOpiqtjJlcC8-VctNHE8xg,4:0-15:0,4:0-15:0,4:0-15:0,4:0-15:0,4:0-15:0,4:0-14:0,4:0-14:0
C4O-xIlNZN6r0XzqtsVugw,11:30-22:0,11:30-22:0,11:30-22:0,11:30-22:0,11:30-22:0,11:30-22:0,11:0-21:30
LBwFjTUlDeikknOoQTXxhg,0:0-0:0,0:0-0:0,0:0-0:0,0:0-0:0,0:0-0:0,0:0-0:0,0:0-0:0
4kDLEb1OgE7IrO54lCkn3A,12:0-22:0,12:0-22:0,12:0-22:0,12:0-22:0,12:0-23:0,12:0-23:0,12:0-22:0
-_TSaVr53qiEGqMkwyEMaQ,10:0-22:0,10:0-22:0,10:0-22:0,10:0-22:0,10:0-22:0,11:0-22:0,11:0-22:0
CAxHrXoPrbf0e0AYFPhv6g,6:0-6:0,6:0-6:0,6:0-6:0,6:0-6:0,6:0-6:0,6:0-6:0,6:0-6:0
EUskCVPgHoIGl3Ao0VUNLA,19:0-23:0,19:0-23:0,19:0-23:0,19:0-23:0,19:0-23:0,19:0-23:0,19:0-23:0
BMAflH82OUIMl2mHtP0MNQ,11:0-22:0,11:0-22:0,11:0-22:0,11:0-22:0,11:0-23:0,11:0-23:0,11:0-22:0
FBd6q_qzEFixvhV3KdzvJw,0:0-0:0,14:0-0:0,14:0-0:0,14:0-0:0,14:0-0:0,12:0-19:0,12:0-22:0
iOWviig09i0U9YRDMwp1fg,0:0-0:0,0:0-0:0,0:0-0:0,0:0-0:0,0:0-0:0,0:0-0:0,0:0-0:0
prWook9M1tomXf-T4Vpdjw,7:30-18:0,7:30-18:0,7:30-18:0,7:30-18:0,7:30-18:0,8:0-18:0,9:0-17:0
rRoJ2PbxzjCPFHq0jqzXkA,0:0-0:0,11:30-20:0,11:30-20:0,11:30-20:0,11:30-20:0,12:0-20:0,0:0-20:0
u1r_9dDn4JxiK2yNmn4XIQ,6:0-0:0,6:0-0:0,6:0-0:0,6:0-0:0,6:0-0:0,6:0-0:0,6:0-0:0
kZW2RJdmb8Ymm22pLscYvA,17:0-22:0,17:0-22:0,17:0-22:0,11:0-22:0,11:0-23:0,12:0-23:0,12:0-22:0
LHyj66waFlDcw9UToo27JQ,0:0-0:0,11:0-22:0,11:0-19:0,11:0-22:0,11:0-23:0,11:0-23:0,11:0-22:0
IsoLzudHC50oJLiEWpwV-w,0:0-0:0,11:0-22:0,11:0-22:0,11:0-22:0,11:0-22:0,10:30-22:0,9:30-16:0
Xx8NcaQ_Kwq0BuaiRnQRIg,6:30-14:0,6:30-14:0,6:30-14:0,6:30-14:0,6:30-14:0,6:30-14:0,6:30-14:0
MT-lkIacLNyC7KF2dY997A,11:0-23:0,11:0-0:0,11:0-0:0,11:0-1:0,11:0-2:0,10:30-2:0,10:30-23:0
QKsOsmyux_yM0QZLU5V7Kw,11:0-23:0,11:0-23:0,11:0-23:0,11:0-23:0,11:0-23:0,11:0-23:0,11:0-23:0
kMGfuOZeBDNQJ4_pBjE26Q,9:0-20:0,9:0-20:0,9:0-20:0,9:0-20:0,9:0-20:0,9:0-20:0,9:0-20:0
VaKXUpmWTTWDKbpJ3aQdMw,0:0-0:0,0:0-0:0,0:0-0:0,0:0-0:0,0:0-0:0,0:0-0:0,0:0-0:0
MXWSSx_MvmxvptXRHUnAbg,10:30-21:30,10:30-21:30,10:30-21:30,10:30-21:30,10:30-22:30,10:30-22:30,10:30-21:30
p5PRvPUhJrA-QHhm5xOU7Q,10:0-21:0,10:0-21:0,10:0-21:0,10:0-21:0,10:0-22:0,10:0-22:0,10:15-21:0
zd6mwM53f1E5OG4sPzP74Q,11:0-22:0,11:0-22:0,11:0-22:0,11:0-22:0,11:0-22:0,11:0-22:0,11:0-22:0
mx6YUarYRhXxUqXiJ6mbIQ,9:0-21:0,9:0-21:0,9:0-21:0,9:0-21:0,9:0-21:0,9:0-21:0,9:0-21:0
cPaXllVOblQn3kHQ8olDsw,0:0-0:0,10:0-6:0,0:0-0:0,0:0-0:0,0:0-0:0,0:0-0:0,10:0-6:0
Q2KN94tNrtldyr_1flHPdQ,11:0-23:15,11:0-23:0,10:45-23:15,10:45-23:15,11:0-23:15,11:0-23:15,11:0-23:15
CtZ3HujCLTChyoad_L-nHA,11:0-23:0,11:0-23:0,11:0-23:0,11:0-23:0,11:0-23:0,11:0-23:0,11:0-23:0
EUQoB_ph7_xIyj7JZGI3bg,10:30-21:0,10:30-21:0,10:30-21:0,10:30-21:0,10:30-22:0,17:0-22:0,16:30-21:0
npoCLZID4WNKV5RtJijAKg,11:0-20:0,11:0-20:0,11:0-20:0,11:0-20:0,11:0-20:0,11:0-20:0,12:0-18:0
mkceCArNe87jwSdLfsslXg,17:30-22:0,17:30-22:0,17:30-22:0,17:30-22:0,17:30-22:0,17:30-22:0,11:0-14:0
9MK66QkfnTp6BxZudH9wxg,10:0-20:0,10:0-20:0,10:0-20:0,10:0-20:0,10:0-21:0,10:0-21:0,11:0-18:0
fZDNuuFSnCtcXI3_RAFcSQ,11:0-23:0,11:0-23:0,11:0-23:0,11:0-23:0,11:0-1:0,11:0-1:0,11:0-22:0
9ET_RUNztevq4_OLAX80Gg,6:30-22:0,6:30-22:0,6:30-22:0,6:30-22:0,6:30-22:0,7:0-22:0,7:0-22:0
s-9ZfWtECJLMnND12t6RMA,0:0-0:0,17:0-2:0,17:0-2:0,17:0-2:0,17:0-2:0,17:0-2:0,18:0-2:0
0EpnzIpeFvhISkxMTIv9WA,0:0-0:0,11:0-21:0,11:0-21:0,11:0-21:0,11:0-21:0,11:0-21:0,11:0-17:0
jz9tXNe5O06MTe2UdnaalA,7:0-15:0,7:0-15:0,7:0-15:0,7:0-15:0,7:0-15:0,7:0-16:0,7:0-16:0
sba0fwlKAZFGWWtsf5Jbwg,0:0-0:0,10:0-22:0,10:0-22:0,10:0-22:0,10:0-22:0,10:0-22:0,10:0-17:0
bwFxrxHrz9I36awGc-yjjw,11:0-23:0,11:0-23:0,11:0-23:0,11:0-23:0,11:0-23:0,11:0-23:0,11:0-23:0
217u7Wad7y90x4el26-TIw,11:0-20:0,11:0-20:0,11:0-20:0,11:0-20:0,11:0-20:0,11:0-20:0,11:0-19:0
7xp3zCEMWtGKQUD_YNbUhw,7:0-2:0,7:0-2:0,7:0-2:0,7:0-2:0,7:0-2:0,8:0-2:0,9:0-2:0
P9KhwXBuHkJEif6TTJsGuQ,7:0-20:0,7:0-20:0,7:0-16:0,7:0-20:0,7:0-20:0,7:0-20:0,7:0-18:0
7HUEqrj4aa_u3kl-o-e9_Q,11:0-20:0,11:0-20:0,11:0-20:0,11:0-20:0,11:0-21:0,11:0-21:0,11:0-18:0
NtII1vBcP1CiAs54kY1JQw,11:0-21:0,11:0-21:0,11:0-21:0,11:0-21:0,11:0-22:0,11:0-22:0,11:0-21:0
6u-x45q0ETB7SQTAAuKSHw,11:0-0:0,11:0-0:0,11:0-0:0,11:0-0:0,11:0-1:0,11:0-1:0,11:0-0:0
TokUo_IctQ_z9sZWP5zxZA,11:0-21:0,11:0-21:0,11:0-21:0,11:0-21:0,11:0-21:0,11:0-21:0,11:0-21:0
vEX-H92z50_krgEUQzrYfQ,5:0-1:0,5:0-1:0,5:0-1:0,5:0-1:0,5:0-1:0,5:0-1:0,5:0-1:0
e1jI2-vU1fd4UKpyogtxuA,0:0-0:0,7:0-17:0,7:0-17:0,7:0-17:0,7:0-17:0,9:0-17:0,9:0-16:0
c7aifX_T8ztb35YlL-pcuw,8:0-22:0,8:0-22:0,8:0-22:0,8:0-22:0,8:0-22:0,8:0-22:0,8:0-22:0
hHDJkwr0JEzHV2aYWxQfdw,11:0-21:0,11:0-21:0,11:0-21:0,11:0-21:0,11:0-21:0,11:0-21:0,11:0-21:0
N7yuiiu8jhQ-Fl9Npflreg,11:0-2:0,11:0-2:0,11:0-2:0,11:0-2:0,11:0-2:0,11:0-2:0,11:0-2:0
invcm-tJDiT_tbUcn4C-lQ,10:30-22:0,10:30-22:0,10:30-22:0,10:30-22:0,10:30-23:0,10:30-23:0,10:30-22:0
NcrasPRJ3xm0K7JPxLFBGA,0:0-0:0,0:0-0:0,0:0-0:0,0:0-0:0,0:0-0:0,0:0-0:0,0:0-0:0
G5YM5jbCTAFE2IDGNRjYnQ,6:0-22:0,6:0-22:0,6:0-22:0,6:0-22:0,6:0-22:0,6:0-22:0,6:0-21:0
UESdOMLsXn_7WcwOZt7I3A,11:0-2:0,11:0-2:0,11:0-2:0,11:0-2:0,11:0-2:0,11:0-2:0,11:0-2:0
LnRn6ECHdqTeoFF0c8FKYw,10:30-21:0,10:30-21:0,10:30-21:0,10:30-21:0,10:30-21:0,10:30-21:0,10:30-21:0
odlM0YsqEuZ_3kW44A4h_w,10:0-22:0,10:0-22:0,10:0-22:0,10:0-22:0,10:0-22:0,10:0-22:0,10:0-22:0
SSCgpKNpco3l-YZ2MC-lMw,11:0-23:0,11:0-23:0,11:0-23:0,11:0-23:0,11:0-3:0,11:0-3:0,11:0-22:0
fJ43QHYmFf_EbfHqI97ptQ,10:0-22:0,10:0-22:0,10:0-22:0,10:0-22:0,10:0-22:0,10:0-22:0,10:0-22:0
c-fOJM0NzMx1ACV9PPZNhg,11:30-22:0,11:30-22:0,11:30-22:0,11:30-22:0,11:30-22:0,11:30-22:0,11:30-22:0
NaZVUOzqk5b-l0mlki-9Og,11:0-21:30,11:0-21:30,11:0-21:30,11:0-21:30,11:0-21:30,11:0-21:30,12:0-21:0
CZhc8YXdFLhAI4ViC2ERTg,11:0-21:0,11:0-21:0,11:0-21:0,11:0-21:0,11:0-22:0,11:0-22:0,11:0-21:0
tcgmfbWugkHI3FRrjlH6lQ,16:0-21:0,11:0-21:0,11:0-21:0,11:0-21:0,11:0-22:0,16:0-22:0,10:0-21:0
YtUaJkgKc1pucwdSq_DQeQ,0:0-0:0,11:0-22:0,11:0-19:0,11:0-22:0,11:0-22:0,11:0-22:0,11:0-21:0
Be9hkCoOJZB7pUxvjkPBNQ,9:0-18:0,9:0-18:0,9:0-18:0,9:0-18:0,9:0-18:0,9:0-17:0,9:0-18:0
cA5DOLBmD_XoNmgj7e3caA,11:0-0:0,11:0-0:0,11:0-0:0,11:0-1:0,11:0-2:0,11:0-2:0,11:0-0:0
zvOy4znhODeXleiublTsRg,0:0-0:0,0:0-0:0,0:0-0:0,0:0-0:0,0:0-0:0,0:0-0:0,0:0-0:0
OFnDWBP8iXxgeBrfHA5fRA,0:0-0:0,0:0-0:0,0:0-0:0,0:0-0:0,0:0-0:0,0:0-0:0,0:0-0:0
YrHVGQ8_Dcs5xCe78CvGmA,6:0-0:0,6:0-0:0,6:0-0:0,6:0-0:0,6:0-0:0,6:0-0:0,6:0-0:0
mxtMK3cHhtvYGcI1nozpWA,16:0-20:30,16:0-20:30,16:0-20:30,16:0-20:30,16:0-20:30,12:0-20:30,12:0-20:30
VNNCmRTGq4QOT0uHdWVQmA,11:30-23:30,11:30-23:30,11:30-23:30,11:30-23:30,11:30-1:0,11:30-1:0,11:30-23:30
luf0E5FPY-hv-uceL8QtBA,6:0-6:0,6:0-6:0,6:0-6:0,6:0-6:0,6:0-6:0,6:0-6:0,6:0-6:0
uMYy0jgZjtDMLr8WrN2sOA,11:30-22:0,11:30-22:0,11:30-22:0,11:30-22:0,11:30-22:0,12:0-22:0,12:0-22:0
s9Xme3zGwJtId5_6YonmhA,0:0-0:0,11:30-21:0,11:30-21:0,11:30-22:0,11:30-22:0,11:30-22:0,11:30-20:0
GKEl7LNGUqJiQWNQ0vpH8Q,11:0-23:0,11:0-23:0,11:0-23:0,11:0-23:0,11:0-0:0,10:0-0:0,10:0-22:0
pCVQq3jzfrT2CNHAIMMy0g,10:0-0:0,10:0-0:0,10:0-0:0,10:0-0:0,10:0-0:0,10:0-0:0,10:0-0:0
kyJaqGToSG0p9w5GmnLLCQ,7:30-17:0,7:30-14:0,7:30-14:0,7:30-14:0,7:30-14:0,8:0-17:0,8:0-17:0
Ou8cirGJDYrwOeOpZposBQ,7:30-22:0,7:30-22:0,7:30-22:0,7:30-22:0,7:30-15:0,7:30-0:0,8:0-22:0
XczlQNshayG-GCciSEYKvA,11:0-0:0,11:0-0:0,11:0-0:0,11:0-0:0,11:0-0:0,12:0-0:0,12:0-0:0
KKoHxrnuZg-qdm-OMpTJPg,7:0-21:0,7:0-21:0,7:0-21:0,7:0-21:0,7:0-21:0,7:0-21:0,8:30-18:0
etGW0g4oIABVeC4Sk5YBDQ,7:0-0:0,7:0-0:0,7:0-0:0,7:0-0:0,7:0-0:0,7:0-0:0,7:0-0:0
z2CVPfaG8C_rydUZCcsqbw,11:30-22:0,11:30-22:0,11:30-22:0,11:30-22:0,11:30-22:0,12:0-22:0,12:0-22:0
ueoRWPGrSoZizl1ngBghqg,10:0-21:0,10:0-21:0,10:0-21:0,10:0-21:0,11:0-21:30,11:0-21:30,11:0-21:0
wcR9Vbwn2EmlSeV7uBUIsA,11:0-2:0,11:0-2:0,11:0-2:0,11:0-2:0,11:0-2:0,11:0-2:0,11:0-2:0
qjcxNsGEcFn8Eh4IPjURoQ,10:0-0:0,10:0-0:0,10:0-0:0,10:0-0:0,10:0-2:0,10:0-2:0,10:0-0:0
dd3GZs6zW2t7BM0cbxAzvg,11:0-0:0,11:0-0:0,11:0-0:0,11:0-0:0,11:0-0:0,11:0-0:0,11:0-0:0
OKUr2j1XwSwrCAiXzX5oFw,11:30-22:30,11:30-22:30,11:30-22:30,11:30-22:30,11:30-22:30,11:30-22:30,11:30-22:30
uPa5hrWmHm0n1l4MSyVMGQ,11:30-22:30,11:30-22:30,11:30-22:30,11:30-22:30,11:30-22:30,11:30-22:30,11:30-22:30
Cs8YvyehNELsgOsf5Us4Dg,11:0-21:0,11:0-21:0,11:0-21:0,11:0-21:0,11:0-22:0,11:0-22:0,12:0-21:0
-3iE3lPp18Tn2ixqIRJB_w,7:30-20:30,7:30-20:30,7:30-20:30,7:30-20:30,7:30-20:30,10:0-20:0,10:0-20:0
dmTP4Am6wKrxwHrBdmFsQA,6:0-0:0,6:0-0:0,6:0-0:0,6:0-0:0,6:0-0:0,6:0-0:0,6:0-0:0
9LNs7rIaRngiI57TEfSYiQ,17:0-1:0,17:0-1:0,17:0-1:0,17:0-1:0,17:0-1:0,17:0-1:0,17:0-1:0
ukcwpK5MSuZgrCmQRz6Qmw,11:0-23:0,11:0-23:0,11:0-23:0,11:0-23:0,11:0-23:0,11:0-23:0,11:0-23:0
E3JyyBNcZD9re_yiVOgaVg,11:0-21:30,11:0-21:30,11:0-21:30,11:0-21:30,11:0-22:0,11:0-22:0,11:0-21:30
s2X_2ri_9Krm0xuciKCR-Q,7:0-12:0,7:0-12:0,7:0-12:0,7:0-12:0,7:0-12:0,7:0-12:0,7:0-12:0
1DHPkjDwHBguDZo_HR_ymw,11:0-0:0,11:0-0:0,11:0-0:0,11:0-0:0,11:0-0:0,11:0-0:0,11:0-0:0
IOwTrStIy6NinyquhBrLZQ,10:0-0:0,10:0-0:0,10:0-0:0,10:0-0:0,10:0-1:0,10:0-1:0,10:0-1:0
BWS7gSVFPTbQw_FQXzO4og,9:0-9:0,9:0-9:0,9:0-9:0,9:0-9:0,9:0-9:0,9:0-9:0,9:0-9:0
OFDywi_l7ox0745bvPhZBQ,0:0-0:0,0:0-0:0,0:0-0:0,0:0-0:0,0:0-0:0,0:0-0:0,0:0-0:0
xHBSMycXDJJ3sB0IF6BJDw,7:0-17:0,7:0-17:0,7:0-17:0,7:0-17:0,7:0-18:0,8:0-18:0,8:0-18:0
diY31IEunbV8MfDh81FS1A,10:30-22:0,10:30-22:0,10:30-22:0,10:30-22:0,10:30-22:0,10:30-22:0,10:30-22:0
8hkmqeUI8UbxIq7Aabv4Gg,10:0-21:0,10:0-21:0,10:0-21:0,10:0-21:0,10:0-21:0,11:0-19:0,11:0-19:0
qNFHmH-qo7Ia2vv0IK72ug,17:0-2:0,11:30-2:0,11:30-2:0,11:30-2:0,11:30-2:0,14:0-2:0,14:0-2:0
n0tnioUYabmpBrTwmIq08Q,0:0-0:0,0:0-0:0,0:0-0:0,0:0-0:0,0:0-0:0,0:0-0:0,0:0-0:0
Gh5zgKz5I5aE0qbpP1T9QA,8:0-17:0,8:0-17:0,8:0-17:0,8:0-17:0,8:0-17:0,9:0-17:0,9:0-17:0
NmXB2KhGXHKMCMAKILpCCA,16:0-2:0,16:0-2:0,16:0-2:0,16:0-2:0,16:0-2:0,12:0-2:0,12:0-2:0
am_CSSt5d7C3pIEjJpXvQw,9:0-20:0,9:0-20:0,9:0-20:0,9:0-20:0,9:0-20:0,9:0-20:0,9:0-20:0
iUQ5hZGhwrg-WPICcbo4IA,8:0-22:0,8:0-22:0,8:0-22:0,8:0-22:0,8:0-22:0,8:0-22:0,8:0-22:0
Fkpl9XOvqp2MXCAXsC-zWw,0:0-0:0,0:0-0:0,0:0-0:0,0:0-0:0,0:0-0:0,0:0-0:0,0:0-0:0
DLwpjhatiSRN7QqZQwokSw,10:30-19:0,10:30-19:0,10:30-19:0,10:30-19:0,10:0-20:0,10:0-20:0,10:30-19:0
km5aBHRss5ir_B0jvEErzQ,15:0-0:0,15:0-0:0,15:0-0:0,15:0-2:0,11:0-4:0,11:0-4:0,11:0-0:0
3GEEy7RP6e4bT4LAiWFMFQ,11:0-0:0,11:0-0:0,11:0-0:0,11:0-0:0,11:0-2:0,11:0-2:0,10:0-0:0
cvdPxYelSnPqecb7FekH_g,0:0-0:0,0:0-0:0,0:0-0:0,0:0-0:0,0:0-0:0,0:0-0:0,0:0-0:0
amsvLzfEvCzLwP0MnXAJ1w,11:0-0:0,11:0-0:0,11:0-0:0,11:0-0:0,11:0-0:0,11:0-0:0,11:0-0:0
qsdHK1eQtXmAJNdVJxiC3w,11:0-22:0,11:0-22:0,11:0-22:0,11:0-22:0,11:0-22:0,11:0-22:0,11:0-22:0
-Jo0rJr2mZxBVgaJqDs-TQ,10:0-22:0,10:0-22:0,10:0-22:0,10:0-22:0,10:0-22:0,10:0-22:0,13:0-22:0
82YGtjc5KKikNiqBZ33qzw,17:0-2:0,17:0-2:0,18:0-2:0,17:0-2:0,17:0-2:0,17:0-2:0,17:0-2:0
OJKMb3e1YkfN-qt1e895OQ,10:0-22:0,10:0-22:0,10:0-22:0,10:0-22:0,10:0-22:0,10:0-22:0,10:0-22:0
txu9xTY-ux48HS8m7eUofw,11:0-23:0,11:0-23:0,11:0-23:0,11:0-23:0,11:0-23:0,12:0-23:0,12:0-22:0
gjApIizKmVgkNFMwPyn4uA,11:0-23:0,11:0-23:0,11:0-23:0,11:0-0:0,11:0-2:0,11:0-2:0,11:0-0:0
Xp46hv8TxejNDGbJJ2cfQw,11:30-22:0,11:30-22:0,11:30-22:0,11:30-22:0,11:30-22:30,11:30-22:30,11:30-22:0
SeMczUVuKhVwruoJfrThtQ,9:0-21:0,9:0-21:0,9:0-21:0,9:0-21:0,9:0-21:0,9:0-21:0,9:0-21:0
_OecgEhpCDj-5qJNP_KlVg,10:0-1:0,10:0-1:0,10:0-1:0,10:0-1:0,10:0-1:0,10:0-1:0,10:0-1:0
_k-pqsaVgvCfeMJ4AiMaZQ,0:0-0:0,0:0-0:0,0:0-0:0,0:0-0:0,0:0-0:0,0:0-0:0,0:0-0:0
ICC-Xz2oqLHfMti8hRy4NA,10:30-23:0,10:30-23:0,10:30-23:0,10:30-23:0,10:30-23:0,10:30-23:0,16:0-23:0
l7RCvKqA61Jzm98gaqIhvw,11:30-2:0,11:30-2:0,11:30-2:0,11:30-2:0,11:30-2:0,11:0-2:0,11:0-2:0
F3tkpZYL76NLOMD_YpmbMA,8:0-22:0,8:0-22:0,8:0-22:0,8:0-22:0,8:0-1:0,8:0-22:0,8:0-22:0
MxzDRVIeN5JdjdcmTv4Q3Q,12:0-20:0,12:0-20:0,12:0-20:0,12:0-20:0,12:0-22:0,12:0-22:0,12:0-20:0
ELxoOY2F-1jSb8mqyN7Zbg,11:0-21:0,11:0-21:0,11:0-21:0,11:0-21:0,11:0-21:0,11:0-21:0,11:0-20:0
OtAVXleSatkQeZn9Twg4Aw,12:0-23:45,12:0-23:45,12:0-23:45,12:0-23:45,12:0-23:45,12:0-23:45,12:0-23:45
DuGHAH5zngQmzLwMVnpo1g,10:30-20:30,10:30-20:30,10:30-20:30,10:30-20:30,10:30-20:30,10:30-20:30,10:30-20:30
PGde9ygfV_a5oLQDNVedJg,11:0-22:0,11:0-22:0,11:0-22:0,11:0-22:0,11:0-23:0,11:0-23:0,11:0-22:0
cyzOijFJ82cae6qH6L8vuw,17:0-22:0,17:0-22:0,11:0-22:0,17:0-22:0,17:0-22:0,11:0-22:0,11:0-22:0
G3qjKFza3XCwW7tFRjim8w,0:0-0:0,0:0-0:0,0:0-0:0,0:0-0:0,0:0-0:0,0:0-0:0,0:0-0:0
d7xjodUIGqFYexZoXEiF4Q,11:0-0:0,11:0-0:0,11:0-0:0,11:0-1:0,11:0-1:0,10:0-1:0,10:0-23:0
fgA9aoU0gNK80hhXhiUpSQ,16:0-22:0,16:0-22:0,16:0-22:0,16:0-22:0,16:0-23:0,16:0-23:0,16:0-22:0
LCf4MZQcwgtniQUJ-MQBZA,6:0-5:30,6:0-5:30,6:0-5:30,6:0-5:30,6:0-5:30,6:0-5:30,6:0-5:30
QnHbzG_oP_llujHJZZ9Q9A,11:0-2:0,11:0-2:0,11:0-2:0,11:0-2:0,11:0-2:0,10:0-2:0,10:0-0:0
T0NKethAB-FFR05EeZCzuA,6:0-22:0,6:0-22:0,6:0-22:0,6:0-22:0,6:0-22:0,6:0-22:0,7:0-22:0
N0CoaG3cBrTGm2ecLYSzqA,17:30-22:0,17:30-22:0,17:30-22:0,17:30-22:0,17:30-22:0,17:30-22:0,17:30-22:0
Ibmf1PgWn_5oaGQ1kINmTw,11:30-22:0,11:30-22:0,11:30-22:0,11:30-22:30,11:30-22:30,12:0-22:30,12:0-22:0
Xp6ogw-SCNK28s1I0fhUXw,11:0-23:0,11:0-23:0,11:0-23:0,11:0-23:0,11:0-0:0,11:0-0:0,11:0-23:0
zTNFyAXMEkgVP-o_HTC2xw,17:0-22:0,17:0-22:0,17:0-22:0,17:0-22:0,17:0-22:0,17:0-22:0,17:0-22:0
DfgZlNgKwBvCpA_0alumXw,0:0-0:0,0:0-0:0,0:0-0:0,0:0-0:0,0:0-0:0,0:0-0:0,0:0-0:0
h51mRPqkuFVk8YN2nY4Img,0:0-0:0,11:0-21:0,11:0-21:0,11:0-21:0,11:0-22:0,11:0-18:0,11:0-18:0
gw_yg7329SgpEvX5sOpwGw,9:0-21:0,9:0-21:0,9:0-21:0,9:0-21:0,9:0-21:0,9:0-21:0,9:0-20:0
KpEu3vvj1ruoID0T3lmD4Q,17:0-23:0,17:0-23:0,17:0-23:0,17:0-23:0,17:0-0:0,17:0-0:0,17:0-23:0
okX1jSK4-4uPdglVFNYhSw,7:0-0:0,7:0-0:0,7:0-0:0,7:0-0:0,7:0-1:0,7:0-1:0,7:0-0:0
yx4SuEdloQxr5FR4XcNaTg,7:30-21:0,7:30-21:0,7:30-21:0,7:30-21:0,7:30-21:0,7:30-17:0,7:30-17:0
8SWZLawwzqwzbXpGQS7gBw,6:30-14:0,6:30-14:0,6:30-14:0,6:30-14:0,6:30-14:0,6:30-14:0,6:30-14:0
O1iooQB4W8uHKvnyl3ILHw,9:0-21:0,9:0-21:0,9:0-21:0,9:0-21:0,9:0-21:30,9:0-21:30,11:0-21:0
nRZjrWIzqKc26KjpBG0fHg,12:0-0:0,12:0-0:0,12:0-0:0,12:0-0:0,12:0-1:0,12:0-1:0,13:0-0:0
Wo_ZL7I3hS-eW6pJWg1V8A,10:30-22:0,10:30-22:0,10:30-22:0,10:30-22:0,10:30-22:0,10:30-22:0,10:30-22:0
ywtDqnrLeWzG7Q-9ORmSsA,10:0-21:0,10:0-21:0,10:0-21:0,10:0-21:0,10:0-22:0,10:0-22:0,10:0-21:0
A-KVm7iKLOe1X1yAQP13FA,12:0-22:0,12:0-22:0,12:0-22:0,12:0-22:0,12:0-23:0,12:0-23:0,12:0-22:0
y8d90Pt16Nip-B5UXWBP-w,11:0-0:0,11:0-0:0,11:0-0:0,11:0-0:0,11:0-1:20,11:0-1:20,10:0-0:0
lomynsQfC1dALfxyh-x_iA,0:0-0:0,0:0-0:0,0:0-0:0,0:0-0:0,0:0-0:0,0:0-0:0,0:0-0:0
TvAmV2vB4oTsNwGjjM6y3g,7:0-1:0,7:0-1:0,7:0-1:0,7:0-1:0,7:0-2:0,7:0-2:0,7:0-1:0
5KheTjYPu1HcQzQFtm4_vw,10:45-22:0,10:45-22:0,10:45-22:0,10:45-22:0,10:45-23:0,9:0-23:0,9:0-22:0
-KIdCJnkt5N8rnnmWR5MQg,10:30-21:0,10:30-21:0,10:30-21:0,10:30-21:0,10:30-21:0,10:30-21:0,11:0-20:0
cPmThZ7Ugpd8eJnIObOy0Q,11:0-22:0,11:0-22:0,11:0-22:0,11:0-22:0,11:0-23:0,11:0-23:0,11:0-22:0
AjWFFZN8KwyqJzzi0DyEsw,11:0-0:0,11:0-0:0,11:0-0:0,11:0-0:0,11:0-0:0,11:0-0:0,11:0-0:0
W3ia8dkoGGRYEfFg_BiyPg,5:0-17:0,5:0-17:0,5:0-17:0,5:0-17:0,5:0-17:0,6:0-16:0,6:0-15:0
QJatAcxYgK1Zp9BRZMAx7g,11:0-0:0,11:0-2:0,11:0-2:0,10:0-22:0,10:0-2:0,11:0-2:0,11:0-2:0
Bv5RS9NFbTsk9D7fvYx4Hw,5:0-23:0,5:0-23:0,5:0-23:0,5:0-23:0,5:0-0:0,5:0-1:0,5:0-23:30
LFs5jyYdXlzi0SpAYi1eSA,11:0-23:0,11:0-23:0,11:0-23:0,11:0-23:0,11:0-23:0,11:0-23:0,11:0-23:0
Voy_shxcm2YnHQOtfUj1KQ,10:0-0:0,10:0-0:0,10:0-0:0,10:0-0:0,10:0-0:0,10:0-0:0,10:0-0:0
8FUzCm4Q13MJMX7N6ftmQw,10:30-21:30,10:30-21:30,10:30-21:30,10:30-21:30,10:30-22:0,10:30-22:0,10:30-21:30
7yntwIUh2ZEkWGe9Zth7tw,8:0-20:0,8:0-20:0,8:0-20:0,8:0-20:0,8:0-20:0,11:0-19:0,11:0-19:0
tQKRXnzWZllD4M3toa-UaQ,11:0-22:0,11:0-22:0,11:0-22:0,11:0-22:0,11:0-22:0,11:0-22:0,11:0-22:0
PqRfOvjPa0EqbcH4MQY7pw,11:0-1:0,11:0-1:0,11:0-1:0,11:0-2:0,11:0-2:0,11:0-2:0,11:0-1:0
6toLWc82vm5t2sJWCkA5IQ,10:0-21:0,10:0-21:0,10:0-21:0,10:0-21:0,10:0-22:0,10:0-22:0,10:0-22:0
8C4R3FLXERdrMtiD5YdLYA,10:0-23:0,10:0-23:0,10:0-23:0,10:0-23:0,10:0-23:0,10:0-23:0,10:0-23:0
ByFMv3p5X1aNeZhU61rDcA,0:0-0:0,0:0-0:0,0:0-0:0,0:0-0:0,0:0-0:0,0:0-0:0,0:0-0:0
l0WauZ92kRg9bu2oxHj4TQ,11:0-21:0,11:0-21:0,11:0-21:0,11:0-21:0,11:0-22:0,11:0-22:0,11:0-20:0
JPfi__QJAaRzmfh5aOyFEw,0:0-0:0,11:0-22:0,11:0-22:0,11:0-22:0,11:0-22:0,11:0-22:0,11:0-19:0
fB-v-caPf0o3eUkp_2ua2Q,9:0-18:0,9:0-18:0,9:0-18:0,9:0-18:0,9:0-19:0,9:30-18:0,10:0-17:0
PxH02Eu2Z4MUycBLU80D8g,11:30-22:0,11:30-22:0,11:30-22:0,11:30-22:0,11:30-22:0,12:0-22:0,12:0-22:0
56z-cq7L0MPE-nU9D-UEyQ,8:0-20:0,8:0-20:0,8:0-20:0,8:0-20:0,8:0-18:0,9:0-18:0,9:0-18:0
KkmPDIWzvwbBpyqOHT6pcQ,17:0-22:0,17:0-22:0,17:0-22:0,17:0-22:0,17:0-22:30,17:0-22:30,17:0-22:0
eahfGaQEkrsOkjyYHAaT-Q,11:0-0:0,11:0-0:0,11:0-0:0,11:0-0:0,11:0-3:30,11:0-3:30,11:0-0:0
umrovy4atXODdOu-DEpkbg,8:0-0:0,8:0-0:0,8:0-0:0,8:0-0:0,8:0-1:0,8:0-2:0,8:0-1:0
iRa-394URsOWGfcFqvm1vw,0:0-0:0,0:0-0:0,0:0-0:0,0:0-0:0,0:0-0:0,0:0-0:0,0:0-0:0
Xqur5VuobC9WW3crdxZPBw,11:0-22:0,11:0-22:0,11:0-22:0,11:0-22:0,11:0-22:0,11:0-22:0,11:0-22:0
nDvSHngXRRju6ib-cHoCkg,13:0-20:0,11:0-22:0,11:0-22:0,11:0-22:0,11:0-23:0,11:0-23:0,13:0-20:0
hl6s4hGsJDcRhHIWrSM-UA,2:0-7:0,17:0-2:30,17:0-2:30,21:30-4:30,14:0-4:0,14:0-3:30,14:0-2:30
zZkzpVgMP8xaXg3uMscCjQ,11:0-23:0,11:0-23:0,11:0-23:0,11:0-23:0,11:0-23:0,11:0-23:0,11:0-23:0
cisqOxAgQPjVVr9Yzk8_dw,8:0-23:0,8:0-23:0,8:0-23:0,8:0-23:0,8:0-0:0,10:0-0:0,10:0-23:0
EK38MXW_OsC5CZVvIZodIw,12:0-21:0,12:0-21:0,12:0-21:0,12:0-21:0,12:0-22:0,15:0-22:0,15:0-21:0
06PiQOUehVOYtDcZRWrA5A,10:30-22:0,10:30-22:0,10:30-22:0,10:30-22:0,10:30-22:0,10:30-22:0,10:30-22:0
EBnR5M6upBcHfMK4063_Sw,11:0-21:0,11:0-21:0,11:0-21:0,11:0-21:0,11:0-21:0,11:0-21:0,11:0-21:0
jKndHanZV4fygbNHWK5Xnw,5:0-2:0,5:0-2:0,5:0-2:0,5:0-2:0,0:0-0:0,0:0-0:0,0:0-0:0
3z9lFLV0UfcA3eQSAZDwSA,11:0-22:0,11:0-22:0,11:0-22:0,11:0-22:0,11:0-23:0,11:0-23:0,11:0-22:0
bJm67R1YQUNius2OjEQ5rA,0:0-0:0,0:0-0:0,0:0-0:0,0:0-0:0,0:0-0:0,0:0-0:0,0:0-0:0
r05kbKriZ3Z56Nre1WQIDg,11:0-22:0,11:0-22:0,11:0-22:0,11:0-22:0,11:0-22:0,17:0-22:0,12:0-20:0
OOO4iaFaBffyeZjiffJccA,10:30-3:0,10:30-3:0,10:30-3:0,10:30-3:0,10:30-5:0,10:30-5:0,10:30-3:0
4GD8CguXrkwOKi-XxFRESw,8:30-19:0,8:30-19:0,8:30-19:0,8:30-19:0,8:30-19:0,10:0-19:0,10:0-19:0
bo4loBeLwkQqZ7HGrgxXRQ,17:0-22:0,17:0-22:0,17:0-22:0,12:0-22:0,12:0-23:0,12:0-23:0,17:0-22:0
c0LlClom1qONqByoagqPGw,10:0-21:0,10:0-21:0,10:0-21:0,10:0-21:0,9:0-22:0,9:0-22:0,9:0-22:0
5-l_zaYVEG-ft0cwyhWpyA,10:0-22:0,10:0-22:0,10:0-22:0,10:0-22:0,10:0-23:0,10:0-23:0,10:0-22:0
w55sCX7ZkLIJNhl_RhwjEg,0:0-0:0,0:0-0:0,0:0-0:0,0:0-0:0,0:0-0:0,0:0-0:0,0:0-0:0
SMQSeTvs172iOipBRxeS1Q,11:0-1:0,11:0-1:0,11:0-1:0,11:0-1:0,11:0-2:0,11:0-2:0,11:0-0:0
ym5FOqL6tGbgynzwKMHZuw,11:0-19:30,11:0-22:0,11:0-19:30,11:0-22:0,11:0-22:0,12:0-22:0,10:0-21:0
d6m_X827VcM6ZV5C4yTiHw,11:0-1:0,11:0-1:0,11:0-1:0,11:0-1:0,11:0-1:0,11:0-1:0,11:0-1:0
OWMCp8jmbjouogxcKarQFg,7:0-0:0,7:0-0:0,7:0-0:0,7:0-0:0,6:0-3:0,6:0-3:0,7:0-0:0
uI2lQHqS1Pkh1-EzgeD-ww,11:0-0:0,10:45-0:0,11:0-0:0,11:0-2:0,11:0-2:0,11:0-2:0,11:0-0:0
9NDWU7w-Pau6gZwAxnJucw,17:0-22:0,17:0-22:0,17:0-22:0,17:0-22:0,17:0-22:0,17:0-22:0,17:0-22:0
2skQeu3C36VCiB653MIfrw,11:0-22:0,11:0-22:0,11:0-22:0,11:0-22:0,11:0-22:0,11:0-22:0,11:0-22:0
47wBHgBwQ8_70sjmXow_1g,0:0-0:0,17:0-23:0,17:0-23:0,15:0-0:0,15:0-0:0,10:30-0:0,16:0-22:0
Lpp8IiUVEhJzF4Fb8DkScQ,11:0-22:0,11:0-22:0,11:0-22:0,11:0-22:0,11:0-23:0,11:0-23:0,12:0-22:0
6WRVv6S1IWR0nt4Lr2w7Og,10:30-21:30,10:30-21:30,10:30-21:30,10:30-21:30,10:30-22:0,10:30-22:0,10:30-21:30
XxIKCVdn0SUI_bKyWEM1TQ,11:0-22:0,11:0-22:0,11:0-22:0,11:0-22:0,11:0-22:0,11:0-22:0,11:0-21:0
EYWaN9sLjVYdi7fKIRguVA,7:0-0:0,7:0-0:0,7:0-0:0,7:0-0:0,7:0-1:0,7:0-1:0,7:0-0:0
Yw-aHeYZMWyDA5EZJ902FA,12:0-0:0,12:0-0:0,12:0-0:0,12:0-0:0,12:0-0:0,12:0-0:0,12:0-0:0
vg4ynLZ0yJ89pT4s_CEMzQ,11:0-22:0,11:0-22:0,11:0-22:0,11:0-22:0,11:0-22:0,11:0-22:0,11:0-22:0
OFw59czUoeeosFMKfRawmg,11:0-23:0,11:0-23:0,11:0-23:0,11:0-23:0,11:0-0:0,11:0-0:0,11:0-23:0
aIDCm_31--whoSJl4LhEZA,0:0-0:0,0:0-0:0,0:0-0:0,0:0-0:0,0:0-0:0,0:0-0:0,0:0-0:0
5dSrlAsETYORRe4nYmxDZA,11:0-21:0,11:0-21:0,11:0-21:0,11:0-21:0,11:0-22:0,11:0-22:0,12:0-18:0
g14SuHGkIL-2pSWhRkSSlQ,11:0-23:0,11:0-23:0,11:0-23:0,11:0-1:0,11:0-1:0,12:0-1:0,12:0-23:0
L-_-9JNAb6UDyq7waykX2A,11:0-22:0,11:0-22:0,11:0-22:0,11:0-22:0,10:0-2:0,10:0-2:0,11:0-22:0
rYI_Dvw8ixOE-Hud-PWzbQ,0:0-0:0,10:30-21:0,10:30-21:0,10:30-21:0,10:30-21:0,10:30-21:0,11:0-20:0
fTtkz2RhWNAp6jKiIzXf_A,10:0-21:0,10:0-21:0,10:0-21:0,10:0-21:0,10:0-22:0,10:0-22:0,11:0-20:0
y-ZZe1dz8AMjiAwNVo3h_A,0:0-0:0,11:0-22:0,11:0-22:0,11:0-22:0,11:0-22:0,11:0-22:0,11:0-22:0
tM_A6uLiKvUCKSdSZxYLYw,16:0-4:0,16:0-4:0,16:0-4:0,16:0-4:0,16:0-4:0,16:0-4:0,16:0-4:0
O9gFYCf_BU56KhLByawYWg,11:0-22:0,11:0-22:0,11:0-22:0,11:0-22:0,11:0-23:0,11:0-23:0,11:0-22:0
14Dl61cUYP6ttjK5TRJ6cA,7:0-1:0,7:0-1:0,7:0-1:0,7:0-1:0,7:0-1:0,8:0-1:0,9:0-0:0
Lq9rYrwvWV5QDBYzq7MGHQ,11:30-2:0,11:30-2:0,11:30-2:0,11:30-2:0,11:30-2:0,11:30-2:0,11:30-2:0
uANuB3YVqjRWychfyhXJvA,12:0-22:45,11:45-22:45,17:0-22:45,11:45-22:45,11:45-0:0,11:45-12:0,17:0-22:45
fN_I3jP7RD2llubTvhXtKQ,9:0-15:0,9:0-15:0,9:0-15:0,9:0-15:0,9:0-15:0,9:0-16:0,9:0-16:0
9GPWnFfwL3teZFax-CPD_A,11:0-21:0,11:0-21:0,11:0-21:0,11:0-21:0,11:0-22:0,11:0-22:0,11:0-21:0
zsQk990PubOHjr1YcLkQFw,9:0-19:0,8:0-19:0,8:0-19:0,8:0-19:0,8:0-19:0,8:0-19:0,8:0-19:0
PP9ZfC_JUufbrPRPHD7FJQ,4:30-23:0,4:30-23:0,4:30-23:0,4:30-23:0,4:30-1:0,4:30-1:0,4:30-23:0
kYli-nDMENotoxZonriBLA,11:30-22:30,11:30-22:30,11:30-22:30,11:30-22:30,11:30-22:30,12:0-22:30,15:0-21:30
qNCt4Dx3S0R-n3x39mxxLw,18:0-2:0,18:0-2:0,18:0-2:0,18:0-2:0,18:0-2:0,16:0-2:0,16:0-2:0
Pz13Ru_-U4qoZiu89ezVmQ,17:0-22:30,17:0-22:30,17:0-22:30,17:0-22:30,17:0-22:30,17:0-22:30,17:0-22:30
SnRJ97wHYu9An11uzXhIeQ,8:0-17:0,8:0-17:0,8:0-17:0,8:0-17:0,8:0-17:0,8:30-16:30,8:30-16:30
Zp5xil8pC6Bm-fFOWIbh0Q,11:0-23:0,11:0-23:0,11:0-23:0,11:0-23:0,11:0-23:0,11:0-23:0,12:0-23:0
7XiRql62fRgP7RC08FizTA,16:0-0:0,16:0-0:0,16:0-0:0,16:0-0:0,16:0-4:0,16:0-4:0,16:0-0:0
dPxZI9lrKTl5dvFfnb1_Ig,0:0-0:0,16:0-21:0,16:0-21:0,16:0-21:0,15:0-22:0,11:0-22:0,11:0-21:0
OH3baEaklANPe1farAKgRg,4:30-0:0,4:30-0:0,4:30-0:0,4:30-0:0,4:30-1:0,4:30-1:0,4:30-0:0
1r9lpt5r9l4uJxLLyt6QBw,0:0-0:0,0:0-0:0,0:0-0:0,0:0-0:0,0:0-0:0,0:0-0:0,0:0-0:0
XVA_j7ACtBZ7vx7Hda6eJw,10:0-21:0,10:0-21:0,10:0-21:0,10:0-21:0,10:0-21:0,10:0-21:0,10:0-21:0
sJBem81QF7l_43aF7xtLYQ,9:0-23:0,9:0-23:0,9:0-23:0,9:0-23:0,9:0-23:0,9:0-23:0,9:0-23:0
_Jt9CLSL2sqF-yCNel9D-g,0:0-0:0,11:0-22:0,11:0-22:0,11:0-22:0,11:0-23:0,8:0-23:0,11:0-22:0
ZJ0gQp0fcnIDiZv0m9--Gg,17:0-22:0,17:0-22:0,17:0-22:0,17:0-22:0,17:0-22:0,17:0-22:0,17:0-22:0
YeYtDdGRonHddnviDc1q7g,11:0-22:30,11:0-22:30,11:0-22:30,11:0-22:30,11:0-22:30,11:0-22:30,11:0-21:0
YHubCF0Ua0uC6HC2tm-arQ,9:0-15:0,18:0-23:0,18:0-23:0,18:0-23:0,18:0-23:0,18:0-23:0,18:0-23:0
sjiTzC2aoy13iPuIvk37Ew,11:0-22:0,11:0-22:0,11:0-20:0,11:0-22:0,11:0-23:0,11:0-23:0,12:0-22:0
1PJpo48hSChCbriXEHGSjw,17:30-2:0,17:30-2:0,17:30-2:0,17:30-2:0,17:30-2:0,17:30-2:0,17:30-2:0
aUb0maIrZ-rdnvod1r7Umg,10:0-22:0,10:0-22:0,10:0-22:0,10:0-22:0,10:0-23:0,10:0-23:0,10:0-22:0
2GzQ1Cc7eDWhKrqNAR1kAA,10:45-22:0,10:45-22:0,10:45-22:0,10:45-22:0,10:45-22:0,10:45-22:0,10:45-22:0
vWCQBIuvJS8dkS8WCkZgKQ,7:0-22:30,7:0-22:30,7:0-22:30,7:0-23:0,7:0-23:0,8:0-21:0,9:0-21:0
7UtqNjjd9D6oU7UcT2nxig,10:0-20:0,10:0-20:0,10:0-20:0,10:0-20:0,10:0-20:0,10:0-20:0,11:0-19:0
1SE9f6TEV5XhnTuuK01xwA,11:0-0:0,11:0-0:0,11:0-0:0,11:0-0:0,11:0-0:0,11:0-0:0,11:0-0:0
94p6Q1TWTqoa39RGDdAHgA,12:0-22:30,12:0-22:30,12:0-22:30,12:0-22:30,12:0-23:30,12:0-23:30,12:0-22:30
XugCgJqRQgNGeiycvTybjA,11:0-23:0,11:0-23:0,11:0-23:0,11:0-0:0,11:0-0:0,11:0-0:0,11:0-23:0
Gz9rje7T6mDoWwH3KFoECQ,17:0-0:0,17:0-0:0,17:0-0:0,17:0-1:0,17:0-1:0,11:0-1:0,11:0-0:0
NYRkbIL7yL7o75-MjhbgWw,8:0-22:0,8:0-22:0,8:0-22:0,8:0-22:0,8:0-22:0,8:0-22:0,8:0-22:0
vn5Ebwy-IdtJ6PQE6y7vaA,9:0-19:0,9:0-19:0,9:0-19:0,9:0-19:0,9:0-19:0,9:0-19:0,9:0-17:0
wTjvgkUJMVWrYed9mXdQjg,11:0-22:0,11:0-22:0,11:0-22:0,11:0-22:0,11:0-23:0,10:0-23:0,10:0-22:0
A6kXV4LPZsPjqWyGU-h_zw,10:0-22:0,10:0-22:0,10:0-22:0,10:0-22:0,10:0-23:0,10:0-23:0,10:0-22:0
OX0T9dWI8b7meu-ljTo22A,10:0-22:0,10:0-22:0,10:0-22:0,10:0-22:0,10:0-22:0,10:0-22:0,10:0-22:0
aE8HsUH-NJC_c_yKbkDhJw,9:0-21:0,9:0-21:0,9:0-21:0,9:0-21:0,9:0-21:0,9:0-21:0,9:0-20:30
2xP6Ng5FVqIhnYgFtrQNYQ,11:0-2:0,11:0-2:0,11:0-2:0,11:0-3:0,11:0-3:0,11:0-3:0,11:0-2:0
NTtLuuBKpywlyIz6oyd9kg,11:0-22:0,11:0-22:0,11:0-22:0,11:0-22:0,11:0-23:0,11:0-23:0,11:0-22:0
9uRrzqQaq9XwW9lLj7oBxw,6:0-21:0,6:0-21:0,6:0-21:0,6:0-21:0,6:0-21:0,6:0-21:0,6:0-21:0
YXeRxDKwR0EuVKQwvTQVBQ,11:0-22:0,11:0-22:0,11:0-22:0,11:0-22:0,11:0-22:0,11:0-22:0,12:0-22:0
P0k48-YlKuxskB7ys2Ir0A,11:0-21:0,11:0-21:0,11:0-21:0,11:0-21:0,11:0-21:0,12:0-21:0,11:0-21:0
a911y0BuV1rjHXkXlFm3Ig,16:0-22:0,11:0-22:0,11:0-22:0,11:0-22:0,11:0-22:0,11:0-22:0,11:0-22:0
a192hdM0_UVCYLwPJv1Qwg,7:0-22:0,7:0-22:0,7:0-22:0,7:0-22:0,7:0-23:0,7:0-23:0,7:0-22:0
dlNMXG9-BWsPGom0_lCCNQ,0:0-0:0,11:0-21:0,11:0-21:0,11:0-19:0,11:0-21:0,9:0-21:0,9:0-19:0
gBy6UXTpoSHhW6qd15XU0g,0:0-0:0,0:0-0:0,0:0-0:0,0:0-0:0,0:0-0:0,0:0-0:0,0:0-0:0
OaM2Bjeo2Ftt84ruTrzPNQ,11:0-22:0,11:0-22:0,11:0-22:0,11:0-22:0,11:0-22:0,11:0-22:0,12:0-21:0
F-TlMLvO9VBf42ZLnrI-zw,8:0-23:0,8:0-23:0,8:0-23:0,8:0-23:0,8:0-23:0,8:0-21:0,8:0-21:0
PsdWWQE_9GrfmCNfz2yW4g,17:0-21:0,17:0-21:0,17:0-21:0,17:0-21:0,17:0-22:0,17:0-22:0,17:0-21:0
zhB2gbdNbaFwo2nWEArtLA,7:0-1:0,7:0-1:0,7:0-1:0,7:0-1:0,7:0-2:0,7:0-2:0,7:0-1:0
4aCun88uZMOsAoymY5Li3w,11:0-2:0,11:0-2:0,11:0-2:0,11:0-2:0,11:0-2:0,11:0-2:0,11:0-2:0
9IpKGHaPy3hhXo9g5Bt7lg,11:0-22:0,11:0-22:0,11:0-22:0,11:0-22:0,11:0-23:0,11:0-23:0,11:0-22:0
jaSowNITPRRCYpPb3_pjdA,10:0-21:0,11:30-21:0,15:0-22:0,11:30-19:30,11:0-22:0,10:0-22:0,10:0-21:0
Bz75D7cx4bhHGuwc20IN1A,11:0-0:0,11:0-0:0,11:0-0:0,11:0-0:0,11:0-0:0,11:0-0:0,11:0-0:0
S9CrHJJnns3cqdGca7mQWQ,10:30-22:0,10:30-22:0,10:30-22:0,10:30-22:0,10:30-22:0,11:0-22:0,11:0-22:0
u71djaZjecGVU1MqMevQ4g,17:0-23:0,17:0-23:0,17:0-23:0,17:0-23:0,17:0-0:0,17:0-0:0,17:0-23:0
iDv99zgwiLqqaoXV6BLbDw,9:0-18:0,9:0-18:0,9:0-18:0,9:0-18:0,9:0-18:0,9:0-18:0,9:0-18:0
rxU6LyoSNK6Oc9IFhKFWHg,7:0-20:0,7:0-20:0,7:0-20:0,7:0-20:0,7:0-20:0,7:0-20:0,9:0-15:0
31mm5EtlmT4557BTYAFOrA,8:0-22:0,8:0-22:0,8:0-22:0,8:0-22:0,8:0-22:0,8:0-22:0,8:0-22:0
ts_kVtBEAJsdmdoqxRDdRQ,11:30-22:30,11:30-22:30,11:30-22:30,11:30-22:30,11:30-23:0,12:0-23:0,12:0-22:0
6SAfQKe2oM5g_EtcYXyAMg,11:0-23:0,11:0-23:0,11:0-23:0,11:0-23:0,11:0-23:0,10:30-0:0,10:30-0:0
FoKx_RP4kUM-aiGo3wlUUw,9:0-21:0,9:0-21:0,9:0-21:0,9:0-21:0,9:0-22:0,9:0-22:0,9:0-20:0
cB7FhpOwFCn380G6WGpJzw,11:30-21:0,11:30-21:0,11:30-21:0,11:30-21:0,11:30-22:0,17:0-22:0,17:0-21:0
sHnN3JliwVWvGX76Odmlbw,18:0-22:0,18:0-22:0,18:0-22:0,18:0-23:0,18:0-23:0,18:0-23:0,18:0-22:0
2Qh4LZbqbQIsonZ68S7_Qw,10:0-21:0,10:0-21:0,10:0-21:0,10:0-21:0,10:0-21:0,10:0-21:0,10:0-21:0
k73FsZGTp2raTD5BA346sg,6:0-22:0,6:0-22:0,6:0-22:0,6:0-22:0,6:0-0:0,6:0-0:0,6:0-22:0
urkODQ1jX0qQzgbqsQjWVQ,11:0-21:0,11:0-21:0,11:0-21:0,11:0-21:0,11:0-21:0,11:0-21:0,11:0-21:0
jyPsc5xUFpVOuuSylPkZdw,11:0-23:0,11:0-23:0,11:0-23:0,11:0-23:0,11:0-0:0,11:0-0:0,11:0-0:0
iIwMJdDuExGrOqkSAyPb9A,11:0-22:0,11:0-22:0,11:0-22:0,11:0-22:0,11:0-21:0,11:0-21:0,11:0-22:0
fLxn7nVQzESaIqrFLsjEbQ,11:30-23:30,11:30-23:30,11:30-23:30,11:30-23:30,11:30-23:30,16:0-23:30,16:0-22:0
WO1sgbYB6u6VVcvChanp5g,12:0-12:0,12:0-12:0,12:0-12:0,12:0-12:0,12:0-12:0,12:0-12:0,12:0-12:0
CiYLq33nAyghFkUR15pP-Q,10:0-2:0,10:0-2:0,10:0-2:0,10:0-2:0,10:0-4:0,10:0-4:0,10:0-2:0
6OftN85zwsd_PRxSYhgQCQ,6:0-0:0,6:0-0:0,6:0-0:0,6:0-0:0,6:0-0:0,6:0-0:0,7:0-0:0
ZDDzKXN_JXe7694zePRuTQ,11:0-0:0,11:0-0:0,11:0-0:0,11:0-0:0,11:0-1:0,11:0-1:0,11:0-0:0
VOAO6ip7GwK4McQZbRa60g,0:0-0:0,0:0-0:0,0:0-0:0,0:0-0:0,0:0-0:0,0:0-0:0,0:0-0:0
rQ9zKk0So6EFT5WR1TAzfQ,0:0-0:0,0:0-0:0,0:0-0:0,0:0-0:0,0:0-0:0,0:0-0:0,0:0-0:0
lJpcz-Hv71kbk7bkhZz7FA,11:0-22:0,11:0-22:0,11:0-22:0,11:0-22:0,11:0-23:0,11:0-23:0,11:0-22:0
aNGcHb8rjFFI9nY_fUgImg,11:0-23:0,11:0-23:0,11:0-23:0,11:0-23:0,11:0-0:0,11:0-0:0,11:0-22:0
pNVRNptxW2u_WhQ0Fs-g9A,16:0-21:0,16:0-21:0,16:0-21:0,16:0-21:0,9:0-21:0,11:0-21:0,11:0-21:0
GZ12skjXwuMuH3LidRN-mA,10:45-22:0,10:45-22:0,10:45-22:0,10:45-22:0,10:45-22:0,10:45-22:0,10:45-22:0
q3ilBINLR7KoBBlxSqCvlA,7:30-22:0,7:30-22:0,7:30-22:0,7:30-22:0,7:30-22:0,7:30-22:0,7:30-22:0
YMeONTVyOMn5_3LlkXmdhg,10:30-22:0,10:30-22:0,10:30-22:0,10:30-22:0,10:30-22:0,10:30-22:0,10:30-22:0
TRe0u0yJ4eeEaSzDKQmIDA,8:0-21:0,8:0-21:0,8:0-21:0,8:0-21:0,8:0-21:0,10:0-21:0,10:0-18:0
UFthIIorkchiGj_5ThZ1Uw,9:0-23:0,9:0-23:0,9:0-23:0,9:0-23:0,9:0-0:0,9:0-0:0,9:0-23:0
5oV7oSbo9h4nzWxNfoLc4A,11:30-23:0,11:30-23:0,11:30-23:0,11:30-23:0,11:30-1:0,11:30-1:0,11:30-23:0
cTJjTKz2huGZ-ElScC2pSw,9:0-23:0,11:0-23:0,11:0-16:0,11:0-23:0,9:0-0:0,9:0-16:0,9:0-16:0
A8Mw21Wxt4Ao-3aA-a5feQ,6:0-0:0,6:0-0:0,6:0-0:0,6:0-0:0,6:0-0:0,7:0-0:0,7:0-0:0
0qet57CmMA5qUm6gPFUTpg,11:0-1:0,11:0-3:0,11:0-1:0,11:0-3:0,11:0-4:30,11:0-4:30,11:0-3:0
8_hy-FrbC9zcakjKH_yaXA,11:0-20:0,11:0-20:0,11:0-20:0,11:0-20:0,11:0-23:0,11:0-23:0,11:0-20:0
jaDTCxAGbK3N9XmO5gvhig,0:0-0:0,0:0-0:0,0:0-0:0,0:0-0:0,0:0-0:0,0:0-0:0,0:0-0:0
-zhywnaBiGRNcr6kbDagBQ,8:0-22:0,8:0-22:0,8:0-22:0,8:0-22:0,8:0-0:0,8:0-0:0,8:0-0:0
LH4U1OJuJVxovAAcx2Oi9Q,11:0-23:0,11:0-23:0,11:0-23:0,11:0-23:0,11:0-2:0,11:0-2:0,11:0-23:0
qi3JiaD6bzjsE22HFIrpng,10:0-23:0,10:0-23:0,10:0-23:0,10:0-23:0,10:0-0:0,10:0-0:0,10:0-23:0
SDtIdchX9WpKlH5Yst8kjQ,0:0-0:0,11:0-17:0,11:0-17:0,11:0-20:0,11:0-20:0,11:0-17:0,11:0-17:0
o-_cQmyr78y49wgRLthgew,0:0-0:0,0:0-0:0,0:0-0:0,0:0-0:0,0:0-0:0,0:0-0:0,0:0-0:0
5EicViODfX1qNOIhdb4OzA,0:0-0:0,17:0-22:0,17:0-22:0,17:0-22:0,11:30-22:0,11:30-22:0,11:30-22:0
1CP8aJa8ILlfM5deroar0Q,11:0-0:0,11:0-0:0,11:0-0:0,11:0-0:0,11:0-0:0,11:0-0:0,11:0-0:0
U1ZVgF-kfkvv_rcoe0RglQ,9:0-20:30,9:0-20:30,9:0-20:30,9:0-20:30,9:0-20:30,9:0-20:30,9:0-20:0
09LYxY5D4GcKc0Tvs4K_gw,6:30-19:0,6:30-19:0,6:30-19:0,6:30-19:0,6:30-19:0,6:30-19:0,7:0-17:0
4twpbw7n4DmsLxAm6-sMkg,11:0-23:0,11:0-23:0,11:0-23:0,11:0-23:0,11:0-23:0,11:0-23:0,11:0-23:0
-hzQQ8tbXThpp0k5E_y1Dw,8:0-22:0,8:0-22:0,8:0-22:0,8:0-22:0,8:0-0:0,8:0-0:0,8:0-22:0
269jIQkeE98UJQUeCgQNuQ,17:0-23:0,17:0-23:0,17:0-23:0,17:0-23:0,17:0-23:0,17:0-23:0,17:0-23:0
H7z0JH-i_KqhrsZhEDBpVA,11:0-0:0,11:0-0:0,11:0-0:0,11:0-1:0,11:0-2:0,10:30-2:0,10:30-0:0
KUqInLEY1y7SkyZyDoGn0Q,9:30-23:0,9:30-23:0,9:30-23:0,9:30-23:0,9:30-23:0,9:0-23:0,9:0-23:0
Orgm9nmcClxnAUva4nOKyA,11:0-23:0,11:0-23:0,11:0-23:0,11:0-23:0,11:0-0:0,10:0-0:0,9:30-23:0
Wfl_ch21ojyHsPnkvvnstw,0:0-0:0,0:0-0:0,0:0-0:0,0:0-0:0,0:0-0:0,0:0-0:0,0:0-0:0
eaNenRk_liZBERFFLCXqqQ,11:30-23:0,11:30-23:0,11:30-23:0,11:30-23:0,11:30-0:0,11:30-0:0,11:30-23:0
XTmqUnO9FFbdbE4xL7Vhlw,10:0-22:0,10:0-22:0,10:0-22:0,10:0-22:0,10:0-22:0,10:0-22:0,10:0-22:0
ai8nfTBNvL579cjIuqZajQ,0:0-0:0,10:30-22:0,10:30-22:0,10:30-22:0,10:30-22:0,10:30-22:0,10:30-22:0
obrbOqA5Pxita02b0rcGrg,11:0-2:0,11:0-2:0,11:0-2:0,11:0-3:0,11:0-3:0,11:0-3:0,11:0-2:0
StjUke9uj6T6qB4hpyzMMA,10:30-22:0,11:30-22:0,11:30-22:0,11:30-22:0,11:30-22:0,10:30-22:0,10:30-22:0
ajoqEHnCZTD8-8GqGLq9-Q,0:0-0:0,0:0-0:0,0:0-0:0,0:0-0:0,0:0-0:0,0:0-0:0,0:0-0:0
Jyub3kujlSOTgxwr9wEKFQ,17:0-22:30,17:0-22:30,17:0-22:30,17:0-22:30,17:0-23:0,11:0-23:0,11:0-23:0
ad7lp1JL-gC4d4zDXXNgjg,16:0-22:0,16:0-22:0,16:0-22:0,16:0-22:0,16:0-23:0,13:0-23:0,13:0-22:0
lAR6Lj6-zBxQNqflZt0zTQ,11:0-22:0,11:0-22:0,11:0-22:0,11:0-22:0,11:0-23:0,11:0-23:0,11:0-21:0
f16oe_yaGBh4AFK_mlBabw,10:0-22:30,10:0-22:30,10:0-22:30,10:0-22:30,10:0-23:30,10:0-23:30,10:0-22:30
qnfFdA-Ij8jpCPk6IV6igg,13:0-20:0,13:0-20:0,13:0-20:0,13:0-20:0,13:0-20:0,13:0-20:0,13:0-20:0
XXXb0ANM2vU37VnAAZvlVQ,11:0-2:0,11:0-2:0,11:0-2:0,11:0-3:0,11:0-3:0,11:0-3:0,11:0-2:0
ERM603jbIbNqX2c7Ww1Qiw,10:30-22:0,10:30-22:0,10:30-22:0,10:30-23:0,10:30-23:0,10:30-23:0,11:0-22:0
VIxWlFefTnFQPkAvDNURjg,11:0-23:0,11:0-23:0,11:0-23:0,11:0-23:0,11:0-0:0,10:0-0:0,10:0-23:0
Igqp27BP7cm9vUu_WB0gRA,15:0-2:0,15:0-2:0,15:0-2:0,15:0-2:0,15:0-4:0,15:0-4:0,16:30-0:0
XUEqnfbPzMij660Ur-iTwA,8:0-20:30,8:0-20:30,8:0-20:30,8:0-20:30,8:0-20:30,8:0-20:30,8:0-20:30
eWcyXTiaexrkvCc3vlFWKA,6:0-22:0,6:0-22:0,6:0-22:0,6:0-22:0,6:0-22:0,6:0-22:0,6:0-22:0
ugLqbAvBdRDc-gS4hpslXw,11:0-23:0,11:0-23:0,11:0-23:0,11:0-23:0,11:0-23:0,11:0-23:0,11:0-23:0
PAXyu9k1HeszWOuRCgvcsA,11:0-23:0,11:0-23:0,11:0-23:0,11:0-23:0,11:0-23:45,11:0-23:45,11:0-23:0
zPBccKsIHYtLUGFNYIi8Uw,10:30-21:0,10:30-21:0,10:30-21:0,10:30-21:0,10:30-21:30,10:30-21:30,10:30-21:0
H8umkLwMkM0vP5B8oPiozQ,0:0-0:0,0:0-0:0,0:0-0:0,0:0-0:0,0:0-0:0,0:0-0:0,0:0-0:0
0H0L1HJ9NTdTQYGqY0dcww,11:0-0:0,11:0-0:0,11:0-0:0,11:0-1:0,11:0-2:0,11:0-2:0,11:30-23:30
E91zEYEGcs497aYnQlh2yg,0:0-0:0,7:0-18:0,7:0-18:0,7:0-18:0,7:0-18:0,8:0-17:0,8:0-17:0
xs4A6LDWSa1Sll63Ng8WuA,0:0-0:0,9:0-21:0,7:0-16:0,9:0-21:0,9:0-21:0,11:0-20:0,11:0-19:0
7NCpXte7KHtDJctfv6QiPQ,10:30-21:0,10:30-21:0,10:30-21:0,10:30-21:0,10:30-21:0,11:0-21:0,11:30-19:0
Rmw9HB35S9qobQKN6bXgmA,11:0-23:0,11:0-23:0,11:0-23:0,11:0-23:0,11:0-0:0,10:0-0:0,10:0-23:0
sXg2NCfiCqK_X_4R5NK_jQ,18:0-2:0,18:0-2:0,18:0-2:0,18:0-2:0,18:0-2:0,18:0-2:0,18:0-2:0
mmZaOPp2BFMmWe6suuJndQ,6:0-2:0,6:0-2:0,6:0-2:0,6:0-2:0,6:0-2:0,6:0-2:0,6:0-2:0
9y1uLUHxZ3m_4KzydQj9YQ,11:0-0:0,11:0-0:0,11:0-0:0,11:0-0:0,11:0-0:0,11:0-0:0,11:0-0:0
wB2mrl_xHyj55UObucaVRA,0:0-0:0,7:0-15:0,7:0-15:0,7:0-15:0,7:0-15:0,7:0-15:0,7:0-15:0
8wen3QWfwUx0Pr4IlXaGVg,17:0-2:0,17:0-2:0,17:0-2:0,17:0-2:0,16:0-2:0,16:0-2:0,16:0-2:0
ZaMY0vMwnpx-kbAK5ROhHg,10:0-21:30,10:0-21:30,10:0-21:30,10:0-21:30,10:0-22:0,10:0-22:0,10:30-21:0
yw9VoFdKeN0EAerh1VceVQ,17:0-3:30,17:0-3:30,17:0-3:30,17:0-3:30,17:0-5:0,17:0-5:0,17:0-5:0
aDGp0NnKuVH3_pOCfZwqsA,10:0-23:0,10:0-23:0,10:0-23:0,10:0-23:0,10:0-23:0,10:0-23:0,10:0-23:0
9SaFi9c_imgP8LqeJC1YEA,11:0-21:0,11:0-21:0,11:0-21:0,11:0-21:0,11:0-21:0,11:0-22:0,11:0-20:0
DCneGyZ5H_uxliaMHI0lYg,11:0-21:0,11:0-21:0,11:0-21:0,11:0-21:0,11:0-21:0,11:0-21:0,11:0-21:0
QLU34OSLDiCG7wu6OrjqCw,10:0-22:0,10:0-22:0,10:0-22:0,10:0-22:0,10:0-22:0,10:0-22:0,10:0-22:0
5mcKhJwQVjZcVncUGl2how,10:0-23:0,10:0-23:0,10:0-23:0,10:0-23:0,10:0-23:0,10:0-23:0,10:0-23:0
ZS4txVWw6N_AM0UEL6MfKQ,10:30-0:30,10:30-0:30,10:30-0:30,10:30-0:30,10:30-0:30,10:30-0:30,10:30-23:30
698nukvxe7mq2Fra5vDikQ,0:0-0:0,7:0-15:0,7:0-15:0,7:0-15:0,7:0-15:0,7:0-15:0,7:0-15:0
tvYID0arhN-shKGUrC1Wsg,17:0-22:0,17:0-22:0,17:0-22:0,17:0-22:0,17:0-22:30,16:0-22:30,15:30-22:0
b4a9xvX1LtwcZx6a5SiFVw,8:30-21:30,8:30-21:30,8:30-21:30,8:30-21:30,8:30-21:30,8:30-21:30,9:0-20:0
e13SEvJud_vgeDR_doL4sQ,11:0-23:0,11:0-23:0,11:0-23:0,11:0-23:0,11:0-23:0,11:0-23:0,11:0-23:0
G2yY7OdcwX71jCkKP1-Efg,16:0-0:0,16:0-0:0,16:0-0:0,16:0-0:0,16:0-0:0,12:0-0:0,12:0-0:0
sCtxuMqfHrcQvSNY1390eQ,16:0-0:0,8:0-0:0,8:0-0:0,8:0-14:0,8:0-14:0,10:30-2:0,10:30-0:0
rIDzNikbeBSR1jbwN-7ydQ,10:0-23:0,10:0-23:0,10:0-23:0,10:0-23:0,10:0-23:0,10:0-23:0,10:0-23:0
3WRvQJS9GIBubGxbHMzX2g,10:45-22:0,10:45-22:0,10:45-22:0,10:45-22:0,10:45-22:0,10:45-22:0,10:45-22:0
d5n_zQMaVZxFKNnS-4ludA,11:0-2:0,11:0-2:0,11:0-2:0,11:0-2:0,11:0-2:0,11:0-2:0,11:0-2:0
BW8xfC2Vxd-DnjB7UNpJ-Q,11:0-21:30,11:0-21:30,11:0-21:30,11:0-21:30,11:0-22:0,11:0-22:0,11:0-21:30
2zSr7jNNWpA-IfD74wOlTA,0:0-0:0,0:0-0:0,0:0-0:0,0:0-0:0,0:0-0:0,0:0-0:0,0:0-0:0
1ofuWPYnHDp01c11BQog9w,10:30-0:0,10:30-0:0,10:30-0:0,10:30-0:0,10:30-1:0,10:30-1:0,10:30-0:0
me17NOULVwu40AdKGYHIaQ,11:0-21:0,11:0-21:0,11:0-21:0,11:0-21:0,11:0-22:0,11:0-22:0,11:0-21:0
hQtGXpMq4gyRWH4s2iNpUQ,0:0-0:0,7:0-18:0,7:0-18:0,7:0-18:0,7:0-18:0,8:0-18:0,8:0-18:0
sJ8B4Lq6AY-m5dzIbDNgyQ,0:0-0:0,0:0-0:0,0:0-0:0,0:0-0:0,0:0-0:0,0:0-0:0,0:0-0:0
H9tJl_ntsan-YSZElKKK2w,0:0-0:0,7:0-15:0,7:0-15:0,7:0-15:0,7:0-15:0,7:0-15:0,7:0-15:0
HAjZ4ZJrJqtVVyilMYQZzQ,11:0-21:0,11:0-21:0,11:0-21:0,11:0-21:0,11:0-21:0,10:0-21:0,10:0-21:0
_F1_05YYlvePzomZ_NFijA,11:30-23:0,11:30-23:0,11:30-23:0,11:30-23:0,11:30-23:0,12:0-23:0,16:0-22:0
WWOCqk1Vh605xP-lcb9lhA,10:30-21:0,10:30-21:0,10:30-21:0,10:30-21:0,10:30-21:30,11:0-21:30,11:0-21:0
UqcCjCbN2SIiAGm9YyaNwg,0:0-0:0,8:0-19:0,8:0-19:0,8:0-19:0,8:0-19:0,8:0-16:0,9:0-16:0
fwZzpkSH4ZOJGzDzI2rSaQ,11:0-22:0,11:0-22:0,11:0-22:0,11:0-22:0,11:0-1:0,11:0-1:0,11:0-22:0
3X_u-2o1c-8ERcp7TIE3Cw,10:0-21:0,10:0-21:0,10:0-21:0,10:0-21:0,10:0-21:0,10:0-21:0,12:0-18:0
n3wrsVdN4V60jFLxmMqv8g,12:0-20:0,12:0-20:0,12:0-20:0,12:0-20:0,12:0-20:0,12:0-20:0,12:0-20:0
m-xsH8VkcYtTTvp2Fa6Ajw,11:0-21:0,11:0-21:0,11:0-21:0,11:0-21:0,11:0-22:0,11:0-22:0,10:0-21:0
8K5ChNCQj1mD5hXWiU_xpQ,0:0-0:0,11:30-22:0,11:30-22:0,11:30-22:0,11:30-23:0,12:0-23:0,12:0-20:0
dH5tXaMTuyWQ21z53OeqbA,10:45-22:0,10:45-22:0,10:45-22:0,10:45-22:0,10:45-22:0,10:45-22:0,10:45-22:0
8L_eeOwZryvlUEO42Zq8nQ,10:0-22:0,10:0-22:0,10:0-22:0,10:0-22:0,10:0-22:0,10:0-22:0,10:0-22:0
3CpkZgNot1KVmKBB-bzojg,11:0-22:0,11:0-22:0,11:0-22:0,11:0-22:0,11:0-22:0,12:0-22:0,12:0-22:0
1DswS8btQKkWFyTUZlcgCQ,7:0-23:0,7:0-23:0,7:0-23:0,7:0-23:0,7:0-23:0,7:0-23:0,7:0-23:0
sjxNnjKwWn7H6QcsAhhXww,10:0-21:0,10:0-21:0,10:0-21:0,10:0-21:0,10:0-21:0,10:0-22:0,10:0-19:0
0obhg2Jv22z6Mkvl3zGaiQ,11:0-21:0,11:0-21:0,11:0-21:0,11:0-21:0,11:0-21:0,11:0-21:0,12:0-20:0
XAt9Km4EIM6EE7LXwfB2Vg,6:0-0:0,6:0-0:0,6:0-0:0,6:0-0:0,6:0-1:0,6:0-1:0,6:0-23:0
p_V8gH43zZx0Gh_EA__hdg,5:0-22:0,5:0-22:0,5:0-22:0,5:0-22:0,5:0-22:0,5:0-22:0,5:0-22:0
o19vbA9-BuvHXrE4nYJ60A,11:30-23:0,11:30-1:0,11:30-1:0,11:30-1:0,11:30-1:0,10:30-1:0,10:30-23:0
fcWkZgmzRsm3H4egzSrV_A,10:0-2:0,10:0-2:0,10:0-2:0,10:0-2:0,10:0-2:0,10:0-2:0,10:0-2:0
RsrVsDtlaFw96UAoWj0HWA,0:0-0:0,0:0-0:0,0:0-0:0,0:0-0:0,0:0-0:0,0:0-0:0,0:0-0:0
NxpaDfYm8OB14Zw9QDFejA,0:0-0:0,17:0-23:0,17:0-23:0,17:0-23:0,17:0-23:0,17:0-23:0,16:0-21:0
HQVzGJRnXnKnbC-7tfx-xg,11:0-19:0,11:0-19:0,11:0-19:0,11:0-19:0,11:0-19:0,11:0-19:0,12:0-18:0
N8jmyJCk-LjO9o1K9UjxNA,16:30-23:0,16:30-23:0,16:30-23:0,16:30-23:0,16:30-0:0,10:0-0:0,10:0-23:0
eduRavkml8awmPachSZXuw,0:0-0:0,11:0-22:0,11:0-22:0,11:0-22:0,11:0-23:0,11:0-23:0,11:0-17:0
WlTeMP8p3m1b3LxkfBllLQ,6:0-23:0,6:0-23:0,6:0-23:0,6:0-23:0,6:0-0:0,6:30-0:0,7:0-22:0
Cl-xl1vTUwHeaGgBxzdTRA,11:0-21:30,11:0-21:30,11:0-21:30,11:0-21:30,11:0-22:0,11:0-22:0,11:0-21:30
3F7fYgrubSCzAQrpBRKMgQ,10:0-23:0,10:0-23:0,10:0-23:0,10:0-23:0,10:0-0:0,10:0-0:0,10:0-23:0
P3M-rP6CBR0XEHiZee3RnQ,11:0-20:0,10:0-20:30,10:0-20:30,10:0-20:30,10:0-20:30,10:0-20:30,10:0-20:0
JtrBa5-T6QLXv3y5_ACTkg,11:30-14:0,11:30-2:0,11:30-2:0,11:30-2:0,11:30-4:0,11:30-3:45,11:30-0:0
suLXZUWsh53kzoTVnO4gng,6:0-2:0,6:0-2:0,6:0-2:0,6:0-2:0,6:0-2:0,6:0-2:0,6:0-2:0
uChTCA6MsLAciDRklpO-Fw,11:0-22:0,11:0-22:0,11:0-22:0,11:0-22:0,11:0-22:0,11:0-22:0,12:0-22:0
FkNJgKjz6Yj-eoi3pPNWFw,11:30-1:0,11:30-1:0,11:30-1:0,11:30-1:0,11:0-1:0,11:0-1:0,11:0-1:0
QjfCmeznfZC9BPowyO4Npw,11:0-22:0,11:0-22:0,11:0-22:0,11:0-22:0,11:0-22:0,11:0-22:0,11:0-22:0
V0GHF8CkhOovDeQKCn7YQg,0:0-0:0,0:0-0:0,0:0-0:0,0:0-0:0,0:0-0:0,0:0-0:0,0:0-0:0
tJcpzXzykNSLuzWwa1JQUw,11:0-2:0,11:0-2:0,11:0-2:0,11:0-2:0,11:0-2:0,11:0-2:0,11:0-2:0
8F9C5vhDlYphBWELUgLkvQ,10:0-21:30,10:0-21:30,10:0-21:30,10:0-21:30,10:0-22:30,10:0-22:30,11:0-21:30
cz5vz-893D3LNH3TMQYR1w,11:0-0:0,11:0-0:0,11:0-0:0,11:0-0:0,11:0-2:0,10:0-2:0,10:0-2:0
N5CL5HLS6lyltw-OjjBrOw,11:0-22:0,11:0-22:0,11:0-22:0,11:0-22:0,11:0-23:0,11:0-23:0,11:0-22:0
ifmVI9Hw03jPcb5Vkt3GHw,5:0-21:0,5:0-21:0,5:0-21:0,5:0-21:0,5:0-21:0,5:0-21:0,5:0-21:0
1E1Qp9HWSZmqruir3sTeKw,10:0-20:0,10:0-20:0,10:0-20:0,10:0-20:0,10:0-21:0,10:0-21:0,10:0-19:0
lFxhaA5tyFxKGtLp7yEjNA,11:0-1:0,11:0-1:0,11:0-1:0,11:0-2:0,11:0-2:0,11:0-2:0,11:0-1:0
rQO6-KfH2B_FxNrs6aIbYg,11:0-21:0,11:0-21:0,11:0-21:0,11:0-21:0,11:0-21:0,11:0-21:0,11:0-21:0
2iWpS2xe9rBaFAv1CJuz3g,0:0-0:0,7:0-19:0,7:0-19:0,7:0-19:0,9:0-17:15,7:0-19:0,7:0-15:0
6l4yIOi0foUw81OacrAZMQ,9:0-20:30,9:0-20:30,9:0-20:30,9:0-20:30,9:0-20:30,9:30-20:0,10:0-20:0
-Ylpy3VyRWwubf9dysuwjQ,0:0-0:0,11:0-23:30,11:0-23:30,11:0-23:30,11:0-0:30,10:0-0:30,10:0-23:30
zNCGTEwBrmrVLfjxl7LenQ,9:0-21:0,9:0-21:0,9:0-21:0,9:0-21:0,9:0-22:0,9:0-22:0,10:0-20:0
fS3nh8egPi7eIBZi3Y3W7w,11:0-23:0,11:0-23:0,11:0-23:0,11:0-23:0,11:0-0:0,11:0-0:0,11:0-23:0
NuT1ejKruFnBFQWC6Xg82w,11:0-20:0,11:0-20:0,11:0-20:0,11:0-20:0,11:0-21:0,11:0-21:0,11:0-20:0
-Bv-HHUs8aHzDrdWcZHn8w,9:0-23:0,9:0-23:0,9:0-23:0,9:0-23:0,9:0-4:30,9:0-4:30,9:0-23:0
J--MCCcCmgJ5xLCzX6ev_g,10:0-22:0,10:0-22:0,10:0-22:0,10:0-22:0,10:0-22:0,10:0-22:0,10:0-21:0
NTwK8NTfzTL2vjz-fn5EeQ,9:0-21:0,9:0-21:0,9:0-21:0,9:0-21:0,9:0-21:0,9:0-21:0,9:0-21:0
wfS-UneyghH8vd_C1kH2Kw,7:0-0:0,7:0-0:0,7:0-0:0,7:0-0:0,7:0-0:0,7:0-0:0,9:0-0:0
zQ3ipTBmNFQXwwqjw6pEfg,11:0-23:0,11:0-23:0,11:0-23:0,11:0-23:0,11:0-0:0,10:30-0:0,10:30-23:0
JsCKeWHA8n_5mFQ3F6t4UA,11:0-23:0,11:0-23:0,11:0-23:0,11:0-23:0,11:0-0:0,11:0-0:0,11:0-23:0
ptUbbnxWgfgO9-0dFDnWmA,5:0-23:0,5:0-23:0,5:0-23:0,5:0-23:0,5:0-23:0,5:30-23:0,7:0-23:0
NM3iiGNrwoyNKWXiRT-nKA,11:0-21:0,11:0-21:0,11:0-21:0,11:0-21:0,11:0-21:0,11:0-21:0,15:0-21:0
YrFBrZSOPqR37lQrUG2gGw,15:30-0:30,15:30-0:30,15:30-0:30,15:30-0:30,15:30-0:30,15:30-0:30,15:30-0:30
h7s4MRVvB726jWHCHiQ9kw,17:0-22:0,17:0-22:0,17:0-22:0,17:0-22:0,17:0-22:30,16:0-22:30,16:0-22:0
XvOzizKafffkMuk-tIdNcQ,7:0-14:0,7:0-14:0,7:0-14:0,7:0-14:0,7:0-14:0,7:0-14:0,7:0-14:0
m_rvCLB8j10NeUZPzuK1fA,9:0-22:0,9:0-22:0,9:0-22:0,9:0-22:0,9:0-22:0,9:0-22:0,9:0-18:0
1ZJz840L496LAmQdeDv0WA,9:0-23:0,9:0-23:0,9:0-23:0,9:0-23:0,9:0-1:0,9:0-1:0,9:0-23:0
tK05tv0fKQkhYev9vuHEKg,11:0-18:30,11:0-18:30,11:0-18:30,11:0-18:30,11:0-18:30,11:0-18:30,11:0-18:0
cpT-N40nSB_0U7QREFzCwA,11:0-21:0,11:0-21:0,11:0-21:0,11:0-21:0,11:0-21:0,11:0-21:0,11:0-21:0
f4x1YBxkLrZg652xt2KR5g,0:0-0:0,0:0-0:0,0:0-0:0,0:0-0:0,0:0-0:0,0:0-0:0,0:0-0:0
UCKeRO02Er8AHLWQlQ3IuA,9:0-18:0,9:0-18:0,9:0-18:0,9:0-18:0,9:0-18:0,9:0-18:0,9:0-16:30
OMRYQihVjqqzjoNoQgyhgQ,10:0-19:0,10:0-19:0,10:0-19:0,10:0-19:0,10:0-19:0,10:0-19:0,10:0-18:0
KfWRe_yMC0tDDGBgoPB37g,11:0-22:0,11:0-22:0,11:0-22:0,11:0-22:0,11:0-22:0,11:0-22:0,11:0-22:0
qpub9UXk8oBJr95oq-MbIg,11:0-22:0,11:0-22:0,11:0-22:0,11:0-22:0,11:0-23:0,11:0-23:0,11:0-22:0
QSCDR9RBTVyTw7p_Nbq1Xg,5:0-17:0,5:0-17:0,5:0-17:0,5:0-17:0,5:0-17:0,6:0-15:0,6:0-15:0
SknYYIK1rBNgYqNl4tYUPA,7:0-20:0,7:0-20:0,7:0-20:0,7:0-20:0,7:30-20:0,7:30-20:0,8:0-16:0
c_P-PDv_1omKKKmeCJxG8w,11:30-22:0,11:30-22:0,11:30-22:0,11:30-22:0,11:30-23:0,10:30-23:0,10:30-22:0
GiLsPCxl7k-PAUS6svOQVQ,11:0-21:0,11:0-21:0,11:0-21:0,11:0-21:0,11:0-22:0,11:0-22:0,11:0-21:0
ZE6zl8etiSMrPubDF_iLeg,10:0-23:0,10:0-23:0,10:0-23:0,10:0-23:0,10:0-23:0,10:0-22:0,10:0-22:0
9SNebKqP9jtwM7ebzsu3nA,11:0-21:0,11:0-21:0,11:0-21:0,11:0-21:0,11:0-21:30,11:30-21:30,11:30-21:0
4vm2W7J_ztH0vcX4bKfuXw,10:0-21:0,10:0-21:0,10:0-21:0,10:0-17:45,10:0-22:0,10:0-22:0,10:0-21:0
HiqYus6muaBFlZtHhES7XQ,0:0-0:0,0:0-0:0,0:0-0:0,0:0-0:0,0:0-0:0,0:0-0:0,0:0-0:0
ktCm0r4-oVIHfjcqB2-tFQ,10:0-0:0,10:0-0:0,10:0-0:0,10:0-0:0,10:0-1:0,10:0-1:0,10:0-0:0
YZQVfJOprZIN6eTc8q_C7w,0:0-0:0,11:0-21:30,11:0-21:30,11:0-21:30,11:0-21:30,11:0-21:30,12:0-21:0
2FImjoBv0qvq9NumhcVOyA,11:0-16:0,11:0-16:0,11:0-22:0,11:0-22:0,11:0-22:0,11:0-22:0,11:0-22:0
AfVp8ozD_4maZMos6AC2cQ,6:0-0:0,6:0-0:0,6:0-0:0,6:0-0:0,6:0-0:0,6:0-0:0,6:0-0:0
nLGgJBtMfGv7_juXipXheA,6:0-21:0,6:0-21:0,6:0-21:0,6:0-21:0,6:0-21:0,6:0-21:0,6:0-21:0
Oz1Ci9y2MnwYyAjVsoZg5Q,18:0-23:0,18:0-22:0,18:0-22:0,18:0-22:0,18:0-22:0,18:0-22:0,18:0-23:0
QiuTcA0bKQMCyOFBFJZ58w,0:0-0:0,0:0-0:0,0:0-0:0,0:0-0:0,0:0-0:0,0:0-0:0,0:0-0:0
QXA7hvR4mhGwwLCNyRRCXg,10:0-22:0,10:0-22:0,10:0-22:0,10:0-22:0,10:0-22:0,10:0-22:0,10:0-22:0
bejxx0XrZ6Ogv-o-3InELA,12:0-2:0,12:0-2:0,12:0-2:0,12:0-2:0,12:0-3:0,12:0-3:0,12:0-2:0
NTQXBbCa5Ugj5lNr6E4J5w,0:0-0:0,0:0-0:0,0:0-0:0,0:0-0:0,0:0-0:0,0:0-0:0,0:0-0:0
BjH8Xepc10i6OhCDQdX6og,11:30-22:0,11:30-22:0,11:30-22:0,11:30-22:0,11:30-22:0,11:30-22:0,11:30-22:0
IZzJaZWvw-IUrOLkP09JRQ,11:30-2:0,11:30-2:0,11:30-2:0,11:30-2:0,11:30-2:0,11:30-2:0,10:30-0:0
e9gaoUQEws5tmQROZodZMg,10:0-22:0,10:0-22:0,10:0-22:0,10:0-22:0,10:0-22:0,10:0-22:0,10:0-22:0
MiUrif_vYOuITF4ALf7WHA,11:0-23:0,11:0-23:0,11:0-23:0,11:0-23:0,11:0-0:0,11:0-0:0,11:0-23:0
lcsfb0Sz5vzpBVShDsu2gw,0:0-0:0,0:0-0:0,0:0-0:0,0:0-0:0,0:0-0:0,0:0-0:0,0:0-0:0
IvovJ3sfYrjHKH_hS5XrNA,11:0-22:0,11:0-22:0,11:0-22:0,11:0-22:0,11:0-23:0,10:0-23:0,11:0-22:0
PFOPBxMDFZM0vFrI5R8txQ,0:0-0:0,0:0-0:0,0:0-0:0,0:0-0:0,0:0-0:0,0:0-0:0,0:0-0:0
xhCiQt_-pMp1nKDXZ7n7BQ,11:30-21:30,11:30-21:30,11:30-21:30,11:30-22:30,11:30-22:30,11:30-22:30,11:30-21:30
V8HEOhiEUU2i-VHcp_K8lQ,5:0-19:30,5:0-19:30,5:0-19:30,5:0-19:30,5:0-19:30,5:30-19:0,5:0-19:30
ivbMuKOwwX2B70gFggzT-g,11:30-23:0,11:30-23:0,11:30-23:0,11:30-23:0,11:30-0:0,16:0-0:0,16:0-22:0
eDK7ns2bB8pmQCoZMy3Idg,10:0-20:0,10:0-20:0,10:0-20:0,10:0-20:0,10:0-20:0,10:0-20:0,10:0-20:0
F09jtEb9KEph2L7Pbji5QQ,12:0-23:0,15:0-23:0,15:0-23:0,15:0-23:0,12:0-0:0,12:0-0:0,0:0-23:0
-oOKqZbYDt08zaWWyLZNIw,11:0-21:0,11:0-21:0,11:0-21:0,11:0-21:0,11:0-21:0,12:0-21:0,12:0-21:0
xhXZYjdlV_f7eklYZs5vcQ,0:0-0:0,6:0-16:0,6:0-16:0,6:0-16:0,6:0-16:0,7:0-16:0,7:0-16:0
02EYqwh47uVxOaOKrnx8SQ,11:30-22:0,11:30-22:0,11:30-22:0,11:30-22:0,11:30-22:0,11:30-22:0,11:30-22:0
6TSpAuUdmo2UEn9emgd8xg,11:0-21:0,11:0-21:0,11:0-21:0,11:0-21:0,11:0-22:0,11:0-22:0,11:0-20:0
HqyAd-xCZxnJb3IlHCfL9w,11:0-22:0,11:0-22:0,11:0-22:0,11:0-22:0,11:0-22:0,11:0-22:0,11:0-22:0
55FnSahXfQoiueQjrKC86w,6:0-23:0,6:0-23:0,6:0-23:0,6:0-23:0,6:0-0:0,6:0-0:0,6:0-0:0
OGVyVfc39fnp8neHRoSYhQ,11:0-22:0,11:0-22:0,11:0-22:0,11:0-1:0,11:0-1:0,11:0-1:0,11:0-22:0
3pSUr_cdrphurO6m1HMP9A,18:0-5:0,18:0-5:0,18:0-5:0,18:0-5:0,18:0-5:0,18:0-5:0,18:0-5:0
LWGPEGEa3Oj8avn4nkyXbg,15:30-3:30,15:30-3:30,15:30-3:30,15:30-3:30,15:30-3:30,15:30-3:30,15:30-3:30
wJhdPi4tvJGV24NXQv3Vnw,11:0-2:0,11:0-2:0,11:0-2:0,11:0-2:0,11:0-2:0,11:0-2:0,11:0-2:0
-QNQ4R1VgRoL4b6lC8Anrg,11:30-22:0,11:30-22:0,11:30-22:0,11:30-22:0,11:30-22:0,11:30-22:0,11:30-22:0
5BYkO6i2QsywbpaMS0vPtA,11:0-22:0,11:0-22:0,11:0-22:0,11:0-22:0,11:0-22:0,11:0-22:0,11:0-22:0
iu-KRfucMNM1j9-EstPGXg,6:0-23:0,6:0-23:0,6:0-23:0,6:0-23:0,6:0-0:0,6:0-0:0,7:0-22:0
pmsGwCJoMjtj-wwP78PIWQ,11:0-2:0,11:0-2:0,11:0-2:0,11:0-2:0,11:0-2:0,11:0-2:0,11:0-2:0
ALonfg58V5r4BOwxiGZcfg,7:0-2:0,7:0-2:0,7:0-2:0,7:0-2:0,7:0-2:0,7:0-2:0,7:0-2:0
Fj7ZQ3N2hGK7C9phNPkGpg,7:0-23:0,7:0-23:0,7:0-23:0,7:0-23:0,7:0-23:0,7:0-23:0,7:0-23:0
c7zntdkvYL8XZrbGiYqLFQ,11:0-23:0,11:0-23:0,11:0-23:0,11:0-23:0,11:0-1:0,11:0-1:0,12:0-23:0
tiQQqJ5ymf_XWzyF9ywArw,6:30-16:0,6:30-16:0,6:30-16:0,6:30-16:0,6:30-16:0,6:30-16:0,6:30-16:0
OtSbxxD-WNzlNQlDGpXFSA,10:0-21:0,10:0-21:0,10:0-21:0,10:0-21:0,10:0-21:0,10:0-21:0,10:0-20:0
0_aeYE2-VbsZts_UpILgDw,10:0-0:0,11:0-0:0,11:0-22:0,11:0-0:0,11:0-0:0,10:0-0:0,9:0-0:0
48ka6XH8WWANuHwqL2mZUA,5:0-13:0,5:0-13:0,5:0-13:0,5:0-13:0,5:0-13:0,6:0-13:0,6:0-13:0
jEABBfAVPPY0BcVxlRatGg,12:0-23:0,12:0-23:0,12:0-23:0,12:0-23:0,12:0-23:0,12:0-23:0,12:0-23:0
J1KKxEsRWiTqp9-nMCV8Vg,12:0-23:0,12:0-23:0,12:0-23:0,12:0-23:0,12:0-23:0,12:0-23:0,12:0-23:0
6HdzmAatFoB8UDep4n9QIw,0:0-0:0,0:0-0:0,0:0-0:0,0:0-0:0,0:0-0:0,0:0-0:0,0:0-0:0
EgGdnaotJpPvxCFyZPJeUw,11:0-23:0,11:0-23:0,11:0-23:0,11:0-23:0,11:0-0:0,10:0-0:0,10:0-23:0
CJKgffwOSqZ7WpKVruA0xQ,12:0-21:0,11:0-22:0,11:0-22:0,11:0-22:0,11:0-21:0,12:0-20:0,12:0-20:0
pCaQATG8E0Fw8RGHLU33Uw,0:0-0:0,0:0-0:0,0:0-0:0,0:0-0:0,0:0-0:0,0:0-0:0,0:0-0:0
0FHfkDxKSeDuyAEeaY6X-Q,6:30-23:0,6:30-23:0,6:30-23:0,6:30-23:0,6:30-23:0,6:30-23:0,6:30-21:0
OYaL_-uxBCgrE94uNQ4VCA,0:0-0:0,11:0-21:0,11:0-21:0,11:0-21:0,11:0-21:0,11:0-21:0,13:0-21:0
KlLCJN_KUP9xFQBJYrhgVg,0:0-0:0,0:0-0:0,0:0-0:0,0:0-0:0,0:0-0:0,0:0-0:0,0:0-0:0
dHmLezNmX-VW8_Hfryv5tA,9:0-21:0,9:0-21:0,9:0-21:0,9:0-21:0,9:0-21:0,9:0-21:0,9:0-21:0
X2Nrv-UvBjgeWKJoeyZp_A,11:0-22:30,11:0-22:30,11:0-22:30,11:0-22:30,11:0-22:30,11:0-22:30,11:0-22:0
ToFm2DhhTdr0Kv0A7Sdj6g,0:0-0:0,11:0-21:0,11:0-21:0,11:0-21:0,11:0-22:0,9:30-22:0,9:30-21:0
--DaPTJW3-tB1vP-PfdTEg,7:0-15:0,7:0-15:0,7:0-15:0,7:0-15:0,7:0-16:0,7:0-16:0,7:0-16:0
sqj18NheItQq-PR9c4uM4g,11:0-23:30,11:0-23:30,11:0-23:30,11:0-23:30,11:0-23:30,11:0-23:30,11:0-23:30
EKeck5myBgPqy2ShyGEjHw,0:0-0:0,12:0-2:0,12:0-2:0,12:0-2:0,12:0-2:0,12:0-2:0,12:0-2:0
LAiBt7LobYM_0_EQrSvK4A,0:0-0:0,0:0-0:0,0:0-0:0,0:0-0:0,0:0-0:0,0:0-0:0,0:0-0:0
AF-N6i0XCJRPFFOZKp1Pnw,10:0-22:0,10:0-22:0,10:0-22:0,10:0-22:0,10:0-22:0,10:0-22:0,10:0-22:0
2v-8QQfMLX2PCz-0S6gISQ,10:30-0:0,10:30-0:0,10:30-0:0,10:30-0:0,10:30-2:0,10:30-2:0,10:30-0:0
NvKNe9DnQavC9GstglcBJQ,0:0-0:0,0:0-0:0,0:0-0:0,0:0-0:0,0:0-0:0,0:0-0:0,0:0-0:0
AlfUYJgaZkKb7uTDUMMtLQ,6:0-21:0,6:0-21:0,6:0-21:0,6:0-21:0,6:0-21:0,7:0-21:0,8:0-21:0
aHQOfN-PRlx_4dnJ6fPZXA,10:30-23:0,10:30-23:0,10:30-23:0,10:30-23:0,10:30-23:0,11:0-23:0,11:0-21:0
n4E8ltk6CidI4_9s5STVtA,7:0-22:0,7:0-22:0,7:0-22:0,7:0-22:0,7:0-23:0,7:0-23:0,7:0-22:0
4_Ye_9x3dyMK-cfCBZrBRg,10:0-0:30,10:0-0:30,10:0-0:30,10:0-0:30,10:0-2:0,10:0-2:0,10:0-0:30
NYsh17F0sWm-e7fVdm2CSA,11:0-0:0,11:0-0:0,11:0-0:0,11:0-1:0,11:0-0:0,10:30-2:0,10:30-0:0
e_vguiiAy096g8-e0oQDDg,7:0-23:0,7:0-23:0,7:0-23:0,7:0-23:0,7:0-23:0,9:0-23:0,9:0-23:0
EQysX2BaXjvcQF2DSkjJkg,16:0-20:0,16:0-20:0,16:0-20:0,16:0-20:0,16:0-20:0,16:0-19:0,16:0-19:0
06MlxbtB4ZYeg_ri02RIAQ,9:0-23:0,9:0-23:0,9:0-23:0,9:0-23:0,9:0-23:0,9:0-23:0,9:0-23:0
RQfxYf32T78vcZ5lORuhAg,10:45-22:0,10:45-22:0,10:45-22:0,10:45-22:0,10:45-22:0,10:45-22:0,10:45-22:0
RaVI3l5uEbH5dD2bJJzObw,11:0-21:0,11:0-21:0,11:0-21:0,11:0-21:0,11:0-21:0,11:0-20:0,11:0-20:0
35SEr0cPTuoBJ1DYQ686pA,11:30-22:30,11:30-22:30,11:30-22:30,11:30-22:30,11:30-23:0,11:30-23:0,11:30-21:0
knzoe3kCaoh4gkGwA3l6Aw,10:30-23:0,10:30-23:0,10:30-23:0,10:30-23:0,10:30-0:0,10:30-0:0,10:30-23:0
cmdi74TvO7ASV9NBfMmkbg,0:0-0:0,8:30-19:0,8:30-19:0,8:30-19:0,8:30-19:0,9:0-18:0,11:0-14:0
dQ8kST_dfWcZVcLlIk7yRA,11:0-0:0,11:0-0:0,11:0-0:0,11:0-0:0,11:0-2:0,10:0-2:0,10:0-0:0
HrXrd_S6cDbSjpsRxIGsog,10:30-22:0,10:30-22:0,10:30-22:0,10:30-22:0,10:30-23:0,10:30-23:0,10:30-22:0
Jjwa-WCK73efAwVZRksWSw,0:0-0:0,11:0-20:0,11:0-20:0,11:0-20:0,11:0-20:0,11:0-20:0,11:0-20:0
iAdj2sx6LHWt6_zM7U3GLw,12:0-0:30,12:0-0:30,12:0-0:30,12:0-0:30,12:0-0:30,12:0-0:30,17:0-22:0
JyxHvtj-syke7m9rbza7mA,12:0-3:0,12:0-3:0,12:0-3:0,12:0-3:0,12:0-3:0,12:0-3:0,12:0-3:0
UL-FJ_EMbtjfoRNA7id_Ig,17:30-22:0,17:30-22:0,17:30-22:0,17:30-22:0,17:30-23:0,17:30-23:0,17:30-22:0
TWPK6FjI-rk-Et_rCWQKCg,11:0-22:0,11:0-22:0,11:0-22:0,11:0-22:0,11:0-23:0,11:0-2:0,10:0-22:0
aNCLPEsrgB_gGwULOpYpqw,0:0-0:0,10:0-21:0,7:0-16:0,10:0-21:0,10:0-21:0,10:0-16:0,11:0-19:0
SJslQXs9j3K6wDixajyp-g,11:0-0:0,11:0-0:0,11:0-0:0,11:0-0:0,11:0-2:0,11:0-2:0,11:0-0:0
HGRPUfppQmMXsfHYdD-AGg,0:0-0:0,11:30-20:0,11:30-21:0,11:30-21:0,11:30-21:0,11:30-20:0,12:0-19:0
r6jbUGiyoN05mZ13apQGgw,10:0-22:0,10:0-22:0,10:0-22:0,10:0-22:0,10:0-23:0,10:0-23:0,10:0-22:0
MDjIylNU6CYq9hR3Qe6hVA,10:0-20:0,10:0-20:0,10:0-20:0,10:0-21:0,10:0-21:0,10:0-20:0,11:30-18:0
MyJBf8vhDN1-7uWy8vrULw,7:0-0:0,7:0-0:0,7:0-0:0,7:0-0:0,7:0-3:0,9:0-3:0,9:0-23:0
qmIHO-6T_KEfPC9jyGDamQ,17:0-23:0,17:0-23:0,17:0-23:0,17:0-23:0,17:0-23:0,17:0-23:0,17:0-23:0
eTSDLmdRkhynYxSQlDqS9g,7:30-21:0,7:30-21:0,7:30-21:0,7:30-21:0,7:30-21:0,8:0-21:0,9:0-21:0
XBIgiDL_sXYOroaX4ULaUw,0:0-0:0,0:0-0:0,0:0-0:0,0:0-0:0,0:0-0:0,0:0-0:0,0:0-0:0
3uC7Lbc3RgUDTWQlBu4PqQ,6:0-21:0,6:0-21:0,6:0-21:0,6:0-21:0,6:0-21:0,6:0-21:0,6:0-21:0
SZD6OTT1cc-ZznfAoyKudw,11:0-22:0,11:0-22:0,11:0-22:0,11:0-22:0,11:0-23:0,10:0-23:0,10:0-22:0
X1r8ugVdi4r6siqkNmIkkg,0:0-0:0,10:0-22:0,10:0-22:0,10:0-22:0,10:0-22:0,10:0-22:0,13:0-22:0
bjvjXLLAUIIvUrMb6aU3EQ,7:0-19:0,7:0-19:0,7:0-19:0,7:0-19:0,7:0-19:0,10:0-15:0,10:0-15:0
yFQCdWr_k1pTObzHPGis9Q,11:30-22:0,11:30-22:0,11:30-22:0,11:30-22:0,11:30-22:0,11:30-22:0,11:30-22:0
cr__ihwxDQ7hyq2ZfX172Q,12:0-21:30,12:0-21:30,12:0-21:30,12:0-21:30,12:0-21:30,12:0-21:30,12:0-21:30
TW58a4UkMcksdfQ7znUqsA,11:30-0:0,11:30-0:0,11:30-0:0,11:30-0:0,11:30-0:0,11:30-0:0,11:30-0:0
G6vCAStneBwBlQDE02dHdQ,7:0-20:0,7:0-20:0,7:0-20:0,7:0-17:0,9:0-16:0,12:0-20:0,7:0-20:0
27vF5LESbv4kFQfHZUDCnw,0:0-0:0,8:0-19:0,8:0-19:0,8:0-19:0,8:0-19:0,8:0-14:0,9:0-17:0
qbQ1qZx6eTy7pOOXMBfQNQ,7:0-16:0,7:0-16:0,7:0-16:0,7:0-16:0,7:0-16:0,7:0-16:0,7:0-16:0
vlh_e6Ftu2MyS0K-e-wdYA,11:30-22:0,11:30-22:0,11:30-22:0,11:30-22:0,11:30-23:0,11:30-23:0,11:30-22:0
ruwtUF73lYV-Yjul5AS26A,9:0-23:0,9:0-23:0,9:0-23:0,9:0-23:0,9:0-23:0,9:0-23:0,9:0-23:0
K1qs4e30yoln6scnm-tmyg,11:0-21:0,11:0-21:0,11:0-21:0,11:0-21:0,11:0-21:0,11:0-21:0,11:0-17:0
YPLJPAHy_byhlrwceIbN9Q,5:0-2:0,5:0-2:0,5:0-2:0,5:0-2:0,5:0-2:0,5:0-2:0,5:0-2:0
dMGT_S059U8hzMWxdf90SQ,0:0-0:0,9:0-17:0,10:0-16:0,9:0-21:0,10:0-16:0,10:0-17:0,10:0-17:0
rT8DwZu7pvuWKRM1nwVuug,11:0-21:30,11:0-21:30,11:0-21:30,11:0-21:30,11:0-22:0,11:0-22:0,12:30-21:30
Rx_YmoVKPWvzGuFuvd-57w,11:0-0:0,11:0-0:0,11:0-0:0,11:0-0:0,11:0-1:0,11:0-1:0,11:0-0:0
d3FAxA8Su34pGHjaIcl5lw,0:0-0:0,0:0-0:0,0:0-0:0,0:0-0:0,0:0-0:0,0:0-0:0,0:0-0:0
8YjfILsV0xu84t0aTiceig,11:0-20:30,11:0-20:30,11:0-20:30,11:0-20:30,11:0-21:0,11:0-21:0,11:0-20:30
7RidnmyYyH0cfcX2x7buag,6:0-19:0,6:0-19:0,6:0-19:0,6:0-19:0,6:0-19:0,6:0-19:0,6:0-19:0
wOw-YvucvqNHDhwltGsNpQ,9:0-15:0,9:0-15:0,9:0-21:0,9:0-15:0,9:0-22:0,9:0-17:0,9:0-22:0
Q7bAF6MrZ8wWfLsxaPl2Yw,10:0-22:0,10:0-22:0,10:0-22:0,10:0-22:0,10:0-23:0,10:0-23:0,11:0-22:0
eAC2IhOVB42IZQZIG2McKg,7:0-18:0,7:0-18:0,7:0-18:0,7:0-18:0,7:0-18:0,7:0-18:0,8:0-18:0
1_qcKXfm8H8zecygxHjeWw,10:30-23:0,10:30-23:0,10:30-23:0,10:30-23:0,10:30-0:0,10:30-0:0,10:30-23:0
PlsMu3_E4NdxJMjcuOHFqw,12:0-21:0,12:0-21:0,12:0-21:0,12:0-21:0,12:0-22:0,11:0-22:0,13:30-21:0
75gAUZTD5RoOLvRb5axJSw,9:0-21:0,9:0-21:0,9:0-21:0,9:0-21:0,9:0-21:0,9:0-21:0,9:0-21:0
f9cIbhLyBz_qTEfMLfwrrQ,11:0-21:30,11:0-21:30,11:0-21:30,11:0-21:30,11:0-22:0,11:0-22:0,11:0-21:30
EcsUxHW1keLUl5w-3ZEbAw,11:0-21:0,11:0-21:0,11:0-21:0,11:0-21:0,11:0-21:0,11:0-21:0,11:0-21:0
5DC9qePg09CHwAFVmqNjjg,11:0-2:0,11:0-2:0,11:0-2:0,11:0-2:0,11:0-4:0,11:0-4:0,11:0-4:0
xP2zIIqXxW8QNiJqJyE92A,0:0-0:0,11:0-21:30,11:0-21:30,11:0-21:30,11:0-22:0,11:0-22:0,11:0-21:30
w5-llUi5t59YZRI_dOSi0w,11:30-1:0,11:30-1:0,11:30-1:0,11:30-1:0,11:30-1:0,17:0-1:0,17:0-1:0
wqqpciqva5yN-c72SmvaOw,7:0-18:0,7:0-18:0,7:0-18:0,7:0-18:0,7:0-18:0,7:0-18:0,7:0-18:0
Eo4s6CmPpEcXCkfg9Zk_EA,11:0-23:0,11:0-23:0,11:0-23:0,11:0-23:0,11:0-1:0,11:0-1:0,12:0-23:0
rVcavfM5BC4tvv9iHBo_CQ,18:0-0:0,18:0-0:0,18:0-0:0,18:0-0:0,18:0-2:0,18:0-2:0,18:0-0:0
EkuSy_kM8dpGrlb2pTxCBw,0:0-0:0,0:0-0:0,0:0-0:0,0:0-0:0,0:0-0:0,0:0-0:0,0:0-0:0
PrFfdw7WuGAnrkyAIzX65g,0:0-0:0,0:0-0:0,0:0-0:0,0:0-0:0,0:0-0:0,0:0-0:0,0:0-0:0
b0M6rZu3hgCSYs_v6SvP6w,12:0-23:30,12:0-23:30,12:0-23:30,12:0-23:30,12:0-23:30,12:0-23:30,12:0-23:30
UMc0iSJMk5g2Py9AFBJdKQ,11:30-22:0,11:30-22:0,11:30-22:0,11:30-22:0,11:30-22:0,11:30-22:0,11:0-21:30
2mZGnGIMUNRQY3d0hjdAxg,11:0-0:0,11:0-0:0,11:0-0:0,11:0-3:0,11:0-3:0,11:0-3:0,11:0-23:0
pmpJS5skJj14y5brPPI2ew,10:0-19:0,10:0-19:0,10:0-19:0,10:0-19:0,10:0-19:0,10:0-19:0,10:0-19:0
ClWJgVFGN-tAH-M3z3ax9g,8:0-21:30,8:0-21:30,8:0-21:30,8:0-21:30,8:0-21:30,8:0-21:30,8:0-21:30
niqIaJy9UXu-DS7BIUvUoA,0:0-0:0,11:0-22:0,11:0-22:0,11:0-22:0,11:0-22:0,11:0-22:0,11:0-22:0
_Wcp-JfSzhjplX0J1Q_5OA,6:0-22:0,6:0-22:0,6:0-22:0,6:0-22:0,6:0-22:0,6:0-22:0,6:0-22:0
gTlDDzDEHyDQ6iwjNhpI6A,17:0-22:0,17:0-22:0,17:0-22:0,17:0-22:0,17:0-22:0,17:0-22:0,17:0-22:0
BSDKbSLFO3CP-uhfcuUCkA,11:0-0:0,11:0-0:0,11:0-0:0,11:0-0:0,11:0-1:0,11:0-1:0,11:0-0:0
909BaH47M7FfjbFniClm6Q,10:30-22:0,10:30-22:0,10:30-22:0,10:30-22:0,10:30-23:0,10:30-23:0,10:30-22:0
5tTKSogU3fWO7TlnYrffbA,10:0-23:0,10:0-23:0,10:0-23:0,10:0-23:0,10:0-23:0,10:0-23:0,10:0-22:0
mrjhrTycW0iLumjMZCfrzw,11:0-23:0,11:0-23:0,11:0-23:0,11:0-23:0,11:0-23:0,11:0-23:0,11:0-23:0
xjt6w2cNvE44Go-l-rK_6Q,6:0-10:0,6:0-10:0,6:0-10:0,6:0-10:0,6:0-11:0,6:0-11:0,7:0-10:0
r5Ps1Ir6xzJRMLmCWiBXdg,6:0-23:0,6:0-23:0,6:0-23:0,6:0-23:0,6:0-0:0,6:0-0:0,6:0-23:0
ZLcTzccbEoNkp5_EGKMUnQ,9:0-18:0,9:0-18:0,9:0-18:0,9:0-18:0,9:0-18:0,9:0-18:0,9:0-18:15
VC_67dpNS6bDk7qE47Atsg,16:0-1:0,16:0-1:0,16:0-1:0,16:0-1:0,16:0-2:0,16:0-2:0,16:0-1:0
k2b3niokS_tosjah_rzCPw,11:0-22:0,11:0-22:0,11:0-22:0,11:0-22:0,11:0-22:0,11:0-22:0,11:0-22:0
Nv1PVoMJjKSutxCnGRYbnA,0:0-0:0,0:0-0:0,0:0-0:0,0:0-0:0,0:0-0:0,0:0-0:0,0:0-0:0
G12kABl0tfK4ylgj8XF06w,7:30-23:0,7:30-23:0,7:30-23:0,7:30-2:0,7:30-2:0,8:30-2:0,8:30-19:0
-IP0Y1XLcnxb6yfMxPcLfQ,0:0-0:0,0:0-0:0,0:0-0:0,0:0-0:0,0:0-0:0,0:0-0:0,0:0-0:0
fQwB9Z98YEhkJit7c3z51A,16:0-22:0,16:0-22:0,16:0-22:0,16:0-23:0,16:0-23:0,17:0-23:0,17:0-22:0
_VHOD-pcrAZFKNinI7GCUQ,10:30-21:30,10:30-21:30,10:30-21:30,10:30-21:30,10:30-22:0,10:30-22:0,10:30-21:30
4MMPpETGn-3LG5xMpcPO7w,11:0-22:0,11:0-22:0,11:0-22:0,11:0-22:0,11:0-22:0,11:0-22:0,11:0-22:0
olmCDBoMF-EhN8U2livBSg,8:0-20:0,8:0-20:0,9:0-18:0,8:0-20:0,8:0-20:0,8:0-20:0,9:0-18:0
wZ3MABp8WcSHfZrlEQa5dw,10:0-21:0,10:0-21:0,10:0-21:0,10:0-21:0,10:0-21:30,10:0-21:30,10:30-21:0
nFesIguvEF_h5h7lNSn__w,0:0-0:0,0:0-0:0,0:0-0:0,0:0-0:0,0:0-0:0,0:0-0:0,0:0-0:0
sm-VYzJ-BYaHx2DUeLkLaA,6:0-19:0,6:0-19:0,6:0-19:0,6:0-21:0,6:0-21:0,6:0-19:0,8:0-19:0
Q_Iia5C2quTUVfE5_8jObw,15:30-1:30,15:30-1:30,15:30-1:30,15:30-1:30,15:30-1:30,15:30-1:30,15:30-1:30
UXFLCGw1yOCajlMONYQM1w,16:0-21:0,16:0-21:0,16:0-21:0,16:0-21:0,16:0-21:0,16:0-21:0,16:0-21:0
zKZc8GwCaKbACaV0HZAmpg,0:0-0:0,12:0-15:30,11:30-21:0,11:30-21:0,12:0-19:0,12:0-0:0,12:0-20:0
U-GOTlu6eiqjQTGkpmskeQ,11:0-23:0,11:0-23:0,11:0-23:0,11:0-23:0,11:0-0:0,11:0-0:0,11:0-23:0
Ta8nRU_oUzK60HlMWtayEA,12:0-21:0,12:0-22:0,12:0-22:0,12:0-22:0,12:0-22:0,12:0-22:0,17:0-22:0
-hq09PjRpGcx4XXhrqh5xw,17:0-21:30,17:0-21:30,17:0-21:30,17:0-21:30,17:0-22:0,12:0-22:0,12:0-21:30
59c3Cp-p5i18xFCKUuCkFQ,11:30-23:0,11:30-23:0,11:30-23:0,11:30-23:0,11:30-23:30,10:0-0:0,10:0-23:0
fg69aogbeD-GKjmr_4cN4w,10:0-20:0,10:0-20:0,10:0-20:0,10:0-20:0,10:0-20:0,10:0-17:0,10:0-17:0
zrYpLdnGKA_EmOhgRCy_vg,0:0-0:0,17:0-21:0,17:0-21:0,17:0-21:0,17:0-22:0,17:0-22:0,17:0-21:0
OzcvQqt_copeLRCT2OHrfA,0:0-0:0,0:0-0:0,0:0-0:0,0:0-0:0,0:0-0:0,0:0-0:0,0:0-0:0
Hh1I-rRuM1MwpyT0IuvXMw,11:0-21:30,11:0-21:30,11:0-21:30,11:0-21:30,11:0-21:30,11:0-21:30,11:0-21:30
RUd_M7DPJq1I3DPq0oF--w,0:0-0:0,12:30-21:30,12:30-21:30,12:30-21:30,12:30-22:30,12:30-22:30,12:30-21:30
1DjtSWDLN16UTffEEu9V8A,10:0-23:0,10:0-23:0,10:0-23:0,10:0-23:0,10:0-4:0,10:0-4:0,10:0-23:0
3VHJGvjHeEki7Hiyt-Hv5g,12:0-21:0,12:0-21:0,12:0-21:0,12:0-21:0,12:0-22:0,12:0-22:0,12:0-22:0
UMqfeCItzQ2glr4d9apGlA,6:0-23:0,6:0-23:0,6:0-23:0,6:0-23:0,6:0-23:0,6:0-23:0,6:0-23:0
1FH0-rrgqziDLAw0pZD3QQ,0:0-0:0,0:0-0:0,0:0-0:0,0:0-0:0,0:0-0:0,0:0-0:0,0:0-0:0
4NlY7ECgX8Colkl0mBaaeQ,10:0-21:0,10:0-21:0,10:0-21:0,10:0-22:0,10:0-22:0,11:0-22:0,11:0-21:0
6tFbsJuIarw6vawDOZ9GkA,11:0-23:0,11:0-23:0,11:0-23:0,11:0-23:0,11:0-1:0,11:0-1:0,12:0-23:0
sO2kZPPIlmp-c-APO7xCnw,11:0-22:0,11:0-22:0,11:0-22:0,11:0-22:0,11:0-0:0,11:0-0:0,11:0-22:0
KYPgJdH0KwBIxCcoz_K08Q,0:0-0:0,8:0-16:0,8:0-16:0,8:0-16:0,8:0-16:0,9:0-14:0,9:0-16:0
Bonny62rswQQ6-sC1DpOrA,11:0-0:0,11:0-0:0,11:0-0:0,11:0-0:0,11:0-2:0,10:0-2:0,10:0-0:0
8ovqtunN8zGdCbYi-MCTAQ,0:0-0:0,0:0-0:0,0:0-0:0,0:0-0:0,0:0-0:0,0:0-0:0,0:0-0:0
n8Zqqhff-2cxzWt_nwhU2Q,11:0-22:0,11:0-22:0,11:0-22:0,11:0-22:0,11:0-23:0,10:0-23:0,10:0-15:0
QnZ7YUoAJNP99oFkS9IpXw,10:30-22:0,10:30-22:0,10:30-22:0,10:30-22:0,10:30-23:0,10:30-23:0,11:30-22:0
OBhTLCsSIMgTgGw2lH76AA,11:0-21:0,11:0-21:0,11:0-21:0,11:0-21:0,11:0-21:0,11:0-21:0,11:30-20:0
2s1JuKtL1jPzM9Tmg13CLA,6:0-0:0,6:0-0:0,6:0-0:0,6:0-0:0,6:0-0:0,6:0-0:0,6:0-0:0
Rp7ABbhY8kUpgwrzJADnqw,0:0-0:0,0:0-0:0,0:0-0:0,0:0-0:0,0:0-0:0,0:0-0:0,0:0-0:0
dJnF_GUWdoX3tUucpKbYMg,8:0-23:0,8:0-23:0,8:0-23:0,8:0-23:0,8:0-23:0,8:0-23:0,8:0-23:0
84DjKzaR26vphu9fNI9nKg,0:0-0:0,0:0-0:0,0:0-0:0,0:0-0:0,0:0-0:0,0:0-0:0,0:0-0:0
6XszstcESgKljj1U11PVDQ,7:0-20:0,7:0-20:0,7:0-20:0,7:0-20:0,7:0-20:0,9:0-20:0,9:0-19:0
v4fuuR7iuyNzPXu_O3jSmA,14:30-18:0,9:0-18:0,9:0-18:0,9:0-18:0,9:0-18:0,9:0-18:0,9:0-18:0
e178giuAicIhb16ymOtiBg,17:30-22:0,17:30-22:0,17:30-22:0,17:30-22:0,17:30-23:0,17:30-23:0,17:30-22:0
4bkscJWTq7mtILrM2lF8yg,11:0-22:0,11:0-22:0,11:0-22:0,11:0-22:0,11:0-23:0,12:0-23:0,12:0-21:0
tFC0oaQO0wpwMIaJyUSsAQ,8:0-23:0,8:0-23:0,8:0-23:0,8:0-23:0,8:0-0:0,8:0-0:0,8:0-23:0
ii8sAGBexBOJoYRFafF9XQ,0:0-0:0,0:0-0:0,0:0-0:0,0:0-0:0,0:0-0:0,0:0-0:0,0:0-0:0
o1zP8fUmWa_uU-JupFlA_Q,10:0-21:0,10:0-21:0,10:0-21:0,10:0-21:0,10:0-21:0,9:30-21:0,11:0-19:0
ohEGwJtSqrVd2SD-FKKrUQ,17:0-22:0,17:0-22:0,17:0-22:0,17:0-22:0,17:0-23:0,17:0-23:0,17:0-22:0
l4qomOr-2ZDOjWXSZXpzZg,11:0-21:30,11:0-21:30,11:0-21:30,11:0-21:30,11:0-21:30,11:0-21:30,12:0-20:30
UwZUPI7VAQAZZ0Gv0LV8nw,11:0-14:0,11:0-14:0,11:0-14:0,11:0-14:0,11:0-14:0,11:0-14:0,11:0-14:0
VPO8pBUwYz1u6GoG0d2U-Q,10:0-23:0,10:0-23:0,10:0-23:0,10:0-23:0,10:0-23:0,10:0-23:0,10:0-23:0
60uVlCUiLJvq3xNo_3bhQQ,11:0-22:0,11:0-22:0,11:0-22:0,11:0-22:0,11:0-22:0,11:0-22:0,12:0-21:0
FfHpj1QcW510pA3CS354xw,0:0-0:0,0:0-0:0,0:0-0:0,0:0-0:0,0:0-0:0,0:0-0:0,0:0-0:0
YPK024huhY2np5hJ_5qWCw,0:0-0:0,0:0-0:0,0:0-0:0,0:0-0:0,0:0-0:0,0:0-0:0,0:0-0:0
e41TP5cXZqSrz50xCBJqZw,9:0-2:0,10:0-2:0,10:0-2:0,10:0-2:0,10:0-2:0,9:0-2:0,9:0-2:0
-AD5PiuJHgdUcAK-Vxao2A,10:0-22:0,10:0-22:0,10:0-22:0,10:0-22:0,10:0-22:0,10:0-22:0,10:0-22:0
dThrFTK_bqo1woPvUgY70g,11:0-21:0,11:0-21:0,11:0-21:0,11:0-22:0,11:0-22:0,10:0-22:0,10:0-21:0
HNAH23RNUTTivzhebQTozw,10:0-21:0,10:0-21:0,10:0-21:0,10:0-21:0,10:0-21:0,10:0-21:0,10:0-21:0
swM_9CXxkvxEk3fDkjA6PQ,10:0-21:30,10:0-21:30,10:0-21:30,10:0-21:30,10:0-21:30,9:30-21:30,10:0-20:0
-Bf8BQ3yMk8U2f45r2DRKw,10:30-1:0,10:30-1:0,10:30-1:0,10:30-1:0,10:30-1:30,10:30-1:30,10:30-1:0
eFU7lA-WXAMAEGo0yDrMLQ,11:0-2:0,11:0-2:0,11:0-2:0,11:0-3:0,11:0-3:0,11:0-3:0,11:0-2:0
ebTvBxSStI9Vf5Tpux_X3Q,0:0-0:0,0:0-0:0,0:0-0:0,0:0-0:0,0:0-0:0,0:0-0:0,0:0-0:0
Nqjig71Pc0hUz5LafqmETw,15:0-0:0,15:0-0:0,15:0-0:0,15:0-0:0,15:0-0:0,15:0-0:0,15:0-0:0
MAuSh7NKoT__CQ4BumoayA,11:0-23:0,11:0-23:0,11:0-23:0,11:0-23:0,11:0-23:0,11:0-23:0,11:0-23:0
3sOS8wKatd_Uoa9VEJHhrw,10:30-16:0,10:30-20:0,10:30-20:0,10:30-20:0,10:30-20:0,7:0-20:0,7:0-16:0
zbrFk-4ejesAJD8EwcdHxg,11:0-22:0,11:0-22:0,11:0-22:0,11:0-22:0,11:0-23:0,11:0-23:0,11:0-22:0
Bh3fRjirjRYDl2tufa42UA,11:0-22:0,11:0-22:0,11:0-22:0,11:0-22:0,11:0-22:0,11:0-22:0,11:0-22:0
yKFx0bW9_buGt9NASTpUaw,11:0-0:0,11:0-0:0,11:0-0:0,11:0-3:0,11:0-4:0,11:0-4:0,11:0-0:0
LdSQaxwngeZ0zu6zY44aEA,17:0-5:0,17:0-5:0,17:0-5:0,17:0-5:0,17:0-5:0,17:0-5:0,17:0-5:0
lzrFRbdvpnLJze9VqJigLw,0:0-0:0,11:30-21:0,11:30-21:0,11:30-22:0,9:0-22:0,9:0-22:0,13:0-21:0
DL7V1_chkWkZtyG4_xNYfw,10:0-21:30,10:0-21:30,10:0-21:30,10:0-21:30,10:0-21:0,11:30-21:30,11:30-21:30
hmXrKXhcD2n2s6fmb2wRFg,12:0-17:0,12:0-17:0,12:0-22:0,12:0-22:0,12:0-22:0,12:0-22:0,12:0-22:0
ecn5dq7bFA6wCeeNnXxSzw,10:30-21:0,10:30-21:0,10:30-21:0,10:30-21:0,10:30-22:0,10:30-22:0,10:30-21:0
2Y-28XrkMeeA4FFvv_73tw,17:0-21:0,17:0-21:0,12:0-21:0,12:0-21:0,12:0-21:0,12:0-21:0,14:0-20:0
BSZlx3BkFCeFptrNWdEGJQ,11:30-22:0,11:30-22:0,11:30-22:0,11:30-22:0,12:0-22:0,12:0-22:0,12:0-22:0
Qc0l8rZ3nvrcERitgxu8XA,7:0-15:0,7:0-15:0,7:0-15:0,7:0-15:0,7:0-15:0,7:0-15:0,7:0-15:0
QTVvuhrbBDJfqaTyFOUMkw,11:30-21:0,11:30-21:0,11:30-21:0,9:0-21:0,9:0-21:0,9:0-21:0,9:0-21:0
a1r6nEAb6Va3x5IgIz5kGQ,11:0-22:0,11:0-22:0,11:0-22:0,11:0-22:0,11:0-4:0,11:0-4:0,12:0-20:0
vX5ma5Nwrzqwdz949AmVVg,11:0-23:0,11:0-23:0,11:0-23:0,11:0-0:0,11:0-2:0,11:0-2:0,11:0-23:0
h_hg33vb0OsWsE6T1SHAgw,10:30-22:0,10:30-22:0,10:30-22:0,10:30-22:0,10:30-22:0,10:30-22:0,10:30-22:0
ebVPLAeD7FZ2VzY5ryOCxw,11:0-22:0,11:0-22:0,11:0-22:0,11:0-22:0,11:0-22:0,11:0-22:0,11:0-22:0
1PQzTopufAMDpx0HHBFeRA,0:0-0:0,11:30-22:0,11:30-23:0,11:30-0:30,11:30-1:0,12:0-1:0,14:0-22:0
NDs6xlZesy9xZFt2Lio6XQ,7:0-21:0,7:0-21:0,7:0-21:0,7:0-21:0,7:0-21:0,7:0-20:0,7:0-20:0
uz_pOxt-IForHNBcwUscJw,0:0-0:0,0:0-0:0,0:0-0:0,0:0-0:0,0:0-0:0,0:0-0:0,0:0-0:0
-1m9o3vGRA8IBPNvNqKLmA,17:0-22:0,17:0-22:0,17:0-22:0,17:0-22:0,17:0-23:0,17:0-23:0,17:0-22:0
D74O-i-iEWo-e5BpwFMcUA,0:0-0:0,0:0-0:0,0:0-0:0,0:0-0:0,0:0-0:0,0:0-0:0,0:0-0:0
LFGkW2ql8sI3sRH_eI9ZqQ,17:0-23:0,11:0-23:0,11:0-23:0,11:0-23:0,11:0-23:0,13:0-22:0,13:0-21:0
Sm2k1ijcnK17Ro5paN2_qQ,10:0-23:0,10:0-23:0,10:0-23:0,10:0-23:0,10:0-23:0,10:0-23:0,10:0-23:0
bLIcSIyyAuLTIBIQKRyQUw,8:0-16:0,8:0-16:0,8:0-16:0,8:0-16:0,8:0-16:0,8:0-16:0,8:0-16:0
K0Odlnc5zKdDPwHwvQvEAA,10:0-0:0,10:0-0:0,10:0-0:0,10:0-0:0,10:0-2:0,10:0-2:0,10:0-0:0
spCzs32TMQpRCJbJfArZng,9:30-20:30,9:30-20:30,9:30-20:30,9:30-20:30,9:30-20:30,9:30-20:30,9:30-19:30
57ZBrOAR-KrfMMaHK0tcew,10:30-1:0,10:30-1:0,10:30-1:0,10:30-1:0,10:30-1:0,10:30-1:0,10:30-1:0
SnsZFsVf1tQvBCPmhe8gGw,0:0-0:0,11:30-22:0,11:30-22:0,11:30-22:0,11:30-22:0,16:0-21:0,16:0-21:0
Kxop0nGA-BUrwYD4EGhyPA,0:0-23:0,11:15-23:0,11:0-23:0,11:0-23:0,11:0-23:0,11:0-23:0,11:0-23:0
SwR7N8LjiSb0d4GWCCIKdA,9:0-23:0,9:0-23:0,9:0-23:0,9:0-23:0,9:0-23:0,9:0-23:0,9:0-23:0
ySkrz264l39YRcZ2-48C1g,10:45-22:0,10:45-22:0,10:45-22:0,10:45-22:0,10:45-22:0,10:45-22:0,10:45-22:0
jqp--3Unhkr0a5_ofPWLEw,11:30-22:0,11:30-22:0,11:30-22:0,11:30-22:30,11:30-23:0,12:0-23:0,12:0-22:0
EQG4csNQlVxNL3t3rK8wRA,11:0-21:0,11:0-21:0,11:0-21:0,11:0-21:0,11:0-21:0,11:0-21:0,11:0-21:0
x8Sp-h-oR5WdzoG5WEsHnQ,10:30-22:0,10:30-22:0,10:30-22:0,10:30-22:0,10:30-22:0,10:30-22:0,10:30-22:0
ngdC2c9FFkyepjqJRRcLXw,0:0-0:0,11:0-23:0,11:0-23:0,11:0-0:0,11:0-0:0,11:0-0:0,11:0-0:0
J71vY4KgLxv06FGvcJvt2A,12:0-23:0,12:0-23:0,12:0-23:0,12:0-23:0,12:0-0:0,12:0-0:0,12:0-23:0
blGpsdNSyzIjfzLYILuZmQ,11:0-22:0,11:0-22:0,11:0-22:0,11:0-22:0,11:0-22:0,11:0-22:0,11:0-22:0
lkq6i2x3vUsR7ZNrIFqoIw,14:0-0:0,14:0-0:0,14:0-0:0,11:0-0:0,11:0-0:0,11:0-0:0,11:0-0:0
D9r7Ct5KMMsUppCyvvguwA,10:0-21:0,10:0-21:0,10:0-21:0,10:0-21:0,10:0-21:0,10:0-21:0,10:0-21:0
6NffysI3E7L4kr71dxInIg,11:0-22:0,11:0-22:0,11:0-22:0,11:0-22:0,11:0-22:0,12:0-21:0,12:0-21:0
8SwMaPL6AJIs1ZPSZ3NJ4w,17:0-22:0,12:0-23:0,12:0-23:0,12:0-23:0,12:0-23:0,12:0-22:0,17:0-22:0
VutzmcU-hZt_WfgMkEuiFA,11:30-21:0,11:30-21:0,11:30-21:0,11:30-21:0,11:30-22:0,11:30-22:0,11:30-21:0
9sTVmRoNEp5qbKkrdzEW8w,8:0-18:0,8:0-18:0,8:0-18:0,8:0-18:0,8:0-18:0,8:0-18:0,11:0-16:0
kXl44keW3wZaJpjEqHk30g,6:0-22:0,6:0-22:0,6:0-22:0,6:0-22:0,6:0-23:0,6:0-23:0,7:0-22:0
hDL3Q-GNQlOuE04_zWEMJA,11:0-21:0,11:0-21:0,11:0-21:0,11:0-21:0,11:0-21:0,11:0-21:0,11:0-21:0
Qy_tDaVTWlS14fEglzo1Tg,6:0-20:0,6:0-20:0,6:0-17:0,6:0-20:0,6:0-20:0,7:0-20:0,7:0-16:0
MxiIRbKhCgT9Dz0hXg92vw,12:0-1:0,12:0-1:0,12:0-1:0,12:0-2:0,12:0-2:0,12:0-2:0,12:0-1:0
3QRdvd5F6rnKzLLb1mIg6Q,11:0-3:0,11:0-3:0,11:0-3:0,11:0-3:0,11:0-4:15,11:0-4:15,11:0-3:0
YyxB3K1ORzc7ChMKgyxm9Q,7:0-21:0,7:0-21:0,7:0-21:0,7:0-21:0,7:0-21:0,8:0-21:0,8:0-21:0
hgQOESYp7CF4LnNI90XEiw,11:0-17:0,11:0-21:0,11:0-21:0,11:0-21:0,11:0-21:0,11:0-21:0,11:0-17:0
k-dDZvTeLysoJvjHI-qr9g,0:0-0:0,0:0-0:0,0:0-0:0,0:0-0:0,0:0-0:0,0:0-0:0,0:0-0:0
OlBFLXVJfze2ZZA4UUBS0g,10:0-21:0,10:0-21:0,10:0-21:0,10:0-21:0,10:0-21:0,9:30-18:0,12:0-17:0
7sPNbCx7vGAaH7SbNPZ6oA,11:0-22:0,11:0-22:0,11:0-22:0,11:0-22:0,11:0-22:0,11:0-22:0,11:0-22:0
k5ddmLvAKKw9zSusRPM2cQ,0:0-0:0,0:0-0:0,0:0-0:0,0:0-0:0,0:0-0:0,0:0-0:0,0:0-0:0
sZjy5U0AEXr7r2PZPi5rMQ,6:0-20:0,6:0-20:0,6:0-20:0,6:0-20:0,6:0-20:0,6:0-20:0,7:0-20:0
KuxDPl6UYNLxFChPm0_MNw,10:0-23:0,10:0-23:0,10:0-23:0,10:0-23:0,10:0-0:0,10:0-0:0,10:0-23:0
wb-OCJAuP1upOefBs7xljQ,0:0-0:0,0:0-0:0,0:0-0:0,0:0-0:0,0:0-0:0,0:0-0:0,0:0-0:0
x71EvWJDVKZfM-OiYDWZ6A,6:0-17:0,6:0-17:0,7:0-12:0,6:0-17:0,6:0-17:0,7:0-17:0,7:0-17:0
3lRXNifVJDgqylwaQEHvGw,10:0-22:0,10:0-22:0,10:0-22:0,10:0-22:0,10:0-22:0,10:0-22:0,11:0-22:0
cePE3rCuUOVSCCAHSjWxoQ,0:0-0:0,11:0-20:0,11:0-15:0,11:0-20:0,11:0-20:0,11:0-20:0,11:0-15:0
1gi5Q-Mcd5SwjLfk_83Zgw,11:0-1:0,11:0-1:0,11:0-1:0,11:0-2:0,11:0-4:0,11:0-4:0,11:0-1:0
RSPEJeFTKs1BsiVgjHp1WQ,11:30-22:30,11:30-22:30,11:30-22:30,11:30-22:30,11:30-23:0,11:30-23:0,11:30-22:30
ITz32TYToQgl1c0F8C63ew,11:0-23:0,11:0-23:0,11:0-23:0,11:0-23:0,11:0-0:0,11:0-0:0,12:0-23:0
BuHbMNbCQzzYi-3Y5w1c4Q,0:0-0:0,10:30-22:0,10:30-22:0,10:30-22:0,10:30-23:0,10:30-23:0,10:30-18:0
jGZRh1xFsy14fec3IG6-Hg,0:0-0:0,0:0-0:0,0:0-0:0,0:0-0:0,0:0-0:0,0:0-0:0,0:0-0:0
ezFB98nX2V_E0B6HuKHl3A,7:0-21:0,7:0-21:0,7:0-21:0,7:0-21:0,7:0-21:0,8:0-21:0,9:0-21:0
DxzF-hwT3OibWv12hGdkuw,11:30-22:0,11:30-22:0,11:30-22:0,11:30-22:0,11:30-22:0,11:30-22:0,11:0-21:30
ayt1ypmiiNL1OAchhaL2Og,11:30-0:0,11:30-0:0,11:30-0:0,11:30-0:0,11:30-1:0,11:30-1:0,11:30-0:0
XplJHcYSQTFlwv3Rk8WsYw,8:30-22:0,8:30-22:0,8:30-22:0,8:30-22:0,8:30-22:0,8:30-22:0,8:30-22:0
EutYqlTNrWfoW0_zSoD2jQ,10:30-22:30,10:30-22:30,10:30-22:30,10:30-22:30,10:30-22:30,11:0-23:0,11:0-23:0
y8zlR75tcmvkg49dqdLGDg,0:0-0:0,11:0-21:0,11:0-21:0,11:0-21:0,11:0-22:0,11:0-22:0,11:0-21:0
8KsMtzkmKgNsiVWyeeYQYw,10:0-0:0,10:0-0:0,10:0-0:0,10:0-0:0,10:0-0:0,10:0-0:0,10:0-0:0
HojKatUfX4UHWaPqtl63NQ,18:0-22:0,18:0-22:0,18:0-22:0,18:0-22:0,18:0-22:30,18:0-22:30,18:0-22:0
0uzQymPVW2l24rpjX9KIBA,10:0-23:0,10:0-23:0,10:0-23:0,10:0-23:0,10:0-0:0,10:0-0:0,10:0-23:0
LN2X2X2PVsd56tqLIEku9Q,12:0-22:30,12:0-22:30,12:0-22:30,12:0-22:30,12:0-22:30,12:0-22:30,12:0-22:30
BLCDcaDMn6vZNhGOvUCzsw,7:0-22:0,7:0-22:0,7:0-22:0,7:0-22:0,7:0-22:0,7:30-22:0,8:0-22:0
5dy8OiWJty9AuxBcBzeBZQ,17:0-22:0,17:0-22:0,17:0-22:0,17:0-23:0,17:0-23:0,17:0-23:0,17:0-22:0
H1ZlF8EkvE5PW_-1BP0nTg,0:0-0:0,7:30-15:30,7:30-15:30,7:30-15:30,7:30-15:30,8:30-14:30,8:30-14:30
oL-TGyXWfpgr2YR0uTc0Zg,0:0-0:0,0:0-0:0,0:0-0:0,0:0-0:0,0:0-0:0,0:0-0:0,0:0-0:0
wFP9QkYF7lxwXa52t_qsXg,11:0-2:0,11:0-2:0,11:0-2:0,11:0-3:0,11:0-3:0,11:0-3:0,11:0-2:0
MJjTgjRZJLnU0VHF1TeMGQ,7:0-2:0,7:0-2:0,7:0-2:0,7:0-2:0,7:0-2:0,7:0-2:0,7:0-2:0
TfabYPasZ1oOMN6JLa-yvw,11:30-22:30,11:30-22:30,11:30-22:30,11:30-22:30,11:30-22:30,11:30-22:30,11:30-22:30
WEwn-xveW2T1dQxuCUd0Sg,11:0-21:0,11:0-21:0,11:0-21:0,11:0-21:0,11:0-21:0,11:0-18:0,11:0-19:0
NhGkSF9UB3hiDKUY9roHBg,7:0-7:0,7:0-7:0,7:0-7:0,7:0-7:0,7:0-7:0,7:0-7:0,7:0-7:0
1WmrBqFd0ZcbuYTOlbHsig,11:0-22:0,11:0-22:0,11:0-22:0,11:0-22:0,11:0-22:0,11:0-22:0,11:0-22:0
JFxSgJXC7siDE4ThlEEzMA,11:0-23:0,11:0-23:0,11:0-23:0,11:0-23:0,11:0-0:0,11:0-0:0,11:0-0:0
XWafv9_J7TUOO4PbEcIFJA,6:0-13:0,6:0-13:0,6:0-13:0,6:0-13:0,6:0-14:0,6:0-14:0,7:0-12:0
gCFf_GFUjgCSVcUe9yrphA,8:0-0:0,8:0-0:0,8:0-0:0,8:0-0:0,8:0-0:0,8:0-0:0,8:0-0:0
y2plF1wqtEiOdzArakENfg,10:0-23:0,10:0-23:0,10:0-23:0,10:0-23:0,10:0-23:0,10:0-23:0,10:0-23:0
OETh78qcgDltvHULowwhJg,16:30-22:30,16:30-22:30,16:30-22:30,16:30-22:30,16:30-0:0,16:30-0:0,16:30-22:30
BwuyBsShSQwO3_-SvW6fRA,11:0-21:0,11:0-21:0,11:0-21:0,11:0-21:0,11:0-21:0,11:0-21:0,11:0-19:0
TrBwrc6P_W_XTsphbvuk9g,6:0-21:30,6:0-21:30,6:0-21:30,6:0-21:30,6:0-21:30,7:0-21:30,7:0-21:30
2O_b-IAAW7SoPt__RX1Kww,17:0-22:0,7:0-12:0,17:0-22:0,17:0-22:0,17:0-22:0,17:0-22:0,17:0-22:0
doNFUrUKx99ajM5NI-XdsQ,10:0-23:0,10:0-23:0,10:0-23:0,10:0-23:0,10:0-1:0,10:0-1:0,10:0-23:0
hrrPxT846kLGs7ehEtLmRg,17:0-21:0,17:0-21:0,17:0-21:0,17:0-21:0,17:0-21:30,17:0-21:30,17:0-21:0
qFAw6wHMMcr4ctF-ZdGhEA,11:0-23:0,11:0-23:0,11:0-23:0,11:0-23:0,11:0-0:0,11:0-0:0,11:0-23:0
utqMwgvfYPlWMaRkX09w1g,8:0-21:0,8:0-21:0,8:0-21:0,8:0-21:0,8:0-21:0,10:0-21:0,10:0-14:30
O4d9Cfj4Ta3ZeAQwygKIdA,11:0-23:0,11:0-23:0,11:0-23:0,11:0-23:0,11:0-4:0,11:0-23:0,11:0-23:0
7xA6iSP0Ndn08tpBFQtUKA,11:30-22:30,11:30-22:30,11:30-22:30,11:30-22:30,11:30-23:0,12:0-23:0,12:0-23:0
7VWtmHsd4HSNDkF5f5xnng,6:0-0:0,6:0-0:0,6:0-0:0,6:0-0:0,6:0-0:0,6:0-0:0,7:0-0:0
7K_yGsP6CVy1-hUpQvnQRg,6:30-21:0,6:30-21:0,6:30-21:0,6:30-21:30,6:30-22:0,7:30-20:0,9:0-18:30
IyrDnrvUKpndj5zIv1KvGQ,0:0-0:0,8:0-22:0,8:0-22:0,8:0-22:0,8:0-22:0,8:0-22:0,8:0-18:0
RRw9I8pHt5PzgYGT2QeODw,11:0-22:0,11:0-23:0,11:0-23:0,11:0-23:0,11:0-23:0,11:0-23:0,11:0-22:0
B19KKE75ZxqoR3EDuvA1qw,10:0-22:0,10:0-22:0,10:0-22:0,10:0-22:0,10:0-22:0,10:0-22:0,10:0-22:0
m65oi2C7b1CJM7DaXbFi-g,14:0-23:0,14:0-23:0,14:0-23:0,14:0-23:0,14:0-0:0,14:0-0:0,14:0-23:0
GX4C0SDgzuywFbO2W_g1ow,11:0-21:0,11:0-21:0,11:0-21:0,11:0-21:0,11:0-21:0,11:0-21:0,11:0-21:0
Mn6PbumS7GL2v3jPilTaeg,18:0-22:30,18:0-22:30,18:0-22:30,18:0-22:30,18:0-22:30,18:0-22:30,18:0-22:30
wacOylZWqy_w1lG68i39mw,11:0-21:0,11:0-21:0,11:0-21:0,11:0-21:0,11:0-22:0,12:0-22:0,12:0-21:0
LbuG9NOlldEfMkCi9BiVAg,11:0-21:0,11:0-21:0,11:0-21:0,11:0-21:0,11:0-21:0,11:0-21:0,11:0-21:0
qIRqFlmvHDRe7kWBAsuVnQ,11:30-1:0,11:30-1:0,11:30-1:0,11:30-22:0,11:30-1:0,11:30-1:0,11:30-1:0
ERnG-1q3igX3VSgm5uLZ6A,0:0-0:0,17:0-22:0,17:0-22:0,17:0-22:0,12:0-23:0,12:0-23:0,11:0-15:30
-ed0Yc9on37RoIoG2ZgxBA,11:0-22:0,11:0-23:0,11:0-23:0,11:0-23:0,11:0-0:0,11:0-0:0,16:0-22:0
wmdHsfoNETnjxVU5pwtlpw,7:0-23:0,7:0-23:0,7:0-23:0,7:0-23:0,7:0-0:0,9:0-0:0,9:0-22:0
RdLgUQf0vOsfYA8t9MRB3A,11:0-0:0,11:0-0:0,11:0-0:0,11:0-1:0,11:0-1:0,11:0-1:0,11:0-0:0
STLglfaKvGbuMHCV5B6jjA,11:0-20:0,11:0-20:0,11:0-20:0,11:0-20:0,11:0-22:0,11:0-22:0,11:0-20:0
lZZLmG1ANLq2Yb3KuVA4NA,16:30-22:0,16:30-22:0,16:30-22:0,16:30-22:0,16:30-22:0,16:30-22:0,16:30-22:0
fh7YYXev-keRlts1ISbDNg,11:0-22:0,11:0-22:0,11:0-22:0,11:0-22:0,11:0-22:0,11:0-22:0,11:0-21:30
YM-nYIHd99qUt9n62AxIAg,0:0-0:0,10:0-22:0,10:0-22:0,10:0-22:0,10:0-23:0,10:0-23:0,10:0-22:0
EX_NM_g9zjVa-6hH6HrElw,18:0-3:0,18:0-3:0,18:0-3:0,18:0-3:0,18:0-3:0,18:0-3:0,18:0-3:0
pTbkdBDDKxNVjKUZ_6RAug,11:0-22:0,11:0-22:0,11:0-22:0,11:0-22:0,11:0-23:0,11:0-23:0,12:0-22:0
GOKaUf6xskku9-ENc-X28A,7:0-0:0,7:0-0:0,7:0-0:0,7:0-0:0,7:0-1:0,7:0-1:0,7:0-0:0
ydM0qCPG1cTZvAguCi2ucA,18:0-2:0,18:0-2:0,18:0-2:0,18:0-2:0,18:0-2:0,18:0-2:0,18:0-2:0
tqumNKvNmeII_DRG6SdRuw,0:0-0:0,16:0-23:0,16:0-23:0,16:0-23:0,16:0-23:0,16:0-23:0,16:0-23:0
qzcX8ekyU0-xEjrGWk3Rbw,11:0-0:0,11:0-0:0,11:0-0:0,11:0-0:0,11:0-0:0,11:0-0:0,11:0-0:0
udrIB4tIAtZQOGAiukQ2Rg,10:30-1:0,10:30-1:0,10:30-1:0,10:30-1:0,10:30-1:30,10:30-1:30,10:30-1:0
GLObol9ZkKPQOQ1LMsqkew,11:0-20:0,11:0-21:0,11:0-21:0,11:0-21:0,11:0-21:0,11:0-21:0,11:0-20:0
RXESkOgqAYGoujYTqy2KNg,10:0-2:0,10:0-2:0,10:0-2:0,10:0-2:0,10:0-2:0,10:0-2:0,10:0-2:0
xImiQIhC2ZBDEy7LhpQ4nQ,6:0-22:0,6:0-22:0,6:0-22:0,6:0-22:0,6:0-22:0,6:0-22:0,6:0-22:0
3vykxItKNuoeQjoYnATXpQ,6:0-23:0,6:0-23:0,6:0-23:0,6:0-23:0,6:0-23:0,6:0-23:0,6:0-23:0
DqcD3YflYhArFsC4KVUnOw,9:0-19:0,9:0-19:0,9:0-19:0,9:0-19:0,9:0-19:0,9:0-18:0,10:0-17:0
D35unF350QG06LXDe0Cv-Q,0:0-0:0,0:0-0:0,0:0-0:0,0:0-0:0,0:0-0:0,0:0-0:0,0:0-0:0
hhhHgSaSl6GLtuDoDrMUZQ,15:0-23:0,15:0-23:0,15:0-23:0,15:0-23:0,15:0-1:0,15:0-1:0,14:0-22:0
0jtRI7hVMpQHpUVtUy4ITw,7:0-14:30,7:0-19:0,7:0-19:0,7:0-19:0,7:0-19:0,7:0-14:30,7:0-14:30
OgJ0KxwJcJ9R5bUK0ixCbg,6:0-0:0,6:0-0:0,6:0-0:0,6:0-0:0,6:0-0:0,6:0-0:0,6:0-0:0
zbFtY82_ummK4amkT-M04Q,11:0-1:0,11:0-1:0,11:0-1:0,11:0-1:0,11:0-1:0,11:0-1:0,11:0-1:0
QcV8KIPKbGRnWQPql55bKQ,11:0-22:0,11:0-22:0,11:0-22:0,11:0-22:0,11:0-23:0,11:0-23:0,11:0-22:0
v-4N8H5HlDXudGJXwrJHbw,11:0-21:0,11:0-21:0,11:0-21:0,11:0-21:0,11:0-21:0,11:0-21:0,11:0-21:0
Ssa6XY_RdDRRB9wuVIeIWw,0:0-0:0,11:0-21:0,11:0-21:0,11:0-21:0,11:0-22:0,11:0-22:0,12:0-20:0
mB_cI1tCrNxxvr2e2myNrQ,0:0-0:0,0:0-0:0,0:0-0:0,0:0-0:0,0:0-0:0,0:0-0:0,0:0-0:0
nUaLFTfUqVKMFQonsWBnag,10:0-20:0,10:0-20:0,10:0-20:0,10:0-20:0,10:0-20:0,10:0-20:0,12:0-18:0
4Pl-ziYL2oerGyIPlwVdmA,0:0-0:0,17:0-22:0,17:0-22:0,17:0-22:0,17:0-22:0,11:0-22:0,11:0-22:0
SzB85-8tmDEvoapZSDTBkQ,0:0-0:0,0:0-0:0,0:0-0:0,0:0-0:0,0:0-0:0,0:0-0:0,0:0-0:0
bns0V-7B5eAUBQ5qfXL12w,11:0-2:0,11:0-2:0,11:0-2:0,11:0-2:0,11:0-2:0,11:0-2:0,11:0-2:0
PI2Xr6HwQ5nVUauzSqp6lA,11:0-21:0,11:0-21:0,11:0-21:0,11:0-21:0,11:0-21:0,11:0-21:0,11:0-21:0
1JpfQCgLnmz6VU00O1XIPw,5:30-18:0,5:30-18:0,5:30-18:0,5:30-18:0,5:30-20:0,5:30-20:0,5:30-18:0
1QwX7Cgkm6KnlcGNDTh6EQ,11:30-0:0,11:30-0:0,11:30-0:0,11:30-1:0,11:30-1:0,16:0-1:0,16:0-0:0
5ibm7zDgxE7WwDFNaZbdKw,10:0-22:30,10:0-22:30,10:0-22:30,10:0-22:30,10:0-22:30,10:0-22:30,10:0-20:0
GdgGAINCqMXqcuKd2nKEBg,0:0-0:0,10:0-17:0,10:0-17:0,10:0-17:0,10:0-22:0,10:0-15:0,12:0-17:0
-DOE4Qs8IMfgkvshYKfC7w,12:0-22:0,12:0-22:0,12:0-22:0,12:0-22:0,12:0-22:0,12:0-22:0,12:0-22:0
pw167x7bLW5t6N2WHjroZA,11:30-22:0,11:30-22:0,11:30-22:0,11:30-22:0,11:30-22:30,11:30-22:30,16:0-21:0
cVdcHgCBKM5l9KS9sizQag,10:0-20:30,10:0-14:30,10:0-20:30,10:0-20:30,10:0-20:30,8:0-20:30,8:0-16:30
Lfo8OEUIcswnMLIAXpFWYg,11:0-21:0,11:0-21:0,11:0-21:0,11:0-21:0,11:0-21:0,11:0-21:0,16:0-21:0
ot1sUqbDrXEd8BELJZw6IA,14:30-2:30,14:30-2:30,14:30-2:30,14:30-2:30,14:30-2:30,14:30-2:30,14:30-2:30
T6ihfy4SYiF4PvuE6Y0VPA,5:0-20:0,5:0-20:0,5:0-20:0,5:0-20:0,5:0-20:0,5:0-20:0,5:0-20:0
-hnHJQWo2ijb77Yqm6EnOA,9:0-21:0,9:0-21:0,9:0-21:0,9:0-21:0,9:0-21:0,9:0-20:0,9:0-18:0
iB1iGtTgr3fucKrT9yxinw,16:30-22:0,16:30-22:0,16:30-22:0,16:30-22:0,11:30-22:0,11:30-22:0,11:30-21:0
-zH9u-R0pGpHbrr0G9sMyg,7:0-16:0,7:0-16:0,7:0-16:0,7:0-16:0,7:0-16:0,7:0-15:0,7:0-15:0
eavP59x5DOpGwVFhxbG4Cg,11:0-0:0,11:0-0:0,11:0-0:0,11:0-0:0,11:0-3:0,11:0-3:0,11:0-0:0
3G4KcScA5srgsg-fAtWs2Q,12:0-22:0,12:0-22:0,12:0-22:0,12:0-22:0,12:0-22:0,12:0-22:0,12:0-21:0
bJP4l_BGq2CudEu0m-wNjg,16:0-0:0,16:0-0:0,16:0-0:0,16:0-0:0,16:0-0:0,16:0-0:0,6:0-14:0
PWjgwphd2prhtqTPWwLbXw,6:30-3:30,6:30-3:30,6:30-3:30,6:30-3:30,6:30-6:30,6:30-6:30,6:30-3:30
eY98EH_PHGnJVaJ7t2UpoQ,9:0-22:0,9:0-22:0,9:0-22:0,9:0-22:0,9:0-22:0,9:0-22:0,9:0-22:0
iyPtSR0s6EkvaQFbdJ_jVA,11:30-22:30,11:30-22:30,11:30-22:30,11:30-22:30,11:30-22:30,11:30-22:30,11:30-22:30
KZ9v7M1A5t6OMDghR64_5g,7:0-15:0,7:0-15:0,7:0-15:0,7:0-15:0,7:0-15:0,7:0-15:0,7:30-15:0
CTN5Z3fs3jFHfyma8XxzVg,10:30-20:0,10:30-20:0,10:30-20:0,10:30-20:0,10:30-20:0,10:30-20:0,10:30-19:0
kExmc2lS8BhFFlh9sjvuSA,10:30-2:0,10:30-2:0,10:30-2:0,10:30-2:0,10:30-2:0,10:30-2:0,10:30-2:0
M4zq737gzO5GqIk91X0CYw,10:30-21:0,10:30-21:0,10:30-21:0,10:30-21:0,10:30-21:0,10:30-21:0,11:0-20:0
pRXgWOIiQPEbosMrylsdLA,11:0-22:0,11:0-22:0,11:0-22:0,11:0-22:0,11:0-22:0,11:0-22:0,11:0-22:0
tcT3oHh_dwi_FYhozw3Ibw,16:0-23:0,16:0-23:0,16:0-23:0,16:0-23:0,16:0-0:0,11:0-0:0,11:0-22:0
q4i-GbjeSp6ucBDXGE9DqA,12:0-3:0,12:0-3:0,12:0-3:0,12:0-3:0,12:0-3:0,12:0-3:0,12:0-3:0
DZkVWxknDUuWX0-wmtGhQw,11:0-21:30,11:0-21:30,11:0-21:30,11:0-21:30,11:0-21:30,11:0-21:30,11:0-21:30
ZK0Q-hn46I8JrRTleg_dYQ,11:0-22:0,11:0-22:0,11:0-22:0,11:0-22:0,11:0-22:0,11:0-22:0,11:0-22:0
IlEyOZ_6dUuhrDqpMN2GXw,10:0-23:0,10:0-23:0,10:0-23:0,10:0-23:0,10:0-0:0,10:0-0:0,10:0-23:0
e1DfwqDhYQYLKoyHmJu0hQ,12:0-0:0,12:0-0:0,12:0-0:0,12:0-0:0,12:0-0:0,10:0-0:0,10:0-0:0
2xbxXWeu3tpZEJdGTTGbLg,11:0-22:0,11:0-22:0,11:0-22:0,11:0-22:0,11:0-22:0,11:0-22:0,11:0-21:30
7vWb1Afpm2arr8NCaE_EyQ,8:0-23:0,8:0-23:0,8:0-23:0,8:0-23:0,8:0-23:0,8:0-23:0,8:0-23:0
ohz8ljVxcZMo2bMGrBZfgw,11:30-22:30,11:30-22:30,11:30-22:30,11:30-22:30,11:30-23:30,11:30-23:30,11:30-22:30
vAbRNF0hJt91oCUpm_sdKw,17:0-22:0,17:0-22:0,17:0-22:0,17:0-22:0,17:0-22:0,17:0-22:0,17:0-22:0
shSYKGuSzXpctURCR9kCFQ,10:0-21:30,10:0-21:30,10:0-21:30,10:0-21:30,9:0-22:0,9:0-22:0,9:0-21:30
wWjDMAy3NjpuIN64fASGfQ,11:30-23:0,11:30-23:0,11:30-23:0,11:30-23:0,11:30-23:0,11:30-23:0,11:30-23:0
vfqUUh_5KF3R7mz2XiNXGg,11:0-22:0,11:0-22:0,11:0-22:0,11:0-22:0,11:0-22:30,11:0-22:30,12:0-22:0
Pf8flcMF3hco_rG0EdUGog,8:0-21:0,8:0-21:0,8:0-21:0,8:0-21:0,8:0-21:0,8:0-21:0,9:0-16:0
kVXQmct8R4Ygmk54eF32lw,12:0-22:0,12:0-22:0,12:0-22:0,12:0-0:0,12:0-0:0,12:0-0:0,12:0-22:0
uTCOEqjuVAXUOzti5TWj2Q,8:30-20:0,8:30-20:0,8:30-20:0,8:30-20:0,8:30-23:0,8:30-23:0,8:30-20:0
wC_uWvRXyWqG6EygMfPhOQ,0:0-0:0,0:0-0:0,0:0-0:0,0:0-0:0,0:0-0:0,0:0-0:0,0:0-0:0
tMYYSWyTppDcF070Hmy-kQ,11:0-21:0,11:0-21:0,11:0-21:0,11:0-21:0,11:0-22:0,11:0-22:0,11:0-21:0
vl_LNtimh_DMxZ1YQfl8aA,11:0-22:0,11:0-22:0,11:0-22:0,11:0-22:0,11:0-23:0,12:0-23:0,16:0-22:0
6G_S11aSDjdYnvqRaF24_w,11:0-1:0,11:0-1:0,11:0-1:0,11:0-2:0,11:0-2:0,10:0-2:0,10:0-2:0
fyJAqmweGm8VXnpU4CWGNw,0:0-0:0,7:0-22:0,7:0-22:0,7:0-22:0,7:0-22:0,8:0-22:0,8:0-15:0
Oyo5CWthu2upxxaf69MfIg,10:0-23:0,10:0-23:0,10:0-23:0,10:0-23:0,10:0-23:0,10:0-23:0,10:0-23:0
6s7uduX1Q1KSjOKvwxYkRA,11:0-1:0,11:0-1:0,11:0-1:0,11:0-1:0,11:0-1:0,11:0-1:0,11:0-1:0
wffN4optBUAy4LVOOPZN7g,11:30-1:0,11:30-1:0,11:30-1:0,11:30-1:0,11:30-1:0,11:30-1:0,11:30-0:0
lSO9qpXaZZWufIZzH5L1IQ,10:0-21:0,10:0-21:0,10:0-21:0,10:0-21:0,10:0-21:0,10:0-21:0,10:0-18:0
5gZ4k_mdDOcEmCG4wHVH-g,6:30-21:0,6:30-21:0,6:30-21:0,6:30-21:0,6:30-21:0,6:30-21:0,6:30-21:0
Hbe9EMTwdZruqOEDXXFb5Q,11:30-22:0,11:30-22:0,11:30-22:0,11:30-22:0,11:30-22:0,11:30-22:0,11:30-22:0
5SZe-u0hyquuipQL5lbg_g,11:30-23:30,11:30-23:30,11:30-23:30,11:30-23:30,11:30-23:30,17:30-23:30,17:30-23:30
zkk1ieQQnWtu9TLJukXC0g,11:0-2:0,11:0-2:0,11:0-2:0,11:0-2:0,11:0-2:0,11:0-2:0,11:0-2:0
vpoXE7CsEMZNzBMDvkuqHg,11:0-21:30,11:0-21:30,11:0-21:30,11:0-21:30,11:0-22:0,11:0-22:0,15:0-21:0
I57O9xjahLTtx22El93f4g,10:0-20:0,10:0-23:0,10:0-23:0,10:0-23:0,9:30-3:0,9:30-3:0,10:0-20:0
afMwlotE4c2nBLilhaOxhw,11:0-4:0,11:0-4:0,11:0-4:0,11:0-4:0,11:0-4:0,11:0-4:0,11:0-4:0
THOZYeKWKyW_-6U30E1b5w,10:0-3:0,10:0-3:0,10:0-3:0,10:0-3:0,10:0-3:0,10:0-0:0,10:0-0:0
e59uNE07Gf-yrIl4rX3KZw,11:0-22:0,11:0-22:0,11:0-22:0,11:0-22:0,11:0-23:0,11:0-23:0,11:0-22:0
707ST4xhNavXNvZtEL-RgQ,10:0-20:0,10:0-20:0,10:0-20:0,10:0-20:0,10:0-20:0,10:0-20:0,10:0-18:0
QMI6A2H1N3SwKU69SiASJA,10:30-18:0,10:30-18:0,10:30-18:0,10:30-18:0,11:0-20:0,11:0-20:0,12:0-16:0
RyKFUOBakk8I0K-EKaf33Q,17:0-21:0,17:0-21:0,17:0-21:0,17:0-21:0,17:0-21:0,17:0-21:0,17:0-21:0
_S3w4vjlFUkgx56Ji34Jpw,11:0-22:0,11:0-22:0,11:0-22:0,11:0-22:0,11:0-23:0,11:0-23:0,11:0-22:0
Kx7DTzbfY4K-uYJKTibesg,11:0-22:0,11:0-22:0,11:0-22:0,11:0-22:0,11:0-22:0,11:0-22:0,11:0-22:0
1Df5WnLX3DqN6ymlhqznaQ,16:0-22:0,16:0-22:0,16:0-22:0,16:0-22:0,16:0-23:0,16:0-23:0,16:0-21:0
LPnGdeEJyMMO02e02PqZBA,11:0-0:0,11:0-0:0,11:0-0:0,11:0-0:0,11:0-0:0,11:0-0:0,11:0-0:0
996axDvF9P8zxB9MJA52Xg,17:30-2:30,17:30-2:30,17:30-2:30,17:30-2:30,17:30-2:30,17:30-2:30,17:30-2:30
O4ucsINTXLJaZ63XcWTsIw,9:0-20:0,9:0-20:0,9:0-20:0,9:0-20:0,9:0-20:0,9:0-20:0,9:0-17:0
ck-5NFpK8CQsUMD4LHaf5w,8:0-23:0,8:0-23:0,8:0-23:0,8:0-23:0,8:0-23:0,8:0-23:0,8:0-23:0
zfNKdsuT7bWWN-f3v5Rj_g,5:0-22:0,5:0-22:0,5:0-22:0,5:0-22:0,5:0-22:0,5:0-22:0,6:0-20:0
YOZgLDLNLAe2nP1sw5inYw,9:0-22:0,11:0-22:0,11:0-22:0,11:0-22:0,11:0-22:0,11:0-22:0,11:0-22:0
CfQCMOnVIarQCBDBor0mfA,11:0-21:0,11:0-21:0,11:0-21:0,11:0-21:0,11:0-21:0,17:0-23:0,11:0-21:0
h8bJb1dIwPmUGiqstCy7lw,17:0-22:30,17:0-22:30,17:0-22:30,17:0-22:30,17:0-22:30,17:0-22:30,17:0-22:30
wPxQQbwXfqnJEMirpwcPnw,11:0-23:0,11:0-23:0,11:0-23:0,11:0-23:0,11:0-0:0,11:0-0:0,12:0-22:0
BS2Y5IZiCOHBebHMEU2dEQ,11:0-21:30,11:0-21:30,11:0-21:30,11:0-21:30,11:0-22:30,11:0-22:30,11:0-21:30
QRAmGlMF7_sLq8YZ_L1POQ,9:0-23:0,9:0-23:0,9:0-23:0,9:0-23:0,9:0-0:0,9:0-0:0,9:0-23:0
f30-DOoIxvoV9btiDvKMTw,0:0-0:0,16:30-22:0,16:30-22:0,16:30-0:0,16:30-2:0,10:0-2:0,10:0-21:0
PlNwT37ZahtL-3GRHQ7mVg,11:0-23:0,11:0-23:0,11:0-23:0,11:0-2:0,11:0-2:0,10:0-2:0,10:0-23:0
ft5LUuDwmS8ONnI7AooLjQ,11:0-23:0,11:0-23:0,11:0-23:0,11:0-23:0,11:0-1:0,11:0-3:0,11:0-23:0
rVdadAcPeUXjcIHxoO8cGQ,16:0-0:0,16:0-0:0,16:0-0:0,16:0-0:0,16:0-0:0,16:0-0:0,16:0-0:0
03DvzzcB5ze7lacYwZbH8A,11:30-21:30,11:30-21:30,11:30-22:30,11:30-22:30,11:30-22:30,10:0-22:30,10:0-21:0
A9qmduhmrTZxSg7uTOnzYg,11:0-22:0,11:0-22:0,11:0-22:0,11:0-22:0,11:0-23:0,11:0-23:0,11:0-22:0
-hXocgx4xqs9dv_l0jiZZg,11:0-21:0,11:0-21:0,11:0-21:0,11:0-21:0,11:0-21:0,11:0-21:0,12:0-17:0
f5sSn5cO4t6mF_mdnzKkyA,11:0-20:0,11:0-20:0,11:0-20:0,11:0-20:0,11:0-20:0,11:0-20:0,11:0-20:0
ewIXHLlaIfp9U3NrsgilVw,11:0-22:30,11:0-22:30,11:0-22:30,11:0-22:30,11:0-22:30,16:30-22:30,16:30-22:30
HxOycKEgCl7aXjBsVs0t-w,10:0-21:0,10:0-21:0,10:0-21:0,10:0-21:0,10:0-21:0,10:0-21:0,10:0-21:0
op0GPkK8YtpTQxSq80lEpw,17:0-23:0,17:0-23:0,17:0-23:0,17:0-23:0,17:0-23:0,12:0-23:0,12:0-23:0
RgDH0NZHGT8i6gdklxp0GQ,7:0-20:0,7:0-23:0,7:0-23:0,7:0-0:0,7:0-0:0,8:0-0:0,8:0-20:0
WWZgzuTn1k7Yn9bJ_Pr0Kg,11:0-21:0,11:0-21:0,11:0-21:0,11:0-21:0,11:0-23:0,12:0-23:0,12:0-21:0
wYFQMJytgwoMuan0Aa4ByA,11:30-23:0,11:30-23:0,11:30-23:0,11:30-23:0,11:30-23:0,12:0-23:0,12:0-23:0
dVz19OnbCfi0pjlSNV0bgQ,11:0-21:0,11:0-21:0,11:0-21:0,11:0-21:0,11:0-21:0,11:0-21:0,11:0-21:0
eLkNF-w5upg3OsQYG-GBRA,8:30-18:0,8:30-18:0,8:30-18:0,8:30-18:0,8:30-18:0,11:0-18:0,11:0-18:0
gpjvSxIQZsgaEqmQ8RUqvw,11:0-21:0,11:0-21:0,11:0-21:0,11:0-21:0,11:0-22:0,11:0-22:0,12:0-21:0
iWScmpipq65WElq9za9RLg,11:0-22:0,11:0-22:0,11:0-22:0,11:0-22:0,11:0-22:0,11:0-22:0,11:0-22:0
LrrJW6ejsVL7hADfFy87Eg,11:30-22:0,11:30-22:0,11:30-22:0,11:30-22:0,11:30-22:0,12:0-22:0,12:0-21:30
NPiLy71qqXzb45k9eQOgCQ,11:0-23:0,11:0-23:0,11:0-23:0,11:0-23:0,11:0-23:0,9:0-0:0,9:0-21:0
Sfc8Haz2Yri8Mo1L0E0TsA,10:0-21:0,10:0-21:0,10:0-21:0,10:0-21:0,10:0-21:0,10:0-21:0,12:0-21:0
vafLJO0wyb421AlOfxMiig,11:30-16:0,11:30-16:0,11:30-20:0,11:30-20:0,11:30-20:0,11:30-20:0,12:0-19:0
0cITagiY3ytdRh6shZInxw,11:30-23:0,11:30-23:0,11:30-23:0,11:30-23:0,11:30-23:0,12:0-22:0,12:0-21:0
cxnbk6t6L3jnfT5n2Hbl3Q,11:0-20:0,11:0-20:0,11:0-20:0,11:0-20:0,11:0-21:0,11:0-21:0,11:0-18:0
LsaSrbOcV7M24Yc8nemdsA,6:30-20:30,6:30-20:30,6:30-20:30,6:30-20:30,6:30-20:30,6:30-22:0,7:0-19:0
_HqZL3gK98-Q4ObAoyM1aw,9:0-22:0,9:0-22:0,9:0-22:0,9:0-23:0,9:0-23:0,9:0-23:0,9:0-22:0
e9smQsCHC7-ghr_7fWz4Mw,11:0-23:0,11:0-23:0,11:0-23:0,11:0-23:0,11:0-23:0,11:0-23:0,11:0-23:0
m6QREZLAQatX1swZ2FN4hQ,7:0-21:0,7:0-21:0,7:0-21:0,7:0-21:0,7:0-21:0,8:0-21:0,9:0-20:0
LYWbyu1EQM2o5hwHG5_Ldg,11:30-23:0,11:30-23:0,11:30-23:0,11:30-23:0,11:30-23:0,11:30-23:0,11:30-23:0
1GWSJbsVfKCPXIYPap6nIA,11:0-23:0,11:0-23:0,11:0-23:0,11:0-23:0,11:0-23:0,11:0-23:0,11:0-23:0
z5cpyP28ZvCHxZkLXv0jBg,10:0-21:0,10:0-21:0,10:0-21:0,10:0-21:0,10:0-21:0,10:0-21:0,10:0-19:0
yZsVStKgRul_oNjHsV99LQ,7:0-18:0,7:0-18:0,7:0-18:0,7:0-18:0,7:0-18:0,7:0-18:0,7:0-18:0
CWNMLT-ppaUjLMmrnYDPVg,17:0-21:0,17:0-21:0,17:0-21:0,17:0-21:0,17:0-21:30,17:0-21:30,17:0-21:0
yUO7zPWGbumX42UzjbuBmw,7:0-0:0,7:0-0:0,7:0-0:0,7:0-0:0,7:0-1:0,8:0-1:0,9:0-1:0
LOX4LFY1qNQWprcomZAgYA,12:0-16:0,12:0-16:0,12:0-16:0,12:0-16:0,12:0-17:0,12:0-17:0,12:0-17:0
S5bNE4Pmin8OQUMOFod8bQ,11:30-0:0,11:30-0:0,11:30-0:0,11:30-2:0,11:30-2:0,11:30-2:0,11:30-0:0
X29BLACjBhOg_P2USv07dA,11:0-22:30,11:0-22:30,11:0-22:30,11:0-22:30,11:0-23:0,10:30-23:0,10:30-23:0
rMVi-Vn_mN_X9J1ZSl1lWA,11:0-21:0,11:0-21:0,11:0-21:0,11:0-21:0,11:0-21:0,11:0-21:0,11:0-20:0
WbMZHFOOzjmQybWyHdfDxA,16:0-22:0,16:0-22:0,16:0-22:0,16:0-22:0,16:0-23:0,16:0-23:0,16:0-22:0
6z4fp-8YDR1Zh5Y0Ubni8g,10:0-20:0,10:0-20:0,10:0-20:0,10:0-20:0,10:0-20:0,10:0-20:0,12:0-16:0
U1LB3sRMGTu_h7Sf9QdNoA,17:0-23:0,7:30-23:0,7:30-23:0,7:30-23:0,7:30-23:0,8:0-23:0,8:0-17:0
lVfZ2AaYRYHCFenUMQna8g,8:0-21:0,8:0-21:0,8:0-21:0,8:0-21:0,8:0-21:0,8:0-21:0,9:0-20:0
Dvhg57y-SOcKty6WTG1XDw,11:0-23:0,11:0-23:0,11:0-23:0,11:0-23:0,11:0-23:0,16:0-23:0,16:0-23:0
S_L3qebVFHSAvrGUFcFXpQ,11:30-0:0,11:30-0:0,11:30-0:0,11:30-0:0,11:30-0:0,11:30-0:0,11:30-0:0
7yRLFyhvaY5Nck3iSKDmxQ,11:30-21:0,11:30-21:0,11:30-21:0,11:30-21:0,11:30-21:0,11:30-21:0,11:30-21:0
oVdcOfPFUHae6vRnAEzFFg,7:0-23:0,7:0-23:0,7:0-23:0,7:0-23:0,7:0-2:0,7:0-2:0,7:0-23:0
mdBaC30kgcWfAyF1O8anOw,11:0-22:0,11:0-22:0,11:0-22:0,11:0-22:0,11:0-22:0,11:0-22:0,11:0-22:0
EN2foh9hQMXvNMtB3pMwmA,10:30-21:0,10:30-21:0,10:30-21:0,10:30-21:0,10:30-21:0,10:30-21:0,10:30-21:0
OKcWglzK8JaFxfNGjq8yGw,11:0-0:0,11:0-0:0,11:0-0:0,11:0-0:0,11:0-0:0,11:0-0:0,11:0-0:0
NZAxQxXH0YkSzPOKd_Nv-w,11:0-21:0,11:0-21:0,11:0-21:0,11:0-21:0,11:0-21:0,11:0-21:0,11:0-21:0
y4GgOCMonFP5G1eZEdbcYg,11:0-22:0,11:0-22:0,11:0-22:0,11:0-22:0,11:0-23:0,11:0-23:0,11:0-21:0
Exk-3-8qD_tSXTER85BN8Q,11:0-0:0,11:0-0:0,11:0-0:0,11:0-0:0,11:0-2:0,11:0-2:0,11:0-0:0
t8rluekhg8LVJXwbTYaZVQ,10:0-21:0,10:0-21:0,10:0-21:0,10:0-21:0,10:0-21:0,10:0-21:0,11:0-19:0
gaSP19bI-CJZ-yRA4lvoUw,15:30-23:0,15:30-23:0,15:30-23:0,15:30-23:0,13:0-23:0,13:0-23:0,13:0-23:0
YBE7FO11s32f6BEpTAJ5Rw,8:0-22:0,8:0-22:0,8:0-22:0,8:0-22:30,7:30-23:0,7:30-23:0,7:30-22:0
mGkVxLpndvodT92iRvbLyQ,11:0-21:0,11:0-21:0,11:0-22:0,11:0-22:0,11:0-22:0,11:0-22:0,11:0-21:0
rvnTFEq7R2ZHg0_CYbBNFw,15:30-21:30,15:30-21:30,15:30-21:30,15:30-21:30,15:30-21:30,15:30-21:30,15:30-21:30
2QcPbyRAw79poY9OKP3hfg,10:0-21:0,10:0-21:0,10:0-21:0,10:0-21:0,10:0-21:0,10:0-21:0,10:0-21:0
afc3QwjxDI79Rglr5jYqMA,11:30-21:0,11:30-21:0,11:30-21:0,11:30-21:0,11:30-21:0,11:30-21:0,11:30-21:0
qgng2rCxAPJr2YQZZp2mdg,10:30-0:0,10:30-0:0,10:30-0:0,10:30-0:0,10:30-2:0,10:30-2:0,10:30-0:0
v2xh5qtrlRJSU3OnixJH2g,12:0-21:0,12:0-21:0,12:0-21:0,12:0-21:0,12:0-21:0,12:0-21:0,12:0-21:0
Vm_xCBVn_Tu9P8an8N0vNQ,12:0-0:0,12:0-0:0,12:0-0:0,12:0-0:0,12:0-2:0,12:0-2:0,12:0-0:0
pgbVuDaki1bJs670eKF3qQ,11:0-22:0,11:0-22:0,11:0-22:0,11:0-22:0,11:0-22:0,11:0-22:0,11:0-22:0
kBRJd804JAu7BDn6pnqGMA,7:0-14:0,7:0-14:0,7:0-14:0,7:0-14:0,7:0-14:0,7:0-15:0,7:0-15:0
pvzJ4ViI8bCgBnAAosLpFA,7:0-20:0,7:0-20:0,7:0-20:0,7:0-20:0,7:0-20:0,7:0-20:0,7:0-20:0
88yIboxl9p7sPy9ifh_s4A,6:0-23:0,6:0-23:0,6:0-23:0,6:0-23:0,6:0-0:0,6:0-0:0,7:0-23:0
xVlj8zOeyGMXpZpdbJj7Rw,10:0-4:0,10:0-4:0,10:0-4:0,10:0-4:0,10:0-4:0,10:0-4:0,10:0-4:0
DiCMYxT69I22-1nfsvYAJQ,11:30-21:0,11:30-21:0,11:30-21:0,11:30-21:0,11:30-22:0,12:0-22:0,12:0-21:0
FooKqQJ3UnsIG2slFPuLRA,11:0-0:0,11:0-0:0,11:0-0:0,11:0-0:0,11:0-0:0,11:0-0:0,11:0-0:0
pJdPcHkqtaLF47pS0LxdYQ,16:0-21:0,16:0-21:0,16:0-21:0,16:0-21:0,16:0-22:0,11:0-21:0,11:0-21:0
cIWlTjt5HlWQ02mUZIz3Ng,0:0-0:0,0:0-0:0,0:0-0:0,0:0-0:0,0:0-0:0,0:0-0:0,0:0-0:0
h36qA5gnNTgByhxWx1aH-Q,17:0-23:0,17:0-23:0,17:0-23:0,17:0-23:0,17:0-2:0,17:0-2:0,17:0-23:0
1Q_VjzXaq8Ad4rvSVOWpcg,7:0-22:0,7:0-22:0,7:0-22:0,7:0-22:0,7:0-23:0,7:0-23:0,7:0-22:0
vzrcPqSdRY41GoO5DR5pYA,11:30-21:30,11:30-21:30,11:30-21:30,11:30-21:30,11:0-22:0,11:30-22:0,11:30-21:30
EwqExeH9wkG3NaUHV-OtBQ,12:0-22:0,12:0-22:0,12:0-22:0,12:0-22:0,12:0-22:0,12:0-22:0,12:0-22:0
pTJ8f4AfUW6uwKGdawLcfg,11:0-0:0,11:0-0:0,11:0-0:0,11:0-0:0,11:0-0:0,11:0-0:0,11:0-0:0
RBAcL6hg2yoaTRv0kKUjPA,10:0-18:0,10:0-18:0,10:0-18:0,10:0-18:0,10:0-18:0,10:0-18:0,10:0-17:0
dZVMp70AuSa4dQPvx3J4ow,11:0-22:0,11:0-22:0,11:0-22:0,11:0-22:0,11:0-22:0,11:0-22:0,11:0-21:0
36PyJL7VPM6Xd6agqXj5RQ,10:0-21:0,10:0-21:0,10:0-21:0,10:0-21:0,10:0-21:0,10:0-21:0,10:0-18:0
PBZyumZ_0vSijc2zODdqgQ,11:0-21:30,11:0-21:30,11:0-21:30,11:0-21:30,11:0-21:30,11:0-21:30,11:0-21:30
TTFW5vD2i3ylvWaLpv4l6g,11:30-22:0,11:30-22:0,11:30-22:0,11:30-22:0,11:30-22:30,11:30-22:30,11:30-22:0
2GQ0DbNf7Wkhws7kFiU_Qw,10:0-21:0,10:0-21:0,10:0-21:0,10:0-21:0,10:0-21:0,10:0-21:0,10:0-20:0
TkrydveE1Laf_LHoKFALNw,11:0-22:0,11:0-22:0,11:0-22:0,11:0-22:0,11:0-22:0,11:0-22:0,11:0-22:0
6xgcHeLad-VaoTIQewK84A,17:30-22:0,17:30-22:0,17:30-22:0,17:30-22:0,17:30-23:0,17:30-23:0,17:30-22:0
Q7YfGjBcFFpy3FUMOw7GLw,11:30-22:0,11:30-22:0,11:30-22:0,11:30-22:0,11:30-22:0,12:0-22:0,12:0-22:0
yRftS_7lFj4_YJ5L071buA,9:0-22:0,9:0-22:0,9:0-22:0,9:0-22:0,9:0-22:0,9:0-22:0,9:0-22:0
xjYAqZKDP3xnWOeJ4FGs_A,18:0-2:30,18:0-2:30,18:0-2:30,18:0-2:30,18:0-2:30,18:0-2:30,18:0-2:30
kIrjc7PrdoSpEubQ_aszdw,9:0-22:0,9:0-22:0,9:0-22:0,9:0-22:0,9:0-22:0,11:0-23:0,11:0-23:0
JzNkCTqm4ukh4djWRNd2rg,5:0-19:0,5:0-19:0,5:0-19:0,5:0-19:0,5:0-19:0,5:0-19:0,5:0-19:0
zz3CqZhNx2rQ_Yp6zHze-A,11:0-22:0,11:0-22:0,11:0-22:0,11:0-22:0,11:0-22:0,11:0-22:0,11:0-22:0
Kx0MUrNQ737s-VVElk6Vig,8:0-19:0,8:0-19:0,8:0-19:0,8:0-19:0,8:0-19:0,8:0-19:0,8:0-14:0
FT99KLluYZA7vFZEIypIwQ,8:30-21:0,8:30-21:0,8:30-21:0,8:30-21:0,8:30-22:0,8:30-22:0,11:0-20:0
wVnTsX7yDWI7pjED4xa9Dg,10:30-22:0,10:30-22:0,10:30-22:0,10:30-22:0,10:30-23:0,10:30-23:0,10:30-22:0
y71Xmo4Bs5QLNv_6zFl98A,6:30-19:0,6:30-19:0,6:30-19:0,6:30-19:0,6:30-19:0,7:0-11:0,7:0-11:0
07gh-AImcEcWQ2bew-jprg,11:0-3:0,11:0-3:0,11:0-3:0,11:0-3:0,11:0-3:0,11:0-3:0,11:0-3:0
tU99Fl1_3HQV2Ww6-XxWkQ,6:0-2:0,6:0-2:0,6:0-2:0,6:0-2:0,6:0-2:0,6:0-2:0,6:0-2:0
WJWFSF3o83yl2jHDKbScJg,17:0-2:0,17:0-2:0,17:0-2:0,17:0-2:0,17:0-2:0,17:0-2:0,17:0-2:0
QH1lePb3lwTKRF_OXH_6uw,11:0-22:0,11:0-22:0,11:0-22:0,11:0-22:0,11:0-1:0,11:0-2:0,11:0-22:0
qgEKyJfuL5LBA6D3V9nR9g,11:0-23:0,11:0-23:0,11:0-23:0,11:0-23:0,11:0-23:0,11:0-23:0,10:30-23:0
glkEaoxbewiSMBiXs945JA,11:0-2:0,11:0-2:0,11:0-2:0,11:0-2:0,11:0-2:0,11:0-2:0,11:0-2:0
yG2PdMFn6y3QDw4Uq4b5lg,11:30-23:30,11:30-23:30,11:30-23:30,11:30-23:30,11:30-0:0,11:30-0:0,11:30-23:30
y-ytZFbfRWvYma9P4g7AYA,10:0-22:0,10:0-22:0,10:0-22:0,10:0-22:0,10:0-23:0,10:0-23:0,10:0-22:0
o1Pjim5n8xJjjAE_v4RiHA,11:0-21:0,11:0-21:0,11:0-21:0,11:0-21:0,11:0-21:0,11:0-21:0,11:0-19:0
UoPOED2pSAQjf4Gz4gYtqw,0:0-0:0,0:0-0:0,0:0-0:0,0:0-0:0,0:0-0:0,0:0-0:0,0:0-0:0
-uqIK0vIzD_7PrnCgwhlHA,11:0-22:0,11:0-22:0,11:0-22:0,11:0-22:0,11:0-22:0,11:0-21:0,12:0-21:0
DZN44_XFktITlIUec4H69w,11:0-20:0,11:0-20:0,11:0-20:0,11:0-20:0,11:0-20:0,11:0-20:0,11:0-20:0
5Mp-PD_CUaPoJr6CP-WBdA,7:0-1:0,7:0-1:0,7:0-1:0,7:0-1:0,7:0-2:30,7:0-2:30,7:0-1:0
B4uCwftCK0GMXvYYwr0lUw,11:0-2:0,11:0-2:0,11:0-2:0,11:0-2:0,11:0-2:0,11:0-2:0,11:0-2:0
Q30rJrC9Q3uvYfmyKdAnZA,17:0-22:0,11:30-22:0,11:30-22:0,11:30-22:0,11:30-23:0,11:30-23:0,12:0-21:0
L-zHt7gZITG1z8l7TZ4dUg,9:0-22:0,9:0-22:0,9:0-22:0,9:0-22:0,9:0-23:0,9:0-23:0,9:0-22:0
qhJ4GDULYbdb_sctDgbZgw,20:0-2:0,20:0-2:0,20:0-2:0,20:0-2:0,20:0-2:0,20:0-2:0,20:0-2:0
BAgrtfTrTrRw9F1HiZBJcQ,10:0-22:0,10:0-22:0,10:0-22:0,10:0-22:0,10:0-22:0,10:0-22:0,10:0-22:0
ojI96R363pDCrdIlhVKTvQ,0:0-0:0,11:0-21:0,11:0-21:0,11:0-21:0,11:0-0:0,9:0-0:0,9:0-14:0
zXO__HLv4CqHJ7LJNUOc2A,11:0-23:0,11:0-23:0,11:0-23:0,11:0-23:0,11:0-23:0,11:0-23:0,11:0-23:0
msJmDVMEd2fOnO5GEuWsoA,11:0-23:0,11:0-23:0,11:0-23:0,11:0-23:0,11:0-23:0,11:0-23:0,16:0-22:0
URf61OrDNrpWICL3XHXvmA,11:0-0:0,11:0-0:0,11:0-0:0,11:0-0:0,11:0-0:0,11:0-0:0,16:0-0:0
-BmqghX1sv7sgsxOIS2yAg,11:0-2:0,11:0-2:0,11:0-2:0,11:0-2:0,11:0-2:0,11:0-2:0,11:0-2:0
AUZQbqGldMpNURXCh-UuUQ,9:0-23:0,9:0-23:0,9:0-23:0,9:0-0:0,9:0-3:0,9:0-3:0,9:0-1:0
2gzB4EE7B_QEFWZtJTG4dA,0:0-0:0,15:0-21:0,15:0-22:0,15:0-22:0,15:0-22:0,9:0-22:0,9:0-15:0
jxV-rtwx1GtpMlMV6d7D4Q,16:0-22:0,16:0-22:0,16:0-22:0,16:0-22:0,12:0-23:0,12:0-23:0,16:0-22:0
54WM5coZonA0izd2y04p_A,11:0-22:0,11:0-22:0,11:0-22:0,11:0-22:0,11:0-23:0,11:0-22:0,11:0-22:0
OyTSs71uXNDeC14zsPA5jw,10:0-21:0,10:0-21:0,10:0-21:0,10:0-21:0,10:0-21:0,10:0-21:0,10:0-18:0
PiGd6nJRhbU3s7nP7XOE0g,16:0-2:0,16:0-2:0,16:0-2:0,16:0-2:0,16:0-2:0,12:0-2:0,12:0-2:0
Pwb0tGwDCa-Z7Eg2zqfhXg,12:0-21:0,12:0-21:0,12:0-21:0,12:0-21:0,12:0-21:0,11:0-21:0,12:0-21:0
Cw6gO0e4jno_ZpyG_PyBww,7:0-15:0,7:0-15:0,7:0-15:0,7:0-15:0,7:0-15:0,8:0-16:0,8:0-16:0
ydtCK4_pL7LRr85RDow3mg,9:0-21:30,9:0-21:30,9:0-21:30,9:0-21:30,9:0-21:30,9:0-21:30,9:0-21:30
yfXk-WRkDUn0W_dAT1Pn0Q,17:30-1:0,17:30-1:0,17:30-1:0,17:30-1:0,17:30-1:0,17:30-1:0,17:30-1:0
JA5GJINnaQQxKfoTUOBAOQ,0:0-0:0,0:0-0:0,0:0-0:0,0:0-0:0,0:0-0:0,0:0-0:0,0:0-0:0
3mpBYH3k_lfzycajGtkggQ,11:30-23:30,11:30-23:30,11:30-23:30,11:30-23:30,11:30-23:30,11:30-23:30,11:30-23:30
0Hy2VE9tqTo4QbovMz3xrQ,0:0-0:0,11:0-19:0,11:0-19:0,11:0-19:0,11:0-17:0,11:0-19:0,11:0-17:0
ruH7MFlSuDua1SuxupNgMw,10:0-22:0,10:0-22:0,10:0-22:0,10:0-22:0,10:0-23:30,9:0-23:30,9:0-22:0
oacm52KPpEpOBf_M2sARLA,14:0-2:0,17:0-2:0,14:0-2:0,14:0-2:0,14:0-2:0,14:0-2:0,14:0-2:0
JMq8vAXtgqPKkjIGJfg2Pg,11:30-22:30,11:30-22:30,11:30-22:30,11:30-22:30,11:30-22:30,12:0-22:30,12:0-22:30
kLw_FmSiEqYH-MtFhDIUFQ,11:30-23:0,11:30-1:0,11:30-1:0,11:30-1:0,11:30-1:0,11:30-1:0,11:30-23:0
o9thrb4UrI4NJ6CGOAXb5g,10:0-22:0,10:0-22:0,10:0-22:0,10:0-22:0,10:0-22:0,10:0-22:0,10:0-22:0
khdG2uVwuYPRC2mYp3Nm_w,11:0-0:0,11:0-0:0,11:0-0:0,11:0-0:0,11:0-0:0,11:0-0:0,11:0-0:0
CrM_FY9NIoDWudQYHlO7UQ,11:0-21:30,11:0-21:30,11:0-21:30,11:0-21:30,11:0-21:30,11:0-21:30,12:0-20:0
2mI0FdapwN54m2NBI21G-g,11:0-21:0,11:0-21:0,11:0-21:0,11:0-21:0,11:0-21:0,11:30-21:0,11:30-21:0
ZxR9HNk0b7ZIq8kMiDEIDw,8:30-0:0,8:30-0:0,8:30-0:0,8:30-0:0,8:30-1:0,8:30-1:0,8:30-0:0
a_ZMv-iiPD7m8ffY9M2d7g,11:0-23:0,11:0-23:0,11:0-23:0,11:0-23:0,11:0-23:0,11:0-23:0,11:0-20:0
9pAjLSoHs95m5D3nP3nY5Q,7:0-22:0,7:0-22:0,7:0-22:0,7:0-22:0,7:0-22:0,8:0-22:0,9:0-22:0
S4xzKrDov_QbC5zNyTOEyw,12:0-0:0,12:0-0:0,12:0-0:0,12:0-0:0,12:0-2:0,11:0-2:0,11:0-22:0
5JxlZaqCnk1MnbgRirs40Q,16:0-21:0,16:0-21:0,16:0-21:0,16:0-21:0,16:0-22:0,16:0-22:0,16:0-21:0
5EgDTPJNZsmbMG52ixnMXA,10:0-22:0,10:0-22:0,10:0-22:0,10:0-22:0,10:0-23:0,10:0-23:0,10:0-22:0
kN3k8ssOs1Bo7xTtQkpBDg,11:30-21:0,11:30-21:0,11:30-21:0,11:30-21:0,11:30-22:0,12:0-22:0,12:0-20:0
7rpa12_EX3A-hyGtrv8o3A,11:0-22:0,11:0-22:0,11:0-22:0,11:0-22:0,11:0-23:0,11:0-23:0,11:0-22:0
MiJ9gWnTexnHS2Vnv0RS1A,11:0-21:0,11:0-21:0,11:0-21:0,11:0-21:0,11:0-21:0,11:0-21:0,12:0-20:0
pN0PjAqqMI6uIk9x2e85Jw,7:0-19:0,7:0-19:0,7:0-19:0,7:0-19:0,7:0-19:0,7:0-19:0,7:0-17:0
1idRJwqXxxmgSyQRKag4KQ,5:30-17:0,5:30-17:0,5:30-17:0,5:30-17:0,5:30-17:0,5:30-17:0,5:30-17:0
zV38gkkEeJ4cVRlSWWQTfQ,10:0-21:0,10:0-22:0,10:30-22:0,10:0-22:0,10:30-22:0,11:0-23:0,13:0-21:0
86stmK3Vm2f5W6PdyvuLrQ,11:0-23:0,11:0-23:0,11:0-23:0,11:0-23:0,11:0-0:0,11:0-0:0,11:0-23:0
qDguZjZSYPOzq-je_EqO3w,11:30-2:0,11:30-2:0,11:30-2:0,11:30-2:0,11:30-2:0,11:30-2:0,11:30-2:0
ElFjivhz41XfFiOogtTCvg,17:0-22:0,17:0-22:0,17:0-22:0,17:0-22:0,17:0-22:0,17:0-22:0,17:0-22:0
U8ou87Xc3MWiDnmGB3U6mg,12:0-22:0,12:0-22:0,12:0-22:0,12:0-22:0,12:0-22:0,12:0-22:0,12:0-22:0
WDKTg468bkRPW0LqbAZfmg,10:30-22:0,10:30-22:0,10:30-22:0,10:30-22:0,10:30-23:0,10:30-23:0,10:30-22:0
YO5DrWneHLevfnNnCzOcIg,9:30-22:0,9:30-22:0,9:30-22:0,9:30-22:0,9:30-22:0,9:30-22:0,9:30-22:0
m95VdOb99apWMFlP5iBFMA,11:0-21:0,11:0-21:0,11:0-21:0,11:0-21:0,11:0-21:0,11:0-21:0,11:0-19:0
6O6brIANtDgUlex_HdWJ7g,11:0-22:0,11:0-22:0,11:0-22:0,11:0-22:0,11:0-0:0,11:0-0:0,12:0-22:0
4hG2j_ibsNblDgqei05U_g,12:0-22:0,12:0-22:0,12:0-22:0,12:0-22:0,12:0-23:0,12:0-23:0,12:0-22:0
Fejwokv8mYx1B4R0Z8KiBA,12:0-22:0,12:0-22:0,12:0-22:0,12:0-22:0,12:0-22:0,12:0-22:0,12:0-20:0
YkAcruXbhN6sHDXn0jcySw,7:0-15:0,7:0-15:0,7:0-15:0,7:0-15:0,7:0-15:0,7:0-15:0,7:0-15:0
it60dV3uk53njDZi8Yq2Sg,11:0-2:0,11:0-2:0,11:0-2:0,11:0-2:0,11:0-2:0,11:0-2:0,11:0-1:0
QsR8rb9ZVAgssdOat1KgxQ,8:0-23:0,8:0-23:0,8:0-23:0,8:0-23:0,8:0-0:0,9:30-0:0,10:0-23:0
fh2orgchOaQk7jQn9Kk6Vg,8:0-1:30,8:0-1:30,8:0-1:30,8:0-1:30,8:0-1:30,8:0-1:30,8:0-1:30
ZyHdmeEnucnlMlK2Yk8fUQ,10:0-20:30,10:0-20:30,10:0-20:30,10:0-20:30,10:0-20:30,10:0-20:30,10:0-20:0
3k9treY8PmsZ42bKmuICgA,11:30-22:0,11:30-22:0,11:30-22:0,11:30-22:0,11:30-23:0,11:30-23:0,11:30-22:0
SU56w479vUfFHsvmvQIf7A,17:0-22:0,17:0-22:0,17:0-22:0,17:0-22:0,17:0-22:0,17:0-22:0,17:0-22:0
fhvLEIKdL8Xw3ZKrHCPcpA,0:0-0:0,8:0-20:0,8:0-20:0,8:0-20:0,8:0-21:0,8:0-21:0,8:0-20:0
SZpzMUdhh1xu2qlegzSyLg,11:0-0:0,11:0-1:0,11:0-1:0,11:0-2:0,11:0-2:0,11:0-2:0,11:0-0:0
VIP5_HoBm98wcJPwz0lZjg,11:0-22:0,11:0-22:0,11:0-22:0,11:0-23:0,11:0-23:0,11:0-23:0,11:0-22:0
6Toez65egZSMV1iohQWGIQ,11:30-21:0,11:30-21:0,11:30-21:0,11:30-21:30,11:30-22:0,10:0-22:0,10:0-21:0
9YXlC5iEl9RvgYxO4SDKhQ,8:0-21:0,8:0-21:0,8:0-21:0,8:0-21:0,8:0-23:0,8:0-23:0,9:0-21:0
Gk_KLfwb0GMgKDrP8_0kqg,11:0-0:0,11:0-0:0,11:0-0:0,11:0-0:0,11:0-2:0,11:0-2:0,11:0-2:0
A49jCMzZXswmSAZqZUAi8Q,11:0-0:0,11:0-0:0,11:0-0:0,11:0-0:0,11:0-2:0,11:0-2:0,11:0-2:0
D6wPh8EcJqiL3Tbc4iP1ug,0:0-0:0,0:0-0:0,0:0-0:0,0:0-0:0,0:0-0:0,0:0-0:0,0:0-0:0
uKlkVuZ5F8QoGbgVQKqH1A,15:0-0:0,11:0-0:0,11:0-0:0,11:0-2:0,11:0-2:0,11:0-2:0,11:0-0:0
6sOBPz69VLgIvNAY7dowOg,9:0-21:0,9:0-21:0,9:0-21:0,9:0-21:0,9:0-21:0,9:0-21:0,9:0-21:0
z26ZG4Zv6P1itMq4VC5zGQ,10:0-17:0,10:0-17:0,9:0-19:0,9:0-19:0,9:0-19:0,9:0-19:0,9:0-17:0
t72DAe7q5iaQLlQrdgpaFQ,7:0-18:0,7:0-18:0,7:0-18:0,7:0-18:0,7:0-18:0,8:0-17:0,8:0-17:0
nsEO3MRzYLKfgtID7gvArw,11:0-22:0,11:0-22:0,11:0-22:0,11:0-22:0,11:0-23:0,11:0-23:0,11:0-22:0
RE4QDOrYgLYsj2TgygjyyA,6:0-20:0,6:0-20:0,6:0-20:0,6:0-20:0,6:0-21:0,6:0-21:0,8:0-20:0
fJETfN5aByPwhhwEAtmbJQ,0:0-0:0,0:0-0:0,0:0-0:0,0:0-0:0,0:0-0:0,0:0-0:0,0:0-0:0
FI6XxleZ6Z1xJ9BS4zLKgQ,11:30-22:30,11:30-22:30,11:30-22:30,11:30-22:30,11:30-22:30,11:30-22:30,11:30-22:30
rsWSdtHfGDT5thc7aDN6PA,13:30-18:30,10:0-21:0,10:0-21:0,10:0-21:0,10:0-21:0,10:0-21:0,11:0-17:0
pjqBTbUN124b9s9Uiw_FYw,11:0-23:0,11:0-23:0,11:0-23:0,11:0-23:0,11:0-23:0,11:0-23:0,11:0-23:0
w5LUtmw4G1KD7qAntqGd9w,9:0-22:0,9:0-22:0,9:0-22:0,9:0-22:0,9:0-22:30,9:0-22:30,9:0-22:0
gTKeGz7nHb0Qz-6CrFs7jA,15:0-21:0,15:0-21:0,15:0-21:0,15:0-21:0,15:0-22:0,13:0-22:0,13:0-21:0
jnroKk9qi0FR2bFSkxYZNg,11:30-23:0,11:30-23:0,11:30-23:0,11:30-23:0,11:30-23:0,11:30-23:0,11:30-23:0
_DLxHAqZtGCeNFp6a692Cg,11:0-22:0,11:0-22:0,11:0-22:0,11:0-22:0,11:0-22:0,11:0-20:0,12:0-17:0
GCen6oV-_6PfMP_uKN-dZw,11:0-22:0,11:0-22:0,11:0-22:0,11:0-22:0,11:0-22:0,11:0-22:0,11:0-22:0
U_1uPKky-ocxGBvLpkMFOQ,9:0-22:0,9:0-22:0,9:0-22:0,9:0-22:0,9:0-22:0,9:0-22:0,9:0-22:0
PtgnA4sg9xBk_DfZ2qaOdA,13:0-2:0,13:0-2:0,13:0-2:0,13:0-2:0,11:0-2:0,11:0-2:0,11:0-2:0
aLSMyYyPEuKaDrrTrwYOEg,11:0-22:0,11:0-22:0,11:0-22:0,11:0-22:0,11:0-22:0,12:0-23:0,12:0-23:0
zt9RLUIU32fZYOBh2L0NNQ,11:0-21:0,11:0-21:0,11:0-21:0,11:0-21:0,11:0-21:0,11:0-21:0,11:0-19:0
679eSYC15Sc17TN9Djj8sg,11:0-22:0,11:0-22:0,11:0-22:0,11:0-22:0,11:0-22:0,11:0-22:0,11:0-21:0
oQylTvXwGIkKFdCjmafKVg,11:30-22:30,11:30-22:30,11:30-22:30,11:30-22:30,11:30-22:30,10:0-22:30,10:0-22:30
OIB6OB9cgNMh_Q5y5pSKHw,7:30-19:0,7:30-19:0,7:30-19:0,7:30-19:0,7:30-19:0,7:30-18:0,10:0-17:0
ZMIcuo-aQja0ITk4-TU8Jg,11:0-21:0,11:0-21:0,11:0-21:0,11:0-21:0,11:0-22:0,11:0-22:0,11:0-21:0
LH-DYCy9v3kM4JRtpcquxw,7:0-14:0,7:0-14:0,7:0-14:0,7:0-14:0,7:0-14:0,7:0-14:0,7:0-14:0
zvtkeghW0Px5HY9QkJ4INw,10:0-23:0,10:0-23:0,10:0-23:0,10:0-23:0,10:0-23:0,10:0-23:0,10:0-23:0
Cx5oz2bHHa62W248CR1B4w,4:30-22:0,4:30-22:0,4:30-22:0,4:30-22:0,4:30-22:0,4:30-22:0,4:30-22:0
1DaqBYCDuBwooGNPRv4--g,16:0-23:0,16:0-23:0,16:0-23:0,16:0-23:0,16:0-23:0,15:0-23:0,15:0-23:0
O0cb3rSoCscpBtLfLFvatg,12:0-22:0,12:0-22:0,12:0-22:0,12:0-22:0,12:0-22:0,12:0-22:0,12:0-22:0
Q-nziRgGBgPnJA0k90mwpw,6:0-20:0,6:0-20:0,6:0-20:0,6:0-20:0,6:0-22:0,7:0-22:0,7:0-21:0
2tC8oReqFUT0_uVQ3kHePA,10:45-21:0,10:45-21:0,10:45-21:0,10:45-21:0,10:45-21:0,10:45-21:0,10:45-21:0
bQ_wtZvMb__OhprY5bF9aQ,11:0-22:0,11:0-22:0,11:0-22:0,11:0-22:0,11:0-22:0,11:0-22:0,10:0-21:0
4AODBYlS9wIBL1aPFJo1Tg,11:0-23:0,11:0-23:0,11:0-23:0,11:0-23:0,11:0-22:0,9:0-22:0,9:0-21:0
Zv77o3aDuNDY0t3fCU2ebQ,10:0-22:0,10:0-22:0,10:0-22:0,10:0-22:0,10:0-22:0,10:0-22:0,10:0-22:0
V_KBvMXyBjvLH3rYcn-eXw,11:0-22:0,11:0-22:0,11:0-22:0,11:0-22:0,11:0-23:0,11:0-23:0,11:0-22:0
yKuAM6kL5sSKtfoe9a3GpQ,11:30-0:0,11:30-0:0,11:30-0:0,11:30-0:0,11:30-0:0,11:30-0:0,11:30-0:0
0HwrX6P6lh92F0f-A_QzjA,11:0-21:0,11:0-22:0,11:0-22:0,11:0-22:0,11:0-22:0,11:0-22:0,11:0-21:0
D4mjIxNRmC7ZTlLFVxSyuQ,9:0-15:0,9:0-15:0,9:0-15:0,9:0-15:0,9:0-15:0,9:0-15:0,9:0-15:0
rrCwnfPc_Z-fCdtpyMUWIQ,11:0-21:0,11:0-21:0,11:0-21:0,11:0-21:0,11:0-22:0,11:0-22:0,11:0-20:0
VJJveoWmlHroqnRR18K7sA,12:0-16:0,12:0-16:0,12:0-16:0,12:0-16:0,12:0-16:0,12:0-16:0,12:0-16:0
Thx8WO-qqYJmEKssu4g9SA,11:30-23:0,11:30-23:0,11:30-23:0,11:30-23:0,11:30-23:0,11:30-23:0,11:30-23:0
Z7wRR6quxlX3A7zSAceVyQ,11:0-22:0,11:0-22:0,11:0-22:0,11:0-22:0,11:0-22:0,11:0-22:0,11:0-22:0
cjN5hZuQvZqvceFgRWxcWQ,11:30-21:30,11:30-21:30,11:30-21:30,11:30-21:30,11:30-21:30,11:30-21:30,11:30-21:30
9N_5ggeHPuWxDLb-cCkcTg,8:0-21:0,8:0-21:0,8:0-21:0,8:0-21:0,8:0-21:0,8:0-19:0,8:0-19:0
1u7fJVL82JEznv76noobVQ,6:0-22:0,6:0-22:0,6:0-22:0,6:0-22:0,6:0-22:0,6:0-22:0,6:0-22:0
GtSIihHmey3GLUD3-Hk4yw,8:30-18:0,8:30-18:0,8:30-18:0,8:30-18:0,8:30-18:0,9:0-18:0,9:0-18:0
o10HWCwBFbptlbIxgL4T5Q,8:0-22:0,8:0-22:0,8:0-22:0,8:0-22:0,8:0-22:0,8:0-22:0,9:0-21:0
XnkzlWMTCTIvxt6anMZ4Qg,11:30-22:0,11:30-22:0,11:30-22:0,11:30-22:0,11:30-0:0,12:0-0:0,12:0-21:0
BflNpVLfFQujE5uBHUgcFg,11:0-21:0,11:0-21:0,11:0-21:0,11:0-21:0,11:0-22:0,11:0-22:0,11:0-21:0
jtQARsP6P-LbkyjbO1qNGg,11:0-21:0,11:0-21:0,11:0-21:0,11:0-21:0,11:0-21:0,11:0-21:0,12:0-19:0
uGW5mFIm62PFF8bpk0wiMg,11:0-23:0,11:0-23:0,11:0-23:0,11:0-23:0,11:0-23:0,11:0-23:0,11:0-23:0
sAng75j1Sz4up4Z4ckYmyA,11:30-22:0,11:30-22:0,11:30-22:0,11:30-22:0,11:30-22:0,12:0-21:0,12:0-21:0
pY3iKymBYYfdM_ijlylpgQ,9:0-19:0,9:0-19:0,9:0-19:0,9:0-19:0,9:0-19:0,8:0-19:0,8:0-17:0
k1q9f7aJ2TsoSbeA8Qm1aA,17:0-22:30,17:0-22:30,17:0-22:30,17:0-22:30,17:0-22:30,17:0-22:30,17:0-22:30
LrxDRg8SQdgHMoz3TSAYFg,10:0-22:0,10:0-22:0,10:0-22:0,10:0-22:0,10:0-22:0,10:0-22:0,10:0-22:0
PYIk6aWfw8B8bO1mTn2rpQ,8:0-21:0,8:0-21:0,8:0-21:0,8:0-21:0,8:0-21:0,8:0-21:0,8:0-21:0
aDYj8TDy9NtG6q8GEBD8jA,6:0-21:0,6:0-21:0,6:0-21:0,6:0-21:0,6:0-21:0,6:0-21:0,6:0-18:0
Seq3iuRR5vThdVeXDc6Dnw,0:0-0:0,0:0-0:0,0:0-0:0,0:0-0:0,0:0-0:0,0:0-0:0,0:0-0:0
I5T7rAAENTTMHJtjGqB2-w,12:0-0:0,12:0-0:0,12:0-0:0,12:0-2:0,11:0-2:0,11:0-2:0,12:0-2:0
E_cMkVDGE4jpL_ixIxJXUw,11:0-22:0,11:0-22:0,11:0-22:0,11:0-0:0,11:0-1:0,11:0-1:0,11:0-22:0
Lqp3uwGJU6CHyys-eerMmQ,9:0-20:0,9:0-20:0,9:0-20:0,9:0-20:0,9:0-20:0,9:0-20:0,9:0-19:0
drz03b9SK0s_yr3vEjmjDw,11:0-23:0,11:0-23:0,11:0-23:0,11:0-23:0,11:0-23:0,11:0-23:0,11:0-23:0
SEvUFPydtLJ5eExD32Agxg,12:0-23:0,12:0-23:0,12:0-2:0,12:0-2:0,12:0-2:0,12:0-2:0,12:0-0:0
gJpe4zhZV9ajKJyX5yN85A,11:0-21:30,11:0-21:30,11:0-21:30,11:0-21:30,11:0-22:0,11:0-22:0,11:0-21:30
WrHu03srbhJAw6bnTIixdw,11:0-0:0,11:0-0:0,11:0-0:0,11:0-0:0,11:0-1:0,11:0-1:0,13:0-23:0
2mfBO8iZ5E_ULmcxEXqOrw,17:0-22:0,17:0-22:0,17:0-22:0,17:0-23:0,17:0-23:0,17:0-23:0,17:0-22:0
MohTx0z3LnzAnr0bIsstHQ,16:0-6:0,16:0-6:0,16:0-6:0,16:0-6:0,11:0-6:0,6:15-6:0,6:15-11:45
YkWT4n-pPDlPJKfkfXVL1w,17:0-22:0,17:0-22:0,17:0-22:0,17:0-22:0,17:0-23:0,17:0-23:0,17:0-22:0
VGqzcHo_IJgRT0UV4oI52g,11:0-22:0,11:0-22:0,11:0-22:0,11:0-23:0,11:0-23:0,11:0-23:0,11:0-21:0
bxLmrsMdjAyz8QEqWml1CA,11:0-21:0,11:0-21:0,11:0-21:0,11:0-21:0,8:0-2:0,8:0-2:0,11:0-21:0
oyCRc4Zs2RkKOHy9IAa3wg,11:0-21:0,11:0-21:0,11:0-21:0,11:0-21:0,11:0-22:0,9:0-22:0,9:0-15:0
FOMPEDx1Y4yw8Zyeww9zJQ,7:0-23:0,7:0-23:0,7:0-23:0,7:0-23:0,7:0-0:0,8:0-0:0,9:0-22:0
QOmojzu24dTI2coPjOtu2Q,12:30-2:0,17:0-2:0,12:30-2:0,12:30-2:0,12:30-2:0,12:30-2:0,12:30-2:0
m_CqRpEZ2XDH3fp-KFAycQ,11:30-2:0,11:30-2:0,11:30-2:0,11:30-2:0,11:30-2:0,11:30-2:0,11:30-2:0
sWNKunkQ8o_zoD2nv7eFeQ,11:0-1:0,11:0-1:0,11:0-1:0,11:0-2:0,11:0-2:0,11:0-2:0,11:0-1:0
RnxOmwWVsJC87ztJPrHsig,10:30-22:0,10:30-22:0,10:30-22:0,10:30-22:0,10:30-23:0,10:30-23:0,10:30-22:0
KBP7x08WfD__BUoE4kY0lg,10:0-21:0,10:0-21:0,10:0-21:0,10:0-21:0,10:0-21:0,10:0-21:0,10:0-21:0
PVVb9lGS00W2GoCfBb9o4g,7:0-21:0,7:0-21:0,7:0-21:0,7:0-21:0,7:0-21:0,7:0-21:0,7:0-21:0
xyrQByVfX47bstcmP_k1BA,9:0-21:0,9:0-21:0,9:0-21:0,9:0-21:0,9:0-22:0,9:0-22:0,9:0-21:0
df5IJWW0-C4AJDCS9AwtbQ,8:0-23:0,8:0-23:0,8:0-23:0,8:0-23:0,8:0-0:0,8:0-0:0,8:0-23:0
ijg7qQCYnhUWBd5JUxbfvA,0:0-0:0,0:0-0:0,0:0-0:0,0:0-0:0,0:0-0:0,0:0-0:0,0:0-0:0
g7bVip6ncXJC5xzkQMjohQ,11:0-22:0,11:0-22:0,11:0-22:0,11:0-22:0,11:0-23:0,11:0-23:0,12:0-22:0
6z3cgIE9dJ01wUm43f0yBQ,10:0-0:0,10:0-0:0,10:0-0:0,10:0-0:0,10:0-0:0,10:0-0:0,10:0-0:0
bIV_3C8_deLgAxulAH0RhA,11:0-22:0,11:0-22:0,11:0-22:0,11:0-22:0,11:0-22:0,11:0-23:0,11:0-22:0
K1WGxpKx1OoI0N1I6LRsyA,10:30-20:30,10:30-20:30,10:30-20:30,10:30-20:30,10:30-21:0,10:30-21:0,10:30-20:30
SfzMd1bA1g5XDtPgyTD8ew,8:0-18:0,8:0-18:0,8:0-18:0,8:0-18:0,8:0-18:0,10:0-18:0,10:0-18:0
glTBzDHv9wNhEsZa4bQrOA,17:0-4:0,17:0-4:0,17:0-4:0,17:0-4:0,17:0-4:0,17:0-4:0,17:0-4:0
a68CnDqn_6qKfplDjQdN_g,11:0-21:0,11:0-21:0,11:0-21:0,11:0-21:0,11:0-21:0,11:0-21:0,11:0-21:0
S6GcR_UsJhVkNoypqfx7Lw,11:0-1:0,11:0-1:0,11:0-1:0,11:0-1:0,11:0-1:0,9:0-1:0,9:0-1:0
JECKrOvqJ_faoW_QxyeEAw,11:0-22:0,11:0-22:0,11:0-22:0,11:0-22:0,11:0-23:0,11:0-23:0,11:0-22:0
ILlebFUb89ZozizpVGeHdQ,11:30-0:0,11:30-0:0,11:30-0:0,11:30-1:0,11:30-1:0,10:0-2:0,10:0-23:0
jIg5HBaYi-xPzYiZabVYsQ,17:0-2:0,17:0-2:0,17:0-2:0,17:0-2:0,17:0-2:0,17:0-2:0,17:0-2:0
E1WG9lbypCMKlKhAjzWRsQ,16:0-3:0,16:0-3:0,16:0-3:0,16:0-3:0,12:0-3:0,12:0-3:0,12:0-3:0
8C56VCsV9s1AZdO0j-WOYA,9:0-17:0,9:0-17:0,9:0-17:0,9:0-18:0,9:0-18:0,9:0-16:0,10:0-16:0
GE0OgaPz42hvKuSLKo42WQ,7:0-22:0,7:0-22:0,7:0-22:0,7:0-22:0,7:0-22:0,7:0-22:0,7:0-20:0
qtc1YZix_5lHBJTZq7DOpA,11:30-0:0,11:30-0:0,11:30-0:0,11:30-0:0,11:30-0:0,11:30-0:0,11:30-0:0
CoACClz2tcPKNhEhkHaauQ,12:0-23:0,12:0-23:0,12:0-23:0,12:0-23:0,12:0-2:0,12:0-2:0,12:0-23:0
l4E8kiB13FWV1p_rGYJLig,0:0-0:0,0:0-0:0,0:0-0:0,0:0-0:0,0:0-0:0,0:0-0:0,0:0-0:0
Vx-90GpAcH3OAnLmyDHlIQ,11:0-21:0,11:0-21:0,11:0-21:0,11:0-21:0,11:0-22:0,11:0-22:0,11:0-21:0
EaYGALPvXkv1_Kk5ZLpTgg,7:0-19:0,7:0-19:0,7:0-19:0,7:0-19:0,7:0-19:0,7:0-19:0,8:0-19:0
zVpoYRSywKJdDQCFaACy1A,11:0-22:0,11:0-22:0,11:0-22:0,11:0-22:0,11:0-23:0,12:0-23:0,16:0-23:0
2LZGeJy8qByYKB71ML-jcw,7:0-2:0,7:0-2:0,7:0-2:0,7:0-2:0,7:0-2:0,7:0-2:0,7:0-2:0
DEdB-wkPV1QzcSFMTTYl-w,11:0-21:0,11:0-0:0,11:0-0:0,11:0-0:0,11:0-1:0,16:0-1:0,16:0-0:0
vQ58sP3oipv3n5eGQHcnGg,6:0-23:0,6:0-0:0,6:0-23:0,6:0-23:0,6:0-23:0,7:0-23:0,8:0-23:0
DgnIqlqYXdeg0UtSRaKcLQ,8:0-21:0,8:0-21:0,8:0-21:0,8:0-21:0,8:0-21:0,8:0-21:0,8:0-21:0
vOpZ0a5f-FUyU_29X7dttA,12:0-22:0,12:0-22:0,12:0-22:0,12:0-22:0,12:0-22:0,12:0-22:0,12:0-22:0
Hza9Lq1vqA4yTElotZVTDA,11:0-21:0,11:0-21:0,11:0-21:0,11:0-21:0,11:0-21:0,11:0-21:0,11:0-21:0
HiqnSQ3R9QGU7Ug_mo7b0w,7:0-22:0,7:0-22:0,7:0-22:0,7:0-22:0,7:0-23:0,7:0-23:0,9:0-21:0
E2inSSpEOeOnC1reFPC2-w,10:0-22:0,10:0-22:0,10:0-22:0,10:0-22:0,11:0-22:0,10:0-22:0,10:0-22:0
OLG7Gou8kmTLxogtJyP6ZQ,11:0-21:0,11:0-21:0,11:0-21:0,11:0-21:0,11:0-21:0,11:0-21:0,11:0-21:0
hHtmzOwkdNj93QnKaUr5og,17:30-23:0,17:30-23:0,17:30-23:0,17:30-23:0,17:30-23:0,17:30-23:0,17:30-23:0
r7p-8e89IVunsNElJRjFBQ,10:30-21:0,10:30-21:0,10:30-21:0,10:30-21:0,10:30-22:0,10:30-22:0,10:30-21:0
ps8lgiZlaV3pir3T0qVOyg,9:0-1:0,9:0-1:0,9:0-1:0,9:0-1:0,9:0-1:0,9:0-1:0,10:0-23:0
2KooqK40Nd80sgIPE2ScyA,11:0-22:0,11:0-22:0,11:0-22:0,11:0-22:0,11:0-23:0,10:0-23:0,10:0-22:30
Fyuotg1ShiQZLtV5Dmjakg,11:0-23:0,11:0-23:0,11:0-23:0,11:0-23:0,11:0-23:0,12:0-23:0,12:0-23:0
ii_OxGUbtwd3S0RUW9OTvA,11:0-21:0,11:0-21:0,11:0-21:0,11:0-21:0,11:0-21:0,11:0-21:0,11:0-17:0
WTyohERz470hlBtcQ6HtiA,11:30-22:0,11:30-22:0,11:30-22:0,11:30-22:0,11:30-22:0,11:30-23:0,11:30-22:0
5OZS7Sz7oX6XBL7KZE0G1Q,11:0-21:0,11:0-21:0,11:0-21:0,11:0-21:0,11:0-21:0,11:0-21:0,12:0-21:0
PtJebh1NRehS1xbFL5mS1Q,8:30-18:30,8:30-18:30,8:30-18:30,8:30-19:0,8:30-21:0,9:0-21:0,9:0-18:0
QSJstyODnh3mtBMvkvvzzg,9:0-0:0,9:0-0:0,9:0-0:0,9:0-3:0,9:0-3:0,9:0-3:0,10:0-22:0
bGoGHSWHvhftHMWWxQXYbw,12:0-22:0,12:0-22:0,12:0-22:0,12:0-22:0,12:0-23:0,12:0-23:0,12:0-22:0
8aRk2nVmVvhfNFW9TcsUfA,7:0-23:0,7:0-23:0,7:0-23:0,7:0-23:0,7:0-23:0,7:0-23:0,7:0-23:0
2GtIC6u4hVneccWfTlOxHQ,11:0-21:0,11:0-21:0,11:0-21:0,11:0-21:0,11:0-21:0,11:0-21:30,11:0-21:30
RvXLcPXhEsHSKzcmBA3d5g,11:0-21:0,11:0-21:0,11:0-21:0,11:0-22:0,11:0-23:0,11:0-23:0,12:0-20:30
ZONtqsnEl47Zn2NunJYHIg,11:0-2:0,11:0-2:0,11:0-2:0,11:0-2:0,11:0-2:0,11:0-2:0,11:0-2:0
E4_lj6bfeoAuAonAt_HQ9g,11:0-22:0,11:0-22:0,11:0-22:0,11:0-22:0,11:0-22:0,11:30-22:0,11:30-22:0
meG2hlQPCfeZ-JdvoG297g,10:0-22:0,10:0-22:0,10:0-22:0,10:0-22:0,10:0-22:0,10:0-22:0,10:0-22:0
aLaIaJM9LsETSRPV1pllhg,11:0-21:0,11:0-21:0,11:0-21:0,11:0-21:0,11:0-22:0,11:0-22:0,12:0-20:0
avpF0bQMLX3sfSxrLtcc5Q,17:0-2:0,17:0-2:0,17:0-2:0,17:0-2:0,17:0-2:0,17:0-2:0,17:0-2:0
eoGAZLu8HQXxCNJC86uPcQ,12:0-21:0,12:0-21:0,12:0-21:0,12:0-21:0,12:0-22:0,12:0-22:0,12:0-21:0
_DuPG5sSEwZcgfjdndQc4A,11:30-22:0,11:30-22:0,11:30-22:0,11:30-22:0,11:30-22:0,9:0-22:0,9:0-22:0
oXBe3xObDQ0HLr8Ie2F6WQ,9:0-21:0,9:0-21:0,9:0-21:0,9:0-21:0,9:0-21:0,9:0-21:0,9:0-17:0
suNSq8Bs2vsN1nHlOULNog,11:0-22:0,11:0-22:0,11:0-22:0,11:0-22:0,11:0-22:0,11:0-22:0,11:0-22:0
gT-LT06uNhzO-5pP_kpqIg,11:0-20:0,11:0-20:0,11:0-20:0,11:0-21:0,11:0-21:0,10:0-21:0,10:0-20:0
AOuutv1P01CW07qmzpj9vA,11:0-20:0,11:0-20:0,11:0-20:0,11:0-20:0,11:0-20:0,11:0-20:0,11:0-20:0
yUqJReOv26454QkjGz37Yw,18:0-0:0,18:0-0:0,18:0-0:0,18:0-0:0,18:0-0:0,18:0-0:0,18:0-0:0
MTNDAZ5PrnflhmdyKqVJ8w,11:0-22:0,11:0-22:0,11:0-22:0,11:0-22:0,11:0-23:0,11:0-23:0,11:0-23:0
uBCRRQJ4ukFaE_UyY6T1uQ,17:0-23:0,17:0-23:0,17:0-23:0,17:0-23:0,17:0-0:0,17:0-0:0,17:0-23:0
SN6mvy2vbXL0F_CYFkx8zg,17:0-22:0,17:0-22:0,17:0-22:0,17:0-22:0,17:0-0:0,17:0-0:0,17:0-22:0
8kMq3UEGOTlOI-lmClK1Qw,11:0-22:0,11:0-22:0,11:0-22:0,11:0-22:0,11:0-22:0,11:0-22:0,13:0-22:0
jfOT9OY8Bgy98Kd2YPy3YQ,11:0-2:0,11:0-2:0,11:0-2:0,11:0-2:0,11:0-4:0,11:0-4:0,11:0-2:0
500mXn_L5a4MI9GrOXvTeQ,14:0-1:0,14:0-1:0,14:0-1:0,14:0-1:0,14:0-1:0,14:0-1:0,14:0-1:0
BmyRJmbVm4jGlkXg4ncLJQ,11:0-22:0,11:0-22:0,11:0-22:0,11:0-22:0,11:0-22:0,9:0-22:0,9:0-22:0
uCO6aHdTqWwcPAU7bYih3Q,10:0-22:0,10:0-22:0,10:0-22:0,10:0-22:0,10:0-22:0,10:0-22:0,11:0-22:0
Fy5D1YcWiGUl7ZelcOiLdQ,10:30-21:0,10:30-21:0,10:30-21:0,10:30-21:0,10:30-21:0,10:30-21:0,10:30-21:0
gTlKDwjfiNvCc5mnl8p1NQ,11:0-0:0,11:0-0:0,11:0-0:0,11:0-2:0,11:0-2:0,11:0-2:0,11:0-2:0
AueEbb9kao4lt6CYt06hqw,16:0-22:0,16:0-22:0,16:0-22:0,16:0-22:0,16:0-23:0,15:0-23:0,15:0-21:0
G5gkRgTMqN0iIpyoW6oTYg,11:0-21:0,11:0-21:0,11:0-21:0,11:0-21:0,11:0-23:0,11:0-23:0,11:0-21:0
ZTCKRVCjdcb2eS_-260O2A,11:0-21:30,11:0-21:30,11:0-21:30,11:0-21:30,11:0-21:30,11:0-21:30,11:0-21:30
QZFIdWmIWzL_3QNE6Qq10A,11:0-21:0,11:0-21:0,11:0-21:0,11:0-21:0,11:0-21:0,11:0-21:0,11:0-21:0
F4VS-6xnpDoNBRGPoLrtjA,10:30-22:0,10:30-22:0,10:30-22:0,10:30-22:0,10:30-22:0,10:30-22:0,10:30-22:0
IQnUxhO7oieEP7-5ZVJ4uA,11:0-22:0,11:0-22:0,11:0-22:0,11:0-22:0,11:0-22:0,12:0-22:0,12:0-22:0
Z6t15TXGlVh3-2ClZunCgg,18:0-0:0,18:0-0:0,18:0-0:0,18:0-0:0,18:0-0:0,18:0-0:0,18:0-23:0
w_A1qFeQ3vOl7o4kdBxPXA,19:0-4:0,19:0-4:0,19:0-4:0,19:0-4:0,13:0-4:0,13:0-4:0,13:0-3:0
pTW2TYYRNXn-jPn7GWn_1Q,11:0-22:0,11:0-22:0,11:0-22:0,11:0-22:0,11:0-22:0,11:0-22:0,11:0-22:0
d-bPDQLvb1O7vm_dER7RTQ,6:0-22:0,6:0-22:0,6:0-22:0,6:0-22:0,6:0-22:0,6:0-22:0,6:0-22:0
e9q0RPoKoja0C4Q_a6cnZA,11:0-20:0,11:0-20:0,11:0-20:0,11:0-20:0,11:0-21:0,11:0-21:0,11:0-20:0
6Na0jTJjX5GQY_ZJ53G02A,11:0-22:0,11:0-22:0,11:0-22:0,11:0-22:0,11:0-23:0,11:0-23:0,11:0-22:0
Jkjq2-DybUZdF0RWY8_cZg,11:0-23:0,11:0-23:0,11:0-23:0,11:0-23:0,11:0-4:0,11:0-4:0,11:0-23:0
3lRFcrfR3IrSAQJtrnn80A,10:0-21:0,10:0-21:0,10:0-21:0,10:0-21:0,10:0-21:0,10:0-21:0,10:0-21:0
IWGS0FIr9RsrbK_cuqCYYw,10:30-23:0,10:30-23:0,10:30-23:0,10:30-23:0,10:30-23:0,10:30-23:0,10:30-23:0
Oh62VtPS3Jj9e6CNRxJh5w,11:0-22:0,11:0-22:0,11:0-22:0,11:0-22:0,11:0-22:0,11:0-22:0,11:0-22:0
XiVHxG2nUSp_bn4dBbs4Cg,17:0-22:0,17:0-22:0,17:0-22:0,17:0-22:0,17:0-22:0,17:0-22:0,17:0-22:0
hxBuRtfp1Te_dyyio4UdkA,11:0-21:0,11:0-21:0,11:0-21:0,11:0-21:0,11:0-21:0,11:0-21:0,11:0-21:0
lyTIuSgPdyRMx3l7xPzl3A,8:0-21:0,8:0-21:0,8:0-21:0,8:0-21:0,8:0-22:0,8:0-22:0,8:0-21:0
D1BrHyiZON7u_ef-qt4_Uw,17:0-2:0,17:0-2:0,17:0-2:0,17:0-2:0,17:0-2:0,17:0-2:0,17:0-2:0
jWUShkhq7Fe3OKr3NvQecQ,9:0-21:0,9:0-21:0,9:0-21:0,9:0-21:0,9:0-21:0,9:0-21:0,9:0-21:0
leZNWLccyBaXpPIRPK_lsA,10:30-22:0,10:30-22:0,10:30-22:0,10:30-22:0,10:30-23:0,10:30-23:0,10:30-22:0
AMTNJbYbu0OMMAkx4meQxw,17:30-22:30,17:30-22:30,17:30-22:30,17:30-22:30,17:30-22:30,17:30-22:30,17:30-22:30
RJOFGZZf3ho04ku0fcFRdA,11:30-23:0,11:30-23:0,11:30-23:0,11:30-23:0,11:30-23:0,11:30-23:0,11:30-23:0
aJK0MWXKgXIgQUCM9fqSJQ,11:0-21:30,11:0-21:30,11:0-21:30,11:0-21:30,11:0-22:30,11:0-22:30,11:0-21:30
MhKxvS4skMg_-SLRCy4n0Q,7:0-19:0,7:0-19:0,7:0-19:0,7:0-22:0,7:0-22:0,7:0-22:0,7:0-19:0
qFa3wuZ7ij2lh2CKW4ZzyA,10:0-20:0,10:0-20:0,10:0-20:0,10:0-20:0,10:0-20:0,10:0-20:0,10:0-20:0
MMvrkQsrZJviAz2sLd_voQ,11:0-23:0,11:0-23:0,11:0-23:0,11:0-23:0,11:0-23:0,11:0-23:0,11:0-23:0
TSHrEyqHJbBbjmnwwmEN8w,17:30-22:0,17:30-22:0,17:30-22:0,17:30-22:0,17:30-22:0,17:30-22:0,17:30-22:0
yTWSFoGjkK6pl7kJm8f0Dg,11:0-2:0,11:0-2:0,11:0-2:0,11:0-2:0,11:0-3:0,11:0-3:0,11:0-2:0
Sv1XtPN-utoenqdIn9ZMyQ,10:30-16:0,10:30-16:0,10:30-16:0,10:30-21:0,10:30-21:0,8:0-21:0,8:0-21:0
bS1gW0hb-iyb4vr2anSGsw,11:30-1:0,11:30-1:0,11:30-1:0,11:30-1:0,11:30-1:0,11:30-1:0,15:0-23:30
_Fuf_7YczZoJhWHkjsi7hQ,10:0-21:0,10:0-21:0,10:0-21:0,10:0-21:0,10:0-21:0,10:0-21:0,11:0-18:0
p8qk36_xEXhICe91tfUpPA,10:0-22:0,10:0-23:0,10:0-23:0,10:0-23:0,10:0-1:0,9:0-2:0,9:0-22:0
vugrV0cSoUGfS1Ef_mF7nQ,0:0-0:0,0:0-0:0,0:0-0:0,0:0-0:0,0:0-0:0,0:0-0:0,0:0-0:0
_fynxUO7Vykq1XHGYyIoKQ,11:30-22:30,11:30-22:30,11:30-22:30,11:30-22:30,11:30-22:30,11:30-22:30,11:30-22:0
CyKi4WgsRNpp3jgsxBEcDg,7:0-18:0,7:0-18:0,7:0-18:0,7:0-18:0,7:0-18:0,7:0-17:0,8:0-15:0
sIr0Wp13Z_MqwgcNvF-5ew,11:30-23:30,11:30-23:30,11:30-23:30,11:30-23:30,11:30-23:30,11:30-23:30,11:30-23:30
KVsv8wRGnLX8QWoNZKNMQA,17:30-22:30,17:30-22:30,17:30-22:30,17:30-22:30,17:30-23:0,17:30-23:0,17:30-22:30
vvUgEPZBRQLUt08FxawJnA,0:0-0:0,12:0-22:0,12:0-22:0,12:0-22:0,12:0-22:0,11:0-15:0,11:0-17:0
lAXl6dzbwJjnGcptldaOBw,7:0-19:0,7:0-19:0,7:0-19:0,7:0-19:0,7:0-19:0,7:0-19:0,7:0-19:0
eDn45jTzYgCXhG4a_1wykQ,11:0-23:0,11:0-23:0,11:0-23:0,11:0-23:0,11:0-23:0,11:0-23:0,11:0-23:0
emwtizy_UAmUjcNP88I0Tw,10:0-20:0,10:0-20:0,10:0-20:0,10:0-20:0,9:0-20:0,9:0-20:0,9:0-17:0
E9K1wSwr-3y7TIaVaoa-9g,10:0-0:0,10:0-0:0,10:0-0:0,10:0-0:0,10:0-2:0,10:0-2:0,10:0-0:0
K_URSTcq_chiWPcMpuo3Qw,11:0-21:30,11:0-21:30,11:0-21:30,11:0-21:30,11:0-21:30,11:0-21:30,11:0-21:30
r7UZDbth0NtbZDJKq1-JyQ,10:0-22:0,10:0-22:0,10:0-22:0,10:0-22:0,11:0-23:0,11:0-23:0,11:0-22:0
UVqqsfogFwG_llByAzUQQg,0:0-0:0,8:0-20:0,8:0-20:0,8:0-20:0,8:0-20:0,8:0-20:0,10:0-16:0
wlcHT4d52xh52ZsIxxuGFg,10:0-22:0,10:0-22:0,10:0-22:0,10:0-22:0,10:0-22:0,10:0-22:0,10:0-22:0
FYmWvvhqptkmJ1zOFQhukg,0:0-0:0,11:0-19:0,11:0-19:0,11:0-19:0,11:0-19:0,11:0-19:0,11:0-19:0
W4PkdKcGXYM3Njo_Y9pPHg,11:0-21:0,11:0-21:0,11:0-21:0,11:0-21:0,11:0-21:0,11:0-21:0,11:0-18:0
zWo2a6QPIuC-sSJURJ02Hw,0:0-0:0,0:0-0:0,0:0-0:0,0:0-0:0,0:0-0:0,0:0-0:0,0:0-0:0
fE-dFRyFWP4ZiijhCEMxIg,7:0-20:0,7:0-20:0,7:0-20:0,7:0-20:0,7:0-20:0,9:0-20:0,9:0-18:0
mJIFTLej9b4rhMlGrW_S_Q,7:0-22:0,7:0-22:0,7:0-22:0,7:0-22:0,7:0-22:0,7:0-22:0,7:0-22:0
cOJ1uIVIHCiefUyWG2wDfw,8:0-2:0,8:0-2:0,8:0-2:0,8:0-2:0,8:0-2:0,8:0-2:0,8:0-2:0
RPlH6XiYLo5sz_nBB7hMvw,11:0-0:0,11:0-0:0,11:0-0:0,11:0-0:0,11:0-2:0,11:0-2:0,11:0-0:0
HCsceGqc3Y3SiUxcpzNuDA,11:0-20:0,11:0-20:0,11:0-20:0,11:0-20:0,11:0-14:30,11:0-14:30,11:0-20:0
oXozyDYGP0GhwBxVIP-NZg,10:0-20:0,10:0-20:0,10:0-20:0,10:0-20:0,10:0-20:0,10:0-19:0,10:0-17:0
IVAI4jFwRANbNCST-yhAHQ,10:0-1:30,10:0-1:30,10:0-1:30,10:0-1:30,10:0-2:0,10:0-2:0,10:0-1:30
iceT7n8OG14nLIGQt3lK8A,10:0-20:30,10:0-20:30,10:0-20:30,10:0-20:30,10:0-20:30,10:0-18:0,10:0-17:0
JJhnw7WJDuMHtK5i30EpGQ,10:30-23:0,10:30-23:0,10:30-23:0,10:30-23:0,10:30-23:0,10:30-23:0,10:30-23:0
-a6tEeSq2YJyJNqq6TyMlA,11:30-23:0,11:30-23:0,11:30-23:0,11:30-23:0,11:30-23:0,11:30-23:0,12:0-23:0
nbTwuhnXEyQRzPIAfGNS8w,11:0-22:0,11:0-22:0,11:0-22:0,11:0-22:0,11:0-22:0,11:0-22:0,11:0-22:0
u-hO4f4EK-riKNJbkxZW0Q,11:0-23:0,11:0-23:0,11:0-23:0,11:0-20:0,11:0-4:0,11:0-4:0,11:0-23:0
6cL9Z4CY8_jZt0WOqnRJOg,11:0-0:0,11:0-0:0,11:0-0:0,11:0-0:0,11:0-2:0,11:0-2:0,11:0-0:0
KbNmZoTFUm22rIWSJe6cEQ,11:0-19:30,11:0-19:30,11:0-19:30,11:0-19:30,11:0-19:30,11:0-20:0,11:0-20:0
171c2z28JaSYQtWimiZ62A,17:0-22:0,17:0-22:0,17:0-22:0,17:0-22:0,17:0-22:30,17:0-22:30,17:0-22:0
bhqOSajw2x1NLQxijsDVcg,17:0-22:0,17:0-22:0,17:0-23:0,17:0-23:0,17:0-2:0,17:0-2:0,17:0-22:0
V9klA6JGT6Fz2UpVP_7sBw,7:0-22:0,7:0-22:0,7:0-22:0,7:0-22:0,7:0-22:0,7:0-22:0,7:0-22:0
0a1BBSewiusfCalA9UVEYA,12:0-23:0,12:0-23:0,12:0-23:0,12:0-23:0,12:0-23:0,13:0-23:0,13:0-23:0
xR7t4xCYRYEe1RjpYjBbkw,11:0-23:0,11:0-23:0,11:0-23:0,11:0-23:0,11:0-23:0,11:0-23:0,11:0-23:0
rWkQMRI6PRo5woBaxGD68g,9:0-21:0,9:0-21:0,9:0-21:0,9:0-21:0,9:0-21:0,9:0-21:0,10:0-18:0
RqTCCfUQJh_OpWwgOVWiDw,7:0-21:0,7:0-21:0,7:0-21:0,7:0-21:0,7:0-23:0,7:0-23:0,7:0-21:0
Bo6JrUUD7aIyjhmaz9M9kw,11:0-23:0,11:0-23:0,11:0-23:0,11:0-23:0,11:0-23:0,11:0-23:0,11:0-23:0
YRFDHOBOwt2WMR85r7Gzog,6:0-15:0,6:0-15:0,6:0-15:0,6:0-15:0,6:0-15:0,6:0-15:0,6:0-15:0
jlMmivEPoYhIxxIqkb1SAg,11:0-20:0,11:0-20:0,11:0-20:0,11:0-20:0,11:0-20:0,11:0-20:0,11:0-20:0
HPIuW67C3FJrTsPs9RCkuA,6:0-5:30,6:0-5:30,6:0-5:30,6:0-5:30,6:0-5:30,6:0-5:30,6:0-5:30
D9iGotN_nI8MCzVpISep9w,10:0-22:0,10:0-22:0,10:0-22:0,10:0-22:0,10:0-22:0,10:0-22:0,10:0-22:0
pnh3Tfk_hJIraCEZwbhSTA,6:0-18:0,6:0-18:0,6:0-18:0,6:0-18:0,6:0-18:0,6:0-18:0,6:0-18:0
MPTdfNA9ZyoEYw2vgbJWLw,11:0-1:0,11:0-1:0,11:0-1:0,11:0-1:0,11:0-2:0,11:0-2:0,11:0-1:0
PjhIQJf2dbdLxgnFrAUaNw,11:30-22:0,11:30-22:0,11:30-22:0,11:30-23:0,11:30-23:0,11:30-23:0,11:30-21:0
fskIA-YRflPnwHWL7Q8bLg,11:0-21:30,11:0-21:30,11:0-21:30,11:0-21:30,11:0-22:0,11:0-22:0,16:0-21:0
Z7nGSKvjmHNRkXtoMxA3Jw,11:0-22:0,11:0-22:0,11:0-22:0,11:0-22:0,11:0-23:0,11:0-23:0,11:0-22:0
AgumeejSSVoJ0Bdr5Iguww,11:0-22:30,11:0-22:30,11:0-22:30,11:0-22:30,11:0-23:30,11:0-23:30,11:0-22:30
6n_MDeYxU1ihB38be9TkVA,12:0-22:30,12:0-22:30,12:0-22:30,12:0-22:30,12:0-0:0,12:0-0:0,12:0-22:0
8JjMwVXIyfv4P0awqAqQgw,16:30-2:0,16:30-2:0,16:30-2:0,16:30-4:0,16:30-4:0,16:30-4:0,16:30-2:0
N_cCvYUP0dQeLKflgoUrXQ,10:0-22:0,10:0-22:0,10:0-22:0,10:0-22:0,10:0-23:0,10:0-23:0,10:0-22:0
1J7B86tBk2nIzWMoGFSq0w,11:0-22:0,11:0-23:0,11:0-23:0,11:0-23:0,11:0-0:0,11:0-0:0,11:0-22:0
ExdH6J3FohY-gDMGBaRJ1g,13:0-21:0,13:0-21:0,13:0-21:0,13:0-21:0,13:0-21:0,13:0-21:0,13:0-21:0
CbpQD3NxSEoN4v7VDXYHAA,10:0-21:0,10:0-21:0,10:0-21:0,10:0-21:0,10:0-21:0,10:30-20:30,11:0-20:30
Nm-5ylHYI20vvK9u6-SKXw,14:0-0:0,14:0-0:0,14:0-0:0,11:0-2:0,11:0-2:0,11:0-2:0,11:0-23:0
zg5rJfgT4jhzg1d6r2twnA,11:0-22:0,11:0-22:0,11:0-22:0,11:0-22:0,11:0-22:0,12:0-22:0,12:0-21:0
Qme4ZWzZEdZUwnpo-sPPIw,11:0-23:0,11:0-23:0,11:0-23:0,11:0-23:0,11:0-23:0,11:0-23:0,11:0-23:0
c0F2t2j9MJ2gUBUPky-dqw,9:0-21:0,9:0-21:0,9:0-21:0,9:0-21:0,9:0-23:0,7:0-23:0,7:0-21:0
hRZadfm7OEOzk0qjuk8BXg,11:0-22:0,11:0-22:0,11:0-22:0,11:0-22:0,11:0-23:0,11:0-23:0,11:0-21:0
lF5m5NQePUtZidiRzNOVNQ,11:0-5:0,11:0-5:0,11:0-5:0,11:0-5:0,11:0-5:0,11:0-5:0,11:0-5:0
Veh0kB2ErSaKsH5v6o7nwQ,11:0-22:0,11:0-22:0,11:0-22:0,11:0-22:0,11:0-22:0,11:0-22:0,11:0-22:0
z4_Aut97zxHEen9LXYJ9Ig,0:0-0:0,17:0-22:0,17:0-22:0,17:0-22:0,11:0-22:0,11:0-22:0,11:0-22:0
56I5SEOCqOuY-Qc0XBnvjQ,11:30-2:0,17:0-2:0,11:30-2:0,11:30-2:0,11:30-2:0,11:30-2:0,11:30-2:0
bPcqucuuClxYrIM8xWoArg,11:0-22:0,11:0-22:0,11:0-22:0,11:0-22:0,11:0-22:0,11:0-22:0,11:0-22:0
pR-2JcFQfm9g7hO-BShFsw,11:0-22:0,11:0-22:0,11:0-22:0,11:0-22:0,11:0-23:0,16:0-23:0,16:0-23:0
vjhB95c5nOXflNoyq_jKzw,10:30-22:0,10:30-22:0,10:30-22:0,10:30-22:0,10:30-23:0,10:30-23:0,10:30-22:0
gZ9xYxJpBi0Rovw4rTbl5Q,17:0-2:0,17:0-2:0,17:0-2:0,17:0-2:0,17:0-3:0,17:0-3:0,17:0-2:0
EIb85lCA6HMzxdsacYtjGA,11:0-22:0,11:0-22:0,11:0-22:0,11:0-22:0,11:0-22:0,11:0-22:0,11:0-21:0
AoGCnRtwifZ2gTGHtg8KTw,11:30-21:30,11:30-21:30,11:30-21:30,11:30-21:30,11:30-21:30,11:30-21:30,11:30-20:30
Jzz-ZLXsd2ClSn6UyFcbpw,11:0-21:0,11:0-21:0,11:0-21:0,11:0-21:0,11:0-22:0,11:0-22:0,11:0-21:0
vAUEebTSlyYVTO7SgyT4cg,11:0-23:0,11:0-23:0,11:0-23:0,11:0-23:0,11:0-23:0,12:0-22:0,12:0-21:0
hrKpyKLTfSXHiNtuj1T_HA,11:0-20:0,11:0-20:0,11:0-20:0,11:0-20:0,11:0-20:0,11:0-20:0,11:0-20:0
8ypWUSZLMVYqFXkb37o3rA,12:0-19:30,12:0-19:30,12:0-19:30,12:0-19:30,12:0-19:30,12:0-19:30,12:0-19:30
gvSn76jIWco_sDxp6090og,11:0-21:0,11:0-21:0,11:0-21:0,11:0-21:0,11:0-21:0,11:0-21:0,11:0-20:0
D_Hwxo6zhVHJTtOGJ7pGhw,17:0-0:0,17:0-0:0,17:0-0:0,17:0-0:0,17:0-1:0,17:0-1:0,17:0-23:0
WtLUaAAZyD6vyFXO3xLrsw,16:0-3:0,16:0-3:0,16:0-3:0,16:0-3:0,16:0-3:0,16:0-3:0,16:0-3:0
raciFGOzIYTVUwt54iZH9g,11:0-19:0,11:0-19:0,11:0-19:0,11:0-19:0,11:0-20:0,11:0-20:0,12:0-18:0
SLg1Azq0kePm0ZWnIkHhhg,11:30-21:30,11:30-21:30,11:30-21:30,11:30-21:30,11:30-21:30,12:0-21:30,12:0-21:30
ikR7b7j-Dw8VOEztNT4oLw,7:0-22:0,7:0-22:0,7:0-22:0,7:0-22:0,7:0-22:0,8:0-22:0,8:0-22:0
Yjh34Vnh2iAomURQoCjHhg,7:0-16:0,7:0-16:0,7:0-16:0,7:0-16:0,7:0-16:0,7:0-16:0,9:0-16:0
TUMMUJ_W3JqPpfU_D_Hscg,11:0-23:0,11:0-23:0,11:0-23:0,11:0-23:0,11:0-23:0,11:0-23:0,11:0-23:0
JEYeBsODrUfUlZ3H8GOocw,9:0-22:0,9:0-22:0,9:0-22:0,9:0-22:0,9:0-12:0,9:0-12:0,9:0-12:0
P2k0pcg7Q1LjfENOpoNQsg,11:0-23:0,11:0-23:0,11:0-23:0,11:0-0:0,11:0-0:0,11:30-0:0,11:0-23:0
j-6MgWWlotFZAQ23LZrTPQ,11:0-20:0,11:0-20:0,11:0-20:0,11:0-20:0,20:0-22:0,20:0-22:0,12:0-18:0
lKIDHvxHpyhruR_J9P42wg,10:0-22:0,10:0-22:0,10:0-22:0,10:0-22:0,10:0-23:0,10:0-23:0,10:0-22:0
1skTxDMBQSpElbLfhBgmVQ,11:0-21:0,11:0-21:0,11:0-21:0,11:0-21:0,11:0-21:0,11:0-21:0,11:0-21:0
DuzxF9yWIxYqt4jDKw_bbA,12:0-23:0,12:0-23:0,12:0-23:0,12:0-23:0,12:0-0:0,12:0-0:0,12:0-23:0
yP8jTCU6L9T1ZseLvcskYg,7:0-22:0,7:0-22:0,7:0-22:0,7:0-22:0,7:0-22:0,7:0-22:0,9:0-16:0
C14bjKs2rJhRDnKu7ZSSIg,10:30-21:30,10:30-21:30,10:30-21:30,10:30-21:30,10:30-21:30,10:30-21:30,10:30-21:30
oByMSv0dwOfHsGfjj0oZxg,0:0-0:0,0:0-0:0,0:0-0:0,0:0-0:0,0:0-0:0,0:0-0:0,0:0-0:0
h_PKFKAnrjiEy-jvF0Gv7A,15:0-1:0,15:0-1:0,15:0-1:0,15:0-1:0,15:0-1:0,15:0-1:0,15:0-1:0
U5P2sECeftfwaHos6h-2kQ,11:0-22:0,11:0-22:0,11:0-22:0,11:0-22:0,11:0-22:0,11:0-22:0,11:0-22:0
ckDYUwoG2WVsF3UCZLItLg,10:0-23:0,10:0-23:0,10:0-23:0,10:0-23:0,10:0-0:0,10:0-0:0,10:0-23:0
xWeUlwx1eiZjyME5p93x_A,11:0-22:0,11:0-22:0,11:0-22:0,11:0-22:0,11:0-22:0,11:0-22:0,11:0-22:0
CKKm7cPJWioJw3-6Glsqkw,7:30-21:0,7:30-21:0,7:30-21:0,7:30-21:0,7:30-21:0,7:30-16:0,7:30-16:0
BxCzy1WOVxOrr_G7V4BIvg,11:0-15:0,11:0-22:0,11:0-22:0,11:0-22:0,11:0-22:0,16:0-22:0,10:0-15:0
_GKMtL4zFOlNc0U3gljT0w,11:0-22:0,11:0-22:0,11:0-22:0,11:0-22:0,11:0-23:0,11:0-23:0,11:0-23:0
oAbPUdAp-7HgJ9hHkanAbA,11:0-21:30,11:0-21:30,11:0-21:30,11:0-21:30,11:0-22:0,11:0-22:0,11:0-21:30
ktcMeKIoDA0Dk11Wcpx9xg,10:0-21:0,10:0-21:0,10:0-21:0,10:0-21:0,10:0-22:0,10:0-22:0,11:0-20:30
205IU_t4t0kzCfHN06fyKg,17:0-22:0,17:0-22:0,17:0-22:0,17:0-22:0,17:0-22:0,10:0-0:0,10:0-22:0
ES8JP18I4sz72HEAWjk_KQ,11:0-22:0,11:0-22:0,11:0-22:0,11:0-22:0,11:0-22:0,11:0-22:0,11:0-22:0
WoiF62tItSFtgO6gLrj_Hg,16:30-1:0,16:30-1:0,16:30-1:30,16:30-2:0,16:30-2:0,11:0-2:0,11:0-1:0
ze-oUTIq7vY8hWxiUAzqng,9:0-3:30,9:0-3:30,9:0-3:30,9:0-4:0,9:0-4:0,9:0-4:0,9:0-3:30
DvXpWBz5_-hZQuvu-RnSwQ,10:0-20:0,10:0-20:0,10:0-20:0,10:0-20:0,10:0-21:0,10:0-21:0,10:0-20:0
cW-guonyUbsjZ7b7tXauHw,11:0-20:0,11:0-20:0,11:0-20:0,11:0-20:0,11:0-20:0,11:0-20:0,11:0-20:0
PFltMxuCOombEvD86sVujQ,0:0-0:0,0:0-0:0,0:0-0:0,0:0-0:0,0:0-0:0,0:0-0:0,0:0-0:0
2MMRdPAQDI_6VYQUdIjSzg,10:0-22:0,10:0-22:0,10:0-22:0,10:0-22:0,10:0-22:0,10:0-22:0,10:0-22:0
PjtX-5vSTBVyWfMREX8bRA,11:0-22:0,11:0-22:0,11:0-22:0,11:0-22:0,11:0-22:0,11:0-22:0,11:0-20:0
SXfb2X6nTPC-IPhPiIi4Ww,10:0-21:0,10:0-21:0,10:0-21:0,10:0-21:0,10:0-21:0,10:0-21:0,10:0-21:0
3_A59jPniLD5ViVuKMYpJw,7:0-15:0,7:0-15:0,7:0-15:0,7:0-15:0,7:0-15:0,7:0-14:0,7:0-14:0
hEnk2705PElURhKwgV4yaw,11:0-21:0,11:0-21:0,11:0-21:0,11:0-21:0,11:0-21:0,11:0-21:0,11:0-21:0
GY5v_jZFuFGRyqqY4xEN7g,11:30-23:0,11:30-23:0,11:30-23:0,11:30-23:0,11:30-23:0,11:30-23:0,11:30-22:0
r2qLNZaYTZKjvVXfXB1BLQ,10:30-5:0,10:30-5:0,10:30-5:0,10:30-5:0,10:30-5:0,10:30-5:0,10:30-5:0
jIn4HPCS6fKywg2curShWQ,11:0-21:30,11:0-21:30,11:0-21:30,11:0-21:30,11:0-22:0,11:0-22:0,12:0-21:30
I7OoXce8vwFcaIeyxaTK_A,16:0-23:0,16:0-23:0,16:0-23:0,16:0-23:0,16:0-2:0,16:0-2:0,16:0-23:0
01cFftHZc98jNJfJrLEJ5g,10:0-20:0,10:0-20:0,10:0-20:0,10:0-20:0,10:0-21:0,10:0-21:0,11:0-19:0
0If0W5y2M__8j0Xjlwuk0g,11:30-23:0,11:30-23:0,11:30-23:0,11:30-23:0,11:30-0:0,11:30-0:0,11:30-23:0
YacxbXstfITuEDmlQIjyVg,11:0-0:0,11:0-0:0,11:0-0:0,11:0-0:0,11:0-0:0,11:0-0:0,11:0-22:0
ZRZlPFSn782DbSSXPb-i3w,7:0-21:0,7:0-21:0,7:0-21:0,7:0-21:0,7:0-21:0,7:0-21:0,7:0-21:0
Dnn7JsdmvJ0_spWu9wo2kg,10:30-20:0,10:30-20:0,10:30-20:0,10:30-20:0,10:30-20:0,10:30-20:0,10:30-18:0
P5sVXhK7pjLo7Ov_TBC5Aw,6:0-16:0,6:0-16:0,6:0-16:0,6:0-16:0,6:0-16:0,7:0-15:0,7:0-15:0
UNbuNOnps5MdKIIAdm00NQ,16:0-1:0,16:0-1:0,16:0-1:0,16:0-1:0,16:0-1:0,16:0-1:0,16:0-23:0
OuetgAKs90ce74ojny3nMw,0:0-0:0,11:30-22:30,11:30-22:30,11:30-22:30,11:30-22:30,11:30-22:30,11:30-20:30
I5RoKagQjGYCWgY4_fK_rQ,11:0-21:0,11:0-21:0,11:0-21:0,11:0-21:0,11:0-21:0,11:0-21:0,11:0-21:0
BBwOjZlqBv9lJptG2UD67Q,11:0-22:0,11:0-22:0,11:0-22:0,11:0-22:0,11:0-22:0,11:0-22:0,11:0-22:0
PbTh7aX0_yyaXFOXAlhI4A,10:0-2:0,10:0-2:0,10:0-2:0,10:0-2:0,10:0-2:0,10:0-2:0,10:0-2:0
fRyHe8SUsZ3kNZbbn2P2GQ,10:0-0:0,10:0-0:0,10:0-0:0,10:0-0:0,10:0-1:0,10:0-1:0,10:0-0:0
4tKDQ_jEcIKLMoJIo26AQg,6:0-0:0,6:0-0:0,6:0-0:0,6:0-0:0,6:0-0:0,6:0-0:0,7:0-0:0
mwERWE8IqgcmPHg3cpCfNA,10:30-21:0,10:30-21:0,10:30-21:0,10:30-21:0,10:30-21:0,10:30-21:0,11:0-21:0
ASxoWbHKUWBZLh2rWysLcw,10:0-22:0,10:0-22:0,10:0-22:0,10:0-22:0,10:0-22:0,10:0-22:0,10:0-22:0
GH5gbLHw05toW6ePNIUzTw,7:0-23:0,7:0-23:0,7:0-23:0,7:0-11:0,7:0-23:0,7:0-23:0,7:0-23:0
QJR4qBUHegWEozSQrGmBPw,11:30-22:30,11:30-22:30,11:30-22:30,11:30-22:30,11:30-22:30,11:30-22:30,11:30-22:30
_TlhZftKs1aXCYX1rLWAGw,0:0-0:0,0:0-0:0,0:0-0:0,0:0-0:0,0:0-0:0,0:0-0:0,0:0-0:0
1PFg5TTddZiTmkBq0RuqzQ,11:30-21:0,11:30-21:0,11:30-21:0,11:30-21:0,11:30-21:0,11:30-21:0,11:30-21:0
fYZa6ZbE64ZbFqEU55kRDw,11:0-23:0,11:0-23:0,11:0-23:0,11:0-23:0,11:0-23:0,12:0-23:0,12:0-23:0
kWkW6vVePpBox_fKfGgPjQ,11:0-22:0,11:0-22:0,11:0-22:0,11:0-22:0,11:0-23:0,12:0-23:0,12:0-22:0
HJFKqzhV4n4ZWepneOzFhQ,11:0-2:0,11:0-2:0,11:0-2:0,11:0-2:0,10:0-2:0,10:0-2:0,11:0-2:0
arzicWkekowFIyFAVU2tUw,11:30-22:30,11:30-22:30,11:30-22:30,11:30-22:30,11:30-23:30,11:30-23:30,11:30-22:30
IbiPt7jzF8Wsu82nHXaJPA,0:0-0:0,17:0-22:30,17:0-22:30,17:0-22:30,17:0-22:30,17:0-22:30,17:0-22:30
8Q6jl7OW8DZzwANggDspcw,0:0-0:0,0:0-0:0,0:0-0:0,0:0-0:0,0:0-0:0,0:0-0:0,0:0-0:0
bWKvYA16me11_2Ws2sLRww,0:0-0:0,0:0-0:0,0:0-0:0,0:0-0:0,0:0-0:0,0:0-0:0,0:0-0:0
WOsRtTQ0a2yPexo9cNcAYA,8:0-17:30,8:0-17:30,8:0-17:30,8:0-17:30,8:0-17:30,8:0-17:30,8:0-17:0
LLLB4141aGIgzyMsMg_joA,17:0-0:0,17:0-0:0,17:0-1:0,16:0-2:0,16:0-2:0,16:0-2:0,11:0-0:0
NWlNMG_eBIvDjCcHK46eDQ,11:0-22:0,11:0-22:0,11:0-22:0,11:0-22:0,11:0-0:0,9:0-0:0,9:0-21:0
0r9NuzpFE6l0hwVAJDnhVg,0:0-0:0,10:30-21:0,10:30-21:0,10:30-21:0,10:30-21:0,10:30-16:0,11:0-21:0
vtBtIV_23V95SwIDvj_OyA,7:0-17:0,7:0-18:0,7:0-18:0,7:0-18:0,7:0-18:0,7:0-17:0,7:0-17:0
H7kqQYQsIRtAVbr70ptKnA,11:0-23:0,11:0-23:0,11:0-23:0,11:0-23:0,11:0-23:0,11:0-23:0,11:0-22:30
zzvlwkcNR1CCqOPXwuvz2A,11:30-22:0,11:30-22:0,11:30-22:0,11:30-22:0,11:30-22:30,11:30-22:0,11:30-22:0
Qic_L9ru9dJqPoLXW6T7yA,10:30-20:30,10:30-20:30,10:30-20:30,10:30-20:30,10:30-20:30,10:30-20:30,10:30-20:30
4YxFjoS28WzggYyDxGkKBg,10:30-21:0,10:30-21:0,10:30-21:0,10:30-21:0,10:30-22:0,10:30-22:0,10:30-21:0
5R0kCSZkk_005LvnIONJbw,7:0-19:0,7:0-19:0,7:0-19:0,7:0-19:0,7:0-19:0,8:0-19:0,9:0-19:0
Nxm2hcwZv4T6XVc8ScR2-A,11:0-23:0,11:0-23:0,11:0-23:0,11:0-23:0,11:0-0:0,11:0-0:0,11:0-23:0
iOa9y4U4HfwXLn8J95L7GA,11:0-0:0,11:0-0:0,11:0-0:0,11:0-0:0,11:0-0:0,10:0-0:0,10:0-0:0
VghejSa_mjn-W7BfGQsDtA,7:0-2:0,7:0-2:0,7:0-2:0,7:0-2:0,7:0-2:0,7:0-2:0,7:0-2:0
kownTVHHvOKawjjmO_WkJw,7:30-16:30,7:30-16:30,7:30-16:30,7:30-16:30,7:30-16:30,9:0-18:0,9:0-18:0
9B9rmmyvI7uWx9C_BFU59A,9:0-0:0,9:0-0:0,9:0-0:0,9:0-0:0,9:0-0:0,9:0-0:0,9:0-0:0
K5Ex8diP6rIh8P16D8KHVA,11:0-21:0,11:0-21:0,11:0-21:0,11:0-21:0,11:0-21:30,11:0-21:30,11:0-21:0
AS-WRS4sUuVuu6ErCIetXg,11:0-22:0,11:0-22:0,11:0-22:0,11:0-22:0,11:0-22:0,12:0-22:0,12:0-22:0
XtE_J8DZXgjFbW1xVkqmUw,11:0-21:30,11:0-21:30,11:0-21:30,11:0-21:30,11:0-22:0,11:0-22:0,11:0-21:30
S6185mqOFmxuPiezVnSJfQ,0:0-0:0,0:0-0:0,0:0-0:0,0:0-0:0,0:0-0:0,0:0-0:0,0:0-0:0
TwVFGd4kan9K6ptwGaZdOQ,11:0-0:0,11:0-0:0,11:0-0:0,11:0-0:0,11:0-0:0,11:0-0:0,11:0-0:0
3c6U5CdxsN_6Gpc6dqTylg,10:0-21:0,10:0-21:0,10:0-21:0,10:0-21:0,10:0-21:0,10:0-21:0,11:0-19:0
T311gNM0HGVindTO9Wpb-g,11:30-22:0,11:30-22:0,11:30-22:0,11:30-22:0,11:30-22:0,11:30-22:0,11:30-22:0
aXnWWp6Reaep4-0iKWlYHQ,11:0-23:0,11:0-23:0,11:0-23:0,11:0-23:0,11:0-23:0,11:0-23:0,12:0-22:0
MT-uG_MfMSJK5U7s_rL5Vw,11:0-2:0,11:0-2:0,11:0-2:0,11:0-2:0,11:0-2:0,11:0-2:0,11:0-2:0
41b2SLmjLcxTGLVRxASiDA,0:0-0:0,11:30-14:30,17:30-22:0,17:30-22:0,17:30-22:30,10:0-22:0,10:0-14:0
gJ7WFBtT3uSkI5eP9NlKrQ,11:30-23:0,11:30-23:0,11:30-23:0,11:30-23:0,14:0-0:0,11:30-0:0,15:0-23:0
2aPbaa0FFbN9AdPtxHqbVg,15:0-21:0,15:0-21:0,15:0-21:0,15:0-22:0,15:0-22:30,12:0-22:30,12:0-20:0
y_JUlNQB45XhhJj1jAn4ag,5:0-0:0,5:0-0:0,5:0-0:0,5:0-0:0,5:0-0:0,5:0-0:0,5:0-0:0
jQNvRWCrB1t66mF861F8Lw,11:0-0:0,11:0-0:0,11:0-0:0,11:0-0:0,11:0-2:0,12:0-2:0,12:0-0:0
9JTkh1D7u9fRBohglQRL0w,6:0-21:0,6:0-21:0,6:0-21:0,6:0-21:0,6:0-21:0,6:0-21:0,6:0-21:0
vvA99tqHFMVgHnB7WmhO1w,10:30-20:0,10:30-20:0,10:30-20:0,10:30-20:0,10:30-20:0,11:0-18:0,11:0-18:0
pjoVN4XV_QDWoASXsOCZ5Q,5:0-5:0,5:0-5:0,5:0-5:0,5:0-5:0,5:0-5:0,5:0-5:0,5:0-5:0
ZVJThf69z1Fu-CYm69_xDA,11:30-22:0,11:30-22:0,11:30-22:0,11:30-22:0,11:30-2:0,11:30-2:0,11:30-22:0
UHVeLqYpNLJp5mw_vnQnRQ,9:0-0:0,9:0-0:0,9:0-0:0,9:0-0:0,9:0-0:0,9:0-0:0,9:0-0:0
Oc8uGKe_Eg4vdECgWWKRKQ,10:0-2:0,10:0-2:0,10:0-2:0,10:0-2:0,10:0-3:0,10:0-3:0,10:0-2:0
--g-a85VwrdZJNf0R95GcQ,10:0-20:0,10:0-20:0,10:0-20:0,10:0-20:0,10:0-20:0,10:0-20:0,10:0-17:0
3_HrWm4qrzTN0gAC_CrfTQ,7:0-23:0,7:0-23:0,7:0-23:0,7:0-23:0,7:0-23:0,8:0-23:0,8:0-23:0
KjjNv4YFzBFnsBh2ncH1Iw,11:0-21:30,11:0-21:30,11:0-21:30,11:0-21:30,11:0-22:0,11:0-22:0,11:0-21:30
eOI8wM9EEGzsefVaAF076w,10:0-21:0,10:0-21:0,10:0-21:0,10:0-21:0,10:0-21:0,10:0-21:0,10:0-21:0
HcO6gAwDePNiJ-LKeoKYaw,11:0-22:0,11:0-22:0,11:0-22:0,11:0-23:0,11:0-23:0,11:0-23:0,12:0-22:0
bmDUty0odSexELXaEG4ELA,8:0-15:0,8:0-22:30,8:0-22:30,8:0-22:30,8:0-22:30,8:0-22:30,10:0-15:0
xBkivY-RacJHXX6y0-91GA,11:0-21:0,11:0-21:0,11:0-21:0,11:0-21:0,11:0-21:0,11:0-21:0,9:0-19:0
PKNzQKJrl5328yWidZbzpw,14:0-23:0,14:0-23:0,14:0-23:0,14:0-23:0,14:0-0:0,14:0-0:0,14:0-23:0
TJ782bOKB4FPl3tYYlaGcg,11:0-4:0,11:0-4:0,11:0-4:0,11:0-4:0,11:0-4:0,11:0-4:0,11:0-4:0
TJseLzjLO8F1Vq79_Obgyg,7:30-13:0,7:30-16:0,7:30-16:0,7:30-16:0,7:30-16:0,8:30-16:0,9:0-16:0
P_OfKffPc3EUSZ44lZKO-Q,14:0-2:0,14:0-2:0,14:0-2:0,14:0-2:0,14:0-2:0,14:0-2:0,14:0-2:0
reBk7BlqFC3eoE695_jlzw,11:0-23:0,11:0-23:0,11:0-23:0,11:0-23:0,11:0-23:0,11:0-23:0,11:0-23:0
DzshamutZ350laV6Ji9xFQ,16:0-22:0,11:0-1:0,11:0-1:0,11:0-23:0,11:0-1:0,11:0-1:0,11:0-0:0
_vZ7bHaGCjllogiZ7RH17w,11:30-22:0,11:30-22:0,11:30-22:0,11:30-22:0,11:30-22:0,11:0-22:0,10:0-22:0
lpBXeNXqfKsNE8NY0aEEcg,5:30-16:30,5:30-16:30,5:30-16:30,5:30-16:30,5:30-16:30,5:30-15:30,5:30-15:30
zHqydarL53YWMjuC0UglSA,10:30-21:0,10:30-21:0,10:30-21:0,10:30-21:0,10:30-22:0,10:30-22:0,10:30-21:0
ngRLl-vKZxkA2VLQvTFuCg,11:30-21:0,11:30-21:0,11:30-21:0,11:30-21:0,11:30-22:0,16:0-22:0,16:0-21:30
-wcyWzSRk0KtYNzrMrLXHQ,10:30-20:0,10:30-20:0,10:30-20:0,10:30-20:0,10:30-20:0,10:30-18:0,10:30-18:0
jSqfGuZXwcKBMWV71y11Tg,9:0-23:0,9:0-23:0,9:0-23:0,9:0-23:0,9:0-23:0,9:0-23:0,9:0-23:0
rdZ6xVABSoOVeAIiCaEj4w,11:30-23:30,11:30-23:30,11:30-23:30,11:30-23:30,11:30-23:30,11:30-23:30,16:0-22:30
F8NPhGJMLrZv5R3LysyO4Q,0:0-0:0,11:0-22:0,11:0-22:0,11:0-22:0,11:0-22:0,11:0-22:0,16:0-22:0
qEneEkjgJp8pLty7dIy_YA,8:0-15:0,8:0-15:0,8:0-15:0,8:0-15:0,8:0-15:0,8:0-16:0,8:0-16:0
5O2Gk2Kg3QpKHmcNTCmBuw,17:0-2:0,17:0-2:0,17:0-2:0,17:0-2:0,17:0-2:0,17:0-2:0,17:0-2:0
klddGAcNIpE_aB5sd1hNXw,7:0-23:0,7:0-23:0,7:0-23:0,7:0-23:0,7:0-23:30,7:0-23:30,7:0-15:0
uyTHJd8s12u8kQBEpCyxuA,8:0-21:0,8:0-21:0,8:0-21:0,8:0-21:0,8:0-22:0,8:0-22:0,8:0-21:0
2lCjKqGK2s4FrJVPjJK1fg,7:30-18:0,7:30-18:0,7:30-18:0,7:30-18:0,10:0-16:45,10:0-16:45,10:0-16:45
sE5VWCcRZ_jzbmOdXEIj8w,0:0-0:0,0:0-0:0,0:0-0:0,0:0-0:0,0:0-0:0,0:0-0:0,0:0-0:0
K_sbl7yJnDE-zqkGB7NxeA,11:0-23:0,11:0-23:0,11:0-23:0,11:0-23:0,11:0-23:0,11:0-23:0,11:0-23:0
8ySvFNHBGHnVaQ3XwOuFqg,0:0-0:0,17:0-21:0,17:0-21:0,17:0-21:0,11:30-22:0,11:30-22:0,11:30-21:0
005XmZKuJZuNbl5tGXc5SA,11:0-22:0,11:0-22:0,11:0-22:0,11:0-22:0,11:0-23:0,11:0-23:0,11:0-22:0
p3XSl1u74coS5KubgE5ZDw,7:30-21:0,7:30-21:0,7:30-21:0,7:30-21:0,7:30-21:0,9:0-21:0,11:0-20:0
w0ArxcJ0XsyK1ZwrIf3gpA,0:0-0:0,0:0-0:0,0:0-0:0,0:0-0:0,0:0-0:0,0:0-0:0,0:0-0:0
qA4MWdUmaXYkrZ223cFfFA,16:30-22:30,16:30-22:30,16:30-22:30,16:30-22:30,16:30-22:30,16:30-22:30,16:30-22:30
L9hxsakFxY315yPqCZL-zQ,7:0-13:0,7:0-13:0,7:0-13:0,7:0-13:0,7:0-21:0,7:0-21:0,7:0-13:0
M1hEQVMiND1rbiT8mo2j0g,16:0-22:0,16:0-22:0,16:0-22:0,16:0-22:0,16:0-23:0,11:0-23:0,11:0-22:0
Wq0cWwBkapXOUP5QPV034Q,9:0-20:30,9:0-20:30,9:0-20:30,9:0-20:30,9:0-22:30,9:0-22:30,9:0-19:0
RUjqcyk4gieSbL94YMMThw,11:0-21:0,11:0-21:0,11:0-21:0,11:0-21:0,11:0-22:0,11:0-22:0,11:0-21:0
iuaFpqtQOMgX5y56lIUrxg,11:0-16:0,11:0-16:0,11:0-16:0,11:0-16:0,11:0-16:0,11:0-16:0,11:0-16:0
-YGePLsJ2pYccR3oaeCSAw,17:0-22:0,17:0-22:0,17:0-22:0,17:0-22:0,17:0-22:0,17:0-22:0,17:0-22:0
7S5iOI5Xb9cTUQLmBwCeXw,11:0-22:0,11:0-22:0,11:0-22:0,11:0-22:0,11:0-22:0,11:0-22:0,11:0-22:0
QTZdKevSqb4KkWwRy-Qqrg,8:0-21:0,8:0-21:0,8:0-21:0,8:0-21:0,8:0-21:0,8:0-17:0,9:0-16:0
eElL38lXVVxkPr5f12wrLA,11:0-22:0,11:0-22:0,11:0-22:0,11:0-22:0,11:0-23:0,11:0-23:0,11:0-22:0
uMOOP1DtKAAAiAtkyidDWA,11:0-20:0,11:0-20:0,11:0-20:0,11:0-20:0,11:0-1:0,11:0-1:0,11:0-20:0
qeAiqiHROF-jZJDKX7v0Gg,17:30-23:30,17:30-23:30,17:30-23:30,17:30-23:30,17:30-0:0,17:30-0:0,17:30-23:30
tjHhb6lrJdOryY5Ao4pHOg,12:0-19:0,12:0-19:0,12:0-19:0,12:0-19:0,10:30-21:30,10:30-21:30,12:0-20:0
BqPDyBgRnvPWCTcMjonnxA,13:0-19:0,13:0-19:0,13:0-19:0,13:0-19:0,13:0-19:0,10:0-22:0,10:0-22:0
euPGrIZXNhkbNDJe5U5Q1Q,9:0-15:0,6:0-19:30,6:0-19:30,6:0-19:30,6:0-16:0,9:0-16:0,9:0-15:0
IqCvkoDvvImXuzGrpeiDMA,11:30-22:0,11:30-22:0,11:30-22:0,11:30-17:0,11:30-22:0,10:0-22:0,10:0-17:0
Jky3kVXZJArfGKL5iny22g,7:0-22:0,7:0-22:0,7:0-22:0,7:0-22:0,7:0-22:0,7:0-22:0,7:0-22:0
D0TsIM7U5UfvZ8dBdFi4sg,11:30-22:0,11:30-22:0,11:30-22:0,11:30-22:0,11:30-22:0,11:30-22:0,11:30-21:0
qjYhAxibnS2M5IybPd5Yfw,7:0-20:0,7:0-20:0,7:0-20:0,7:0-20:0,7:0-20:0,7:0-20:0,7:0-17:0
qTd3WSatW1tlUoUtFB6x2A,9:30-19:0,9:30-19:0,9:30-19:0,9:30-19:0,9:30-19:0,9:30-18:0,10:0-17:0
0QHMAUi6NdOUZ1ckXq0-sA,8:0-23:0,8:0-23:0,8:0-23:0,8:0-23:0,8:0-0:0,8:0-0:0,8:0-23:0
oENci7xCWGXnwaD06o7fVg,17:0-21:0,17:0-22:0,17:0-22:0,17:0-22:0,17:0-22:0,17:0-22:0,17:0-21:0
pWqtTbQsXMBevsKbyNgPcQ,11:0-21:0,11:0-21:0,11:0-21:0,11:0-21:0,11:0-21:0,11:0-21:0,11:0-21:0
xF7jYxQouhX3OWNR8QRDkw,7:0-22:0,7:0-22:0,7:0-22:0,7:0-22:0,7:0-22:0,7:0-22:0,7:0-22:0
tfg08x88Mr4nEr8_bVal7w,10:0-22:0,10:0-22:0,10:0-22:0,10:0-22:0,10:0-22:0,10:0-22:0,10:0-22:0
ten1jIj2JOoQMrl1yCmxFg,11:0-22:0,11:0-22:0,11:0-22:0,11:0-22:0,11:0-22:0,11:0-22:0,12:0-22:0
T0ju0drMLfXJPNLnEsEYgw,11:0-0:0,11:0-0:0,11:0-0:0,11:0-2:0,11:0-2:0,11:0-2:0,11:0-0:0
VNr74A2-5_oqPN7bObPHuw,17:0-1:0,17:0-1:0,17:0-1:0,17:0-1:0,17:0-1:0,17:0-1:0,17:0-1:0
fvlFgK_WD226YJ-ZQkPAOw,12:0-22:0,12:0-22:0,12:0-22:0,12:0-22:0,12:0-23:0,12:0-23:0,16:0-22:0
m9idUZWCBQB_owyaSeO2dw,10:0-22:0,10:0-22:0,10:0-22:0,10:0-22:0,10:0-22:0,10:0-22:0,10:0-22:0
ILq2TVP7mEJ1E-VoAt1_vw,11:0-19:0,11:0-19:0,11:0-19:0,11:0-19:0,11:0-19:0,11:0-18:0,11:0-18:0
eYzm1jUK0GsI2KOLTt2PbQ,11:0-23:0,11:0-23:0,11:0-23:0,11:0-23:0,11:0-0:0,11:0-0:0,11:0-22:0
uNH6CTVyrLdzf9e2Gw7z5A,11:0-2:0,11:0-2:0,11:0-2:0,11:0-2:0,11:0-4:0,11:0-4:0,11:0-2:0
KhvuMJpYNNySVxsu2o1eqg,11:30-22:30,11:30-22:30,11:30-22:30,11:30-22:30,11:30-22:30,11:30-22:30,11:30-22:30
TWFH4a60FDzA4gy49CCtWg,10:0-20:0,10:0-20:0,10:0-20:0,10:0-20:0,10:0-20:0,10:0-20:0,10:0-18:0
DuS8fop8yN6Fa_hIFZJVLw,11:0-1:0,11:0-1:0,11:0-1:0,11:0-1:0,11:0-2:0,11:0-2:0,11:0-0:0
Cr4ipI-tr-R8Q0NilkWNkA,17:0-2:0,17:0-2:0,17:0-2:0,17:0-2:0,17:0-2:0,17:0-2:0,17:0-2:0
MWe2RCV1PuH1qoMAELAqxA,11:0-18:0,11:0-21:0,11:0-21:0,11:0-21:0,11:0-21:0,10:30-16:0,11:0-19:0
VYuMUCoN6LWTxM80_itq1Q,11:0-0:0,11:0-0:0,11:0-0:0,11:0-0:0,11:0-1:0,11:0-1:0,11:0-23:0
k-3nsmnnq4cnUutgOVEjaQ,10:0-22:0,10:0-13:0,10:0-22:0,10:0-22:0,10:0-22:0,10:0-22:0,10:0-22:0
dupc1Q5bl1gwTheS1ZqEig,10:0-22:0,10:0-22:0,10:0-22:0,10:0-22:0,10:0-22:0,10:0-22:0,10:0-22:0
E0zjBNt4_giYtJqUjugskw,11:0-22:0,11:0-22:0,11:0-22:0,11:0-22:0,11:0-22:0,11:0-22:0,11:0-22:0
9B8CwOtI2KHXg1_ONF1feg,11:0-22:30,11:0-22:30,11:0-22:30,11:0-22:30,11:0-22:30,11:0-23:30,11:0-21:0
QkTnoDfl7-cLQEAW9TqMQQ,11:0-21:0,11:0-21:0,11:0-21:0,11:0-21:0,11:0-21:0,11:0-21:0,11:0-21:0
nQjuBVbcRFyX3trnuf_8CQ,11:0-23:0,11:0-23:0,11:0-23:0,11:0-23:0,11:0-23:0,11:0-23:0,11:0-23:0
nj8W3FI5Fwg7TA5duszeGw,11:0-21:30,11:0-21:30,11:0-21:30,11:0-21:30,11:0-22:30,11:0-22:30,11:0-21:30
Ybre7g_LHQk5004VSM49sg,11:0-21:30,11:0-21:30,11:0-21:30,11:0-21:30,11:0-22:0,10:0-22:0,10:0-21:0
3aKRYHFXMjKiaSAsVH4qiw,17:0-23:0,17:0-23:0,17:0-23:0,17:0-23:0,17:0-23:0,17:0-23:0,17:0-23:0
cYCPK6LuvOPnXPoN1zFwJw,11:0-21:0,11:0-21:0,11:0-21:0,11:0-23:0,11:0-23:0,11:0-23:0,11:0-21:0
A-UC_QZwS1_gDB_masfJGA,9:0-0:0,9:0-0:0,9:0-0:0,9:0-1:0,9:0-2:0,9:0-2:0,9:0-23:0
47WDyaBzlYK24wY1m_XnsA,11:0-23:0,11:0-23:0,11:0-23:0,11:0-23:0,11:0-0:0,10:30-0:0,10:30-23:30
5EIuCcoHY2evAhFMBV6G6g,15:0-22:0,15:0-22:0,15:0-22:0,15:0-22:0,15:0-22:30,15:0-22:30,15:0-22:0
WEpu2goj7QggSgL_nP2EMg,11:0-21:0,11:0-21:0,11:0-21:0,11:0-21:0,11:0-2:0,10:0-1:0,10:0-21:0
fmyo8-JBOu5bjczEsLJyBA,11:0-2:0,11:0-2:0,11:0-2:0,11:0-2:0,11:0-2:0,9:0-2:0,9:0-2:0
sYNizmTwXOxHYQbBuSs5Tw,0:0-0:0,8:0-23:0,10:0-21:0,10:0-21:0,10:0-21:0,9:30-21:0,10:0-18:0
hPtLBHnfTjIefcnwZh48jA,11:0-0:0,11:0-0:0,11:0-0:0,11:0-0:0,11:0-0:0,11:0-0:0,11:0-0:0
zdgCHBcjb45p8N6k2x8kwQ,11:0-23:0,11:0-23:0,11:0-23:0,11:0-23:0,11:0-0:0,12:0-0:0,12:0-23:0
smdGDx5PS2Nt67FXYAQSUA,10:30-22:0,10:30-22:0,10:30-22:0,10:30-22:0,10:30-22:30,10:30-22:30,10:30-22:0
KPfZzVRrJim0wooCLF3r1w,11:0-22:0,11:0-22:0,11:0-22:0,11:0-22:0,11:0-23:0,11:0-23:0,11:0-22:0
LwQB9H3jZ9wTk24Lr-AnZQ,11:30-23:0,11:30-23:0,11:30-23:0,11:30-23:0,11:30-0:0,11:30-0:0,11:30-23:0
OY2B-RrWWc_5WEz2Ba19HA,12:0-19:0,12:0-19:0,12:0-19:0,12:0-19:0,12:0-19:0,12:0-19:0,12:0-19:0
U8ixm-xr4QLjyD5L38ooAA,11:0-0:0,11:0-0:0,11:0-0:0,11:0-0:0,11:0-3:30,12:0-3:30,12:0-0:0
S4ZfnsNo-Iim82uamtxKog,11:30-23:0,11:30-23:0,11:30-23:0,11:30-23:0,11:30-4:0,10:30-4:0,10:30-23:0
02zH3RnRvBWfMoBUqtzfsg,11:0-15:0,11:0-19:0,11:0-19:0,11:0-19:0,11:0-19:0,11:0-19:0,12:0-17:0
nbVtxapTeq5HELUeNRgc6w,10:0-23:0,10:0-23:0,10:0-23:0,10:0-23:0,10:0-0:0,10:0-0:0,11:0-23:0
uKsOd2O_VoFvmYop0ryYcQ,11:0-21:0,11:0-21:0,11:0-21:0,11:0-21:0,11:0-21:0,11:0-21:0,11:0-19:0
XRYBvFFBNOUZT5NFqyS53g,12:0-1:0,12:0-1:0,12:0-1:0,12:0-1:0,12:0-1:0,12:0-1:0,12:0-1:0
Ir_g86baDH8Xpzuuf5aC2w,11:0-21:30,11:0-0:0,11:0-0:0,11:0-0:0,11:0-2:0,11:0-2:0,17:0-0:0
p0CsAuiW9KCW_ySDNNRW1w,11:0-0:0,11:0-0:0,11:0-0:0,11:0-0:0,11:0-1:0,11:0-1:0,11:0-0:0
ABtCLFoIEH26T2Ij-FQjag,7:0-19:0,7:0-19:0,7:0-19:0,7:0-19:0,7:0-19:0,7:0-19:0,7:0-19:0
xDj6VQrMtbKrz8NSkJv_XA,8:0-23:0,8:0-23:0,8:0-23:0,8:0-23:0,8:0-0:0,8:0-0:0,8:0-23:0
f5IN-6LowoYpxDeQwb0dow,10:0-22:0,10:0-22:0,10:0-22:0,10:0-22:0,10:0-22:0,10:0-22:0,10:0-22:0
pRlO48w4GkWEPEYIH2tHsw,7:0-22:0,7:0-22:0,7:0-22:0,7:0-22:0,7:0-23:0,7:0-23:0,7:0-22:0
Uw-kIS3HTuAohfg0edQZ3Q,11:0-16:0,11:0-22:0,11:0-22:0,11:0-22:0,11:0-23:0,9:0-23:0,9:0-16:0
uJTG4mzj2IY0lgNrHJUXXA,10:45-22:0,10:45-22:0,10:45-22:0,10:45-22:0,10:45-22:0,10:45-22:0,10:45-22:0
PeLzCf2_GZlNZns2PLBueA,10:30-22:0,10:30-22:0,10:30-22:0,10:30-22:0,10:30-22:0,10:30-22:0,10:30-22:0
9pWzjhdrPgsZEmF7-QOaIQ,11:30-21:0,11:30-21:0,11:30-21:0,11:30-21:0,11:30-21:0,11:30-21:0,12:0-19:0
HV2vPReKp0n0E6zgjsu4Mg,11:0-22:0,11:0-22:0,11:0-22:0,11:0-22:0,11:0-22:0,11:0-22:0,11:0-22:0
l_aHtzAhgpG9h9tZdTEklg,10:0-22:0,10:0-22:0,10:0-22:0,10:0-22:0,10:0-22:0,10:0-22:0,10:0-22:0
v2p2jQ-FAse_FQI0LSh1pg,7:0-21:0,7:0-21:0,7:0-21:0,7:0-21:0,7:0-21:0,8:0-22:0,8:0-22:0
ucv_SCACwuW4wEOudO_xyg,11:0-21:0,11:0-21:0,11:0-21:0,11:0-21:0,11:0-23:0,11:0-23:0,11:0-21:0
YEVN6-6z7PL5cDeWx9I8OQ,11:0-20:0,11:0-20:0,11:0-20:0,11:0-20:0,11:0-21:0,11:0-21:0,11:0-20:0
X1Y2II3AYdoxa70nTTfUPQ,9:30-0:30,9:30-0:30,9:30-0:30,9:30-1:30,9:30-1:30,9:30-2:30,9:30-1:0
lPaMg95YRXAqiKMsfXsuEA,12:0-22:0,12:0-22:0,12:0-22:0,12:0-22:0,12:0-22:0,12:0-22:0,12:0-22:0
d0hNEjOl56Q8NNnYmdBLQA,11:30-22:30,11:30-22:30,11:30-22:30,11:30-22:30,11:30-22:30,11:30-22:30,11:30-22:30
m3A-UM3XRo8Jql7Sq8Vhow,18:0-2:0,18:0-2:0,18:0-2:0,18:0-2:0,18:0-2:0,16:0-2:0,16:0-2:0
t2XW4Kav5V1L7tFR6SXQcg,11:0-22:0,11:0-22:0,11:0-22:0,11:0-22:0,11:0-22:0,11:0-22:0,11:0-22:0
ZfBKZPd2rdpW19m91YnHXw,11:0-22:0,11:0-22:0,11:0-22:0,11:0-22:0,11:0-23:0,11:0-23:0,11:0-22:0
FMOtcUcyMj4gaLiI6CdjVw,7:0-21:0,7:0-21:0,7:0-21:0,7:0-21:0,7:0-21:0,8:0-21:0,8:0-21:0
-G7bby_wc7qEKTV31ufDcA,11:0-22:0,11:0-22:0,11:0-22:0,11:0-22:0,11:0-15:0,11:0-22:0,11:0-22:0
RslaL6v-H9e3o2R-WrJKpA,8:0-19:0,8:0-19:0,8:0-19:0,8:0-19:0,8:0-19:0,8:0-19:0,8:0-19:0
laSyDWzuKb1wo1XWFEUsWQ,9:0-9:0,9:0-9:0,9:0-9:0,9:0-9:0,9:0-9:0,9:0-9:0,9:0-9:0
ViF5Kd7pBF1JJhlvEy1kpA,17:0-22:0,17:0-22:0,17:0-22:0,17:0-22:0,17:0-22:0,17:0-22:0,17:0-22:0
ze-xCiBLB-QSfNXHiPY5Qw,11:0-23:0,11:0-23:0,11:0-23:0,11:0-23:0,11:0-23:0,11:0-23:0,11:0-23:0
lweobd-AOEP1lYNTfhuHhQ,11:0-21:0,11:0-21:0,11:0-21:0,11:0-21:0,11:0-21:0,11:0-21:0,11:0-21:0
O7godQv-9pyQJ2JvCMiQjw,11:0-22:0,11:0-22:0,11:0-22:0,11:0-22:0,11:0-22:30,11:0-22:30,12:0-22:0
6B-sZzuNYnVz5sk2c4EfHA,11:0-20:0,11:0-20:0,11:0-20:0,11:0-20:0,10:30-21:0,10:30-21:0,11:0-18:0
5nvOrdr-1Du_PvCwaPpmXQ,16:0-0:0,16:0-0:0,16:0-0:0,16:0-0:0,16:0-2:0,16:0-2:0,12:0-20:0
PXS-ptzCqz26yG-mfqUWGA,0:0-0:0,0:0-0:0,0:0-0:0,0:0-0:0,0:0-0:0,0:0-0:0,0:0-0:0
xGHm4DZdVjo-fLO0EkRXvQ,11:30-22:0,11:30-22:0,11:30-23:0,11:30-23:0,11:30-0:0,13:0-0:0,14:0-22:0
5TTeEwec8rsUozt02cRmJQ,10:0-0:0,10:0-0:0,10:0-0:0,10:0-0:0,10:0-2:0,10:0-2:0,10:0-0:0
JTFFtWy_chbsHTs95yD_2Q,6:0-1:0,6:0-1:0,6:0-1:0,6:0-1:0,6:0-1:0,6:0-1:0,6:0-1:0
Ig-ecmGaE1-0AAGut70xTg,0:0-0:0,0:0-0:0,0:0-0:0,0:0-0:0,0:0-0:0,0:0-0:0,0:0-0:0
OK_djnmJWmK4G3NMAjGGjg,11:30-20:0,11:30-20:0,11:30-20:0,11:30-20:0,11:30-21:0,10:0-21:0,10:0-20:0
lgk35ph2wALNbHYFDAiV-g,11:0-22:0,11:0-22:0,11:0-22:0,11:0-22:0,11:0-22:0,12:0-22:0,12:0-22:0
V_TxEdzeEs8P5nGPANOY7A,11:0-23:30,11:0-23:30,11:0-23:30,11:0-23:30,11:0-23:30,11:0-23:30,11:0-23:30
OPxWcHK96_cbmiF7legDnA,11:0-22:0,11:0-22:0,11:0-22:0,11:0-22:0,11:0-22:0,17:0-22:0,17:0-21:0
WxhdN7jcwZEZ4TDBm554tw,21:30-0:0,21:30-0:0,21:30-0:0,21:30-0:0,21:30-0:0,21:30-0:0,21:30-21:0
8JvuhiQWoMJVDVuTtvOnPA,11:0-21:0,11:0-21:0,11:0-21:0,11:0-21:0,11:0-21:0,11:0-21:0,11:0-21:0
vj9sfEtL_NcYeFmMz-q1Zw,11:0-23:30,11:0-23:30,11:0-23:30,11:0-23:30,11:0-23:30,11:0-23:30,11:0-23:30
m38PfxkTGgINuArSTX16iQ,11:0-21:0,11:0-21:0,11:0-21:0,11:0-21:0,11:0-21:0,11:0-21:0,12:0-20:0
GWNmYFQw3WitfTPt5uGMvQ,11:0-21:30,11:0-21:30,11:0-21:30,11:0-21:30,11:0-22:0,11:0-22:0,11:0-21:30
rCJ6qFo_liwGPzbupkLhhQ,11:0-21:0,11:0-21:0,11:0-21:0,11:0-21:0,11:0-22:0,11:0-22:0,11:0-21:0
HTZ5flpShCjnNA5XdtAVhQ,8:0-22:0,8:0-22:0,8:0-22:0,8:0-22:0,8:0-0:0,8:0-0:0,8:0-22:0
Ae5S7cr7TlRUMLOa6E6f0A,0:0-0:0,11:0-20:0,11:0-20:0,11:0-20:0,11:0-20:0,11:0-20:0,11:0-20:0
jq1cO9G62R-CaL6Jq0BcCg,11:30-22:0,11:30-22:0,11:30-22:0,11:30-22:0,11:30-22:0,11:30-22:0,11:0-21:30
NYj4iiRyQulshoafgujiSQ,12:0-23:0,12:0-23:0,12:0-23:0,12:0-23:0,12:0-23:0,12:0-23:0,12:0-23:0
dtVXEl_dASB1kn2erejiCw,8:30-21:30,8:30-21:30,8:30-21:30,8:30-21:30,8:30-21:30,8:30-21:30,8:30-21:30
SZmei3pS7PxeIiPCQ5n3HQ,11:0-22:0,11:0-22:0,11:0-22:0,11:0-22:0,11:0-22:0,11:0-22:0,11:0-22:0
6CPdIWgbsyd0yX_QSInURw,6:0-15:0,6:0-22:0,6:0-22:0,6:0-22:0,6:0-22:0,6:0-22:0,6:0-15:0
LsWhNrXNB0ADpwivs_TPdA,11:30-3:0,11:30-3:0,11:30-3:0,11:30-3:0,11:30-3:0,11:30-3:0,17:0-3:0
mic2Qh5eWrp6ppDwTE6cLQ,11:0-22:0,11:0-22:0,11:0-22:0,11:0-22:0,11:0-22:0,11:0-22:0,11:0-22:0
KRaxPApQv43oX6Dcv3jKQA,6:0-23:0,6:0-23:0,6:0-23:0,6:0-23:0,6:0-23:0,6:0-23:0,6:0-23:0
w3JBz9gLbZ0CKWQM07nONw,6:0-21:0,6:0-21:0,6:0-21:0,6:0-21:0,6:0-22:0,6:0-22:0,6:0-21:0
_7kVnn5_19ckuFPS9PCrpQ,11:0-21:0,11:0-21:0,11:0-21:0,11:0-21:0,11:0-21:0,11:0-21:0,11:0-21:0
d47eKkCx3y3N2Eqtzmuc8A,6:0-14:0,6:0-14:0,6:0-14:0,6:0-14:0,6:0-21:0,6:0-14:0,6:0-14:0
zwmKWhyyV-zejEUbQzBtHw,11:0-23:0,11:0-23:0,11:0-23:0,11:0-23:0,11:0-23:0,11:0-23:0,11:0-23:0
ZBFfY_WLbp19sADTZ_LRMg,10:0-21:0,10:0-21:0,10:0-21:0,10:0-23:0,10:0-23:0,10:0-23:0,10:0-21:0
nl9obkTn1W9-NzjGCEMbPA,10:30-21:0,10:30-21:0,10:30-21:0,10:30-21:0,10:30-22:0,10:30-22:0,11:0-21:0
pooAgpZJn79L7JTgcK-o-Q,10:0-22:0,10:0-22:0,10:0-22:0,10:0-22:0,10:0-22:0,10:0-22:0,10:0-22:0
JWGY2jP95A_AbmdSs6U28Q,11:0-22:0,11:0-22:0,11:0-22:0,11:0-22:0,11:0-22:0,11:0-22:0,17:0-22:0
5K1MooOvs4A9VXnykGP3UA,7:0-1:0,7:0-1:0,7:0-1:0,7:0-1:0,7:0-3:0,7:0-3:0,7:0-3:0
pCunE3wX3W7LUQHcr17Hxw,17:0-0:0,17:0-0:0,17:0-0:0,17:0-0:0,17:0-0:0,17:0-0:0,17:0-0:0
2nW_hHaOt0DpsL1lPpuMXA,11:30-23:30,11:30-23:30,11:30-23:30,11:30-23:30,11:30-1:30,13:0-1:30,13:0-23:30
3RiFtEJ6AAvS0x_z38HChw,10:30-22:0,10:30-22:0,10:30-22:0,10:30-22:0,10:30-2:0,10:30-2:0,10:30-19:0
THfsY3HTXVVU4NnyK4jvaA,14:0-22:0,11:30-22:0,11:30-22:0,11:30-1:0,11:30-1:0,11:30-1:0,14:0-22:0
FYRVCh_ctzqY1Yj_6hDk7A,11:0-21:0,11:0-21:0,11:0-21:0,11:0-21:0,11:0-22:0,11:0-22:0,11:0-21:0
8oNQ3pomHYT-BeWq_aSWPg,16:0-3:0,16:0-3:0,16:0-3:0,16:0-3:0,16:0-3:0,16:0-3:0,16:0-2:0
csy-xJWM68SXabizUIhucA,16:0-22:0,16:0-22:0,16:0-22:0,16:0-22:0,16:0-23:0,16:0-20:0,11:0-15:0
n0yMrpye4tLpmaTSzXRGuw,11:0-22:0,11:0-22:0,11:0-22:0,11:0-22:0,11:0-23:0,11:0-23:0,11:0-22:0
UNsvHecpu_sPBeQGFxSCUA,11:0-22:0,11:0-22:0,11:0-22:0,11:0-22:0,11:0-22:0,11:0-22:0,11:0-21:0
kYSWogqMiox_R_xib2U_Jg,6:0-21:0,6:0-21:0,6:0-21:0,6:0-21:0,6:0-21:0,6:0-21:0,6:0-21:0
tpesKzKbcPFekdThYZ4UpA,0:0-0:0,11:0-1:0,11:0-1:0,11:0-1:0,11:0-2:0,11:0-2:0,10:0-1:0
flpTBKlqPEdyd7gLYurKgA,11:0-2:0,11:0-2:0,11:0-2:0,11:0-2:0,11:0-2:0,10:0-2:0,10:0-2:0
FzY2g1J5IoMGmUDaw4ppFw,9:0-22:0,11:0-22:0,11:0-22:0,11:0-22:0,11:0-23:0,11:0-23:0,11:0-22:0
4VXIS8vpNzEysXZVN5xGDA,10:0-20:0,10:0-20:0,10:0-20:0,10:0-20:0,10:0-21:0,10:0-21:0,10:0-20:0
Ocquw2_SSDlqwoAhEVek0g,11:0-22:0,11:0-22:0,11:0-22:0,11:0-22:0,11:0-22:0,11:0-22:0,11:0-22:0
kNzU-4X8JMRvFdBpRX5NRw,12:0-23:30,12:0-23:30,12:0-23:30,12:0-23:30,12:0-23:30,12:0-23:30,12:0-23:30
SLDnMBbWDge0g74BAy46xQ,11:0-0:0,11:0-0:0,11:0-0:0,11:0-0:0,11:0-0:0,11:0-0:0,11:0-23:0
rWxAgLSI0Sk1MCpQGd5HDQ,11:30-22:0,11:30-22:0,11:30-22:0,11:30-22:30,11:30-22:30,11:30-22:30,12:0-22:0
tA5mqEP68qjbTFK9c14D7A,11:0-22:0,11:0-22:0,11:0-22:0,11:0-22:0,11:0-22:0,11:0-22:0,11:0-22:0
gZBhQmqZy9aIq3HID8Vjkw,11:0-23:0,11:0-23:0,11:0-23:0,11:0-23:0,11:0-23:0,11:0-23:0,11:0-23:0
g9iIBuh-g4ld3w3kUWLMqw,11:0-23:0,11:0-23:0,11:0-23:0,11:0-23:0,11:0-23:0,11:0-23:0,11:0-23:0
B9E9X8mm_k2Ry-lHx9wEDw,6:0-21:0,6:0-21:0,6:0-21:0,6:0-21:0,6:0-21:0,6:0-21:0,6:0-20:0
zWgoKXfq75Zhm8qcu4xPNQ,9:0-22:0,9:0-22:0,9:0-22:0,9:0-22:0,9:0-22:0,9:0-22:0,10:0-20:0
5w6pNMlRCnFSgn--Wp2S9w,11:0-1:0,11:0-1:0,11:0-1:0,11:0-1:0,11:0-1:0,11:0-1:0,11:0-23:0
QWrSZtFD8vRVeXZjInRZ9A,11:0-21:0,11:0-21:0,11:0-21:0,11:0-21:0,11:0-22:0,11:0-22:0,11:0-21:0
DF_w5Hwgi4bLgZH8_6F3cA,10:30-20:30,10:30-20:30,10:30-20:30,10:30-20:30,10:30-20:30,10:30-20:30,10:30-20:30
KQEuEJ80wwPqhRNSI3em4A,11:30-22:0,11:30-22:0,11:30-22:0,11:30-22:0,11:30-22:0,11:30-22:0,11:30-22:0
fJVrLAFaqcvzt1QAw12Uxw,12:0-0:0,12:0-0:0,12:0-0:0,12:0-0:0,12:0-2:0,12:0-2:0,12:0-0:0
WwSwuMu_menj4BzTdrKUdQ,17:0-23:0,12:0-23:0,12:0-23:0,12:0-23:0,12:0-0:0,11:0-0:0,11:0-23:0
H3Gastz2T6iiSRGmlbtoXQ,11:0-22:30,11:0-22:30,11:0-22:30,11:0-22:30,11:0-23:30,11:0-23:30,11:0-22:30
ow3oP3cfmhlfmSsGaXe25Q,8:0-0:0,8:0-0:0,8:0-0:0,8:0-0:0,8:0-0:0,9:0-0:0,9:0-0:0
Wlcl0ITWjyhqCiSlPmSAlg,16:0-22:0,16:0-22:0,16:0-22:0,16:0-22:0,16:0-23:0,16:0-23:0,16:0-22:0
88cKxCOOHIonIa44yVPDmQ,10:0-2:0,10:0-2:0,10:0-2:0,10:0-2:0,10:0-2:0,9:0-14:0,9:0-14:0
tNP02RaH2XAMs91fj8d-og,6:0-22:0,6:0-22:0,6:0-22:0,6:0-22:0,6:0-22:0,6:0-22:0,6:0-22:0
PF9-QuAKgQce5TSdBZ0dCA,11:0-22:0,11:0-22:0,11:0-22:0,11:0-22:0,11:0-22:0,11:0-22:0,12:0-21:0
ConRV9cNFKbqlIUknjDDsQ,17:0-22:0,17:0-22:0,17:0-22:0,17:0-22:0,17:0-22:30,17:0-22:30,17:0-22:30
tmxFZfbJO0ZF7oYm2B3VMg,15:0-0:0,15:0-0:0,15:0-0:0,15:0-0:0,15:0-0:0,15:0-0:0,15:0-0:0
741v9WSq3BceeRyBLCvF9g,11:30-13:0,18:0-23:0,18:0-23:0,18:0-23:0,18:0-23:0,18:0-23:0,18:0-23:0
DO5mQxiBOgHEznosjxvJXw,11:0-21:0,11:0-21:0,11:0-21:0,11:0-21:0,11:0-21:0,11:0-21:0,11:0-21:0
-wacMjBR6_gz1AAGlulSDQ,10:0-23:30,10:0-23:30,10:0-23:30,10:0-23:30,10:0-3:0,10:0-3:0,10:0-23:30
RF0mZ-IteC1pK3yQ7lTvAg,11:30-23:0,11:30-23:0,11:30-23:0,11:30-23:0,11:30-23:0,11:30-23:0,11:30-22:0
X_irZWSbhRYz-VbPGMobTA,7:0-14:0,7:0-14:0,7:0-14:0,17:0-22:0,17:0-22:0,7:0-14:0,7:0-14:0
DW5TmdNGhepqrB0JGHnJ_A,7:0-16:0,7:0-16:0,7:0-16:0,7:0-16:0,7:0-16:0,7:0-16:0,7:0-16:0
deipWwvNQm5DMmfpq9tNoA,11:0-21:30,11:0-21:30,11:0-21:30,11:0-21:30,11:0-22:0,11:0-22:0,11:0-21:30
tZEW8ESjrVmNGXvPnrR97w,17:0-3:0,17:0-3:0,17:0-3:0,17:0-3:0,17:0-3:0,17:0-3:0,17:0-3:0
HroRqAmZWXywHNUCRsaQeg,11:0-23:0,11:0-23:0,11:0-23:0,11:0-23:0,11:0-23:0,11:0-23:0,12:0-23:0
JZG53BQcWVtJIF-gJ5OoJw,17:0-1:0,17:0-1:0,17:0-1:0,17:0-2:0,17:0-2:0,17:0-2:0,17:0-1:0
tFDdPju7scd9hiKzMV7fWg,17:0-0:0,17:0-0:0,17:0-0:0,17:0-0:0,17:0-3:0,17:0-5:0,13:0-1:0
7gIK3en6jVyiColBvlHNPA,11:0-21:0,11:0-21:0,11:0-21:0,11:0-21:0,11:0-21:0,11:0-21:0,11:0-21:0
Utf50fUy63uxWKMLVxMw0A,7:0-19:0,7:0-19:0,7:0-19:0,7:0-19:0,7:0-19:0,8:0-18:0,8:0-17:0
usYgG3D5SLGym90zTFG7QA,7:0-23:0,7:0-23:0,7:0-23:0,7:0-23:0,0:0-0:0,0:0-0:0,0:0-0:0
WexIGFr-I6eH4loUY6DILw,0:0-0:0,17:0-3:0,17:0-3:0,17:0-3:0,17:0-3:0,17:0-3:0,17:0-3:0
y6rN3pUCfOkq41_m3Bk2nw,12:0-23:0,12:0-23:0,12:0-23:0,12:0-23:0,12:0-23:0,17:30-23:0,17:30-22:0
qy6RM3qsgXTanVH-TlJaXQ,11:0-21:30,11:0-21:30,11:0-21:30,11:0-21:30,11:0-21:30,11:0-21:30,11:0-21:30
ibjoU0b7R3cxGV2Lh4TiFw,11:0-23:0,11:0-23:0,11:0-23:0,11:0-23:0,11:0-0:0,11:0-0:0,11:0-23:0
AfuYockOIOH9WsDJHRvVlA,5:0-0:0,5:0-0:0,5:0-0:0,5:0-2:0,5:0-2:0,5:0-2:0,5:0-0:0
psHBVYCDatdCM_7-K3id3Q,7:30-19:0,7:0-19:0,7:0-19:0,7:0-19:0,7:0-19:0,8:0-20:0,9:0-19:0
Mnf10SaW1-8O3zVF_S16Dg,16:0-0:0,16:0-0:0,16:0-0:0,16:0-0:0,11:30-1:0,11:30-1:0,11:30-0:0
Szi29P4JjNiHUgEdaJD77w,11:0-21:0,11:0-21:0,11:0-21:0,11:0-21:0,11:0-21:0,11:0-21:0,11:0-21:0
drc_lGBhlkWgZrEIX7LGNw,0:0-0:0,0:0-0:0,0:0-0:0,0:0-0:0,0:0-0:0,0:0-0:0,0:0-0:0
bw7LEtZ5ozq8qOBA6FowYA,11:0-23:0,11:0-23:0,11:0-23:0,11:0-23:0,11:0-23:0,11:0-23:0,11:0-23:0
wfmTZp9X_zbPFQlfluX_-w,17:0-22:0,17:0-22:0,11:30-22:0,11:30-22:0,11:30-22:0,17:0-22:0,17:0-22:0
9edQvMDnFQz1--MnDtT88w,8:0-19:0,8:0-19:0,8:0-19:0,8:0-19:0,8:0-19:0,8:0-19:0,10:0-18:0
gtVPsVK83JkeyrN1C1ozeQ,11:0-23:0,11:0-23:0,11:0-23:0,11:0-23:0,11:0-2:0,11:0-2:0,11:0-22:0
yJEzyw2jCc_mlHRKpazoTg,11:30-23:30,11:30-23:30,11:30-23:30,11:30-23:30,11:30-23:30,11:30-23:30,11:30-23:30
RCl46SzAqgAQrXvfHJBDGg,11:30-23:0,11:30-23:0,11:30-23:0,11:30-23:0,11:30-23:30,11:30-23:30,12:30-22:30
Xy74meQwdTnloAAyRC-4cg,11:0-22:0,11:0-22:0,11:0-22:0,11:0-22:0,11:0-22:0,11:0-22:0,11:0-22:0
fpq8H7tPv8gK3me02NASfg,7:0-21:0,7:0-21:0,7:0-21:0,7:0-21:0,7:0-22:0,7:0-22:0,9:0-20:0
gbKBMsduFZl_oBwahocNBg,10:0-22:0,10:0-22:0,10:0-22:0,10:0-22:0,10:0-22:0,10:0-22:0,10:0-22:0
-2TBP3ZGu7M-FmfoNJvbrQ,11:0-21:0,11:0-21:0,11:0-21:0,11:0-21:0,10:0-0:0,10:0-0:0,10:0-19:0
meYcIzHdWHlHzp-xISZzLw,10:30-22:0,10:30-22:0,10:30-22:0,10:30-22:0,10:30-22:0,11:0-22:0,11:0-22:0
5MlgZwfmaegOL7_FJ3b7lA,11:0-20:0,11:0-20:0,11:0-20:0,11:0-20:0,11:0-21:0,11:0-21:0,11:0-20:0
0LxAyxAnnCXq3KdLlq-APg,7:30-22:0,7:30-22:0,7:30-22:0,7:30-22:0,7:30-22:0,9:0-22:0,9:0-22:0
aivNhZ9sArYQ2XHfCocHng,11:0-21:0,11:0-21:0,11:0-21:0,11:0-21:0,11:0-21:0,11:0-21:0,11:0-21:0
EBI3tqp2NTD6czDmQJObZQ,6:0-5:30,6:0-5:30,6:0-5:30,6:0-5:30,6:0-5:30,6:0-5:30,6:0-5:30
CvWSPgrEMDwLMJOrD3WLVQ,11:0-23:30,11:0-23:30,11:0-23:30,23:0-23:30,11:0-2:0,11:0-2:0,11:0-23:30
9RBwYraZjl11Wsw_ObxTHw,11:0-19:0,11:0-19:0,11:0-19:0,11:0-19:0,11:0-20:0,11:0-20:0,11:0-19:0
0O3H5plJx-Cq2A80qFVW5w,9:0-17:0,18:0-23:0,18:0-23:30,18:0-23:30,18:0-23:30,18:0-23:30,18:0-21:30
WlBvw6R1Qe2yIaZp-2ilZA,6:0-6:0,6:0-6:0,6:0-6:0,6:0-6:0,6:0-6:0,6:0-6:0,6:0-6:0
lIBjDi9b00i1WNCNlI5jzA,11:0-20:0,11:0-20:0,11:0-20:0,11:0-20:0,11:0-20:0,11:0-20:0,11:0-19:0
r4KXghbUeo7mugAzinG9bA,11:0-21:30,11:0-21:30,11:0-21:30,11:0-21:30,11:0-21:30,11:0-21:30,11:0-21:30
9i-yWC0t6NzcDmT1NMKilw,11:0-22:0,11:0-22:0,11:0-22:0,11:0-22:0,11:0-22:0,11:0-22:0,11:0-21:0
vMk2HTGxZ-fGL9FIru9rDA,11:0-22:0,11:0-22:0,11:0-22:0,11:0-22:0,11:0-23:0,14:0-23:0,14:0-22:0
QeqhqOyAjy2BjmNGm4iGAA,8:0-22:0,8:0-22:0,8:0-22:0,8:0-22:0,8:0-23:0,8:0-23:0,9:0-20:0
h-SX2dxluF4oM_Zxp7eK4Q,10:0-21:0,10:0-21:0,10:0-21:0,10:0-21:0,10:0-21:0,10:0-21:0,10:0-18:0
wejXAyl-ndyVpZx8x7OKpw,12:0-19:0,12:0-19:0,12:0-19:0,12:0-19:0,12:0-19:0,12:0-19:0,12:0-19:0
3hp9aQXwomWH-TYbO_IWVg,11:0-20:0,11:0-20:0,11:0-20:0,11:0-20:0,11:0-21:0,11:0-21:0,11:0-20:0
gNg1GXdESMs_ChlZKR7TFQ,10:0-0:0,10:0-0:0,10:0-0:0,10:0-0:0,10:0-0:0,11:0-0:0,11:0-0:0
BsyNabKZJOVIHWmwUghreg,11:0-23:0,11:0-23:0,11:0-23:0,11:0-23:0,11:0-23:0,11:0-23:0,11:0-23:0
MUQS2XkrFl8QxCUHgSIzLA,9:0-22:0,9:0-22:0,9:0-22:0,9:0-22:0,9:0-23:0,9:0-23:0,9:0-22:0
_RxbfEugCvI93ByH2Bg_oA,11:0-22:0,11:0-22:0,11:0-22:0,11:0-22:0,11:0-22:0,11:0-22:0,11:0-22:0
n-UVXXRQNVEiP6CRrmRAzw,11:0-0:0,11:0-0:0,11:0-0:0,11:0-0:0,11:0-2:0,11:0-2:0,11:0-2:0
QGAv-8tj5i4m4G-HDMnIbA,23:0-0:0,23:0-0:0,23:0-0:0,23:0-0:0,0:0-0:0,0:0-0:0,23:0-0:0
aic7eCND9zYr3O4qwV3-mw,16:0-0:0,16:0-0:0,16:0-0:0,16:0-1:0,16:0-2:0,12:0-2:0,12:0-0:0
K3wUWHOPhAmIJ5naMVzylA,11:0-22:0,11:0-22:0,11:0-22:0,11:0-22:0,11:0-22:0,11:0-22:0,12:0-21:0
LJQCv30PCIpC3FnvHF5mXQ,11:0-23:45,11:0-23:45,11:0-23:45,11:0-23:45,11:0-23:45,11:0-23:45,11:0-23:45
7K6FmmVrwK_CkVMsqhU7bQ,7:0-16:0,7:0-16:0,7:0-16:0,7:0-16:0,7:0-16:0,7:0-16:0,7:0-16:0
C0KQ0fyGfDvKhw1FBgh1fg,6:0-22:30,6:0-22:30,6:0-22:30,6:0-22:30,6:0-22:30,6:0-22:30,6:0-22:30
ez9y1xXuY-oLRFtfJMopmQ,12:0-23:0,12:0-23:0,12:0-23:0,12:0-23:0,12:0-1:0,12:0-1:0,12:0-23:0
ZQBUBnccfiCzQTrEwNy-xw,9:0-23:0,9:0-23:0,9:0-23:0,9:0-23:0,9:0-23:0,9:0-23:0,9:0-23:0
Qtb4dHWSxOv8RjgBWrzukQ,11:45-0:0,11:45-0:0,11:45-0:0,11:45-1:0,11:45-2:0,17:0-2:0,17:0-0:0
9WAnQD1nj1j3zLZ7ONtvfQ,17:30-23:0,17:30-23:0,17:30-23:0,17:30-23:0,17:30-0:0,17:30-0:0,17:30-23:0
_fHe9-9Ri_6U9XYP-J1JrA,11:30-23:0,11:30-23:0,11:30-23:0,11:30-23:0,11:30-23:0,11:30-23:0,11:30-23:0
_iKCtDTYEUasLkzmhCgv3w,7:0-21:0,7:0-21:0,7:0-21:0,7:0-21:0,7:0-21:0,8:0-21:0,9:0-19:0
3weo8OctYcKoS_AV9OrOgw,8:0-20:0,8:0-20:0,8:0-20:0,8:0-20:0,8:0-20:0,8:0-20:0,9:0-17:0
ryyptYnhb8n94NnEF_MRnQ,17:0-0:0,17:0-0:0,17:0-0:0,17:0-0:0,17:0-2:0,11:30-2:0,11:30-22:30
azIZRqX_1qbp0_6GKSgSAA,17:0-21:30,17:0-21:30,17:0-21:30,17:0-21:30,17:0-22:0,17:0-22:0,17:0-21:30
NX3HG_RhT6eI78A9ZaVm-A,11:0-12:0,11:0-12:0,11:0-12:0,11:0-1:0,11:0-2:0,11:0-2:0,11:0-23:0
Yh5j6ESKrXBoIuOtLrkBfw,11:30-22:0,11:30-22:0,11:30-22:0,11:30-22:0,11:0-22:30,11:0-22:30,11:0-22:30
-nYB-fMXn2i_hcyQ6lY9oA,9:0-21:0,9:0-21:0,9:0-21:0,9:0-21:0,9:0-21:0,9:0-21:0,9:0-21:0
Eoa7Rcm1QbQSlm189p_-nw,11:0-22:0,11:0-22:0,11:0-22:0,11:0-22:0,11:0-0:0,11:0-0:0,11:0-22:0
ZP5N3k-NidiKb6S7niFdBw,11:30-23:0,11:30-23:0,11:30-23:0,11:30-23:0,11:30-23:0,11:30-23:0,11:30-22:0
4MZF63-pHMaYe-yNmd4aaQ,6:0-22:0,6:0-22:0,6:0-22:0,6:0-22:0,6:0-22:0,6:0-22:0,6:0-22:0
6Wvn57wjSrVX7gJM37CIZw,10:0-17:0,10:0-17:0,10:0-17:0,10:0-17:0,10:0-17:0,10:0-17:0,10:0-17:0
aJKkhy6o5mEYZHp363NEyw,11:0-0:0,11:0-0:0,11:0-0:0,11:0-0:0,11:0-0:0,11:0-0:0,11:0-22:0
ZUZZEQ61ZD826C65SZLAQQ,11:0-0:0,11:0-0:0,11:0-1:30,11:0-2:0,11:0-2:0,11:0-2:0,11:0-2:0
zze6IysT7bJFS8gvi6fZ2A,6:30-18:30,6:30-18:30,6:30-18:30,6:30-18:30,6:30-18:30,8:0-17:0,9:0-17:0
WbQOuI7mVST8XrJotWq9fA,12:0-1:0,12:0-1:0,12:0-1:0,12:0-1:0,12:0-1:0,12:0-1:0,12:0-0:0
E6Ne9ok_tHvZIeOdWeh40w,11:0-1:0,11:0-1:0,11:0-1:0,11:0-1:0,11:0-2:0,11:0-2:0,11:0-1:0
phPZ8TqDJE51PRe-rnI3dQ,11:30-21:0,11:30-21:0,11:30-21:0,11:30-21:0,11:30-21:0,11:30-21:0,11:30-20:0
G6nv_1lxkr9XtN2r9ayD8g,11:0-22:30,11:0-22:30,11:0-22:30,11:0-22:30,11:0-23:0,11:0-23:0,11:0-22:30
iO5bjeXWiu1mOqlevgV73Q,20:0-4:0,20:0-4:0,20:0-4:0,20:0-4:0,20:0-4:0,20:0-4:0,20:0-4:0
_GwVhLhVF_NkEjdcY0TZ8w,15:30-1:0,15:30-1:0,15:30-1:0,15:30-1:0,15:30-2:0,15:30-2:0,15:30-1:0
46iq4HvvVEKVjDs6aRc6eA,11:30-22:30,11:30-22:30,11:30-22:30,11:30-22:30,11:30-23:30,12:0-23:30,16:0-21:30
oljOuU-B7XUNQFPBjed2yQ,11:30-21:30,11:30-21:30,11:30-21:30,11:30-21:30,11:30-22:30,11:30-22:30,11:30-21:0
Nzkvuq1-74_B3fSCLE2gkA,10:30-22:0,10:30-22:0,10:30-22:0,10:30-22:0,10:30-22:0,10:30-22:0,10:30-22:0
ljsrEYijtyt6CZIuyyMcnA,10:0-22:0,10:0-22:0,10:0-22:0,10:0-22:0,10:0-22:0,10:0-22:0,10:0-22:0
2GryItAj3e0uOQ5m42-wDg,17:30-21:30,17:30-21:30,17:30-21:30,17:30-21:30,17:30-22:0,17:30-22:0,17:30-21:30
_yHhs7366m-l1vZO8y6PAA,11:30-22:0,11:30-22:0,11:30-22:0,11:30-22:0,11:30-22:0,12:0-22:0,12:0-21:0
q5iLIKG4Rf8wOTIw6K1n4g,11:30-22:0,11:30-22:0,11:30-22:0,11:30-22:0,11:30-23:0,10:0-23:0,10:0-21:0
ZW5ReCY3B9_TekUYWhr7HA,11:0-22:0,11:0-22:0,11:0-22:0,11:0-22:0,11:0-22:0,11:0-22:0,11:0-18:0
4eqq8XF5H8E9-Q2X2KVbbw,11:0-19:0,11:0-19:0,11:0-19:0,11:0-19:0,11:0-20:0,11:0-20:0,11:0-19:0
l8N9UHVcFmgpJOez8z6rKw,11:0-22:0,11:0-23:0,11:0-22:0,11:0-22:0,11:0-0:0,11:0-0:0,11:0-22:0
GnYDf1liO33XKQv6uDiBKw,8:0-20:0,8:0-20:0,8:0-20:0,8:0-20:0,8:0-20:0,10:0-18:0,10:0-18:0
1mkDrJRu3VABKy95gxD-Hg,11:0-18:0,11:0-18:0,11:0-18:0,11:0-18:0,11:0-18:0,11:0-18:0,13:0-16:0
vtq4qWljP-I6owRvihQNsQ,11:30-22:0,11:30-22:0,11:30-22:0,11:30-22:0,11:30-22:0,12:0-22:0,12:0-21:0
D05AYYIhdkTN1hk2PwYxJw,7:30-20:0,7:30-20:0,7:30-20:0,7:30-20:0,7:30-20:0,7:30-20:0,7:30-20:0
yJkYsl0hOlG2-ITBe16ZIA,16:0-22:0,16:0-22:0,16:0-22:0,16:0-22:0,16:0-23:0,16:0-23:0,16:0-22:0
uiMEbs0qSKhW55POXan9Sg,11:0-19:0,11:0-19:0,11:0-19:0,11:0-19:0,11:0-20:0,11:0-20:0,11:0-19:0
WzLXKlHrfN2Ml2fKPjyoRA,11:0-0:0,11:0-0:0,11:0-0:0,11:0-0:0,11:0-0:0,11:0-0:0,11:0-0:0
mShOJ9qFk79KnZq7E8k9hQ,10:30-23:0,10:30-23:0,10:30-23:0,10:30-23:0,10:30-0:0,10:0-0:0,10:0-23:0
1FAvxOUOGGyZoYNlAXACag,8:0-0:0,8:0-0:0,8:0-0:0,8:0-0:0,8:0-0:0,8:0-0:0,8:0-0:0
HSumjjzNb_gltxMe4-zd5w,15:0-22:0,15:0-22:0,10:0-22:0,10:0-22:0,10:0-22:0,10:0-22:0,10:0-22:0
hvqcMFMiCiuW_O2aQM7x5w,11:0-23:0,11:0-23:0,11:0-23:0,11:0-23:0,11:0-23:0,12:0-23:0,12:0-22:0
YhZNYAnifMOmIddWh2YwcQ,11:0-2:0,11:0-2:0,11:0-2:0,11:0-2:0,11:0-2:0,11:0-2:0,11:0-2:0
n_4PTgvjsKc74u8AwXOfAQ,11:0-19:0,11:0-19:0,11:0-19:0,9:0-19:0,11:0-3:0,11:0-3:0,11:0-19:0
L6kFtq-C4dJJZJGk5Q8vRw,6:0-16:0,6:0-16:0,6:0-16:0,6:0-16:0,6:0-16:0,7:0-14:0,7:0-14:0
GWngEFlr9ixVKetxenafOw,11:30-0:0,11:30-0:0,11:30-0:0,11:30-0:0,11:30-2:0,15:30-2:0,15:30-0:0
dOKSdB0X4tF2EmgH_RHq0w,11:0-22:0,11:0-22:0,11:0-22:0,11:0-22:0,11:0-23:0,11:0-23:0,11:0-22:0
znDUBjt-m2qmXi_p3m3rDA,10:0-22:0,10:0-22:0,10:0-22:0,10:0-22:0,10:0-22:0,10:0-22:0,10:0-22:0
pf3kPNPGA15kggbgL92UXg,11:0-21:0,11:0-21:0,11:0-21:0,11:0-21:0,11:0-22:0,11:0-22:0,11:0-21:0
6eUJ3BbrP7tsEKwYhMI4_Q,11:0-21:30,11:0-21:30,11:0-21:30,11:0-21:30,11:0-21:30,16:0-21:30,16:0-21:0
kIYJfoODzS2PA9VzFxo8DQ,0:0-0:0,10:0-19:0,10:0-19:0,10:0-19:0,10:0-19:0,10:0-19:0,10:0-19:0
q5sa3zjAwIYMAgfPVxOdHw,11:0-22:0,11:0-22:0,11:0-22:0,11:0-22:0,11:0-23:0,11:0-23:0,11:0-22:0
uR2GNRdrkY2KeYggp4bCUg,9:0-22:0,9:0-22:0,9:0-22:0,9:0-22:0,9:0-23:0,9:0-23:0,9:0-22:0
jaUhRm3lXOI_4KIEnLjJzQ,0:0-0:0,18:0-23:0,18:0-23:0,18:0-23:0,18:0-0:0,18:0-0:0,18:0-23:0
9wnopSkB45LeZcpvvzx8cw,17:30-2:0,17:30-2:0,17:30-2:0,17:30-2:0,17:30-2:0,17:30-2:0,17:30-2:0
iWMtsDAmdGBqiEuTWwiSWA,0:0-0:0,15:0-21:0,15:0-21:0,15:0-20:0,15:0-21:0,15:0-21:0,12:0-19:0
ug-p2DvXDkPTPOFeHofLsA,6:30-22:0,6:30-22:0,6:30-22:0,6:30-22:0,6:30-22:0,6:30-22:0,7:0-20:0
84ezTxVxTCmI65_UeYRJcA,8:0-21:0,8:0-21:0,8:0-21:0,8:0-21:0,8:0-23:0,8:0-23:0,9:0-22:0
qjLlFfu2pnJ9lVYlj-4QVg,7:0-14:0,7:0-14:0,7:0-14:0,7:0-14:0,7:0-14:0,7:0-14:0,7:0-14:0
E6VoYfE4YDQueOHYpdyQaQ,6:30-16:30,6:30-16:30,6:30-16:30,6:30-16:30,6:30-16:30,7:30-15:30,7:30-15:30
pxqP6-_odivOQCVFnuAEyQ,9:0-23:0,9:0-23:0,9:0-23:0,9:0-23:0,9:0-23:0,9:0-23:0,9:0-23:0
BrvDRqQkoFG3B7szaZsRtg,11:0-23:0,11:0-23:0,11:0-23:0,11:0-23:0,11:0-23:0,11:0-23:0,11:0-23:0
K1SzOXV70qDbcq6T64PZsw,10:30-22:30,10:30-22:30,10:30-22:30,10:30-22:30,10:30-22:30,10:30-22:30,10:30-22:30
pK06Y7dSR3JfqS1DgeSKtw,17:30-0:0,17:30-0:0,17:30-0:0,17:0-1:0,17:0-2:0,17:0-2:0,17:30-0:0
OjApDLQUPV8c_yPCg8xZog,11:0-21:0,11:0-21:0,11:0-21:0,11:0-21:0,11:0-22:0,11:0-22:0,11:0-21:0
lpMhUAPJogZWwRgM2HNRJQ,16:0-22:0,16:0-22:0,16:0-22:0,16:0-22:0,16:0-22:0,16:0-22:0,16:0-22:0
bncRNcQbyU4-LMwts5WlEw,10:0-22:0,10:0-22:0,10:0-22:0,10:0-22:0,10:0-23:0,10:0-23:0,11:0-22:0
r3jpH6ZuCQY3o1yBuJ67PQ,11:0-1:30,11:0-1:30,11:0-1:30,11:0-1:30,11:0-1:30,11:0-2:0,11:0-2:0
khylDqXpc2hTpuEQ154ZNw,11:0-22:0,11:0-22:0,11:0-22:0,11:0-22:0,11:0-23:0,11:0-23:0,11:0-22:0
bUnm0-YK5HicLzkvMWwqjQ,10:0-21:0,10:0-21:0,10:0-21:0,10:0-21:0,10:0-22:0,10:0-22:0,11:0-21:0
WEPqQjRGviPyCKEmPhALSw,0:0-0:0,0:0-0:0,0:0-0:0,0:0-0:0,0:0-0:0,0:0-0:0,0:0-0:0
jCpB1D_Hsc_dlF0ErNO-7w,17:0-1:0,17:0-1:0,17:0-1:0,17:0-1:0,17:0-1:0,17:0-1:0,17:0-1:0
31cOttU_tML5b6eLLXZfsQ,10:30-22:30,10:30-22:30,10:30-22:30,10:30-22:30,10:30-22:30,10:30-22:30,10:30-22:30
P3wlOGHlptCaTeuCxDK8vQ,11:0-22:30,11:0-22:30,11:0-22:30,11:0-22:30,11:0-0:0,11:0-0:0,11:0-23:0
8pLlsYgvrC5SJL1Con8FYw,15:0-22:0,15:0-22:0,15:0-22:0,15:0-22:0,15:0-23:0,15:0-23:0,15:0-22:0
xoMs0UD4vyu1vzdXKr9nng,11:0-23:0,11:0-23:0,11:0-23:0,11:0-23:0,11:0-0:0,11:0-0:0,11:0-23:0
8SbEkKl-h0MOZWPmq1gwCg,10:0-21:30,10:0-21:30,10:0-21:30,10:0-21:30,10:0-22:0,10:0-22:0,10:0-21:30
ntfDRwVlUb3nmWdMdPjq0Q,11:0-23:0,11:0-23:0,11:0-23:0,11:0-23:0,11:0-1:0,11:0-1:0,11:0-23:0
r6apfvgfl9lCFEjpnXnnxg,11:0-21:0,11:0-21:0,11:0-21:0,11:0-21:0,11:0-22:0,11:0-22:0,11:0-21:0
0S2fiheNzQLDSCs89Kmgnw,8:0-20:0,8:0-20:0,8:0-20:0,8:0-20:0,8:0-20:0,8:0-20:0,9:0-18:0
-JfncbVURtvuzBbof40o1w,6:0-13:30,6:0-13:30,6:0-13:30,6:0-13:30,6:0-13:30,6:0-13:30,6:0-13:30
n_1qPw-qNfERiIxbOoVvMg,11:0-3:0,11:0-3:0,11:0-3:0,11:0-3:0,11:0-3:0,11:0-3:0,11:0-3:0
eQF5Pjd52vmKsMfRvI1Cyg,11:0-22:0,11:0-22:0,11:0-22:0,11:0-22:0,11:0-0:0,11:0-0:0,11:0-0:0
XUB8hp83Wv6AXou544uIlQ,5:30-18:0,5:30-18:0,5:30-19:0,5:30-19:30,5:30-19:30,9:0-18:0,9:0-18:0
zLcarNPsB3Z2olCEjwbLuQ,11:0-2:0,11:0-2:0,11:0-2:0,11:0-2:0,11:0-2:0,11:0-2:0,11:0-2:0
RncIql4WBvbJBMed8x3F_A,17:30-0:0,17:30-0:0,17:30-0:0,17:30-0:0,17:30-0:0,17:30-0:0,17:30-22:0
XDO88u3vWV64uekyHQUjCw,9:0-18:0,9:0-3:0,9:0-3:0,9:0-3:0,9:0-4:0,9:0-4:0,9:0-3:0
QcpalLGkXwofyrWaIJNXVA,16:0-22:30,16:0-22:30,12:0-23:0,12:0-23:0,12:0-23:0,12:0-23:0,12:0-23:0
V6C5-6pIz_IXXpPpDuq8cA,15:0-22:0,15:0-22:0,15:0-22:0,12:0-2:0,14:0-3:0,14:0-3:0,14:0-3:0
7yYAZkauGHWfVGprjsTFeQ,11:0-22:0,11:0-22:0,11:0-22:0,11:0-22:0,11:0-23:0,11:0-23:0,11:0-22:0
wQ9_9QDNw3OPUo55sJUr9A,11:30-21:30,11:30-21:30,11:30-21:30,11:30-21:30,11:30-21:30,12:30-21:30,12:30-21:30
lPK3iqwVwFPOMswRrejwZQ,0:0-0:0,0:0-0:0,0:0-0:0,0:0-0:0,0:0-0:0,0:0-0:0,0:0-0:0
ky8BMyjQm83cqq9fx_Rn3w,7:0-18:0,7:0-18:0,7:0-18:0,7:0-18:0,7:0-18:0,7:0-18:0,7:0-18:0
W3glSnEBN3--cPX-2aQkvg,10:0-22:0,10:0-22:0,10:0-3:0,10:0-3:0,10:0-3:0,10:0-3:0,10:0-22:0
TEwdAxcVKUzcG9pWl05BKw,17:0-0:0,17:0-0:0,17:0-0:0,17:0-0:0,17:0-0:0,17:0-0:0,17:0-0:0
mQtExAMAHjgudejnAMbb0Q,11:0-0:0,11:0-1:0,11:0-1:0,11:0-2:0,11:0-2:0,11:0-2:0,11:0-0:0
ec9mv9cUMObXqyh3yjgIbA,12:0-21:0,12:0-21:0,12:0-21:0,12:0-21:0,12:0-22:0,12:0-22:0,12:0-21:0
0PlZmy62LZmy5mA2BE6znw,18:0-0:0,18:0-0:0,18:0-0:0,18:0-0:0,18:0-2:0,18:0-2:0,18:0-0:0
siG1NvTQrnJ9OT-FPAx4WA,11:0-22:0,11:0-22:0,11:0-22:0,11:0-22:0,11:0-23:0,11:0-23:0,11:0-22:0
WPQEzolKWpB_zOx-iexoBA,11:0-21:30,11:0-21:30,11:0-21:30,11:0-21:30,11:0-21:30,11:0-21:30,16:0-21:30
9oAPccHCF0Ke1MTDNfAfbA,10:30-22:0,10:30-22:0,10:30-22:0,10:30-22:0,10:30-22:0,10:30-22:0,10:30-22:0
dja9beNvdd_SmXxn8At5aQ,8:0-21:0,8:0-21:0,8:0-21:0,8:0-21:0,8:0-21:0,8:0-21:0,8:0-21:0
KXITXbKuE60WSUDs7NZVLQ,11:0-22:0,11:0-22:0,11:0-22:0,11:0-22:0,11:0-22:0,11:0-22:0,11:0-22:0
2mkbLBBTzJedr0rTLGPTrw,12:0-3:0,12:0-3:0,12:0-3:0,12:0-3:0,12:0-3:0,12:0-3:0,12:0-3:0
npl_nPP1zSV2p8ILIFVJEg,11:0-22:0,11:0-22:0,11:0-22:0,11:0-22:0,11:0-22:0,11:0-22:0,11:0-19:0
iKMLsX1Je7P3wAOEc9scDg,16:0-22:0,16:0-22:0,16:0-22:0,16:0-22:30,16:0-23:30,11:0-23:30,11:0-21:30
R6jpwPBe9edy0P64uyaLKA,8:0-23:0,8:0-23:0,8:0-23:0,8:0-23:0,8:0-0:0,8:0-0:0,8:0-23:0
JNyho2P0jSk-0T30T3A0OQ,7:0-20:0,7:0-20:0,7:0-20:0,7:0-20:0,7:0-20:0,7:0-18:0,7:0-18:0
KDdu9HDswaJYExaGDuzRjQ,10:0-22:0,10:0-22:0,10:0-22:0,10:0-22:0,10:0-22:0,10:0-22:0,10:0-16:0
jAsvKe4-SteA-ZgyfVPoTQ,11:0-22:0,11:0-22:0,11:0-22:0,11:0-22:0,11:0-23:0,11:0-23:0,11:0-22:0
XvpfU1FpZ8CNP1_gH67ZyQ,11:0-2:0,11:0-2:0,11:0-2:0,11:0-2:0,11:0-2:0,11:0-2:0,11:0-2:0
W_qjGgy4LsEQnKKjIscDNg,0:0-0:0,0:0-0:0,0:0-0:0,0:0-0:0,0:0-0:0,0:0-0:0,0:0-0:0
z3UY-ohjuIsyVmy69GGVhw,8:0-22:30,8:0-22:30,8:0-22:30,8:0-22:30,8:0-22:30,8:0-22:30,8:0-22:30
ZUkUaGAbswsvFri2EfHFMQ,9:0-23:0,9:0-23:0,9:0-23:0,9:0-0:0,9:0-0:0,9:0-0:0,9:0-23:0
0-CXwwVL-u0tc0FOuSExWQ,6:0-19:0,6:0-19:0,6:0-19:0,6:0-19:0,6:0-19:0,6:0-19:0,6:0-19:0
wJ1wSsWDKA9AJw__2x8Ajw,7:0-19:0,7:0-19:0,7:0-19:0,7:0-19:0,7:0-19:0,8:0-18:0,9:0-15:0
83FpEL18pfKyr1Rx1tj5ug,11:0-22:0,11:0-22:0,11:0-22:0,11:0-22:0,11:0-22:0,11:0-22:0,11:0-22:0
CVi0C-ojhjjzhRFF1KWktQ,16:0-0:0,16:0-0:0,16:0-0:0,16:0-1:0,16:0-2:0,10:0-2:0,10:0-0:0
UUfioP3G4Qowm0x2HQlPtA,10:30-22:0,10:30-22:0,10:30-22:0,10:30-22:0,10:30-22:0,10:30-22:0,11:0-22:0
mBU4G-eh-GN2Tp1X-uLb3A,12:0-1:0,17:0-1:0,17:0-1:0,17:0-2:0,11:0-2:0,11:0-2:0,11:0-2:0
h1xcdc6sPss8vkt8HFJEXA,11:0-21:0,11:0-21:0,11:0-21:0,11:0-21:0,11:0-21:0,11:0-21:0,11:0-21:0
z0u9j-KiHhVudHi0hs19GQ,11:0-0:0,11:0-0:0,11:0-0:0,11:0-0:0,10:0-2:0,10:0-2:0,9:0-0:0
QF2P3oJqCJC9z0TPDDFVxw,11:0-0:0,11:0-0:0,11:0-0:0,11:0-0:0,11:0-4:0,11:0-4:0,11:0-0:0
MVnTomh3k3nLOFl74XEJRw,10:0-16:0,10:0-16:0,10:0-16:0,10:0-16:0,10:0-16:0,10:0-16:0,10:0-16:0
9CYZaEbU3KjdLFMkKbUXVw,17:0-2:0,17:0-2:0,17:0-2:0,17:0-2:0,17:0-2:0,17:0-2:0,17:0-2:0
aEj74jHPbM3LN-p_DSyMDw,8:0-21:0,8:0-21:0,8:0-21:0,8:0-21:0,8:0-21:0,8:0-21:0,9:0-20:0
9apCvu75wELDFia_usTjlg,16:30-22:0,16:30-22:0,16:30-22:0,16:30-22:0,16:30-22:0,16:30-22:0,16:30-22:0
CS3zMyq39AuGnOQO9RYLGw,7:0-0:0,7:0-0:0,7:0-0:0,7:0-0:0,7:0-0:0,7:0-0:0,7:0-0:0
0vDqYiaVnr0q7TaFv73gtw,11:30-22:0,11:30-22:0,11:30-22:0,11:30-22:0,11:30-22:0,11:30-22:0,11:30-22:0
ZaIzVnhaV0ZBSoEwz8Rbvg,7:0-19:0,7:0-19:0,7:0-19:0,7:0-19:0,7:0-19:0,7:0-19:0,7:0-19:0
YiuI4YHJnrl9898gE50_ow,10:0-22:0,10:0-22:0,10:0-22:0,10:0-22:0,10:0-23:0,10:0-23:0,12:0-20:0
XNAjBwDNbaU_tlOxzR1aUQ,16:0-3:0,16:0-3:0,16:0-3:0,16:0-3:0,16:0-3:0,16:0-3:0,16:0-3:0
zHmLmqgXgwSKI5_-m_IY7g,11:0-22:0,11:0-22:0,11:0-22:0,11:0-22:0,10:0-0:0,10:0-0:0,11:0-20:0
UNHvM2pc7AQBL22BhakNlA,10:0-21:0,10:0-21:0,10:0-21:0,10:0-21:0,10:0-21:0,10:0-21:0,10:0-21:0
fjvBTHjluJ_mo9BeHcHoBw,11:0-0:0,11:0-0:0,11:0-0:0,11:0-0:0,11:0-1:0,11:0-1:0,11:0-23:0
h5qBxa_L-pIdNSOBQxTNGQ,10:0-0:0,10:0-0:0,10:0-0:0,10:0-0:0,10:0-0:0,10:0-0:0,10:0-0:0
a10L-RnQaAcnbbU8VVAAow,11:0-23:0,11:0-23:0,11:0-23:0,11:0-23:0,11:0-23:0,11:0-23:0,11:0-23:0
6UjC8B-WvhsuiTrIeVqHnA,6:0-19:0,6:0-19:0,6:0-19:0,6:0-19:0,6:0-19:0,8:0-17:0,8:0-17:0
Gra55w4glYeli9KmK_Id8w,7:0-14:0,7:0-14:0,7:0-14:0,7:0-14:0,7:0-14:0,7:0-15:0,7:0-15:0
ZOyBejO3lpOTx5CKQuyr_g,11:0-23:0,11:0-23:0,11:0-23:0,11:0-23:0,11:0-1:0,11:0-1:0,11:0-23:0
6yynJxXqG8x9k9wrSvLAEw,11:0-22:0,11:0-22:0,11:0-22:0,11:0-22:0,11:0-23:0,11:0-23:0,11:0-22:0
I6IOs1NVUf3d2OQB4TyKSw,11:0-21:0,11:0-21:0,11:0-21:0,11:0-21:0,11:0-21:0,11:0-21:0,11:0-21:0
1GulRRJaDG5SD5DfITqg-w,11:30-22:30,11:30-22:30,11:30-22:30,11:30-22:30,11:30-22:30,11:30-22:30,11:30-22:30
IfmSqAJ6_IeE1ffQ2AcxsQ,11:0-22:0,11:0-22:0,11:0-22:0,11:0-22:0,11:0-22:0,11:0-22:0,11:0-22:0
NOfbzTpQ7hrt6ZbJVeXUUw,0:0-0:0,11:0-0:0,11:0-22:0,11:0-22:0,11:0-3:0,11:0-3:0,11:0-17:0
Y7JOip5LLaXc007OqkCg7g,9:0-21:30,9:0-21:30,9:0-21:30,9:0-21:30,9:0-23:0,9:0-23:0,9:0-22:30
NbZ8kFxUrvAwHzo74r4fuQ,11:0-23:0,11:0-23:0,11:0-23:0,11:0-23:0,11:0-1:0,11:0-1:0,11:0-23:0
TZRqye930EVpJQOnAjkpSw,11:0-21:0,11:0-21:0,11:0-21:0,11:0-21:0,11:0-3:0,11:0-3:0,11:0-20:0
ikQ7dbYDkTtg78Y5Y1DByA,11:0-0:0,11:0-0:0,11:0-1:0,11:0-1:0,11:0-1:0,11:0-1:0,11:0-23:0
tgjbQEtZ_bvQBJOlfiK1OA,17:0-22:0,17:0-22:0,17:0-22:0,17:0-22:0,17:0-23:0,17:0-23:0,17:0-22:0
_niSQeYPBawz3rubX7UxPQ,20:0-2:0,20:0-2:0,20:0-2:0,20:0-2:0,20:0-2:0,20:0-2:0,20:0-2:0
VtdFuMJ77JNGL49S1sVMUA,8:0-18:0,8:0-18:0,8:0-18:0,8:0-18:0,8:0-18:0,9:0-16:0,9:0-16:0
1jNteKQ2JuF6Sk1SI9X23Q,11:30-21:30,11:30-21:30,11:30-21:30,11:30-22:0,11:30-23:30,11:30-23:30,11:30-21:30
0MQpSRqp6tegDHFJthKF5Q,9:0-18:0,9:0-18:0,9:0-18:0,9:0-18:0,9:0-18:0,9:0-18:0,9:30-17:0
v1vcs-uSAQcjTFsHxS1dug,11:0-21:30,11:0-21:30,11:0-21:30,11:0-21:30,11:0-22:0,11:0-22:0,16:0-21:0
K0hMvHZ3pgJkmwJmHG26Gw,17:0-2:0,17:0-2:0,17:0-2:0,17:0-2:0,17:0-2:0,11:0-2:0,11:0-2:0
5wFIiyjn7-UDd62mPSNOcw,6:0-0:0,6:0-0:0,6:0-0:0,6:0-0:0,6:0-0:0,6:0-0:0,7:0-0:0
403dr0KtTbRibcWEA7h0WA,10:0-23:0,10:0-23:0,10:0-23:0,10:0-23:0,10:0-23:0,10:0-23:0,10:0-23:0
vdOf_NWsct8jr4qYKoE_iw,17:30-23:0,17:30-23:0,17:30-23:0,17:30-23:0,17:30-0:0,17:30-0:0,17:30-23:0
46JVW4pwLDRIye4gYJboSw,16:0-22:0,16:0-22:0,16:0-22:0,16:0-22:0,16:0-23:0,16:0-23:0,16:0-22:0
-FHjXYCSizyNgUv-EXn6Yg,12:0-23:0,12:0-23:0,12:0-23:0,12:0-23:0,12:0-23:0,12:0-23:0,12:0-23:0
3X7dy9FD3fQ8fQ-WBBzDMw,14:0-4:0,14:0-4:0,14:0-4:0,14:0-4:0,14:0-4:0,14:0-4:0,14:0-4:0
xCmWITdnLPx0wmK9p6t6hw,11:0-22:30,11:0-22:30,11:0-22:30,11:0-22:30,11:0-22:30,11:0-22:30,11:0-22:30
VXIOTZb0vghuj9t7YSDWLA,14:0-23:0,14:0-23:0,14:0-23:0,14:0-23:0,14:0-23:0,14:0-23:0,14:0-23:0
ziiVVWwlQbvk6fqvPt-RsA,0:0-0:0,0:0-0:0,0:0-0:0,0:0-0:0,0:0-0:0,0:0-0:0,0:0-0:0
iOTh1kL-UixifUBgn2-E2A,11:0-20:0,11:0-20:0,11:0-20:0,11:0-20:0,11:0-20:0,11:0-20:0,11:0-20:0
5GzRZv5OAZfODFMDpebNqw,10:30-20:0,10:30-20:0,10:30-20:0,10:30-21:0,10:30-21:0,10:30-21:0,10:30-18:0
FlaKnTMLBE_pzRYHjXTOLg,11:0-22:0,11:0-22:0,11:0-22:0,11:0-22:0,11:0-22:0,11:0-22:0,11:0-22:0
a3APDveO8DSEIp7o1f24hw,11:30-23:0,11:30-23:0,11:30-23:0,11:30-23:0,11:30-1:0,8:0-1:0,8:0-23:0
YJlVKAH80iptMCsN6TZevA,6:0-0:0,6:0-0:0,6:0-0:0,6:0-0:0,6:0-0:0,6:0-0:0,6:0-0:0
CXxJkD62XtDrt3pRYNDspg,10:0-23:0,10:0-23:0,10:0-23:0,10:0-23:0,10:0-23:0,10:0-23:0,10:0-23:0
ZebnMoRwFEWqQjd6kjxCpA,0:0-0:0,0:0-0:0,0:0-0:0,0:0-0:0,0:0-0:0,0:0-0:0,0:0-0:0
t58AtYOZqw9BlDdZHUrZbA,10:30-22:30,10:30-22:30,10:30-22:30,10:30-22:30,10:30-23:0,10:30-23:0,10:30-23:0
dAQySRBaGOo8GNYsGaQy8Q,17:30-22:0,17:30-22:0,17:30-22:0,17:30-22:0,17:30-22:30,17:30-22:30,17:30-21:30
FLMxWQO-ckCQmGZhU9OQgw,11:0-22:0,11:0-22:0,11:0-22:0,11:0-22:0,11:0-22:0,8:0-22:0,8:0-22:0
ENplmnTDn6Xpbt548yAtZQ,11:0-22:0,11:0-22:0,11:0-22:0,11:0-22:0,11:0-23:0,11:0-23:0,10:30-22:0
8qAtou9A4ksXGkjyLibWDg,16:0-22:30,16:0-22:30,16:0-22:30,16:0-22:30,16:0-23:0,16:0-23:0,16:0-22:30
Axd4Ggd3H9dLAWD__UHYVQ,14:0-21:0,14:0-21:0,14:0-21:0,14:0-21:0,14:0-23:0,14:0-23:0,14:0-21:0
hr_lJ5EtUy2U-I9cNQegyg,7:0-21:0,7:0-21:0,7:0-21:0,7:0-21:0,7:0-21:0,7:0-21:0,7:0-15:0
Opxi_-aCcn6S-dj7JzRE2Q,7:0-22:0,7:0-22:0,7:0-22:0,7:0-22:0,7:0-22:0,7:0-22:0,8:0-22:0
ho5ClDsYijmOJy9OSUx8UA,10:0-20:0,10:0-20:0,10:0-20:0,10:0-20:0,10:0-20:0,10:0-17:0,10:0-17:0
Ea04rGA3H-ZqY1nHLpI2FQ,6:0-15:0,6:0-15:0,6:0-15:0,6:0-15:0,6:0-15:0,6:0-15:0,6:0-15:0
lf-knzhWrrzumHIEoBntxg,9:0-21:0,9:0-21:0,9:0-21:0,9:0-21:0,9:0-21:0,9:0-21:0,9:0-21:0
ZxbUza8_Y17R18WcWehCmw,11:30-20:30,11:30-20:30,11:30-20:30,11:30-20:30,11:30-20:30,12:0-20:0,12:0-20:0
Kbnet8BjbZpXoR_q7JLZPA,9:0-21:0,9:0-21:0,9:0-21:0,9:0-21:0,9:0-22:0,9:0-22:0,9:0-22:0
Ou8pYS24azDWG0ru_vUcqg,7:0-22:0,7:0-15:0,7:0-15:0,7:0-22:0,7:0-22:0,7:0-22:0,7:0-22:0
dqO24yvvHJc5jgHm3LcliA,10:30-22:30,10:30-22:30,10:30-22:30,10:30-22:30,10:30-23:0,10:30-23:0,10:30-22:30
AH-ZCxeQe8CrygDreDFCGQ,7:0-16:0,7:0-16:0,7:0-16:0,7:0-16:0,7:0-16:0,7:0-16:0,7:0-16:0
QOlGFm6M_33fzGgQ5I-Kgg,10:0-19:0,10:0-19:0,10:0-19:0,10:0-19:0,10:0-19:0,10:0-19:0,10:0-19:0
Yh18ij9FW0ZkpWuFJnb8Xg,8:0-22:0,8:0-22:0,8:0-22:0,8:0-22:0,8:0-22:0,8:0-22:0,8:0-22:0
k4jX-Xe9dFu2pmdnlrcwgA,7:30-14:0,11:0-14:0,11:0-14:0,7:30-14:0,7:30-14:0,7:30-13:30,8:30-13:0
G9Cz2lUnLxv1cj6fnv73XA,11:0-21:0,11:0-21:0,11:0-21:0,11:0-21:0,11:0-21:0,11:0-21:0,11:0-21:0
MohKYQNpUVYFAeTkOwvUrg,7:0-20:0,7:0-20:0,7:0-20:0,7:0-20:0,7:0-20:0,9:0-19:0,10:0-20:0
s4sr0anCKMyQw53xNv6DQA,10:30-21:30,10:30-21:30,10:30-21:30,10:30-21:30,10:30-21:30,10:30-21:30,10:30-21:30
PelhNV5WsvEJjhUShubLvQ,10:0-20:0,10:0-19:0,10:0-20:0,10:0-20:0,10:0-20:0,8:0-20:0,9:0-17:0
f51YniULra1Fz01jwILh8Q,17:0-0:0,17:0-0:0,17:0-0:0,17:0-0:0,17:0-2:0,11:0-2:0,11:0-22:30
JnKzrXKxY1cThJ0vNk-4pA,17:0-21:30,17:0-21:30,17:0-21:30,17:0-21:30,17:0-21:30,14:0-21:30,17:0-21:30
HXJLOVSnv6X_b3mEQYWhEA,10:30-22:0,10:30-22:0,10:30-22:0,10:30-22:0,10:30-22:0,10:30-22:0,10:30-22:0
GuiGKSh3_Z-V8L79McM5Ow,9:30-20:0,9:30-20:0,9:30-20:0,9:30-20:0,9:30-20:0,10:0-18:0,10:0-18:0
Pg7DrmU-OjuRGLVR7jVHRg,7:30-21:0,7:30-21:0,7:30-21:0,7:30-21:0,7:30-21:0,8:30-22:0,9:30-21:0
Ce7Zwkwqtvnrr_c1U30ZWA,11:0-22:30,11:0-22:30,11:0-22:30,11:0-22:30,11:0-3:0,11:0-3:0,11:0-21:0
yLtdSJ4BzKFFBc-J9nM7yQ,0:0-0:0,11:0-20:0,11:0-15:0,11:0-14:0,11:0-15:0,11:0-15:0,10:0-15:0
hcvrYfF45o2QlAmJ4iixiA,0:0-0:0,11:0-20:0,11:0-20:0,11:0-20:0,11:0-20:0,10:0-20:0,10:0-18:0
FcvWRrwhjIqktji6iLpaUA,11:0-22:0,11:0-22:0,11:0-22:0,11:0-22:0,11:0-2:0,11:0-2:0,11:0-20:0
v7In1lSZCIiku3o0yIXIRQ,7:0-22:0,7:0-22:0,7:0-22:0,7:0-22:0,7:0-22:0,7:0-22:0,7:0-21:0
zLdqJBlLgGN-EI_TzUXWNQ,11:0-21:30,11:0-21:30,11:0-21:30,11:0-21:30,11:0-21:30,11:0-21:30,11:0-21:30
kcF-en40P3J9L8nLy5lKqQ,11:0-21:0,11:0-21:0,11:0-21:0,11:0-21:0,11:0-22:0,9:0-22:0,9:0-21:0
W8D-GbPDFCWkZpdlQoYH0g,8:0-17:0,8:0-17:0,8:0-17:0,8:0-17:0,8:0-17:0,9:0-17:0,9:0-17:0
IbOrNwCdMTd-eicZ9B2CiA,0:0-0:0,0:0-0:0,0:0-0:0,0:0-0:0,0:0-0:0,0:0-0:0,0:0-0:0
sTZla2pB_nYR0Vg1nBj4Mg,11:0-23:0,11:0-23:0,11:0-23:0,11:0-23:0,11:0-23:0,11:0-23:0,11:0-23:0
cSUWEbmMyJAv87Yd9LnvUA,9:0-21:0,9:0-21:0,9:0-21:0,9:0-21:0,9:0-21:0,9:0-21:0,9:0-21:0
OG88JYN1t41_qqREXq3VIA,8:0-21:0,8:0-21:0,8:0-21:0,8:0-21:0,8:0-21:0,8:0-21:0,8:0-21:0
NomhqkaMIm2o8XvGGiP-8w,6:30-21:0,6:30-21:0,6:30-21:0,6:30-21:0,6:30-22:0,6:30-22:0,6:30-22:0
9erZGKcy5FmPVAsSVsFmpA,16:0-2:0,16:0-2:0,16:0-2:0,16:0-2:0,13:30-2:0,12:0-2:0,16:0-2:0
ZB4ViCkUyJ4j-cJjOQ-N4A,11:0-21:30,11:0-21:30,11:0-21:30,11:0-21:30,11:0-21:30,11:0-21:30,11:0-21:30
6rjqU2x9A6BErUxh6THz6A,9:0-18:0,9:0-18:0,9:0-18:0,9:0-18:0,9:0-18:0,10:0-18:0,10:0-17:0
kAyzCnimBg3rjhlWnYyH3g,11:30-0:0,11:30-0:0,11:30-0:0,11:30-3:0,11:30-4:0,12:0-4:0,12:0-22:0
MdjIl105vqCYUGKFSUVytA,7:0-18:0,7:0-22:0,7:0-22:0,7:0-23:0,7:0-23:0,10:0-14:30,10:0-14:30
MlbLCm2hfzIKc2JS1Hgwew,7:0-22:0,7:0-22:0,7:0-22:0,7:0-22:0,7:0-22:0,8:0-22:0,8:0-21:0
zI-CqEm-qmkTY3WdhPlXgQ,11:0-22:0,11:0-22:0,11:0-22:0,11:0-22:0,11:0-22:0,11:0-22:0,11:0-22:0
sdXhQco_76dRejNaxfgacQ,11:30-22:30,11:30-22:30,11:30-22:30,11:30-22:30,11:30-23:30,11:30-23:30,11:30-22:30
NG67x-DL7a1-ea_RC5Vjmg,9:0-21:0,9:0-21:0,9:0-21:0,9:0-21:0,9:0-21:0,9:0-21:0,12:0-21:0
-W1bYeAk18xShlb6_Yb2Ig,12:0-2:0,12:0-2:0,12:0-2:0,12:0-2:0,12:0-2:0,12:0-2:0,12:0-2:0
FJzOM4aF4y3XcX0N6zoORA,8:0-21:0,8:0-21:0,8:0-21:0,8:0-21:0,8:0-21:0,10:0-21:0,10:0-21:0
-dgUbX_lFqklJuf29A7piQ,9:0-21:0,9:0-21:0,9:0-21:0,9:0-21:0,7:0-22:0,7:0-22:0,7:0-22:0
McZz8few5LqWF37KZTK_QA,11:30-22:0,23:30-22:0,11:30-22:0,11:30-22:0,11:30-22:0,0:0-22:0,0:0-22:0
9c-JiFCUpA2Y6yZlBlS7xg,11:30-22:30,11:30-22:30,11:30-22:30,11:30-22:30,11:30-23:30,11:30-23:30,11:30-22:0
5YKsKS3nzdkwu37ORT9oiQ,11:0-22:0,11:0-22:0,11:0-22:0,11:0-22:0,11:0-22:0,11:0-22:0,11:0-22:0
G3rk0dDROzpDdTugsnSDTw,11:0-23:0,11:0-23:0,11:0-23:0,11:0-23:0,11:0-0:0,10:0-23:0,10:0-23:0
Wppq3ceZDMNCr24X4i-kfw,17:0-2:0,17:0-2:0,17:0-2:0,17:0-2:0,17:0-2:0,17:0-2:0,17:0-2:0
pXQV_vlMtQt---3W_do9Zg,11:0-22:0,11:0-22:0,11:0-22:0,11:0-22:0,11:0-22:0,11:0-22:0,11:0-21:0
_hML_SleB40KkUrMHOZ_-Q,17:0-22:0,17:0-22:0,17:0-22:0,17:0-22:0,17:0-22:0,17:0-22:0,17:0-22:0
SFT8rW3yzDpAJTT25msYOQ,11:0-22:0,11:0-22:0,11:0-22:0,11:0-23:0,11:0-23:0,11:0-23:0,11:0-22:0
5aRyuqJZSGp1fNXHQHMLjg,11:0-21:0,11:0-22:0,11:0-22:0,11:0-22:0,11:0-23:0,11:0-23:0,11:0-21:0
rhgD-j_jWwwqd94lvA-ZpA,17:0-0:0,17:0-0:0,17:0-0:0,17:0-0:0,17:0-0:0,17:0-1:0,17:0-0:0
f6zeoU1Juox3_SFOQz7UEQ,11:30-21:30,11:30-21:30,11:30-21:30,11:30-21:30,11:30-22:30,12:0-22:30,12:0-22:30
vSDnolQA4rYI4QFqaMZa-A,11:30-23:30,11:30-23:30,11:30-23:30,11:30-1:30,11:30-1:30,11:30-1:30,13:0-22:30
B7XwqO9Lbzq-VtOiRobfCg,11:30-21:30,11:30-21:30,11:30-21:30,11:30-21:30,11:30-22:0,11:0-22:0,11:0-21:30
4EamFDy9YmSTVPZShGhNyA,11:0-21:0,11:0-21:0,11:0-21:0,11:0-21:0,11:0-21:0,11:0-21:0,11:0-21:0
vMqUZEaqALd6Q9b4lO-62g,11:30-23:0,11:30-23:0,11:30-23:0,11:30-23:0,11:30-4:0,12:0-4:0,12:0-23:0
awAxthsSo0Y8KBQXJhNxvQ,11:0-21:0,11:0-21:0,11:0-21:0,11:0-21:0,11:0-21:0,11:0-21:0,14:0-21:0
DsNyZcMu2f66WYaZ78EPTg,11:0-2:0,11:0-2:0,11:0-3:0,11:0-2:0,11:0-3:0,11:0-3:0,11:0-2:0
A-7Ye-fovEITMB0aUuEJ0g,9:0-21:0,9:0-21:0,9:0-21:0,9:0-21:0,9:0-21:0,9:0-21:0,9:0-18:0
PSUOncuqfqHulYj_fusthw,11:0-21:0,11:0-21:0,11:0-21:0,11:0-21:0,11:0-21:0,11:0-21:0,11:0-21:0
j9aqbEbdSw3JUDTAFKfNrw,12:0-22:45,12:0-22:45,12:0-22:45,12:0-22:45,12:0-0:0,12:0-0:0,12:0-22:45
hDnNHSd6XG4hHTnAn2kSKg,10:0-0:0,10:0-0:0,10:0-2:0,10:0-2:0,10:0-3:0,10:0-3:0,10:0-2:0
rvxpYoiNldD6R9kwXoC7Rg,9:0-17:0,9:0-17:0,9:0-17:0,9:0-17:0,9:0-17:0,9:0-17:0,9:0-17:0
7tUmASg6tOmh_DcIz2R7SQ,11:0-23:0,11:0-23:0,11:0-23:0,11:0-0:0,11:0-0:0,11:0-0:0,11:0-22:0
oreF3CPWsX2lHq0V4AZQKg,11:0-20:0,11:0-20:0,11:0-20:0,11:0-20:0,11:0-20:0,11:0-20:0,11:0-20:0
e53Fsnz4uf6seDeU7Q328g,10:0-21:0,10:0-21:0,10:0-21:0,10:0-21:0,10:0-21:0,10:0-21:0,10:0-21:0
4ugJ4F8jDJ9-2dEiZ47wLg,17:0-22:0,17:0-22:0,17:0-22:0,17:0-22:0,17:0-23:0,17:0-23:0,17:0-22:0
8JtnbHflEazfcLPd9ZjhnA,10:0-21:0,10:0-21:0,10:0-21:0,10:0-21:0,10:0-21:0,10:0-21:0,10:0-21:0
DXWnAkolXRYXP-fearRfmw,11:30-0:0,11:30-0:0,11:30-0:0,11:30-0:0,11:30-1:0,11:30-1:0,11:30-12:0
uNjoyF_qlLqOSEEYVpTkLg,9:0-1:0,9:0-1:0,9:0-1:0,9:0-1:0,9:0-1:0,9:0-1:0,9:0-1:0
J0rx5BsejdRTXU8UB-MJSA,10:0-23:0,10:0-23:0,10:0-23:0,10:0-23:0,10:0-0:0,10:0-0:0,10:0-22:0
gpyNcwOZhz3FUsjhgU30hQ,11:0-0:0,11:0-0:0,11:0-0:0,11:0-0:0,11:0-0:0,11:0-0:0,11:0-0:0
opwxvFwYTppE0JgfM4FBlw,11:0-21:0,11:0-21:0,11:0-21:0,11:0-21:0,11:0-21:0,11:0-21:0,11:0-21:0
ASJnzKDBspQLeDhWNxZURg,11:0-21:0,11:0-21:0,11:0-21:0,11:0-21:0,11:0-21:0,11:0-21:0,12:0-20:0
i45pTXGFF9Kqz2JqKttt5w,8:0-22:0,8:0-22:0,8:0-22:0,8:0-23:0,8:0-0:0,8:0-0:0,8:0-21:0
li6HgKl6mEhZpdMgAIQoOQ,11:0-21:0,11:0-21:0,11:0-21:0,11:0-21:0,11:0-21:0,11:0-21:0,11:0-20:0
DbzavCeQ6UJKDVN6LSoheA,10:0-22:30,10:0-0:0,10:0-0:0,10:0-0:0,10:0-0:0,10:0-0:0,10:0-16:0
7oEKIG7d1ttPRejppZ3WIA,8:0-15:0,8:0-16:0,8:0-16:0,8:0-16:0,8:0-16:0,8:0-15:0,8:0-15:0
gWlasTc2Af0VV24mCR1tWg,10:45-22:0,10:45-22:0,10:45-22:0,10:45-22:0,10:45-22:0,10:45-22:0,10:45-22:0
3rDzxvhe5CFzeWjvLj92pw,10:0-21:0,10:0-21:0,10:0-21:0,10:0-21:0,10:0-21:0,10:0-21:0,11:0-17:0
Nm6j_BNOFLiO_wRjPF9GBg,17:0-22:30,17:0-22:30,17:0-22:30,17:0-22:30,17:0-22:30,11:30-22:30,11:30-22:30
1Fa_brd85F_-gXYP45GpsA,11:0-23:0,11:0-23:0,11:0-23:0,11:0-23:0,11:0-2:0,11:0-2:0,11:0-23:0
m4pZSpO8v84IlsGjqHXBaQ,16:0-22:0,16:0-22:0,16:0-22:0,16:0-22:0,16:0-23:0,12:0-23:0,12:0-20:30
Ue2BCaKfXUWPdZ-VysN1tQ,10:30-20:30,10:30-20:30,10:30-20:30,10:30-20:30,10:30-20:30,10:30-20:30,10:30-18:0
KBKE7XTLLe2uUqmzuYUyHQ,11:0-21:0,11:0-21:0,11:0-21:0,11:0-21:0,11:0-22:0,11:0-22:0,17:0-21:0
10cjlsUzS8rAKMjdEWbxvA,8:0-17:0,8:0-17:0,8:0-22:0,8:0-22:0,8:0-22:0,9:0-22:0,9:0-17:0
rLMsz9ams_xrlX_weejhtQ,16:0-0:0,16:0-0:0,16:0-0:0,16:0-0:0,16:0-2:0,16:0-2:0,16:0-0:0
gYBnDrFYK375skI4XeeiEQ,14:0-1:0,14:0-1:0,14:0-1:0,14:0-1:0,14:0-2:0,14:0-2:0,14:0-1:0
1DkpdmcxLCRXAdEi6TdOFw,11:0-22:0,11:0-22:0,11:0-22:0,11:0-22:0,11:0-23:0,11:0-23:0,11:0-23:0
Ku3ME-bW3zINVJiP9zkOEg,0:0-0:0,8:0-19:0,8:0-19:0,8:0-19:0,8:0-19:0,10:0-19:0,10:0-18:0
cSSgeQQOz2modfT7zTHJHQ,11:30-22:0,11:30-22:0,11:30-22:0,11:30-22:0,11:30-0:0,11:30-0:0,11:30-22:0
Y9kXVlU4xPfSZvkZH6C_2Q,0:0-0:0,0:0-0:0,0:0-0:0,0:0-0:0,0:0-0:0,0:0-0:0,0:0-0:0
vCx6uieEF0W0mKFK4sT3Yg,11:30-22:0,11:30-22:0,11:30-22:0,11:30-22:0,11:30-0:0,10:30-23:0,10:30-22:30
6_KCUxu2kOgP-pRnSNXG8Q,11:0-3:0,11:0-3:0,11:0-3:0,11:0-3:0,11:0-3:0,11:0-3:0,11:0-3:0
CIxdc0XIFOf2NyuZga8x1Q,6:0-0:0,6:0-0:0,6:0-0:0,6:0-0:0,6:0-0:0,6:0-0:0,6:0-0:0
Ej_5JlAQ2He6NBu_PSygGA,7:0-20:0,7:0-21:0,7:0-21:0,7:0-21:0,7:0-21:0,7:0-21:0,7:0-20:0
MrU-vfQCbSUCroFbxk5p4A,10:30-21:0,10:30-21:0,10:30-21:0,10:30-21:0,10:30-21:0,10:30-21:0,10:30-21:0
CYWRPE-1IHPBb-zfFO6KRg,11:0-21:0,11:0-21:0,11:0-22:0,11:0-22:0,11:0-23:0,11:0-23:0,10:0-21:0
M_1E7QGHH684tevoesrQkQ,11:0-23:0,11:0-23:0,11:0-23:0,11:0-1:0,11:0-1:0,11:0-1:0,12:0-20:0
hlT80WkPUW5Vby5UlC0wmg,15:30-23:0,15:30-23:0,15:30-23:0,10:0-22:0,15:30-23:0,15:30-23:0,15:30-23:0
Q6Lp73mfUnb7_DVkbzijYA,11:30-23:0,11:30-23:0,11:30-23:0,11:30-23:0,11:30-0:0,11:30-0:0,11:30-0:0
dqXWQSaNMKf9fimx_AT31w,11:30-2:0,11:30-2:0,11:30-2:0,11:30-2:0,11:30-2:0,11:30-2:0,11:30-2:0
ojQJWz5U_UHZV3h4oGc0XQ,9:0-9:0,9:0-9:0,9:0-9:0,9:0-9:0,9:0-9:0,9:0-9:0,9:0-9:0
LAAl7t-Ma93BkRzSPDqvgw,9:0-18:0,8:0-18:0,8:0-18:0,8:0-18:0,8:0-18:0,11:0-20:0,11:0-20:0
qKn9nynsVYIST8rf6tEFRQ,11:0-21:0,11:0-21:0,11:0-21:0,11:0-21:0,11:0-21:0,11:0-21:0,11:0-21:0
Ums3gaP2qM3W1XcA5r6SsQ,11:0-21:0,11:0-21:0,11:0-21:0,11:0-21:0,11:0-21:0,11:0-21:0,11:0-21:0
yrZrnWdBR4pE21vcgv8KHw,11:30-23:0,11:30-23:0,11:30-23:0,11:30-23:0,11:30-23:0,11:0-23:0,11:0-23:0
w6zW6gIyg1sI5V6Wag_SYg,0:0-0:0,11:0-20:0,11:0-20:0,11:0-20:0,11:0-20:0,11:0-20:0,11:0-20:0
a3mJdNVP-ve3l3z9LRJXQQ,8:0-0:0,8:0-0:0,8:0-0:0,8:0-0:0,8:0-2:0,8:0-2:0,8:0-0:0
nmwyeH2Y_rylXRzqUJEO8w,11:0-23:0,11:0-23:0,11:0-23:0,11:0-23:0,11:0-0:0,11:0-0:0,11:0-23:0
-o0xWAEO-C2oqlyt9TO8qg,11:0-22:0,11:0-22:0,11:0-22:0,11:0-22:0,11:0-17:0,17:0-23:0,17:0-22:0
rqWsS6QJKweNBsC6wZgUjA,11:0-22:0,11:0-22:0,11:0-22:0,11:0-22:0,11:0-22:0,11:0-23:0,11:0-21:0
M9Y5pCkLFz9RTzPMndo15A,17:0-23:0,17:0-23:0,17:0-23:0,17:0-23:0,17:0-23:0,17:0-23:0,17:0-23:0
h_2g_jwHQV-IN2SfunXGLQ,11:30-21:0,11:30-21:0,11:30-21:0,11:30-21:0,11:30-21:0,12:0-21:0,12:0-21:0
OiqDNSdnchr8zQhiMSInLQ,17:30-21:0,17:30-21:0,17:30-21:0,17:30-21:0,17:30-21:0,17:30-21:0,11:30-14:30
jhjmgnCYsTpIe-XOMZR-vA,11:0-0:0,11:0-0:0,11:0-0:0,11:0-0:0,11:0-1:0,11:0-1:0,11:0-0:0
2Mp53KxlGeZJkodTuqpVow,11:0-23:0,11:0-23:0,11:0-23:0,11:0-23:0,11:0-1:0,11:0-1:0,11:0-23:0
wMiGwn4qPvEN17CaQ3Zi4g,9:0-23:0,9:0-23:0,9:0-23:0,9:0-23:0,9:0-23:0,9:0-23:0,9:0-23:0
Ik3CEeFyMFDnqrhc30NubQ,10:0-22:0,10:0-23:0,10:0-23:0,10:0-0:0,10:0-0:0,10:0-0:0,10:0-22:0
tq_hA-LBU_NJLmXq-yVw9A,16:0-2:0,16:0-2:0,16:0-2:0,16:0-2:0,16:0-2:0,16:0-2:0,16:0-2:0
d_jxInosU_3cAYI0qi34UA,10:30-0:0,10:30-0:0,10:30-0:0,10:30-0:0,10:30-1:0,10:30-1:0,10:30-0:0
cyV6Y8eOgpDTtdJQnB6FaA,11:0-23:0,11:0-23:0,11:0-23:0,11:0-23:0,11:0-0:0,11:0-0:0,11:0-23:0
1nhf9BPXOBFBkbRkpsFaxA,17:0-23:0,17:0-23:0,17:0-23:0,17:0-23:0,17:0-2:0,11:0-2:0,11:0-23:0
bHm6xdi4RaeaHFyww3d98w,11:0-23:0,11:0-23:0,11:0-23:0,11:0-23:0,11:0-23:0,11:0-23:0,11:0-23:0
FTUkGtUgd38pOx71SaVovg,11:0-20:0,11:0-20:0,11:0-20:0,11:0-20:0,11:0-20:0,11:0-20:0,11:0-20:0
yaWLdpQTShR4fZcAjssKMQ,7:0-17:0,7:0-17:0,7:0-18:0,7:0-18:0,7:0-18:0,7:0-18:0,7:0-18:0
IcRLhuxPHnyxW8bJ2llueQ,6:0-15:0,6:0-15:0,6:0-15:0,6:0-15:0,6:0-15:0,6:0-15:0,6:0-15:0
fLxoqLMlbtrFKhvfxRGzMg,13:0-19:0,13:0-19:0,13:0-19:0,13:0-19:0,13:0-19:0,10:0-22:0,10:0-22:0
_rA40C78qQgsFv8wFOQqgA,6:0-14:0,6:0-14:0,6:0-14:0,6:0-14:0,6:0-14:0,6:0-14:0,6:0-14:0
HJMFCfgp8fbey-sCi9vGPw,10:30-21:30,10:30-21:30,10:30-21:30,10:30-21:30,10:30-21:30,10:30-21:30,10:30-21:30
EEePiBwchl-TIBVcTdE0RA,5:0-22:30,5:0-22:30,5:0-22:30,5:0-22:30,5:0-22:30,5:0-23:0,5:0-23:0
OZC42gnhlJ_auXduDRfMoQ,8:0-22:0,8:0-22:0,8:0-22:0,8:0-22:0,8:0-1:0,8:0-1:0,8:0-22:0
hjk3ox7w1akbEuOgTJ03Bw,11:0-22:0,11:0-22:0,11:0-22:0,11:0-22:0,11:0-22:0,11:0-22:0,11:0-22:0
0xdpv5CPpbUUch7JKBG98Q,17:0-22:30,17:0-22:30,17:0-22:30,17:0-22:30,17:0-22:30,17:0-22:30,17:0-22:30
wyPkRQg3F5Yz2WqRFax7-g,11:0-2:0,23:0-4:0,11:0-2:0,11:0-2:0,11:0-4:0,11:0-4:0,11:0-2:0
522GgMvOvzaKCEX6BfAtvg,10:0-17:0,9:0-17:0,10:0-21:0,10:0-17:0,10:0-21:0,10:0-21:0,17:0-17:30
C1JNZrYl3H-YzF1dys9SoQ,11:30-21:30,11:30-21:30,11:30-21:30,11:30-21:30,11:30-22:30,12:0-22:30,16:0-21:30
ySHeT6Y6HuCxYoe27swKrw,10:0-22:0,10:0-22:0,10:0-22:0,10:0-22:0,10:0-22:0,10:0-22:0,10:0-22:0
_aIQsyaRn7CJh8gWSbuJgA,11:30-21:0,11:30-21:0,11:30-21:0,11:30-21:0,11:30-21:0,11:30-21:0,11:30-21:0
U4H4vWjfmhFBC9vzH1HH9A,11:0-23:0,11:0-23:0,11:0-23:0,11:0-23:0,11:0-23:0,11:0-23:0,11:0-23:0
ErTtxbBD7kpkg2szhhyMwQ,11:0-22:0,11:0-22:0,11:0-22:0,11:0-22:0,11:0-22:0,12:0-22:0,17:0-21:30
KmrSAy80bJQHQ2Z9oQ5xTA,11:0-23:0,11:0-23:0,11:0-23:0,11:0-23:0,11:0-23:0,11:0-23:0,11:0-23:0
5jYYHTRka2SMS7zBOuN9RA,10:0-22:0,10:0-22:0,10:0-22:0,10:0-22:0,10:0-22:0,10:0-22:0,10:0-22:0
t7pWS0oxwjoZpT-fwQQCiA,0:0-0:0,0:0-0:0,0:0-0:0,0:0-0:0,0:0-0:0,0:0-0:0,0:0-0:0
Y40U2KXA3v-N_h-9F8Y_aQ,0:0-0:0,0:0-0:0,0:0-0:0,0:0-0:0,0:0-0:0,0:0-0:0,0:0-0:0
InfzHR1oZYwn1qell8_4CQ,11:30-21:0,11:30-21:0,11:30-21:0,11:30-21:0,11:30-21:30,11:30-21:30,11:30-21:0
3HS2__ozuvgbEn-MSyVzQQ,12:0-21:0,12:0-21:0,12:0-21:0,12:0-21:0,12:0-22:0,10:0-22:0,10:0-15:0
IVjtjke9NC9jukMMjWXRww,17:30-23:0,17:30-23:0,17:30-23:0,17:30-1:0,17:30-2:0,17:30-2:0,17:30-23:0
NPDSmud-5U5qDUanVKgimA,11:0-23:0,11:0-23:0,11:0-23:0,11:0-23:0,11:0-1:0,11:0-1:0,11:0-23:0
M22sRJrQqttne1au0uruow,10:0-0:0,10:0-0:0,10:0-0:0,10:0-0:0,10:0-0:0,10:0-0:0,10:0-0:0
qd6bzLnddkogYbVj7SfcBg,9:0-21:0,9:0-21:0,9:0-21:0,9:0-21:0,9:0-21:0,9:0-21:0,9:0-21:0
Ms_el67lrNsKBmdEXVxl6Q,11:0-21:30,11:0-21:30,11:0-21:30,11:0-21:30,11:0-22:30,11:0-22:30,11:0-21:30
-xSlD0TO9FA-q4VpTirWUQ,11:0-22:0,11:0-22:0,11:0-22:0,11:0-22:0,11:0-3:0,11:0-3:0,11:0-22:0
INRkSdAPW2WUjVSdEPZa8A,11:0-23:0,11:0-23:0,11:0-23:0,11:0-23:0,11:0-23:0,12:0-23:0,12:0-23:0
NmOBomyz63TP9Nn2q4Z1rg,16:0-23:0,16:0-23:0,16:0-23:0,16:0-23:0,16:0-0:0,16:0-0:0,16:0-23:0
8pO590eqmSe9iLVc-d183g,11:0-23:0,11:0-23:0,11:0-23:0,11:0-23:0,11:0-23:0,11:0-23:0,15:0-23:0
2zzRaxhpouEjGaDh9R6meA,11:0-0:0,11:0-0:0,11:0-0:0,11:0-0:0,11:0-2:0,10:0-2:0,10:0-0:0
01Ov9eDxKRY5k6ImMdiWLQ,10:0-6:0,10:0-6:0,10:0-6:0,10:0-6:0,10:0-6:0,10:0-6:0,10:0-6:0
I-KFzdnJcqbUHOAdO2I7Ig,12:0-22:0,12:0-22:0,12:0-22:0,12:0-22:0,12:0-0:0,12:0-22:0,12:0-22:0
jqv3JbLv6K9Sgukf5fijOw,11:0-23:0,11:0-23:0,11:0-23:0,11:0-23:0,11:0-23:0,11:0-23:0,11:0-23:0
X8lqAVOWrTih72sEEIEPSw,11:0-0:0,11:0-22:0,11:0-0:0,11:0-22:0,11:0-0:0,11:0-23:0,11:0-22:0
3QzPhQ3ltbon0-1gC7Q18Q,11:0-0:0,11:0-0:0,11:0-0:0,11:0-0:0,11:0-0:0,11:0-0:0,11:0-0:0
eCJDiRPoSuA0bsb7F1gNUA,11:0-21:30,11:0-21:30,11:0-21:30,11:0-21:30,11:0-21:30,11:0-21:30,16:0-21:0
mfcPR3V14i-GgkLlVtnNfw,0:0-0:0,11:30-21:0,11:30-21:0,11:30-21:0,11:30-16:0,11:0-23:0,11:0-17:0
uWWqoGI4LqyhA88_lMiqmQ,11:0-0:0,11:0-0:0,11:0-0:0,11:0-2:0,11:0-4:0,11:0-4:0,11:0-0:0
Wioq6qPtllKPXPkStKbWFw,10:0-22:30,10:0-22:30,10:0-22:30,10:0-22:30,10:0-16:30,10:0-16:0,10:30-22:0
rSiSZlTzHi4Ox_rFHe9CdA,9:0-22:0,9:0-22:0,9:0-22:0,9:0-22:0,9:0-22:0,9:0-22:0,9:0-22:0
1g29d62cEojB-7mX7p8AzQ,16:0-22:30,16:0-22:30,16:0-22:30,16:0-22:30,16:0-22:30,16:0-22:30,16:0-22:30
PsYU8cEDE3oewzKCyVt5bw,11:30-22:30,11:30-22:30,11:30-22:30,11:30-22:30,11:30-22:30,11:30-22:30,11:30-22:0
1mSAHgRm_sbDslTgeId2Mg,10:0-0:0,10:0-0:0,10:0-0:0,10:0-0:0,10:0-1:0,10:0-1:0,10:0-0:0
YNHvFEvp9VDNwX5VhRanYQ,11:0-21:0,11:0-21:0,11:0-21:0,11:0-21:0,11:0-22:0,11:0-22:0,11:0-21:0
vCD4a4nLeafjsNImVrCKXg,11:0-2:0,11:0-2:0,11:0-2:0,11:0-2:0,11:0-2:0,11:0-2:0,11:0-2:0
xYXXe5tikoTEH-g1O0uUdQ,6:0-23:0,6:0-23:0,6:0-23:0,6:0-23:0,6:0-23:0,6:30-23:0,6:30-22:0
bAPjkuNJ67j2F4C5HQQHhQ,11:0-22:0,11:0-22:0,11:0-22:0,11:0-22:0,11:0-22:0,12:0-22:0,12:0-22:0
H6DSoGPuc-iXAwZ_DZJ0Bg,9:0-19:0,9:0-19:0,9:0-19:0,9:0-19:0,9:0-19:0,9:0-19:0,9:0-16:0
YAiHkQAQ9sm23V1CyNT2zQ,0:0-0:0,6:0-6:0,6:0-6:0,6:0-6:0,6:0-6:0,6:0-6:0,6:0-6:0
GuMwlyen4iXke5IWi7HPiA,10:0-21:0,10:0-21:0,10:0-21:0,10:0-21:0,10:0-21:0,9:30-18:0,12:0-17:0
AH0S8pIC160m-vtfbUwA3g,7:0-21:0,7:0-21:0,7:0-21:0,7:0-21:0,7:0-21:0,7:0-21:0,7:0-21:0
nSVmtXY0euDxcWXo6Pu8XQ,11:30-21:0,11:30-21:0,11:30-22:0,11:30-22:0,11:30-0:0,12:0-0:0,12:0-20:0
dVQFNgVlnxgitEXDQR7tfA,11:0-21:0,11:0-21:0,11:0-21:0,11:0-21:0,11:0-21:0,11:0-21:0,11:0-21:0
tEfmHuo_dNanyTaC5PyoOQ,17:30-22:0,17:30-22:0,17:30-22:0,17:30-23:0,17:30-23:0,17:30-23:0,17:30-22:0
yVmJdzstj6fQf7DyObvB7A,10:0-2:0,10:0-2:0,10:0-2:0,10:0-2:0,10:0-2:30,10:0-2:30,10:0-2:30
iomyYWs9m6-SucLAcY3WTg,11:30-22:0,11:30-2:0,11:30-2:0,11:30-2:0,11:30-2:0,11:30-2:0,10:30-22:0
VZOQ2-cUP8bfCn7Q7ix9HQ,14:0-1:0,14:0-1:0,14:0-1:0,14:0-2:0,11:30-2:0,10:0-2:0,10:0-2:0
z01_gDUfmedOuX2UZYF33w,10:30-21:30,10:30-21:30,10:30-21:30,10:30-21:30,10:30-21:30,10:30-21:30,10:30-21:30
ZnUBkQrpRQDk_Y0hPtlgNw,10:0-20:0,10:0-20:0,10:0-20:0,10:0-20:0,10:0-20:0,9:0-20:0,9:0-20:0
364hhL5st0LV16UcBHRJ3A,0:0-0:0,17:0-21:0,17:0-20:0,17:0-19:30,18:0-21:0,17:0-21:0,17:0-21:0
9cM7MCXiHuosXpD-z-ozZQ,7:0-22:0,7:0-22:0,7:0-22:0,7:0-22:0,7:0-22:0,7:0-22:0,7:0-22:0
r-Vzn1yEA1IWjkvTdvUXDQ,11:0-0:0,11:0-0:0,11:0-1:0,11:0-1:0,11:0-2:0,11:0-2:0,11:0-0:0
tvu6MBZKZKHz17cbF1zIZA,10:0-23:0,10:0-23:0,11:0-23:0,11:0-21:0,10:0-2:0,10:0-2:0,10:0-23:0
KOAYl73BQ-2tQe0Q-SA9jQ,17:0-22:0,17:0-22:0,17:0-23:0,17:0-23:0,17:0-23:30,17:0-23:30,17:0-22:0
J7EUrh1q3lgENaoTrHZl_w,11:30-22:0,11:30-22:0,11:30-22:0,11:30-22:0,11:30-23:0,11:0-23:0,11:0-22:0
lTeu5RyJDQwR3-iQ0iLXjw,10:30-20:30,10:30-20:30,10:30-20:30,10:30-20:30,10:30-20:30,10:30-20:30,10:30-20:30
89Nhx37ddA8isjGnOQaGVw,10:0-22:0,10:0-22:0,10:0-22:0,10:0-22:0,10:0-5:0,10:0-5:0,10:0-5:0
CNrbvdH2DsnWOu9vHxiKAQ,6:0-21:0,6:0-21:0,6:0-21:0,6:0-21:0,6:0-21:0,6:0-17:0,8:0-15:0
TTpgjbrSyxwHHzE5bIF-Rw,17:30-22:0,17:30-22:0,17:30-22:0,17:30-22:0,17:30-22:0,17:30-22:0,17:30-22:0
aMWcnH5b5_B2tlquZnLBHw,12:0-3:0,12:0-3:0,12:0-3:0,12:0-3:0,12:0-4:0,12:0-4:0,12:0-3:0
so0r9bIwUeguiAWOe4uuSA,0:0-0:0,11:0-20:0,11:0-20:0,11:0-20:0,11:0-21:0,11:0-21:0,12:0-17:0
_L5M_qDbdfpy6ryCDJjlmg,11:0-22:0,11:0-22:0,11:0-22:0,11:0-22:0,11:0-23:0,11:0-23:0,12:0-21:0
i3agjxn_g8U3Agev8_ys1w,10:0-2:0,10:0-2:0,10:0-2:0,10:0-2:0,10:0-2:0,8:0-2:0,8:0-2:0
fUKi8LlQhzsGntuZjfvLWg,11:0-21:0,11:0-21:0,11:0-21:0,11:0-21:0,11:0-21:0,11:0-21:0,11:0-21:0
lylSHoRLfD5bc_DBUvZiOQ,11:0-21:0,11:0-21:0,11:0-21:0,11:0-21:0,11:0-22:0,11:0-22:0,11:0-21:0
m3XyLvnOVvt-jECDnEWuwA,6:0-6:0,6:0-6:0,6:0-6:0,6:0-6:0,6:0-6:0,6:0-6:0,6:0-6:0
1MrSwj8i2VEBHdp3IsWCpQ,11:0-22:0,11:0-22:0,11:0-22:0,11:0-22:0,11:0-22:0,11:0-22:0,11:0-22:0
7lvogweL-b7av26TUOCf4w,11:0-23:0,11:0-23:0,11:0-23:0,11:0-23:0,11:0-23:0,11:0-23:0,11:0-23:0
S2tS29tQqXPrLWP3iIxEsw,11:0-0:0,11:0-0:0,11:0-0:0,11:0-0:0,11:0-0:0,11:0-0:0,11:0-0:0
VAhDMG64OqR3WNODHMhMtg,11:30-2:0,11:30-2:0,11:30-2:0,11:30-2:0,11:30-2:0,10:0-2:0,10:0-2:0
Erf_MwkL0Gls3tCJvz41-A,11:30-21:0,11:30-21:0,11:30-21:0,11:30-21:0,11:30-21:0,17:0-21:0,17:0-21:0
jWv5GUtEp30OD5L5C8c2DQ,6:0-15:0,6:0-15:0,6:0-15:0,6:0-15:0,6:0-15:0,7:0-14:0,7:0-14:0
hl0b5B_I5xdNYC_w4Ut4ew,11:0-21:0,11:0-21:0,11:0-21:0,11:0-21:0,11:0-22:0,12:0-22:0,12:0-20:0
0AQnRQw34IQW9-1gJkYnMA,11:0-23:0,11:0-23:0,11:0-23:0,11:0-1:0,11:0-2:0,11:0-2:0,11:0-22:0
1dI4oRq8wQrMs15nnj9TLA,11:0-0:0,11:0-0:0,11:0-0:0,11:0-3:0,11:0-4:0,11:0-4:0,11:0-0:0
pwXkM4yHrcojgnx2qJQt7A,11:0-22:0,11:0-22:0,11:0-22:0,11:0-22:0,11:0-22:0,11:0-22:0,11:0-22:0
aMT1FXZvm2_bmJT6QoLV8A,11:0-23:0,11:0-23:0,11:0-23:0,11:0-23:0,11:0-23:0,11:0-23:0,11:0-23:0
A2Hj_dI1zPdBS4PJeN2FvQ,10:0-22:0,10:0-22:0,10:0-22:0,10:0-22:0,10:0-22:0,10:0-22:0,10:0-22:0
soKqQLWJz9RnHKQ0OF910g,10:0-16:0,10:0-16:0,10:0-16:0,10:0-16:0,10:0-16:0,10:0-16:0,18:0-22:0
8wDBrUPxtr94ThJQ6WjD3A,11:0-0:0,11:0-0:0,11:0-0:0,11:0-0:0,11:0-0:0,11:0-0:0,11:0-0:0
eTt2dhbn-s2hXAelg93yPQ,11:0-21:0,11:0-21:0,11:0-21:0,11:0-21:0,11:0-21:0,11:0-21:0,12:0-21:0
FDVsDjkHWfDYAqgKdMsD9A,11:0-20:0,11:0-20:0,11:0-20:0,11:0-20:0,11:0-20:0,12:0-18:0,12:0-18:0
jG46RAFm2kWshUIZ4HoJtg,17:0-21:0,17:0-21:0,17:0-21:0,17:0-21:0,17:0-22:0,17:0-22:0,17:0-21:0
fnIYKuME5bdxjifvHbP45Q,9:0-21:0,9:0-21:0,9:0-21:0,9:0-21:0,9:0-21:0,9:0-21:0,9:0-21:0
tt1ERGD9RSfQIwX2ANyJ1g,11:0-21:0,11:0-21:0,11:0-21:0,11:0-21:0,11:0-21:0,11:0-21:0,11:0-21:0
glVCZzuFSnf24UGYsOl2Vw,0:0-0:0,0:0-0:0,0:0-0:0,0:0-0:0,0:0-0:0,0:0-0:0,0:0-0:0
6MhY_9EkUkKCvvN8rzXZzg,11:0-21:30,11:0-21:30,11:0-21:30,11:0-21:30,11:0-22:0,11:0-22:0,11:0-21:0
NUpRBNSWuhRQ2tze3-A-Ng,7:0-22:0,7:0-22:0,7:0-22:0,7:0-22:0,7:0-22:0,7:0-22:0,7:0-22:0
wo5r_5DGI0vSJTKBTxo5Bw,11:0-22:0,11:0-22:0,11:0-22:0,11:0-22:0,11:0-23:0,11:0-23:0,11:0-22:0
ae1UMj40ITqSYa5MQM8zTA,17:30-22:0,17:30-22:0,17:30-22:0,17:30-22:0,17:30-23:0,17:30-23:0,17:30-22:0
PLQl-y06iPOEaqsy_nx-Eg,0:0-0:0,12:0-22:0,12:0-22:0,12:0-22:0,12:0-0:0,12:0-0:0,21:0-3:0
Jqq2XanLzqc3T8GS8Eo1EA,11:30-20:30,11:30-22:0,11:30-22:0,11:30-22:0,11:30-22:0,11:30-22:0,11:30-20:30
P9srGF_edclaYfYZjy_kgg,10:0-19:30,10:0-19:30,10:0-19:30,10:0-19:30,10:0-19:30,10:0-19:30,10:0-19:30
fAUfD8euC65DUoUgvcwwKw,12:0-19:0,12:0-19:0,12:0-19:0,12:0-19:0,12:0-19:0,12:0-19:0,12:0-19:0
av5C53NPx8Z2s34T0g1QbA,11:0-19:0,11:0-19:0,11:0-19:0,11:0-19:0,11:0-19:0,11:0-19:0,11:0-18:0
CuSXvUwz5k-LEuLN0jbBZA,16:0-0:0,16:0-0:0,16:0-2:0,16:0-2:0,16:0-2:0,22:30-2:0,22:30-2:0
fhNf_sg-XzZ3e7HEVGuOZg,11:0-22:0,11:0-22:0,11:0-22:0,11:0-22:0,11:0-22:0,11:0-22:0,11:0-22:0
G80cs2ZxLzjUkMutWdXU1w,9:0-9:0,9:0-9:0,9:0-9:0,9:0-9:0,9:0-9:0,9:0-9:0,9:0-9:0
8v1nk5EcCyEKK61ohAh5Og,11:0-21:0,11:0-21:0,11:0-21:0,11:0-21:0,11:0-21:0,11:30-21:0,11:30-21:0
d3olNIBeuH4Eeqc3mkX8LA,10:30-22:30,10:30-22:30,10:30-22:30,10:30-22:30,10:30-22:30,10:30-22:30,10:30-22:30
C_6viXfXuKxYLXjRmWutvg,11:0-20:0,11:0-20:0,11:0-20:0,11:0-20:0,11:0-20:0,11:0-20:0,11:0-20:0
-3VEk6j5XnEnOOthoY2jYQ,6:0-21:0,6:0-21:0,6:0-21:0,6:0-21:0,6:0-21:0,6:0-21:0,6:0-21:0
52p6b51oPNIwWBXuvIao1A,10:0-22:0,10:0-22:0,10:0-22:0,10:0-22:0,10:0-2:0,10:0-2:0,10:0-20:0
-zo0R_6vW6JlJeoX2GHA-w,11:0-0:0,11:0-0:0,11:0-0:0,11:0-0:0,11:0-1:0,10:0-1:0,10:0-23:0
A7jbtXYFAZhErOW7xIQinA,9:0-2:0,9:0-2:0,9:0-2:0,9:0-2:0,9:0-2:0,9:0-2:0,9:0-2:0
sHXIiGercy22UVpwMMmYng,11:0-0:0,11:0-0:0,11:0-0:0,11:0-0:0,11:0-1:0,10:0-1:0,10:0-0:0
d_z8xew4Le3l9nc832rDpg,11:0-2:0,11:0-2:0,11:0-2:0,11:0-2:0,11:0-2:0,11:0-2:0,11:0-2:0
ndH2LFHRKxM1RWHmtvZdOA,11:0-0:0,11:0-0:0,11:0-2:0,11:0-2:0,11:0-2:0,16:0-2:0,16:0-0:0
L92FWHOSZVuk8wjTloCigQ,11:0-23:0,11:0-23:0,11:0-23:0,11:0-23:0,11:0-23:0,11:0-23:0,11:0-23:0
BdDshFHVrqHEFZqClPSkqw,0:0-0:0,7:30-18:30,7:30-18:30,7:30-18:30,7:30-16:0,7:30-18:30,8:0-16:0
w_PVPmGVxQvgeweuFEsrTQ,17:0-21:30,17:0-21:30,17:0-21:30,17:0-21:30,17:0-22:30,17:0-22:30,17:0-21:30
CFGmRESf9QajghUrc__akg,10:0-21:0,10:0-21:0,10:0-21:0,10:0-21:0,10:0-21:0,11:0-20:0,10:0-21:0
ClhtMU28MYuf7CAtmkIDCg,11:0-3:0,11:0-3:0,11:0-3:0,11:0-3:0,11:0-3:0,11:0-3:0,11:0-3:0
-e_UQJVTzIPweX4TcPUYVw,11:0-2:0,11:0-2:0,11:0-2:0,11:0-2:0,11:0-2:0,11:0-2:0,10:0-2:0
HiCNLB9cCWVHnbzHeN2daA,11:0-21:0,11:0-21:0,11:0-21:0,11:0-21:0,11:0-21:0,14:0-0:0,14:0-0:0
astpBnUjzZEQEAvgn_113Q,12:0-23:0,12:0-23:0,12:0-23:0,12:0-23:0,12:0-23:0,12:0-23:0,12:0-23:0
gAt8Vbrf4FiLqLIhkA4bZg,17:0-23:0,17:0-23:0,17:0-23:0,17:0-23:0,17:0-23:0,17:0-23:0,17:0-23:0
4E309lwPu65lXyaeuLRETQ,8:0-0:0,8:0-0:0,8:0-0:0,8:0-0:0,8:0-0:0,8:0-0:0,8:0-0:0
dK9aepfn_fmKa1wCGxIUkQ,0:0-0:0,11:0-21:0,11:0-21:0,11:0-21:0,11:0-21:0,11:0-21:0,11:0-21:0
xAg2w4pxJURbB2edAg2wMQ,11:0-21:30,11:0-21:30,11:0-21:30,11:0-21:30,11:0-22:0,10:0-22:0,10:0-21:0
B_eq-9vINgR0m1PwgUp5aw,11:0-2:0,11:0-2:0,11:0-2:0,11:0-2:0,11:0-2:0,9:0-2:0,9:0-15:30
Yea_hg7GjYfOOzMeBSUNjg,9:0-20:0,9:0-20:0,9:0-20:0,9:0-20:0,9:0-21:0,9:0-21:0,9:0-20:0
m4_qthbDlYptibVQ1SCvNA,7:0-20:0,7:0-20:0,7:0-20:0,7:0-20:0,7:0-20:0,8:0-19:0,9:0-18:0
YmY9lwUzXtT9b56AWe03zQ,11:0-21:0,11:0-21:0,11:0-21:0,11:0-21:0,11:0-21:0,11:0-21:0,11:0-21:0
rCijkoXaqx3DwL-Qp_Vy7A,6:30-14:30,6:30-14:30,6:30-14:30,6:30-14:30,6:30-14:30,6:30-14:30,6:30-14:30
spnbqpkQsY79i5dL5qiRUg,11:0-0:0,11:0-0:0,11:0-0:0,11:0-0:0,11:0-0:0,9:0-0:0,9:0-0:0
OyiOg9GYKzHI19EbnWqL8A,16:0-23:30,16:0-23:30,11:30-2:0,11:30-0:0,11:30-2:0,10:0-2:0,10:0-22:0
qR_7AxFKqasD9fiF17152g,17:0-22:30,17:0-22:30,17:0-22:30,17:0-22:30,17:0-23:0,17:0-23:0,17:0-23:0
ZOmf-3NN4Z59b2Fw6VAM7g,8:0-15:0,8:0-15:0,8:0-15:0,8:0-15:0,8:0-15:0,8:0-15:0,8:0-15:0
g6w4kX7tvCqGKAxr07aBQA,6:0-6:0,6:0-6:0,6:0-6:0,6:0-6:0,6:0-6:0,6:0-6:0,6:0-6:0
ZL_EMDDN4QQ8tm6oXduArg,11:30-23:0,11:30-23:0,11:30-23:0,11:30-23:0,11:30-23:0,17:0-23:0,17:0-23:0
SXV_yKYUAFvQJirAhF0tWQ,11:0-23:0,11:0-23:0,11:0-23:0,11:0-23:0,11:0-0:0,11:0-0:0,11:0-23:0
NUjvyCh_0L5BJsdYf_JtfQ,12:0-22:0,12:0-22:0,12:0-22:0,12:0-22:0,12:0-0:0,12:0-0:0,12:0-22:0
UWuB3vikQmf0-x2ZXjxdmg,10:30-20:0,10:30-20:0,10:30-20:0,10:30-21:0,10:30-21:0,10:30-21:0,11:0-20:0
JTgu-UYrJuYlwmwXUu4ADw,11:0-23:0,11:0-23:0,11:0-23:0,11:0-23:0,11:0-0:0,12:0-0:0,12:0-22:0
pnuvweJUwuXr_E2BfoBHdA,11:0-0:0,11:0-0:0,11:0-0:0,11:0-0:0,11:0-4:0,11:0-4:0,11:0-0:0
1JgaRBX0oiRsvEhHF3ZMjw,11:0-21:0,11:0-21:0,11:0-21:0,11:0-21:0,11:0-21:0,11:0-21:0,12:0-21:0
npWsKb9Z7IBxAmKPwGO3zQ,11:0-0:0,11:0-0:0,11:0-0:0,11:0-2:0,11:0-2:0,11:0-2:0,11:0-0:0
lNmUmSwZtD0JMR5wln8DTQ,8:0-22:0,8:0-22:0,8:0-22:0,8:0-22:0,8:0-22:0,8:0-22:0,9:0-22:0
KBA0yGsblufetQgs6Sm_nQ,10:0-21:0,10:0-21:0,10:0-21:0,10:0-21:0,10:0-22:0,10:0-22:0,10:0-22:0
rYG3Bbsf3u2P4N4ZxQXyKw,8:0-16:0,8:0-16:0,8:0-16:0,8:0-16:0,8:0-16:0,8:0-16:0,8:0-16:0
_05kkfNQcAsj8eh-9wzI4w,11:30-21:0,11:30-21:0,11:30-21:0,11:30-21:0,11:30-21:0,11:30-21:0,11:30-21:0
vsprMws280jndHH-ZKwdcQ,11:0-22:0,11:0-22:0,11:0-22:0,11:0-22:0,11:0-23:0,11:0-23:0,11:0-22:0
VbFGfmrl0VtXc10vKpj5aw,17:0-23:0,17:0-23:0,17:0-23:0,17:0-23:0,17:0-23:0,17:0-23:30,11:30-22:0
5zpAZqSrsdltaduk67jOow,16:30-23:0,16:30-23:0,16:30-23:0,16:30-23:0,16:30-23:0,16:30-23:0,16:0-23:0
PG9I7ZfeXV4UKVXo-yciLw,6:0-11:0,6:0-11:0,6:0-11:0,6:0-11:0,6:0-11:0,6:0-12:0,6:0-13:0
BKS84YsIa29AgW9uPGgdcw,11:0-22:0,11:0-22:0,11:0-22:0,11:0-22:0,11:0-22:0,11:0-22:0,11:0-22:0
Ksz-HV_hafeeEQe9Zaos_Q,10:0-0:0,10:0-0:0,10:0-0:0,10:0-0:0,10:0-0:0,10:0-0:0,10:0-0:0
KsNZgnE0tFblW4Rfu72mZg,10:0-21:0,10:0-21:0,10:0-21:0,10:0-22:0,10:0-22:0,10:0-22:0,10:0-21:0
4QA_ouM1caNWoKuFiXFTcg,7:0-21:0,7:0-21:0,7:0-21:0,7:0-21:0,7:0-21:0,7:0-17:0,8:0-17:0
KWTv8elo9HiN9sIKvN0_bQ,11:0-8:30,11:0-8:30,11:0-8:30,11:0-8:30,11:0-8:30,11:0-8:30,11:0-8:30
VsHhy9ixEze-AxNYt6UxLA,11:0-21:0,11:0-21:0,11:0-21:0,11:0-21:0,11:0-21:0,14:30-21:0,14:30-21:0
RWYQMss0RzbtDGGwRI3iaQ,11:0-2:0,11:0-23:0,11:0-23:0,11:0-1:0,11:0-2:0,11:0-2:0,11:0-23:0
VYNriOotbFZ7Qj_6jwUB5g,15:0-22:0,15:0-22:0,15:0-22:0,15:0-22:0,15:0-23:0,16:0-23:0,16:0-23:0
ud4410hDak6LxcXzCOy1kw,11:0-20:0,11:0-20:0,11:0-20:0,11:0-20:0,11:0-20:0,11:0-20:0,11:0-20:0
ziGwa9EEOHMaPWbdp8tSDg,9:0-21:0,9:0-21:0,9:0-21:0,9:0-21:0,9:0-21:0,9:0-21:0,11:0-19:0
kZEz0x4wI6R9pdklX22MDA,15:0-1:0,15:0-1:0,15:0-1:0,15:0-2:0,15:0-2:0,15:0-2:0,15:0-1:0
JsAjP49bCk9KjJmmmjyM4w,8:0-17:0,8:0-18:0,8:0-18:0,8:0-18:0,8:0-18:0,8:0-18:0,9:0-17:0
INuaxyGB7eE_6xMtYUersg,9:0-23:0,9:0-23:0,9:0-23:0,9:0-23:0,9:0-1:0,9:0-1:0,9:0-23:0
bipVXy6DVI0xJaXscBwdXQ,0:0-0:0,0:0-0:0,0:0-0:0,0:0-0:0,0:0-0:0,0:0-0:0,0:0-0:0
aPSRMtV2V7MPXi6DU_UlRA,10:0-20:0,10:0-20:0,10:0-20:0,10:0-20:0,10:0-20:0,10:0-20:0,11:0-20:0
38fDU-Bh7eD2oETpF24pAA,6:30-21:0,6:30-21:0,6:30-21:0,6:30-21:0,6:30-21:0,10:0-22:0,10:0-19:0
ALwfJk1g56dz8ehgYJNrdg,11:0-23:0,11:0-23:0,11:0-23:0,11:0-23:0,11:0-0:0,11:0-0:0,11:0-22:0
nuRLQaPYbH6raFgSv-C_8g,11:0-23:0,11:0-23:0,11:0-23:0,11:0-23:0,11:0-23:0,11:0-23:0,11:0-23:0
2EG3Bf77vr0avHVnlmd03g,10:0-22:0,10:0-22:0,10:0-22:0,10:0-22:0,10:0-22:0,10:0-22:0,10:0-22:0
WRrceQnznqiBVOanZEosqA,17:30-22:0,17:30-22:0,17:30-22:0,17:30-22:0,17:30-22:0,17:30-22:0,17:30-22:0
-FveSBaantlFExq__ESLcw,11:0-19:0,11:0-19:0,11:0-19:0,11:0-19:0,11:0-19:0,11:0-19:0,11:0-15:0
8Qs6f026h6sU6MAzL7JJjg,11:0-20:0,11:0-20:0,11:0-20:0,11:0-20:0,11:0-20:0,11:0-20:0,11:0-20:0
ylwIzIHOjk5ECMoD6Af-cg,11:0-23:0,11:0-23:0,11:0-23:0,11:0-23:0,11:0-23:0,11:0-23:0,11:0-23:0
9Jc3W0aR9Xf2gcHI0rEXsw,16:0-23:0,16:0-23:0,16:0-23:0,16:0-23:0,16:0-0:0,16:0-0:0,16:0-23:0
ow5ku7hfMqU94mylTd3WlQ,12:0-21:0,12:0-21:0,12:0-21:0,12:0-21:0,12:0-22:0,12:0-22:0,12:0-22:0
g1j8COaztNostGlxssCCVA,9:0-19:0,9:0-19:0,9:0-19:0,9:0-19:0,9:0-19:0,10:0-18:0,10:0-18:0
aaKBdwiII2LXlWAqu6AK1g,11:30-22:0,11:30-22:0,11:30-22:0,11:30-23:0,11:30-23:0,15:0-23:0,16:0-21:0
CgnHLwWbteqb8qxcZgBLyw,11:0-22:0,11:0-22:0,11:0-22:0,11:0-22:0,11:0-22:0,11:0-22:0,11:0-22:0
yRqMaiW2BQNG-mo-9pljnA,7:0-19:0,7:0-19:0,7:0-19:0,7:0-19:0,7:0-19:0,9:0-16:0,9:0-16:0
dIqMQYs6tmowQUygS8sQ6A,7:0-0:0,7:0-0:0,7:0-0:0,7:0-0:0,7:0-6:0,6:0-6:0,6:0-0:0
AqKWtFTREQ_PFSYiIWnBgw,10:30-21:0,10:30-21:0,10:30-21:0,10:30-21:0,10:30-21:0,10:30-21:0,11:0-20:0
CcvALKrGiibvix6MuHtAng,11:0-22:0,11:0-22:0,11:0-22:0,11:0-22:0,11:0-22:0,8:0-22:0,8:0-22:0
h7vh4Ai3-W4e1sMKhJUNQw,11:30-23:0,11:30-23:0,11:30-23:0,11:30-23:0,11:30-23:0,11:30-23:0,11:30-23:0
Cv6U-7HrrkKuh-_ec7EktQ,7:0-21:0,7:0-21:0,7:0-21:0,7:0-21:0,7:0-21:0,7:0-21:0,7:0-21:0
JGM-SxW_vayu0fBch-U2FQ,16:0-0:0,16:0-0:0,16:0-0:0,16:0-2:0,16:0-2:0,16:0-2:0,16:0-0:0
GWCd4xlTdOwcaaSSu9b9XQ,10:0-22:0,10:0-22:0,10:0-22:0,10:0-22:0,10:0-23:0,10:0-23:0,10:0-22:0
5O7qB4gNmr3NgdYAuYbP4Q,17:0-22:30,17:0-22:30,17:0-22:30,17:0-22:30,17:0-22:30,17:0-22:30,17:0-22:30
vtkJXE_Vdz27rWm6mfAw6Q,9:0-1:0,9:0-1:0,9:0-1:0,9:0-1:0,9:0-1:0,9:0-1:0,9:0-1:0
GD99qIgZ-QeIY4thevw9Iw,11:30-22:0,11:30-22:0,11:30-22:0,11:30-22:0,11:30-22:0,12:0-22:0,15:0-21:0
y1AM7MeCN3HaS7SHnxcBfQ,17:0-23:0,17:0-23:0,17:0-23:0,17:0-23:0,17:0-23:0,17:0-23:0,17:0-23:0
liGn7sPOvUuy3kcwbhRkbA,11:0-1:0,11:0-1:0,11:0-1:0,11:0-1:0,11:0-1:0,11:0-1:0,11:0-1:0
qeQDbldV5n-wUu9zflp01w,11:0-22:0,11:0-22:0,11:0-22:0,11:0-22:0,11:0-2:0,11:0-2:0,11:0-22:0
OT5Zx-54Y_sPoMOWEDidsw,9:0-17:0,9:0-1:0,9:0-1:0,9:0-2:0,9:0-2:0,9:0-2:0,9:0-1:0
WS9BUR9E1I6JIIP_OTDkLg,8:30-21:0,8:30-21:0,8:30-21:0,8:30-21:0,8:30-21:0,8:30-21:0,8:30-21:0
FFHumlHPngG8fqq3wnqqcA,11:0-20:0,11:0-20:0,11:0-20:0,11:0-20:0,11:0-3:45,12:0-3:45,12:0-19:45
-LyGT6bztmvWd3_pa93YDg,11:0-21:0,11:0-21:0,11:0-21:0,11:0-21:0,11:0-21:0,11:0-21:0,12:0-20:0
Wl8i136FAmPmwTsDr4Eqzw,10:0-21:0,10:0-21:0,10:0-21:0,10:0-21:0,10:0-21:0,10:0-21:0,10:0-18:0
lpcniW0cBbQMSmksTrD_2Q,17:0-22:0,17:0-22:0,17:0-22:0,17:0-22:0,17:0-22:0,17:0-22:0,17:0-22:0
GdE5ZF7XMDyjwBVB_5qszA,10:0-21:0,10:0-21:0,10:0-21:0,10:0-21:0,10:0-21:0,10:0-21:0,10:0-21:0
y5fwt6pAKnvYOSn-xOUepA,21:0-23:0,21:0-23:0,21:0-23:0,21:0-23:0,21:0-0:0,16:0-0:0,16:0-23:0
JpPguWEzvNATjUJ48xCj8g,0:0-0:0,10:0-21:0,10:0-21:0,10:0-21:0,10:0-22:0,10:0-22:0,10:0-21:0
k5azd7T8eqESrOP9TkBjOw,11:0-2:0,11:0-2:0,11:0-2:0,11:0-2:0,11:0-2:0,11:0-2:0,11:0-2:0
61pecmfztHO2SLs-WRkwVg,8:0-2:0,8:0-2:0,8:0-2:0,8:0-2:0,8:0-2:0,8:0-2:0,8:0-2:0
PlMJAouo0D0ZXHkCDj6eeg,6:0-22:0,6:0-22:0,6:0-22:0,6:0-22:0,6:0-23:0,6:0-1:0,6:0-22:0
k2H--NUMZUivgm_McnVKzw,12:0-2:0,12:0-2:0,12:0-2:0,12:0-2:0,12:0-3:0,12:0-3:0,12:0-1:30
8_mXYs-ZOqDGS7ifAjaocA,12:0-20:0,12:0-20:0,12:0-20:0,12:0-21:0,12:0-21:0,12:0-21:0,12:0-19:0
HUwzarG0givckxXWTF5lIQ,0:0-0:0,9:0-21:0,12:0-21:0,12:0-21:0,12:0-21:0,12:0-21:0,12:0-21:0
Upy7hkpIACL8-GvBGa2FSg,11:0-21:0,11:0-21:0,11:0-21:0,11:0-21:0,11:0-21:0,11:0-21:0,11:0-21:0
7T7IaK6WGQccQS0UjJmmmQ,11:0-23:0,11:0-23:0,11:0-23:0,11:0-23:0,11:0-1:0,11:0-1:0,11:0-23:0
LkMtMHVetws5_7QfRjPtlg,6:0-6:0,6:0-6:0,6:0-6:0,6:0-6:0,6:0-6:0,6:0-6:0,6:0-6:0
X5ktZZOu3lcsb_XaJ-7NtA,11:0-23:0,11:0-23:0,11:0-23:0,11:0-23:0,11:0-23:0,11:0-23:0,12:0-23:0
HZ1nss1kZrSMLSRQEo2vkQ,15:0-23:0,15:0-23:0,15:0-23:0,15:0-0:0,15:0-1:0,11:0-1:0,10:30-23:0
3IwCop28R1_L5jMv6AkL8Q,10:0-23:0,10:0-23:0,10:0-23:0,10:0-23:0,10:0-0:0,10:0-0:0,10:0-23:0
VjLwITncAngZjGnOL0prCA,11:0-21:30,11:0-21:30,11:0-21:30,11:0-21:30,11:0-22:0,11:0-22:0,11:0-21:30
JC7HF7jRVqULhTOTE2n6ug,0:0-0:0,0:0-0:0,0:0-0:0,0:0-0:0,0:0-0:0,0:0-0:0,0:0-0:0
-MmAW2x9vMGuhVcALU7QRw,0:0-0:0,0:0-0:0,0:0-0:0,0:0-0:0,0:0-0:0,0:0-0:0,0:0-0:0
d9-cB0XbM6NGW_-7DxDE3g,9:0-21:0,9:0-21:0,9:0-21:0,9:0-21:0,9:0-21:0,9:0-21:0,10:0-21:0
xzF47YDO44Dv5sa5bedPdg,16:0-0:0,16:0-0:0,16:0-0:0,11:30-0:0,11:30-2:0,11:30-2:0,11:30-0:0
Tw1CgJ8MHax1orR3gBJl7g,16:0-21:0,16:0-21:0,16:0-21:0,16:0-21:0,16:0-22:0,16:0-22:0,16:0-21:0
EbSX56Nddv-AcYlt58m0kg,0:0-0:0,0:0-0:0,0:0-0:0,0:0-0:0,0:0-0:0,0:0-0:0,0:0-0:0
DPA9MQKkCqT0qnevsG740A,11:0-22:0,11:0-22:0,11:0-22:0,11:0-22:0,11:0-23:0,11:0-23:0,16:0-22:0
88YhJ1Dfh8Y3uD7YoAxfHw,11:0-20:0,11:0-20:0,11:0-20:0,11:0-20:0,11:0-20:0,11:0-20:0,11:0-20:0
gJm6XxUQ7uHlrh8Y8fRiuw,10:30-23:30,10:30-23:30,10:30-23:30,10:30-23:30,10:30-0:0,10:30-0:0,13:0-22:30
v-RQugtZbhnINBqrIZ9l9A,10:0-19:0,10:0-19:0,10:0-19:0,10:0-19:0,10:0-19:0,10:0-19:0,10:0-17:0
wgxQ7rnkLHcjITD3j6B_OA,11:30-21:0,11:30-21:0,11:30-21:0,11:30-21:0,11:30-22:0,11:30-22:0,11:30-21:0
yB2brwHDNOwaeazrq_dHLA,0:0-0:0,0:0-0:0,0:0-0:0,0:0-0:0,0:0-0:0,0:0-0:0,0:0-0:0
_PQ1cKw_ZtKrXNxCMgIeYA,6:0-5:30,6:0-5:30,6:0-5:30,6:0-5:30,6:0-5:30,6:0-5:30,6:0-5:30
CvGfyePXPjKt3btUj1h9uQ,10:45-20:0,10:45-20:0,10:45-20:0,10:45-20:0,10:45-20:0,10:45-20:0,10:45-20:0
6MIWAI3CX2HfGZhmWPHcDw,11:0-22:0,11:0-22:0,11:0-22:0,11:0-22:0,11:0-23:0,8:0-23:0,8:0-23:0
eof2qa2Eqws645CPu6GvLw,7:0-22:0,7:0-22:0,7:0-22:0,7:0-22:0,7:0-22:0,7:0-22:0,7:0-22:0
ls3r7doDW0p65cwMWxEIdQ,12:0-0:30,12:0-0:30,12:0-0:30,12:0-0:30,12:0-0:30,12:0-0:30,12:0-0:30
46F4FywjDlqMiHG57NF7eg,15:0-21:0,11:0-21:0,11:0-21:0,11:0-21:0,11:0-22:0,10:0-21:0,10:0-16:0
QyFciCaAJkniP506PP43ng,10:30-22:0,10:30-22:0,10:30-22:0,10:30-22:0,10:30-22:0,10:30-22:0,10:30-22:0
62HlThvB9Rm2QFu_OdXe7w,11:0-22:0,11:0-22:0,11:0-22:0,11:0-22:0,11:0-0:0,11:0-0:0,11:0-22:0
lt-_7GYVeurDgLZhstRkJw,11:0-22:0,11:0-22:0,11:0-22:0,11:0-22:0,11:0-22:0,11:0-22:0,11:0-22:0
gRdBkmXdRqUzDMkcMtt7rQ,9:0-0:0,9:0-0:0,9:0-0:0,9:0-0:0,9:0-0:0,9:0-0:0,9:0-0:0
VIDVASjenNoR2UHEo9oQug,10:0-22:0,10:0-22:0,10:0-22:0,10:0-22:0,10:0-22:0,10:0-22:0,10:0-22:0
2sdU3Fq3Wv2XQycJoJQArg,11:0-21:30,11:0-21:30,11:0-22:0,11:0-22:0,11:0-22:0,11:0-22:0,11:0-22:0
G7FRxL25QFiuVxUeTmKXjQ,11:0-22:0,11:0-22:0,11:0-22:0,11:0-22:0,11:0-22:0,16:0-22:0,16:0-22:0
G54fcIaoI89tc6X285suRA,11:0-22:0,11:0-22:0,11:0-22:0,11:0-22:0,11:0-22:0,11:0-22:0,11:0-22:0
_W-qUlstqSuWZzvIOxTEXw,11:0-22:0,11:0-22:0,11:0-22:0,11:0-22:0,11:0-22:0,10:30-22:0,10:30-21:0
HVzH8CO3e1-tjr97cF_8LA,11:0-2:0,11:0-2:0,11:0-2:0,11:0-2:0,11:0-2:0,10:0-1:0,10:0-1:0
cKIbCC5OVmrHIh8PawlI6g,11:0-23:0,11:0-23:0,11:0-23:0,11:0-23:0,11:0-1:0,11:0-1:0,11:0-23:0
aBji25npHv54Y5WJiBXX_w,7:0-12:0,7:0-12:0,7:0-12:0,7:0-12:0,7:0-12:0,7:0-12:0,7:0-12:0
fB4cb6uvz-QngtYP0fbfAw,15:30-23:0,15:30-23:0,15:30-23:0,15:30-23:0,15:30-23:0,15:30-23:0,15:30-23:0
NoSj3hV8Rlz_gUsOL4_EjQ,9:0-0:0,9:0-0:0,9:0-0:0,9:0-0:0,9:0-2:0,9:0-2:0,9:0-0:0
d4bVdEDwxmyB0M-w5vNNPg,17:30-22:0,17:30-22:0,17:30-22:0,17:30-22:0,17:30-22:0,17:30-22:0,17:30-22:0
EwUM6gGMBhrjOef0wmqKJQ,11:0-16:30,11:0-16:30,11:0-16:30,11:0-16:30,11:0-16:30,11:0-16:30,11:0-16:30
MFgm3Hc-348wR9xfKP_Zdw,11:0-20:0,10:0-20:0,10:0-20:0,10:0-20:0,10:0-22:0,10:0-22:0,11:0-20:0
AedKwfr0VdNj7Xmx70GW6g,16:0-23:0,16:0-23:0,16:0-23:0,16:0-23:0,16:0-23:0,11:0-23:0,11:0-20:0
VvYRWkQ7u1vVHJYjLhkRlQ,7:0-0:0,7:0-0:0,7:0-0:0,7:0-0:0,7:0-1:0,7:0-1:0,7:0-0:0
CrwL7Y-jdzno4mmV7CN67A,11:0-16:0,9:30-20:0,9:30-20:0,9:30-20:0,9:30-21:0,9:30-21:0,9:30-16:0
3GFwQiMc4UB5rMSi4HPy-A,10:30-22:0,10:30-22:0,10:30-22:0,10:30-22:0,10:30-22:0,10:30-22:0,10:30-22:0
YFEwCxc-9WRRVGgRv_-p7Q,11:0-22:0,11:0-22:0,11:0-22:0,11:0-22:0,11:0-22:0,11:0-22:0,11:0-22:0
OmgxgqtB7L4UEUXNi5X3Qw,11:0-21:0,11:0-21:0,11:0-22:0,11:0-21:0,11:0-21:0,11:0-21:0,11:0-21:0
l5NUIeAo6Fk-Vx4nm3Xqfg,11:0-21:30,11:0-21:30,11:0-21:30,11:0-21:30,11:0-22:0,11:0-22:0,11:0-21:30
ZZxgrXYDC6RIPrWCl9kdjA,11:0-22:0,11:0-22:0,11:0-22:0,11:0-22:0,11:0-23:0,11:0-23:0,11:0-22:0
bfmz_fm-9yvcAU29k9CD2g,11:30-21:0,11:30-21:0,11:30-21:0,11:30-21:0,11:30-21:0,11:30-21:0,13:0-21:0
EbP8eduNl-aEy2UVfs3zJA,17:30-22:30,17:30-22:30,17:30-22:30,17:30-22:30,18:30-23:30,18:30-23:30,17:30-22:30
j3gHxxRLQP9LI10dyFBPIQ,11:30-22:30,11:30-22:30,11:30-22:30,11:30-22:30,11:30-23:0,16:0-23:0,16:0-22:30
U4ZvCExEi8Chtzu9IVrkCg,10:0-22:0,10:0-22:0,10:0-22:0,10:0-22:0,10:0-22:0,10:0-22:0,12:0-22:0
4LXZzgsrM1ZyS_-uB9Od2Q,11:30-22:0,11:30-22:0,11:30-22:0,11:30-22:0,11:30-22:0,10:30-22:0,10:30-22:0
Vq36oaAd0wljJtRj8cgU3w,11:0-22:0,11:0-22:0,11:0-22:0,11:0-22:0,11:0-1:30,11:0-1:30,11:0-22:0
whlf80TxfwYCPSMqmXXpjA,9:0-19:0,9:0-19:0,9:0-19:0,9:0-19:0,9:0-18:0,9:0-18:0,9:0-18:0
rp5RXEpoAj-k3c4_QP6LMQ,11:0-21:0,11:0-21:0,11:0-21:0,11:0-21:0,11:0-21:0,11:0-21:0,11:0-18:0
etguV_MsaalPtAIy999gPQ,11:30-20:30,11:30-20:30,11:30-20:30,11:30-20:30,11:30-20:30,11:30-20:30,11:30-20:0
hU6sN5r6vayqm_RMgvPGOQ,16:0-22:0,16:0-22:0,16:0-22:0,16:0-22:0,16:0-22:0,16:0-22:0,16:0-21:0
ZrXYLXcEcDvYYBErmafobg,11:0-20:0,11:0-20:0,11:0-20:0,11:0-20:0,11:0-20:0,11:0-20:0,11:0-18:0
1nTMWMa6v-eBKkPYA3gxkQ,11:0-23:0,11:0-23:0,11:0-23:0,11:0-23:0,11:0-23:0,11:0-23:0,11:0-23:0
-nTx2BHQsQvSTC9IuTdfmw,11:0-22:0,11:0-22:0,11:0-22:0,11:0-22:0,11:0-23:0,11:0-23:0,12:0-20:0
pUUgVNS5nBSoCJsBa3fDGw,11:0-22:0,11:0-22:0,11:0-22:0,11:0-22:0,11:0-22:0,11:0-22:0,11:0-22:0
78TC3sZSYBzBsSJ0z5pyhw,17:0-22:30,17:0-22:30,17:0-22:30,17:0-22:30,17:0-22:30,17:0-22:30,17:0-22:30
gV63aLTQ06Nff0GzJ0tcUA,17:30-22:0,17:30-22:0,17:30-22:0,17:30-22:0,17:30-22:0,17:30-22:0,17:30-22:0
C0ezXYj8RkVaplq66n-TeQ,11:0-22:30,11:0-22:30,11:0-22:30,11:0-22:30,11:0-2:0,11:0-2:0,11:0-22:30
pHA8wyVcrkhI4wQ3mt6NHw,10:0-21:0,10:0-21:0,10:0-21:0,10:0-21:0,10:0-21:0,10:0-21:0,11:0-18:0
KrcXBdIlqJ4tiaWNqketug,8:0-22:0,8:0-22:0,8:0-22:0,8:0-22:0,8:0-2:0,8:0-2:0,8:0-22:0
JOf872M0OWxX18qp9fTfAQ,6:30-22:30,6:30-22:30,6:30-22:30,6:30-22:30,6:30-22:30,6:30-22:30,6:30-22:30
rFs8owHtutwwlqpU9pPIsQ,10:0-20:0,10:0-20:0,10:0-20:0,10:0-20:0,10:0-20:0,10:0-20:0,10:0-20:0
ifRadEJatro2aQWaQH4kAw,8:0-17:0,8:0-17:0,8:0-17:0,8:0-17:0,8:0-17:0,8:0-17:0,8:0-17:0
QTSCFDPcuROE8UCvGS8Fiw,11:30-23:0,11:30-23:0,11:30-23:0,11:30-23:0,11:30-23:0,11:30-23:0,11:30-22:0
mYsswaRTS-5NFUifYCW0-Q,17:0-2:0,17:0-2:0,17:0-2:0,17:0-2:0,17:0-2:0,17:0-2:0,17:0-0:0
_fTBHNW58xuw0MMbgZTz9w,11:0-21:0,11:0-21:0,11:0-21:0,11:0-21:0,11:0-21:30,11:0-21:30,11:0-21:0
2j5hnwYzS-YLJn6IFqloCw,11:0-23:0,11:0-23:0,11:0-23:0,11:0-23:0,11:0-0:0,11:0-0:0,11:0-23:0
7xXaO9deBDh_dd0JQjA-Qg,11:0-21:30,11:0-21:30,11:0-21:30,11:0-21:30,11:0-22:30,11:0-22:30,11:0-21:30
1jpYP-JNOEYCMIzP4OlGuQ,11:0-20:0,11:0-20:0,11:0-20:0,11:0-20:0,11:0-20:0,11:0-18:0,12:0-17:0
6md5a6HzI8oKkBTaOecygg,17:30-22:0,17:30-22:0,17:30-22:0,17:30-22:0,17:30-22:0,17:30-22:0,17:30-22:0
8yjGIa9pv2AWaWqxlt4DDA,16:0-23:0,16:0-23:0,16:0-23:0,16:0-23:0,12:0-0:0,12:0-0:0,12:0-23:0
SHtvOqudT3zlOdCnZjrXzQ,9:0-5:0,9:0-5:0,9:0-5:0,9:0-5:0,9:0-5:0,9:0-5:0,9:0-5:0
3m2XZFVraCiqjgLxHi5MdA,17:30-22:0,17:30-22:0,17:30-22:0,17:30-22:0,17:30-22:0,17:30-22:0,17:30-22:0
FZQ3O3sxICy1HaJLhPbGYA,10:0-21:0,10:0-21:0,10:0-21:0,10:0-21:0,10:0-22:0,10:0-22:0,11:0-20:0
jvwzhzA9vsfJHCdlbLkHZw,11:0-21:30,11:0-21:30,11:0-21:30,11:0-21:30,11:0-21:30,12:0-21:30,12:0-21:30
sYx7UnIj_iP3QwqJoVq-Pg,10:0-21:0,10:0-21:0,10:0-21:0,10:0-21:0,10:0-22:0,10:0-0:0,10:0-20:0
FcEpsffXdHAr7_D8V5kCGw,10:30-21:0,10:30-21:0,10:30-21:0,10:30-21:0,10:30-21:0,10:30-21:0,10:30-21:0
2Xc6cpbFM6bqKkgz6bV9kQ,11:30-23:0,11:30-23:0,11:30-23:0,11:30-23:0,11:30-23:0,11:30-23:0,11:30-23:0
o0CSAXG2N7zYJW1AlZoKAQ,11:0-23:0,11:0-23:0,11:0-23:0,11:0-3:0,11:0-4:0,11:0-4:0,11:0-21:0
iLPDJsSBF5n_YGBJu3bgOQ,6:0-23:0,6:0-23:0,6:0-23:0,6:0-23:0,6:0-23:30,6:30-23:30,7:0-22:0
qx8TQlxpEmFrQuNLel4d-Q,7:0-19:0,7:0-19:0,7:0-19:0,7:0-19:0,7:0-19:0,7:0-19:0,8:0-18:0
fewQMEWjE3IjW_knrKs-tw,8:0-15:0,8:0-15:0,8:0-15:0,8:0-15:0,8:0-15:0,10:0-15:0,10:0-15:0
-xbQQR_ydEJGqYzHSF4DnQ,11:0-22:0,11:0-22:0,11:0-22:0,11:0-22:0,11:0-22:0,11:0-22:0,11:0-22:0
4YPytg3JVO-vlzx4tBFHbA,12:0-23:0,12:0-23:0,12:0-23:0,12:0-23:0,12:0-23:0,17:30-23:0,17:30-22:0
QfD_KzfBGRZ1OLu1Vs1rrA,16:0-21:0,16:0-21:0,16:0-21:0,16:0-21:0,16:0-22:0,16:0-22:0,16:0-21:0
BjRi5W4tESsLRwVb85GIMQ,12:0-22:0,12:0-22:0,12:0-22:0,11:0-18:0,12:0-22:0,11:0-21:0,12:0-22:0
qyOALwyMLbXKSt38glZ7yg,6:30-21:0,6:30-21:0,6:30-21:0,6:30-21:0,6:30-23:0,6:30-23:0,6:30-21:0
UNA1y10Lbi0O3_KT8LMtaA,8:0-22:0,8:0-22:0,8:0-22:0,8:0-22:0,8:0-22:0,8:0-22:0,8:0-22:0
lMvz9E-JO3pajoTLAh6O6w,7:0-21:0,7:0-21:0,7:0-21:0,7:0-23:0,7:0-23:0,7:0-23:0,7:0-21:0
Gt-T8XbgbvFw5KeLpmnSLg,11:0-23:0,11:0-23:0,11:0-0:0,11:0-0:0,11:0-1:0,11:0-1:0,11:0-23:0
jsOGd-P1BfoUY40yY5l59A,11:0-16:0,11:0-16:0,11:0-16:0,11:0-20:0,11:0-20:0,11:0-16:0,11:0-15:30
dpcGWwukG1bW4lUhbxhviA,11:0-21:0,11:0-21:0,11:0-21:0,11:0-21:0,11:0-21:0,11:0-21:0,12:0-20:0
drrTCw8cVmda9BZ5HjEiOQ,11:30-22:30,11:30-22:30,11:30-22:30,11:30-22:30,11:30-23:0,11:0-23:0,11:0-23:0
lLj9ULb01sNIYDbYbeUqhA,10:0-20:0,10:0-20:0,10:0-20:0,10:0-20:0,10:0-20:0,10:0-20:0,10:0-16:0
mr4FiPaXTWlJ3qGzp4-7Yg,17:30-22:30,17:30-22:30,17:30-22:30,17:30-22:30,17:30-22:30,10:30-2:30,17:30-22:30
idcJ81Duz_UXM_y21DbPvg,16:0-22:0,16:0-22:0,16:0-22:0,16:0-22:0,11:30-22:0,11:30-22:0,11:30-22:0
v2o2rsEDfXVCtmMGa8gPBw,11:30-22:0,11:30-22:0,11:30-22:0,11:30-22:0,11:30-23:0,11:30-23:0,11:30-22:0
-P8dGzSVhJi-5oZ-8U2y0w,16:0-20:0,16:0-20:0,16:0-20:0,16:0-20:0,16:0-21:0,16:0-21:0,16:0-20:0
Pw810UknCf7fhjNIUSrVyg,11:0-22:0,11:0-22:0,11:0-22:0,11:0-22:0,11:0-22:0,13:0-22:0,13:0-22:0
f5AenP5rsrnLo9tKtenIew,10:30-22:0,10:30-22:0,10:30-22:0,10:30-22:0,10:30-22:0,10:30-22:0,10:30-22:0
4v5ZLpmNn13Mze1w_XfWHw,9:0-23:0,9:0-23:0,9:0-23:0,9:0-23:0,9:0-0:0,9:0-0:0,9:0-23:0
0IbboCQAEQlROAv5PKKO_Q,10:30-21:0,10:30-21:0,10:30-21:0,10:0-21:0,10:0-21:0,10:0-21:0,10:30-21:0
_ixV2SWDy7w8jzEAHp85qA,11:0-2:0,11:0-2:0,11:0-2:0,11:0-2:0,11:0-2:0,11:0-2:0,11:0-2:0
LZSyWy4IHgXg6QhW2jrBlw,11:0-22:0,11:0-22:0,11:0-22:0,11:0-22:0,11:0-23:0,11:0-23:0,11:0-22:0
U-zsJM-VN89i3PbaIbKmJw,7:0-23:0,7:0-23:0,7:0-23:0,7:0-23:0,7:0-1:0,7:0-1:0,7:0-23:0
AxeQEz3-s9_1TyIo-G7UQw,11:0-22:0,11:0-22:0,11:0-22:0,11:0-22:0,11:0-22:0,11:0-22:0,11:0-22:0
eJCDUkFa7wl-BHYKZzaTMQ,11:0-22:0,11:0-22:0,11:0-22:0,11:0-22:0,11:0-23:0,11:0-23:0,11:0-22:0
1V-mRUpVnIRq6GYymT_uyw,11:0-21:0,11:0-21:0,11:0-21:0,11:0-21:0,11:0-21:0,11:0-21:0,12:0-19:0
qdFDQXLgADqmWKEdlojM9Q,10:0-0:0,10:0-0:0,10:0-0:0,10:0-0:0,10:0-0:0,10:0-0:0,10:0-0:0
_8yxceldCT7oe0wJC-yDPA,11:0-22:0,11:0-22:0,11:0-22:0,11:0-22:0,11:0-22:0,11:0-22:0,11:0-22:0
igU-mCXzyn-gmwSzJgeMEQ,11:0-21:0,11:0-21:0,11:0-21:0,11:0-21:0,11:0-21:0,11:0-21:0,12:0-20:0
IR21NrXBSkOXSntPKtgEZg,6:0-22:0,6:0-22:0,6:0-22:0,6:0-22:0,6:0-22:0,7:0-22:0,7:0-22:0
N-cHjphzli3QGGiSosfLgg,10:30-0:0,10:30-0:0,10:30-0:0,10:30-0:0,10:30-2:0,10:30-2:0,12:0-0:0
0URIvKxCNT-AVgtdYFAX8w,16:0-22:0,16:0-22:0,16:0-22:0,16:0-22:0,16:0-22:0,17:0-22:0,17:0-22:0
I2eDD2DK0TjgntEK0KzIbg,11:0-21:0,11:0-21:0,11:0-21:0,11:0-21:0,11:0-21:0,11:0-21:0,11:0-21:0
HJ6SjCczEIYQr9hR2lv00A,7:0-19:0,7:0-19:0,7:0-19:0,7:0-19:0,7:0-19:30,7:0-19:30,7:0-15:0
8fjF2NIPSM0Ar1hed2tdog,0:0-0:0,0:0-0:0,0:0-0:0,0:0-0:0,0:0-0:0,0:0-0:0,0:0-0:0
v38zwJvJiLv-yC7uEhhcKA,11:30-21:0,11:30-21:0,11:30-21:0,11:30-21:0,11:30-22:0,11:30-22:0,11:30-21:0
rZwq4LBO0p9m9zJ2zSEKNQ,16:0-21:0,16:0-21:0,16:0-21:0,16:0-21:0,16:0-21:0,16:0-21:0,10:0-15:0
5D42Nmr2ikqFuj3O-lKRYg,7:30-18:0,7:30-18:0,7:30-18:0,7:30-18:0,7:30-18:0,9:0-16:0,9:0-16:0
BxwUDCVbBH0supUQ1wNslw,6:30-14:0,6:30-21:0,6:30-21:0,6:30-21:0,6:30-21:0,6:30-21:0,6:30-14:0
BS0GcQ1kUag8YJ2qcBH2lQ,11:30-1:0,11:30-2:0,11:30-2:0,11:30-2:0,11:30-2:0,11:30-2:0,11:30-1:0
awvm-GLlweg1HgjaR9ltRg,9:0-22:0,9:0-22:0,9:0-22:0,9:0-22:0,9:0-22:0,9:0-22:0,9:0-22:0
IycHntUVv2kyIo7w9FJWlA,9:0-17:0,9:0-17:0,9:0-17:0,9:0-17:0,9:0-17:0,9:0-17:0,9:0-17:0
KskYqH1Bi7Z_61pH6Om8pg,17:30-22:0,17:30-22:0,17:30-22:0,17:30-22:0,17:30-22:0,17:30-22:0,17:30-22:0
G-O_a7168Id7E0wIgHKtVw,11:0-23:0,11:0-23:0,11:0-23:0,11:0-23:0,11:0-23:0,11:0-23:0,11:0-23:0
2BbFeotL85cIaBjSq1SWiA,11:0-15:0,11:0-15:0,11:0-15:0,11:0-15:0,11:0-15:0,11:0-18:0,11:0-18:0
vWHKGoI4YnH1_Bju6Fm1OA,16:0-1:0,16:0-1:0,16:0-1:0,16:0-1:0,16:0-2:0,16:0-0:0,16:0-0:0
y-jepn_1nL1OipL7lNnRMA,16:0-0:0,16:0-0:0,16:0-0:0,16:0-0:0,16:0-0:0,16:0-0:0,16:0-0:0
XmgdFa3G_CZVfjtQEJMZfQ,11:0-22:0,11:0-22:0,11:0-22:0,11:0-22:0,11:0-22:0,9:0-22:0,9:0-22:0
-ilCufjKjeswCLyIrCtuqQ,11:0-6:0,11:0-6:0,11:0-6:0,11:0-6:0,11:0-6:0,11:0-6:0,11:0-6:0
9tKSEjLCJowSkxze0NiFig,11:0-22:0,11:0-22:0,11:0-22:0,11:0-22:0,11:0-22:0,11:0-22:0,11:0-22:0
k0ZUrpL789RZb1QuaE8_Uw,10:0-2:0,10:0-2:0,10:0-2:0,10:0-2:0,10:0-2:0,10:0-2:0,10:0-2:0
QxtvTC-i4kX1raUXCuaxbg,10:30-20:0,10:30-20:0,10:30-20:0,10:30-20:0,10:30-20:0,10:30-20:0,10:30-20:0
CrfANiUEzY0ZkvhQmtDiSA,8:0-19:0,8:0-19:0,8:0-19:0,8:0-19:0,8:0-19:0,8:0-18:0,9:0-17:0
QxByT5k1Og8LgddjHI9kag,16:0-1:0,11:0-1:0,11:0-1:0,11:0-1:0,11:0-1:0,16:0-1:0,16:0-0:0
l1GJnB9TJgGgEeI4at1M0A,8:0-17:0,8:0-17:0,8:0-17:0,8:0-17:0,8:0-17:0,8:0-17:0,8:0-17:0
PXjFfAdj7ZJ6M5Rm19lw3w,11:30-22:30,11:30-22:30,11:30-22:30,11:30-22:30,11:30-23:0,11:30-23:0,11:30-22:30
G9r8bucB5qq4kEflGukyTQ,8:0-0:0,8:0-0:0,8:0-0:0,8:0-0:0,8:0-1:0,8:0-1:0,8:0-0:0
g7EMn2tfrmAKBW9rQQeeEw,10:0-22:0,10:0-22:0,10:0-22:0,10:0-22:0,10:0-22:0,10:0-22:0,10:0-21:0
7W8NfY5eKYxrLtfbpkWouA,11:0-23:0,11:0-23:0,11:0-23:0,11:0-23:0,11:0-23:0,11:0-23:0,11:0-23:0
-LVpf-mKjrWT51JgCY3gRQ,11:0-20:0,11:0-20:0,11:0-20:0,11:0-20:0,11:0-20:0,11:0-20:0,11:0-20:0
YZHOLWQ36dbDwI78pRmaTw,11:0-23:0,11:0-23:0,11:0-23:0,11:0-23:0,11:0-23:0,9:0-0:0,9:0-0:0
86d1M8MMrb94n5djgKWqEQ,17:0-22:0,17:0-22:0,17:0-22:0,17:0-0:0,17:0-0:0,13:0-0:0,13:0-22:0
rAge1m9u3SmuY0-KrQCAUw,11:0-2:0,11:0-2:0,11:0-2:0,11:0-3:0,11:0-3:0,11:0-3:0,11:0-1:0
9G4CrXWWkpbUyptP8iochg,11:0-16:0,17:0-21:0,17:0-21:0,17:0-21:0,17:0-21:0,13:0-21:0,13:0-21:0
656XUeBmMzyvU62yYHptxQ,10:0-22:0,10:0-22:0,10:0-22:0,10:0-22:0,10:0-22:0,10:0-22:0,10:0-22:0
R1IeUbdKFS0aC1QZDT1_Dw,10:0-22:0,10:0-22:0,10:0-22:0,10:0-22:0,10:0-22:0,10:0-22:0,10:0-22:0
38k_heLKR2J5P7JKV2AonQ,11:0-23:0,11:0-23:0,11:0-23:0,11:0-23:0,11:0-23:0,11:0-23:0,12:0-23:0
n8XlV8E3BUBBF1gCe6mvEg,9:0-21:0,9:0-21:0,9:0-21:0,9:0-21:0,9:0-21:0,9:0-21:0,9:0-21:0
0eZHVYDyACtVVOIgoBlV3g,11:0-22:0,11:0-22:0,11:0-22:0,11:0-22:0,11:0-22:0,11:0-22:0,11:0-22:0
jfUarAupxK2BwoYj8hjQVw,10:0-22:0,10:0-22:0,10:0-22:0,10:0-22:0,10:0-23:0,10:0-23:0,10:0-22:0
w2H8483LFXrth8X-cpku0Q,6:0-5:30,6:0-5:30,6:0-5:30,6:0-5:30,6:0-5:30,6:0-5:30,6:0-5:30
wxB_hjDMc_-TFMdQqAUYdA,6:30-1:0,6:30-1:0,6:30-1:0,6:30-1:0,6:30-1:0,7:30-1:0,7:30-1:0
yX0pOWG_Be9TjGnm0aihVA,7:30-21:0,7:30-21:0,7:30-21:0,7:30-21:0,7:30-22:0,7:30-22:0,7:30-20:0
C7XmsCURQH6XIpkXpkxLhQ,9:0-18:0,9:0-18:0,9:0-23:0,9:0-18:0,9:0-20:0,9:0-20:0,9:0-18:0
PbNKg8t_VNKzxPKydtkFDg,9:0-3:0,9:0-3:0,9:0-3:0,9:0-3:0,9:0-3:0,9:0-3:0,9:0-3:0
c0ZerP3dvw3x2IWXzNKDyQ,6:0-6:0,6:0-6:0,6:0-6:0,6:0-6:0,6:0-6:0,6:0-6:0,6:0-6:0
0V1cInGtsWicRkgoNx7imQ,17:0-23:0,17:0-23:0,17:0-23:0,17:0-23:0,17:0-23:0,17:0-23:0,16:0-21:0
1muT5zEqoC4qp9ms08qJtQ,11:0-21:0,11:0-21:0,11:0-21:0,11:0-21:0,11:0-23:0,11:0-23:0,11:0-21:0
E35tgfjzj5P5PV_w7Kgu8w,0:0-12:0,0:0-12:0,0:0-12:0,0:0-12:0,0:0-12:0,0:0-12:0,0:0-12:0
UvF68aNDfzCWQbxO6-647g,8:0-22:0,8:0-22:0,8:0-22:0,8:0-22:0,8:0-22:0,8:0-22:0,8:0-22:0
BN_GVKaX0jnaVI4Ar1iV2w,0:0-0:0,0:0-0:0,0:0-0:0,0:0-0:0,0:0-0:0,0:0-0:0,0:0-0:0
a6asAPtLHfWG871UBizACw,11:0-21:0,11:0-21:0,11:0-21:0,11:0-21:0,11:0-21:0,11:0-21:0,11:0-21:0
VEcI0bURmJtf0B9UPSEMDA,10:0-4:0,10:0-4:0,10:0-4:0,10:0-4:0,10:0-4:0,10:0-4:0,10:0-4:0
q_6nESzuHPGpS-6Q0hCeww,11:0-22:0,11:0-22:0,11:0-22:0,11:0-22:0,11:0-22:0,11:0-22:0,11:0-22:0
DC7cbTCfkNmAaTmYDpV38w,0:0-0:0,0:0-0:0,0:0-0:0,0:0-0:0,0:0-0:0,0:0-0:0,0:0-0:0
YhCAJ8acd1X7GkCHPhD8Xw,11:0-1:30,11:0-1:30,11:0-1:30,11:0-1:30,11:0-3:30,11:0-3:30,11:0-1:30
L-flftwvkRtuglXENo47AQ,7:0-18:0,7:0-18:0,7:0-18:0,7:0-18:0,7:0-18:0,11:0-17:0,11:0-17:0
vAuzGR-ufeLu3Y_U5UlO_w,11:0-21:30,11:0-21:30,11:0-21:30,11:0-21:30,11:0-21:30,11:0-21:30,11:0-21:30
B3GjNu23NqsbGnhcth_MNw,11:0-21:0,11:0-21:0,11:0-21:0,11:0-21:0,11:0-21:0,11:0-21:0,12:0-21:0
dn_ipqbm7_jUz5X3rDez_A,11:0-23:0,11:0-23:0,11:0-23:0,11:0-23:0,11:0-23:0,9:0-23:0,9:0-23:0
S6TP_aHo6d7AkkBBKe249A,11:0-21:0,11:0-21:0,11:0-21:0,11:0-21:0,11:0-21:0,11:0-21:0,11:0-21:0
eOxixaXxmFjCxdlrG1-B1A,11:0-1:30,11:0-1:30,11:0-1:30,11:0-1:30,11:0-2:30,11:0-2:30,11:0-1:30
-8JaNeG3etLgOVyg2gOIiA,16:30-21:30,16:30-21:30,16:30-21:30,16:30-21:30,16:30-21:30,16:30-21:30,16:30-21:30
O1RT7gIIFGwGE9OKS7dotA,14:0-22:0,14:0-22:0,14:0-22:0,14:0-22:0,14:0-23:0,14:0-23:0,14:0-22:0
TZM4eiv3CtR9CBPtknXgDw,7:0-19:0,7:0-19:0,7:0-19:0,7:0-19:0,7:0-19:0,7:0-19:0,7:0-19:0
G_ixz-lp77f8zY5jghbFdQ,10:0-22:0,10:0-22:0,10:0-22:0,10:0-22:0,10:0-23:0,11:0-23:0,11:0-22:0
HkLoNKk2aYhuUKgKCNU0tw,11:0-21:0,11:0-21:0,11:0-21:0,11:0-22:0,11:0-22:0,11:0-22:0,12:0-21:0
WehrrRjldUMRyd5CxQ_uTg,11:30-21:0,11:30-21:0,11:30-21:0,11:30-21:0,11:30-23:0,11:30-23:0,12:0-20:0
lRidtP8BPrIy7QvFCWpDpg,11:30-23:30,11:30-23:30,11:30-23:30,11:30-23:30,11:30-23:0,11:30-23:0,11:30-22:0
qIF_4ChsmJkCvqVQv_qi-g,9:0-21:0,9:0-21:0,9:0-21:0,9:0-21:0,9:0-22:0,9:0-22:0,9:0-22:0
lsLelczQjIZLHVt2-e44lA,0:0-0:0,0:0-0:0,0:0-0:0,0:0-0:0,0:0-0:0,0:0-0:0,0:0-0:0
l09JfMeQ6ynYs5MCJtrcmQ,9:0-22:0,9:0-22:0,9:0-22:0,9:0-22:0,9:0-22:0,9:0-22:0,9:0-22:0
ORp9PRTDtalvEGL19Wco-Q,0:0-0:0,12:0-19:0,12:0-19:0,12:0-19:0,12:0-19:0,11:0-16:0,11:0-16:0
9CGmq4GMEyyPTeNflnW0SQ,11:30-22:30,11:30-22:30,11:30-22:30,11:30-22:30,11:30-22:30,11:30-22:30,11:30-22:30
ROUjTKM6H56_hJqIDKrjnw,11:0-1:0,11:0-1:0,11:0-1:0,11:0-1:0,11:0-1:0,11:0-1:0,11:0-23:0
uTlDVK8-7VwpLhHnCRTCLg,11:0-21:0,11:0-21:0,11:0-21:0,11:0-21:0,11:0-21:0,11:0-21:0,11:0-21:0
H7zOruqfCZlNBnqtotqDEg,17:0-6:0,17:0-6:0,17:0-6:0,17:0-6:0,17:0-6:0,17:0-6:0,17:0-6:0
eNcYNWN1e5zgIwxebVV6PA,0:0-0:0,11:0-21:0,11:0-21:0,11:0-21:0,11:0-22:0,11:0-22:0,11:0-18:0
1UdRVfBlE3unETOu7BDCvw,11:0-23:0,11:0-23:0,11:0-23:0,11:0-23:0,11:0-0:0,11:0-0:0,11:0-23:0
9cvNWTKOXRrJDcf8LphP-A,11:0-15:0,11:0-20:0,11:0-20:0,11:0-20:0,11:0-20:0,11:0-21:0,11:0-21:0
muX4qU5C3EgKIHdXjy0UsQ,7:0-20:0,7:0-20:0,7:0-20:0,7:0-20:0,7:0-20:0,9:0-19:0,10:0-20:0
blLNQHrgAKR2md7MMx2pzw,7:0-15:0,7:0-15:0,7:0-15:0,7:0-15:0,7:0-15:0,7:0-15:0,7:0-15:0
wYGILr1x6erxRzWZIZDEvg,5:0-15:0,5:0-15:0,5:0-15:0,5:0-15:0,5:0-15:0,5:0-15:0,5:0-15:0
lUSAupdaVSoEaUO63RdPZA,11:0-21:30,11:0-21:30,11:0-21:30,11:0-21:30,11:0-22:0,11:0-22:0,11:0-21:30
sV03liLOhDfPft1u3XSR9A,11:0-20:30,11:0-20:30,11:0-20:30,11:0-20:30,11:0-20:30,11:0-20:30,11:0-20:30
7Uti5EeAwm3drG14KVrE3Q,17:0-23:0,17:0-23:0,17:0-23:0,17:0-23:0,17:0-23:0,17:0-23:0,17:0-23:0
mdEkl6kDxMrg-n5s6y6Zhw,12:0-2:0,12:0-2:0,12:0-2:0,12:0-2:0,12:0-2:0,12:0-2:0,12:0-2:0
bw5xERiI3UpiWh2gert3lg,6:30-16:0,6:30-16:0,6:30-20:0,6:30-16:0,6:30-16:0,7:30-20:0,16:0-20:0
GHrAwy2r9_JR-1OP9Toeyg,16:0-2:0,16:0-2:0,16:0-2:0,16:0-2:0,16:0-2:0,10:0-2:0,10:0-2:0
tGLz8WfLwSi221wgNh-0qw,11:0-20:0,11:0-20:0,11:0-20:0,11:0-20:0,11:0-20:0,11:0-20:0,9:0-17:0
GjEbrETDJf0KPHQWvWkoqA,11:0-2:0,11:0-2:0,11:0-2:0,11:0-2:0,11:0-2:0,11:0-2:0,11:0-2:0
mQkzRJ2I0LGG6Cv4EbEjEQ,8:0-22:0,8:0-22:0,8:0-22:0,8:0-22:0,8:0-22:0,8:0-22:0,8:0-22:0
PtQsrkpKmRBVRmWjax6eKQ,18:0-0:0,18:0-0:0,18:0-0:0,18:0-0:0,18:0-0:0,18:0-0:0,18:0-0:0
_3IE9guLHvAr-kJpH4Zd7Q,16:0-19:0,12:0-20:0,12:0-20:0,12:0-20:0,12:0-21:0,12:0-21:0,12:0-17:0
mMCLCMnerDC4zNV8NQ_cag,16:30-22:0,11:30-22:0,11:30-22:0,11:30-22:0,11:30-22:30,11:30-22:30,16:30-21:30
9tjX_OuFofQxLTh9pky8KQ,7:0-19:0,7:0-19:0,7:0-19:0,7:0-19:0,7:0-19:0,7:0-19:0,7:0-19:0
0kD9yJIB2cmvOh8-WbcO_w,0:0-0:0,11:0-20:0,11:0-20:0,11:0-20:0,11:0-20:0,11:30-17:0,11:30-17:0
7k6uHs6oPyh5AuaqrhC5yw,11:0-21:0,11:0-21:0,11:0-21:0,11:0-21:0,11:0-22:0,11:0-22:0,11:0-21:0
0c6PQILCLwRZ8FIB4AEsGw,11:0-21:30,11:0-21:30,11:0-21:30,11:0-21:30,11:0-22:0,11:0-22:0,11:0-21:30
-Z7Oxv9nuPJI4ov4ufvvdA,9:0-17:0,9:0-17:0,9:0-17:0,9:0-17:0,9:0-17:0,9:30-17:0,11:0-17:0
BjoG1A78mIEl6on-HNSilw,0:0-0:0,0:0-0:0,0:0-0:0,0:0-0:0,0:0-0:0,0:0-0:0,0:0-0:0
J2nCJBrGn4EQT1abnBHaUQ,6:0-6:0,6:0-6:0,6:0-6:0,6:0-6:0,6:0-6:0,6:0-6:0,6:0-6:0
_lW7i2zGl54a6XtumbtZFQ,17:0-22:0,17:0-22:0,17:0-22:0,17:0-22:0,17:0-22:0,17:0-22:0,17:0-22:0
k28OVH_iA7vI5dPtfNH2Zw,11:0-23:0,11:0-23:0,11:0-23:0,11:0-23:0,11:0-0:0,9:0-0:0,9:0-23:0
rzV_rHsRdbEtRwCKm8OoIg,10:0-20:0,10:0-20:0,10:0-20:0,10:0-20:0,10:0-20:0,10:0-18:0,11:0-17:0
aBLQxmSlqkahg0BEokTPKw,12:0-22:0,12:0-22:0,12:0-22:0,12:0-22:0,12:0-22:0,12:0-22:0,14:0-20:0
aXVOrs-vYxokOHFcy4xZHg,11:0-21:0,11:0-21:0,11:0-21:0,11:0-21:0,11:0-22:0,11:0-22:0,12:0-21:0
I8TOosBLYKxZMAYNNyGEyg,11:15-21:45,16:15-21:45,11:15-21:45,11:15-21:45,11:15-21:45,12:15-21:45,12:15-21:45
Ib-WbHVHp_e1PZnU0P6JfQ,11:0-23:0,11:0-23:0,11:0-23:0,11:0-23:0,11:0-0:0,11:0-0:0,11:0-0:0
Oh_mShbdmaoRX8iZVdE0vw,11:0-22:0,11:0-22:0,11:0-22:0,11:0-22:0,11:0-22:0,11:0-22:0,11:0-21:0
zOvZaiuzxUBzQE0Uecg-aw,11:0-21:0,11:0-21:0,11:0-21:0,11:0-21:0,11:0-22:0,11:0-22:0,11:0-21:0
4itFChF4I-d2Mkleyh-tvA,11:0-23:0,11:0-23:0,11:0-23:0,11:0-23:0,11:0-1:0,11:0-1:0,11:0-23:0
niKwlIH1RUMUkEGNhkWUTg,7:30-18:30,7:30-18:30,7:30-18:30,7:30-18:30,7:30-18:30,9:0-17:0,10:0-17:0
Nk88s1VuIfl3O9SFZnonCg,16:0-0:0,16:0-2:0,16:0-0:0,16:0-2:0,16:0-4:0,16:0-4:0,12:0-3:0
k_SfP93Tmlpmx-5OL1JmTg,0:0-0:0,16:0-21:0,16:0-21:0,16:0-21:0,16:0-22:0,11:0-22:0,11:0-20:0
zwMg7Qey7suZIw31S3jKmA,11:0-21:0,11:0-21:0,11:0-21:0,11:0-21:0,11:0-21:0,11:0-21:0,11:0-20:0
4MuzCfftvp_QQsHPqri5Rw,11:0-23:0,11:0-23:0,11:0-23:0,11:0-23:0,11:0-0:0,11:0-0:0,12:0-23:0
wlQCPszSqUi2xpGqZsWjLA,6:30-14:30,6:30-14:30,6:30-14:30,6:30-14:30,6:30-14:30,6:30-14:30,7:0-14:30
kAVxFHQVEEYMbOI71sMNiA,11:0-22:0,11:0-22:0,11:0-22:0,11:0-22:0,11:0-22:0,12:0-22:0,12:0-21:0
VMXqRzR3-SSVDVcP6VY4ag,10:0-0:0,10:0-0:0,10:0-0:0,10:0-0:0,10:0-1:0,10:0-1:0,10:0-0:0
_HrCJz_uXDumBhdxCrug7Q,10:0-20:0,10:0-20:0,10:0-20:0,10:0-20:0,10:0-20:0,21:0-18:0,22:0-18:0
FFdpKTM9_vI0jCs4jdnMgg,11:0-23:0,11:0-23:0,11:0-23:0,11:0-23:0,11:0-23:0,11:0-23:0,11:0-23:0
sfGYIlU3ji6V3c0aWyny5A,11:0-21:0,11:0-21:0,11:0-21:0,11:0-21:0,11:0-21:0,11:0-21:0,11:0-21:0
FuNMqkKUGzDnX4XJcJee4Q,11:0-21:0,11:0-21:0,11:0-21:0,11:0-21:0,11:0-21:0,11:0-21:0,11:0-20:0
r68Ug3Hfbfx7D5k8fCgQig,7:30-18:0,7:30-18:0,7:30-18:0,7:30-18:0,7:30-18:0,7:30-18:0,7:30-18:0
WKbfG_4203Kn__5rHFk9Gg,11:0-2:0,11:0-2:0,11:0-2:0,11:0-2:0,11:0-2:0,11:0-2:0,11:0-2:0
p-w6g8cuQq5PU_4U1XNCzQ,10:0-22:0,10:0-22:0,10:0-22:0,10:0-22:0,10:0-23:0,10:0-23:0,10:0-22:0
H1Mp8I2YuyBe8lFHnRk3iA,17:0-21:30,17:0-21:30,17:0-21:30,11:30-21:30,11:30-21:30,11:30-21:30,11:30-21:30
s5fGo1Nieiy6M-fhk_Ywnw,10:30-21:30,10:30-21:30,10:30-21:30,10:30-21:30,10:30-21:30,10:30-21:30,10:30-21:30
qbC4cfz-ShxEGpLS94Mk7Q,18:0-23:0,18:0-23:0,18:0-23:0,18:0-23:0,18:0-23:0,18:0-23:0,18:0-23:0
iPM85PQMs7QoAxw-Og9ChQ,11:0-0:0,11:0-0:0,11:0-0:0,11:0-0:0,11:0-1:0,11:0-1:0,11:0-23:0
yXZsCdL22Gsz3saanW48Hw,8:0-22:0,8:0-22:0,8:0-22:0,8:0-22:0,8:0-22:0,8:0-22:0,8:0-22:0
2IJMTf8vmD-OSUHlGiv7hQ,8:30-21:0,8:30-21:0,8:30-21:0,8:30-21:0,8:30-22:0,8:30-22:0,8:30-21:0
MsUI2BgJjptqa1YEAqBXuA,11:0-22:30,11:0-22:30,11:0-22:30,11:0-23:0,11:0-23:0,11:0-23:0,12:0-22:30
SLOk1JpV0JQK-MXYroDKYQ,11:0-21:0,11:0-21:0,11:0-21:0,11:0-21:0,11:0-21:0,11:0-21:0,11:0-21:0
cQ4R6L475z3Ogkr2-5pKxA,8:0-23:0,8:0-1:0,8:0-1:0,8:0-1:0,8:0-4:0,8:0-4:0,8:0-23:0
4oQSMGp3RweLCvGWuiZuCQ,11:0-22:0,11:0-22:0,11:0-22:0,11:0-22:0,11:0-22:0,11:0-22:0,11:0-22:0
V9bs-9SqhlryOCLy6vk6gg,11:0-2:0,11:0-2:0,11:0-2:0,11:0-2:0,11:0-2:0,11:0-2:0,11:0-2:0
Fn_Hs7v_nNlWx9jetyszIA,14:0-22:0,17:0-22:0,17:0-22:0,17:0-22:0,14:0-22:0,12:0-22:0,14:0-22:0
zzzaIBwimxVej4tY6qFOUQ,10:30-22:0,10:30-22:0,10:30-22:0,10:30-22:0,10:30-22:0,10:30-22:0,11:0-21:0
wRKYLXr9z--kt96ELXzv1Q,10:0-23:0,10:0-23:0,10:0-23:0,10:0-23:0,10:0-0:0,9:30-11:0,9:30-22:0
bKkQI4pxnTPKWw3sI6fJ2w,11:0-23:0,11:0-23:0,11:0-23:0,11:0-23:0,11:0-4:0,11:0-4:0,11:0-21:0
fiFNpXVk4OkW76vzDtL7JQ,16:0-22:0,16:0-22:0,16:0-22:0,16:0-22:0,16:0-23:0,15:0-23:0,15:0-22:0
eFsfPHkGGycHXCTyV8uFcg,0:0-0:0,11:0-0:0,11:0-0:0,11:0-0:0,11:0-2:0,11:0-4:0,11:0-0:0
E8xez_0iwqV88w5NKxeK3A,11:30-22:0,11:30-22:0,11:30-22:0,11:30-22:0,11:30-22:30,12:0-22:30,12:0-22:0
_tINCWlo445Mh69IUtE1LA,11:0-22:0,11:0-23:0,11:0-23:0,11:0-0:0,11:0-0:0,11:0-0:0,14:0-22:0
o_c82LAuEV5Yr30Xp2NveA,11:0-22:0,11:0-22:0,11:0-22:0,11:0-22:0,11:0-22:0,11:0-22:0,11:0-22:0
kpv7LVLJrbawoXOJNAnd0w,11:0-22:0,11:0-22:0,11:0-22:0,11:0-22:0,11:0-23:0,11:0-23:0,11:0-22:0
6oLnLmdo9FhuAeR-vLQ4tg,10:30-22:30,10:30-22:30,10:30-22:30,10:30-22:30,10:30-22:30,10:30-22:30,10:30-22:30
q4v-I9j1v7WqtxR12uEMxQ,11:0-20:0,11:0-20:0,11:0-20:0,11:0-20:0,11:0-20:0,11:0-20:0,11:0-18:0
24f5ie972m_bYpirVW-dZA,11:0-22:0,11:0-22:0,11:0-22:0,11:0-22:0,11:0-23:0,11:0-23:0,11:0-22:0
7IkSGKKiWhfkXQBCT8EOgA,10:0-22:0,10:0-22:0,10:0-22:0,10:0-22:0,10:0-22:0,9:0-1:0,9:0-1:0
zfUQa2aPEoPjWLkvCfDhtg,11:0-22:0,11:0-22:0,11:0-22:0,11:0-22:0,11:0-23:0,11:0-23:0,12:0-22:0
G2i46bMQIk1Lv9erfUhMiA,11:0-2:0,11:0-2:0,11:0-2:0,11:0-2:0,11:0-2:0,11:0-2:0,11:0-2:0
o_PJyAnngdzxpC5WDyqtyA,11:0-23:0,11:0-23:0,11:0-23:0,11:0-23:0,11:0-23:0,11:0-23:0,11:0-23:0
SZxNQQiFzvS9qgodVWNcog,10:30-21:0,10:30-21:0,10:30-21:0,10:30-21:0,10:30-22:0,10:30-21:30,10:30-20:0
z9_vbTmxItQ_qUn0mo-Nyw,11:0-21:0,11:0-21:0,11:0-21:0,11:0-21:0,11:0-21:0,11:0-21:30,11:0-21:30
q7V6RJnQoUa3AL87AN3Riw,9:0-19:0,9:0-19:0,9:0-19:0,9:0-19:0,9:0-19:0,9:0-19:0,10:0-19:0
fP8JqPAVh9MQ2OIlfvsKnw,11:0-22:0,11:0-22:0,11:0-22:0,11:0-22:0,11:0-22:0,11:0-22:0,11:0-20:0
f8eILbFbyPxMN-Jri4CsmQ,11:0-22:0,11:0-23:0,11:0-23:0,11:0-23:0,10:0-0:0,10:0-0:0,11:0-22:0
pWWOMySjSIhCBdmIXHePtg,11:0-23:0,11:0-23:0,11:0-23:0,11:0-23:0,11:0-23:0,11:30-23:0,11:30-23:0
kUntNQ5P9IrRzEoHdRxV-w,11:0-21:0,11:0-21:0,11:0-21:0,11:0-21:0,11:0-22:0,11:0-22:0,11:0-21:0
DOr4OZIpgrk8VKFxeVaWdA,11:0-2:0,11:0-2:0,11:0-2:0,11:0-2:0,11:0-4:0,11:0-4:0,11:0-2:0
h_-KUSA612pFEIGC_dCsKQ,10:0-21:30,10:0-21:30,10:0-21:30,10:0-21:30,10:0-21:30,10:0-21:30,10:0-21:30
NrJSy3dgcXErFtOKGREmnw,11:30-0:0,16:30-0:0,16:30-0:0,16:30-0:0,11:30-1:0,11:0-1:0,11:0-23:0
GPFfDayKFotxiSxf0T3FBA,17:30-21:0,17:30-21:0,17:30-21:0,17:30-21:0,17:30-0:0,17:30-0:0,11:0-15:0
ZzK2myEzK5aRrwOBUExLxg,7:0-13:0,7:0-13:0,7:0-13:0,7:0-13:0,7:0-13:0,7:0-13:0,7:0-13:0
UlyCnc4_Suu2DSqYQSwkqQ,10:30-21:30,10:30-21:30,10:30-21:30,10:30-21:30,10:30-21:30,10:30-21:30,10:30-21:30
d4iX947_lcV0jWHprdMKYA,10:0-23:0,10:0-23:0,10:0-23:0,10:0-23:0,10:0-0:0,10:0-0:0,10:0-23:0
dIYsRb9Qy09-Fgn4uOfuRw,17:0-2:0,17:0-2:0,17:0-2:0,17:0-2:0,17:0-2:0,14:0-2:0,14:0-2:0
k128j06GAIQVd0hJ6R7Ajg,11:0-21:0,11:0-21:0,11:0-21:0,11:0-21:0,11:0-22:0,11:0-22:0,11:0-21:0
jrpqddzMsp6_2mkwpr6X8Q,8:0-20:0,8:0-20:0,8:0-20:0,8:0-20:0,8:0-20:0,8:0-20:0,8:0-19:0
kZ-ytO1SysT7mWchxwguZw,11:0-21:0,11:0-21:0,11:0-21:0,11:0-21:0,11:0-21:0,11:0-21:0,11:0-21:0
PYfewaNPrfF3BDAVEqvR7A,11:30-23:0,11:30-23:0,11:30-23:0,11:30-0:0,11:30-1:0,12:0-1:0,11:30-23:0
LJyt1WlDeKWspiqljzIg7w,8:0-20:0,8:0-20:0,8:0-20:0,8:0-20:0,8:0-20:0,8:0-20:0,8:0-19:0
nwJtSIitg8wvlU9fKxLe6g,11:0-21:0,11:0-21:0,11:0-21:0,11:0-21:0,11:0-21:0,11:0-19:0,11:0-18:0
0qPNeqLuKE88rKbIbSZDpg,11:30-22:0,11:30-22:0,11:30-22:0,11:30-22:0,11:30-23:0,11:30-23:0,11:30-22:0
I6u-OhmI_IUltexEOSCKzg,11:0-0:0,11:0-0:0,11:0-0:0,11:0-0:0,11:0-2:0,11:0-2:0,11:0-0:0
htzEunw0vAJRdHS-vJnJdQ,11:30-21:30,11:30-21:30,11:30-22:0,11:30-22:0,11:30-22:0,12:0-22:0,12:0-21:30
AX18390RcUvxaJOCtQFSjw,7:0-18:0,7:0-18:0,7:0-18:0,7:0-18:0,7:0-19:0,8:0-17:0,8:0-17:0
j_prxgHnMvuRdrGjAI9qXQ,11:0-22:0,11:0-22:0,11:0-22:0,11:0-22:0,11:0-23:0,10:0-23:0,10:0-22:0
U4ncU-YfIipnTetJDZLGlw,0:0-0:0,10:0-21:0,10:0-21:0,10:0-21:0,10:0-21:0,10:0-21:0,11:0-18:0
JWDiG0nSsM7GQ9QFRTxU9w,6:0-0:0,6:0-0:0,6:0-0:0,6:0-0:0,6:0-0:0,6:0-0:0,6:0-0:0
eVsO9Bx4-fty-uTzWdZKHg,7:0-7:0,7:0-7:0,7:0-7:0,7:0-7:0,7:0-7:0,7:0-7:0,7:0-7:0
LPOTimIWWQg7GTfwgZqnXg,11:30-22:30,11:30-22:30,11:30-22:30,11:30-22:30,11:30-22:30,11:30-22:30,11:30-22:30
l9FErvgeBk1arsR9ZG3PwQ,7:0-19:0,7:0-19:0,7:0-19:0,7:0-19:0,7:0-19:0,8:0-19:0,8:0-19:0
UwENDj5udMTGAvKKU4jhdA,11:0-23:0,11:0-23:0,11:0-23:0,11:0-23:0,11:0-23:0,12:0-23:0,13:0-23:0
yiKd42V_SoI_08DL62twDQ,10:0-23:0,10:0-23:0,10:0-23:0,10:0-23:0,10:0-23:0,10:0-23:0,10:0-23:0
gU8H-yYJEByT7b8ZvHs16g,10:0-0:0,10:0-0:0,10:0-0:0,10:0-2:0,10:0-2:0,10:0-2:0,10:0-0:0
h5pqhSb74UeLNkv534m5Hg,11:30-22:30,11:30-22:30,11:30-22:30,11:30-22:30,11:30-22:30,11:30-22:30,11:30-22:30
wTMuxPmQtSALOoQiNq6dnw,11:30-22:0,11:30-22:0,11:30-22:0,11:30-22:0,11:30-22:0,13:0-22:0,16:0-22:0
ncp05QXrDbNfDfvakM21xw,10:0-20:0,10:0-20:0,10:0-20:0,10:0-20:0,10:0-20:0,10:0-22:0,10:0-22:0
lTWlfVXsqNLUKXO07E8mtQ,11:0-10:0,11:0-10:0,11:0-10:0,11:0-10:0,11:0-10:0,11:0-10:0,12:0-10:0
pwhGl5xuPlR1FWnm6YMJlw,11:0-22:0,11:0-22:0,11:0-22:0,11:0-22:0,11:0-23:0,14:0-23:0,14:0-22:0
s7LncUuPc9yaZ7wDsIALGg,11:0-22:0,11:0-22:0,11:0-22:0,11:0-22:0,11:0-23:0,11:0-23:0,11:0-22:0
nGCKQlzat6nEKTImlpg_hg,10:0-2:30,10:0-2:30,10:0-2:30,10:0-2:30,10:0-2:30,10:0-2:30,10:0-2:30
40AZvMTzJ6jmjw9-H2H6hw,10:0-21:0,10:0-21:0,10:0-21:0,10:0-21:0,10:0-21:0,9:30-21:0,11:0-18:0
OaCjJLSklg-YJ_WEqgCqRw,11:0-21:0,11:0-21:0,11:0-21:0,11:0-21:0,11:0-21:0,11:0-21:0,11:0-21:0
u8xCk_KNQJ-mVzi0PTWMGA,7:0-23:0,7:0-23:0,7:0-23:0,7:0-23:0,7:0-23:0,7:0-23:0,7:0-23:0
n1kiEJzNkjGHae4hgbr_ZQ,9:0-17:0,9:0-17:0,9:0-17:0,9:0-17:0,9:0-17:0,9:0-17:0,9:0-17:0
ZkBliepoBME9_04bGYnAGw,8:30-19:0,8:30-19:0,8:30-19:0,8:30-19:0,8:30-19:0,8:30-16:0,10:0-16:0
-L88B-PrtzwujhLuYc2k_g,11:30-21:0,11:30-22:0,11:30-22:0,11:30-23:0,11:30-23:0,12:0-23:0,12:0-21:0
sNCVfhG0V3JoCGcKynESrg,9:0-9:0,9:0-9:0,9:0-9:0,9:0-9:0,9:0-9:0,9:0-9:0,9:0-9:0
YpSOCqnpn-ceZOfg4MY2GQ,7:30-18:0,7:30-18:0,7:30-18:0,7:30-18:0,7:30-18:0,8:30-17:0,9:0-15:0
A9IUE1W6TfVXfSC6LkrWCw,11:0-21:0,11:0-21:0,11:0-21:0,11:0-21:0,11:0-23:0,11:0-23:0,11:0-21:0
rqS1ywhjBrxJrVNri7pfXA,11:0-20:0,11:0-20:0,11:0-20:0,11:0-20:0,11:0-20:0,11:0-20:0,11:0-17:0
RQu_Bv7EFf5NKMnh_3E7Ag,11:0-4:0,11:0-4:0,11:0-4:0,11:0-4:0,11:0-4:0,11:0-4:0,11:0-4:0
FcFGlIay8nvaP3U8A64UGg,10:0-22:0,10:0-22:0,10:0-22:0,10:0-22:0,10:0-23:0,10:0-23:0,10:0-22:0
gUjohbxvaPoHrw41FwkVOA,11:0-22:0,11:0-22:0,11:0-22:0,11:0-22:0,11:0-23:0,11:0-23:0,11:0-22:0
_tWzGYtWJsPL657zfzvkTg,12:0-22:0,12:0-22:0,12:0-22:0,12:0-22:0,12:0-0:0,12:0-0:0,12:0-22:0
CF2HAEZwaqpMqqHtC5c9tw,11:0-22:0,11:0-22:0,11:0-22:0,11:0-22:0,11:0-23:0,9:0-23:0,9:0-22:0
ZjdcfPbkBVtMnXm8jLSV_A,0:0-0:0,0:0-0:0,0:0-0:0,0:0-0:0,0:0-0:0,0:0-0:0,0:0-0:0
QyOX8xqlG1iXxl60kN6s9A,11:0-23:0,11:0-23:0,11:0-23:0,11:0-23:0,11:0-23:0,11:0-23:0,11:0-23:0
kdnIIKSd3NY3Eo22MXK8Xg,11:0-22:0,11:0-22:0,11:0-22:0,11:0-22:0,11:0-23:0,11:0-23:0,11:0-22:0
g3wJ3T0ksO4xgDS6KIDY1A,11:0-0:0,11:0-0:0,11:0-0:0,11:0-0:0,11:0-0:0,11:0-0:0,11:0-0:0
Zn4zzOZXPSouXKuhYvNlYg,0:0-0:0,10:30-1:0,10:30-1:0,10:30-1:0,10:30-4:0,11:0-4:0,11:0-0:0
5nqh0BJ3IrvDYpmkBheD4g,7:30-19:0,7:30-19:0,7:30-19:0,7:30-19:0,7:30-19:0,9:30-19:0,9:30-19:0
Jr8OvuZStssBpW8mxsarnw,11:0-22:0,11:0-22:0,11:0-22:0,11:0-22:0,11:0-22:0,13:0-22:0,17:0-22:0
D9bf5U0y_0MnL9wMFc4bKQ,18:0-23:0,18:0-23:0,18:0-23:0,18:0-2:0,18:0-2:0,18:0-2:0,18:0-2:0
Tz01tl2VlnliktL-Hhc73Q,17:0-6:0,17:0-6:0,17:0-6:0,17:0-6:0,17:0-6:0,17:0-6:0,17:0-6:0
L38gPrqPa4alEwnxoLUdAQ,9:0-21:0,9:0-21:0,9:0-21:0,9:0-21:0,9:0-22:0,9:0-22:0,9:0-21:0
zY_YAwo4On0aqOABS-1cBA,10:0-2:0,10:0-2:0,10:0-2:0,10:0-2:0,10:0-3:0,10:0-3:0,10:0-2:0
h0MNaniQdLa3ZGmXh9DDeQ,9:0-22:0,9:0-22:0,9:0-22:0,9:0-22:0,9:0-23:0,9:0-23:0,9:0-20:0
F_grYTnIPE1_Wwlfvt0J4Q,0:0-0:0,0:0-0:0,0:0-0:0,0:0-0:0,0:0-0:0,0:0-0:0,0:0-0:0
-6mzdR0YjOToJ8E04Y9O0Q,11:30-22:30,11:30-22:30,11:30-22:30,11:30-22:30,11:30-22:30,11:30-22:30,17:0-22:30
_70P6YlJVWHQq__6NpIWkA,6:0-19:0,6:0-19:0,6:0-19:0,6:0-19:0,6:0-19:0,7:0-19:0,8:0-15:0
yGd87bkFijZ6YHrHtW5maA,11:0-22:0,11:0-22:0,11:0-22:0,11:0-22:0,11:0-0:0,11:0-22:0,11:0-22:0
YoCHE5mfF5EOcaMbMGNNVQ,9:0-16:0,9:0-16:0,9:0-16:0,9:0-16:0,9:0-16:0,9:0-17:0,9:0-17:0
hnCd1VSLYdb2-eHO7iB9xQ,10:30-0:30,10:30-0:30,10:30-0:30,10:30-0:30,10:30-1:30,9:0-1:30,9:0-0:30
DC3Uyai-vCCUgMmMvLESlw,6:0-6:0,6:0-6:0,6:0-6:0,6:0-6:0,6:0-6:0,6:0-6:0,6:0-6:0
_yxPEM0oxih1H0SoHJ-k5w,11:0-23:0,11:0-23:0,11:0-23:0,11:0-23:0,11:0-23:0,11:0-23:0,13:0-23:0
jPvn-C8kNUcyGfjUtOc_oA,17:0-22:0,17:0-22:0,17:0-22:0,17:0-22:0,17:0-23:0,11:0-23:0,11:0-22:0
eoHdUeQDNgQ6WYEnP2aiRw,9:0-22:0,9:0-22:0,9:0-22:0,9:0-22:0,9:0-23:0,9:0-23:0,9:0-22:0
-2hOglg7Lh8ZgclQJ9ba2w,22:0-2:0,18:0-22:0,18:0-22:0,18:0-22:0,18:0-2:0,18:0-2:0,18:0-22:0
4uiijOUDzc-DeIb2XcKW_A,17:0-23:0,17:0-23:0,17:0-23:0,17:0-23:0,17:0-0:0,17:0-0:0,17:0-23:0
svTDpnD6yj77h5iH9lDucw,11:0-21:0,11:0-21:0,11:0-21:0,11:0-21:0,11:0-21:0,12:0-20:0,12:0-20:0
hroo5nOO8b9QhHX0GLg7oA,9:0-3:0,9:0-3:0,9:0-3:0,9:0-3:0,9:0-3:0,9:0-3:0,9:0-3:0
Mk_NJdCypVpNe6yGgymkbw,9:0-20:0,9:0-20:0,9:0-20:0,9:0-20:0,9:0-20:0,9:0-20:0,9:0-20:0
a7GomHLPBvkDzmH1D3e8vA,11:0-22:0,11:0-22:0,11:0-22:0,11:0-22:0,11:0-22:0,11:0-22:0,11:0-22:0
FCP5hYaTtn6dkpmZ_NTvEw,17:0-21:0,17:0-21:0,17:0-21:0,17:0-21:0,17:0-21:0,17:0-21:0,17:0-21:0
7zqmeEgCPfvbxyaKHli6Dw,9:0-21:0,9:0-21:0,9:0-21:0,9:0-21:0,9:0-21:0,9:0-21:0,9:0-19:0
D7GNmDVby1wAq1XZNmeQZw,0:0-0:0,11:30-21:0,11:30-21:0,11:30-21:0,11:30-21:0,11:30-21:0,11:30-14:0
D3tXmFzqLD3mGzYnp5vp7w,11:0-22:0,11:0-22:0,11:0-22:0,11:0-22:0,11:0-22:0,11:0-22:0,11:0-21:0
ux6FCssPmLx5LrWzTHvxWg,6:0-6:0,6:0-6:0,6:0-6:0,6:0-6:0,6:0-6:0,6:0-6:0,6:0-6:0
cW0kFaT9QqotYGGGI3-Btw,1:0-1:0,1:0-1:0,1:0-1:0,1:0-1:0,1:0-1:0,1:0-1:0,1:0-1:0
SvW3WsatQWvR8c1iwAD_QA,13:0-2:0,13:0-2:0,13:0-2:0,13:0-2:0,13:0-2:0,13:0-2:0,13:0-2:0
4vwhK3Uxlp2gBtQuP78NOA,10:0-22:0,10:0-22:0,10:0-22:0,10:0-22:0,10:0-23:0,10:0-23:0,12:0-22:0
Meu8JwRliV7-Dva3UQXCSA,10:0-0:0,10:0-0:0,10:0-4:0,10:0-4:0,10:0-4:0,10:0-4:0,10:0-0:0
YH_3Z_-sFoWeG8QiuO1-oA,10:0-22:0,10:0-22:0,10:0-22:0,10:0-22:0,10:0-22:0,10:0-22:0,10:0-22:0
q6DddOoOR2A1_-M2g2PGqA,10:30-21:0,10:0-21:0,10:0-21:0,10:0-21:0,10:0-21:0,10:0-21:0,10:30-21:0
Lft-0Xy72YbwRkn_n5hfXA,17:0-22:0,17:0-22:0,17:0-22:0,17:0-22:0,17:0-22:0,17:0-23:0,17:0-22:0
IkI9yPjx-MRYh-Jh-LqIiQ,0:0-0:0,0:0-0:0,0:0-0:0,0:0-0:0,0:0-0:0,0:0-0:0,0:0-0:0
P8TQOkplgiQDdHRUj-IZRA,16:0-21:0,16:0-21:0,16:0-21:0,16:0-21:0,15:0-21:0,11:0-21:0,11:0-20:0
WwvSDgFkx3f0piozrdMxtQ,11:0-22:0,11:0-22:0,11:0-22:0,11:0-22:0,11:0-23:0,11:0-23:0,11:0-21:0
RI-E3WWC_KMm27EShF3O8Q,9:0-21:30,9:0-21:30,9:0-21:30,9:0-21:30,9:0-23:0,9:0-23:0,9:0-20:30
-d1xHUrLRbfJNqd5A_uP6A,6:30-14:30,6:30-14:30,6:30-14:30,6:30-14:30,6:30-14:30,6:30-14:30,6:30-14:30
Bz6UcQZgRkrGtDwcagvt9w,12:0-0:0,11:30-1:0,11:30-1:0,11:30-2:0,11:30-2:0,11:30-2:0,12:0-0:0
IspcgPcxFqSn1Sb5ll-7ug,12:0-23:0,12:0-23:0,12:0-23:0,12:0-23:0,12:0-0:0,10:0-0:0,10:0-22:0
SWZ_GqiaAoc4JoUOosF0mg,9:0-23:0,9:0-23:0,9:0-23:0,9:0-23:0,9:0-3:0,9:0-3:0,9:0-23:0
ubz4CaZXagQuGv2N9gFAdw,18:0-23:0,18:0-22:30,18:0-22:30,18:0-22:30,18:0-23:30,18:0-23:30,18:0-23:0
W9Bh_7mfuUrEAdQBJMVOvA,12:0-23:0,12:0-23:0,12:0-23:0,12:0-23:0,12:0-0:0,12:0-0:0,12:0-0:0
pPO_UXvffah1uKhMlo9LBw,7:0-19:0,7:0-19:0,7:0-19:0,7:0-19:0,7:0-19:0,7:0-19:0,7:0-19:0
AOEHe6uKrnC_Aje3kT8-7w,10:0-23:0,10:0-23:0,10:0-23:0,10:0-23:0,10:0-1:0,10:0-1:0,10:0-23:0
OIcneOOA3uhODls7ANBsnQ,7:0-20:0,7:0-22:0,7:0-22:0,7:0-22:0,7:0-23:0,7:30-23:0,7:30-22:0
nc2ToNeakcNlFOggSuh0SQ,11:0-23:0,11:0-23:0,11:0-23:0,11:0-23:0,11:0-23:0,11:0-23:0,11:0-23:0
nxbVyDfknWtycymHluAzSA,11:0-23:0,11:0-23:0,11:0-23:0,11:0-23:0,11:0-23:0,10:0-23:0,10:0-23:0
LuZKuFPkQE35MhYmFoL7-g,11:30-23:0,11:30-23:0,11:30-23:0,11:30-23:0,11:30-1:0,11:0-1:0,11:0-22:0
4MLQG9gKglkALP0EnsEMeA,11:0-22:0,11:0-22:0,11:0-22:0,11:0-22:0,11:0-22:0,12:0-22:0,16:0-22:0
f4KJOcNMUSDGKvqm68CRiA,20:0-2:0,20:0-2:0,20:0-2:0,20:0-2:0,20:0-2:0,20:0-2:0,20:0-2:0
FYWbBFMAoIKuQlbUcBa9Zw,11:30-21:0,11:30-21:0,11:30-21:0,11:30-22:0,11:30-22:30,10:30-22:30,10:30-21:0
gj7jcal-6RYk1TRjSWAgTg,11:0-1:0,11:0-1:0,11:0-1:0,11:0-2:0,11:0-2:0,11:0-2:0,11:0-1:0
2Y0-nrSZNsLRStyupZgM7g,0:0-0:0,0:0-0:0,0:0-0:0,0:0-0:0,0:0-0:0,0:0-0:0,0:0-0:0
UV2eT3MQre7eWjtsnuiM7g,10:30-22:30,10:30-22:30,10:30-22:30,10:30-22:30,10:30-22:30,10:30-22:30,11:0-22:30
mbjF4qlWNfmLlhQ6-VowHg,6:0-5:30,6:0-5:30,6:0-5:30,6:0-5:30,6:0-5:30,6:0-5:30,6:0-5:30
lX0Ev16NZmRrPbGZi3roEg,8:0-23:0,8:0-23:0,8:0-23:0,8:0-23:0,8:0-2:0,8:0-2:0,8:0-23:0
gK_8-iwivfBEuouSWyzMBQ,12:0-21:0,12:0-21:0,12:0-21:0,12:0-21:0,12:0-22:0,12:0-22:0,12:0-19:0
flgxUeGy8xctqiykaMVOLA,7:30-17:0,7:30-17:0,7:30-17:0,7:30-17:0,7:30-17:0,8:0-17:0,8:30-17:0
RP6LTJlIYH4dWyCCTexFvw,8:0-23:30,8:0-23:30,8:0-23:30,8:0-23:30,8:0-2:0,9:0-2:0,9:0-23:30
RNoPER1n3_QoeuJt1K9TkQ,12:0-23:0,12:0-23:0,12:0-23:0,12:0-23:0,12:0-2:0,12:0-2:0,12:0-23:0
CJEh1U0g2A01kjJxikkjIg,17:0-2:0,17:0-2:0,17:0-2:0,17:0-2:0,17:0-2:0,17:0-2:0,17:0-2:0
SAEGVsnptCMREqLSiNRX1Q,11:0-23:0,11:0-23:0,11:0-23:0,11:0-0:0,11:0-4:0,11:0-4:0,11:0-23:0
kJAmLFgiIjtjULunpr3NNg,17:0-1:0,17:0-1:0,17:0-1:0,17:0-1:0,17:0-2:0,17:0-2:0,17:0-1:0
Eufhdwi954UY-9MsdHjJKQ,11:0-20:0,11:0-20:0,11:0-20:0,11:0-20:0,11:0-21:0,11:0-21:0,11:0-20:0
Zrtozs1rdJREGNxFRTcV3Q,10:0-22:0,10:0-22:0,10:0-22:0,10:0-22:0,10:0-22:0,10:0-22:0,10:0-22:0
Zba1miBIyvoryQ2mhX_pOQ,9:0-18:0,9:0-18:0,9:0-18:0,9:0-18:0,9:0-18:0,10:0-16:0,10:0-14:0
CVNJ5kndABkFtDLr_mrBaA,11:0-23:30,11:0-23:30,11:0-23:30,11:0-23:30,11:0-23:30,12:0-23:30,12:0-22:30
g8MvjrCima1lt4YHYP32Vw,11:0-23:0,11:0-23:0,11:0-23:0,11:0-23:0,11:0-0:0,11:0-0:0,11:0-0:0
VjvZik_uBJ-UyHdT2PdPPg,9:0-23:0,9:0-23:0,9:0-23:0,9:0-23:0,9:0-23:0,9:0-23:0,9:0-23:0
hbuVhfMb8r3kVNZ-thX16g,11:0-22:0,11:0-22:0,11:0-22:0,11:0-22:0,11:0-22:0,11:0-22:0,11:0-22:0
rca1HN4qRsZfmpxmlFWNDQ,10:0-20:30,10:0-20:30,10:0-20:30,10:0-20:30,10:0-20:30,10:0-20:30,10:0-20:30
_U4M_X9y3Jg2092XjuzSkw,11:0-0:0,11:0-0:0,11:0-0:0,11:0-0:0,11:0-0:0,11:0-0:0,11:0-0:0
6I715CbaGgu1Wu16ahmm8A,11:0-22:30,11:0-22:30,11:0-22:30,11:0-22:30,11:0-23:0,11:0-23:0,11:0-22:30
0dU5pJcQPObFL1eG8MJWIg,11:0-22:0,11:0-22:0,11:0-22:0,11:0-22:0,11:0-22:0,11:0-22:0,11:0-22:0
o1Y1JV8khAMD3yMUZymr5g,8:0-16:0,8:0-16:0,8:0-16:0,8:0-16:0,8:0-16:0,8:0-16:0,9:0-16:0
OE1emTl3wuvxy01ufROBtw,17:0-23:0,17:0-23:0,17:0-23:0,17:0-23:0,17:0-23:0,17:0-23:0,17:0-22:0
UHD-Mpx3hAl4ZRaU1E6-hg,11:0-21:0,11:0-21:0,11:0-21:0,11:0-21:0,11:0-21:0,11:0-21:0,11:0-21:0
9GLN1xfck07CKfNfejKCwg,0:0-0:0,11:30-22:0,11:30-22:0,11:30-22:0,11:30-22:0,17:0-22:0,16:0-22:0
Br2gGP58FkogY04rhdcDHQ,11:0-21:0,11:0-21:0,11:0-21:0,11:0-21:0,11:0-21:0,9:0-21:0,9:0-21:0
kurQNrrkwE6F2G99n7noyw,5:30-0:0,5:30-0:0,5:30-0:0,5:30-0:0,5:30-0:0,5:30-0:0,8:0-0:0
H5M7VSequiTztXXdQLcEEQ,11:0-22:0,11:0-22:0,11:0-22:0,11:0-22:0,11:0-23:0,11:0-23:0,11:0-22:0
gMvDOj8MZ0ix55AbpbWs9Q,7:30-21:30,7:30-21:30,7:30-21:30,7:30-21:30,7:30-20:30,9:0-18:30,9:0-18:30
pvYVHQsz2ZsOA508QunKHw,11:0-22:0,11:0-22:0,11:0-22:0,11:0-23:0,11:0-23:0,10:0-23:0,10:0-22:0
gHutuGMMMH-5Qv9DbemLFw,6:0-14:0,6:0-14:0,6:0-17:0,6:0-14:0,6:0-17:0,6:0-17:0,6:0-14:0
PwTsXVAm19AZ0jnAyYSvZA,11:30-20:0,11:30-20:0,11:30-20:0,11:30-20:0,11:30-21:0,11:30-21:0,11:30-20:0
nhtl2xdJXIwVlov_9AsAdQ,17:30-1:0,17:30-1:0,17:0-1:30,17:0-2:0,16:0-2:30,17:30-2:30,17:30-1:0
EPKg3b0BK20-VKmzrP2W-A,0:0-0:0,0:0-0:0,0:0-0:0,0:0-0:0,0:0-0:0,0:0-0:0,0:0-0:0
bHqJQxPF-VL95tjAUYtK6w,10:30-21:0,10:30-21:0,10:30-21:0,10:30-21:0,10:30-22:0,10:30-22:0,11:0-21:0
baRd6otoSKiLKexfoyKWbg,10:30-22:0,10:30-22:0,10:30-22:0,10:30-22:0,10:0-23:0,10:0-23:0,10:30-22:0
U1vRCl0GoHF2xSb782sciw,11:0-23:0,11:0-23:0,11:0-23:0,11:0-23:0,11:0-23:0,11:0-23:0,11:0-23:0
N-FKBizx_wu3L8mvDPfYGw,15:0-0:0,13:0-1:0,13:0-1:0,13:0-1:0,13:0-2:0,13:0-2:0,15:0-0:0
JEQaPs7jNT1M2os9lJDlUA,11:0-14:30,11:0-20:0,11:0-20:0,11:0-20:0,11:0-21:0,11:0-21:0,10:0-15:0
pup46G8qFBG8695RtbQNwA,11:0-21:0,11:0-21:0,11:0-21:0,11:0-21:0,11:0-23:0,11:0-23:0,11:0-15:0
drei9bJ5RWHYrDg2Xo3qpA,11:0-23:0,11:0-23:0,11:0-23:0,11:0-23:0,11:0-23:0,11:0-23:0,11:0-23:0
cIRZU99i82ReJxCqhgXc5g,11:0-18:0,11:0-20:0,11:0-20:0,11:0-20:0,11:0-20:0,11:0-20:0,11:0-20:0
3JJWG-Eyj-czxaXaE7LVaA,11:30-22:0,11:30-22:0,11:30-22:0,11:30-22:0,12:0-23:0,12:0-23:0,11:30-22:0
e2uWs-oYZ2PB4ybr-UhErQ,12:0-18:0,10:30-19:30,10:30-19:30,10:30-19:30,10:30-19:30,10:30-19:30,12:0-18:0
Xyaw8gVBFDdn6rp_NtLhnw,11:0-22:0,11:0-22:0,11:0-22:0,11:0-22:0,11:0-22:0,11:0-22:0,11:0-23:0
Z1kqDvTwye4524s7oXOBgQ,9:0-20:0,9:0-20:0,9:0-20:0,9:0-20:0,9:0-20:0,9:0-20:0,9:0-19:0
FNQs47CO7Dd8tVZ1u8aEMw,17:0-23:0,17:0-23:0,17:0-23:0,17:0-23:0,17:0-0:0,17:0-0:0,17:0-23:0
T0Uw6vwwfO3el29wBoDamQ,11:0-0:0,11:0-0:0,11:0-0:0,11:0-0:0,11:0-3:0,11:0-3:0,11:0-0:0
14O6gNqpd3bcnIAHPFT58g,17:0-21:0,17:0-21:0,17:0-21:0,17:0-21:0,17:0-21:0,17:0-21:0,17:0-21:0
cEU4IbCouZ1IFwURJKRJRQ,11:0-22:0,11:0-22:0,11:0-22:0,11:0-22:30,11:0-22:30,11:0-22:30,11:0-22:30
_1wZ4ZbxWA_Qsm1-0UCreA,11:0-23:0,11:0-23:0,11:0-23:0,11:0-23:0,11:0-23:0,11:0-23:0,11:0-23:0
JjEriMCnw5BR_5s-RNy3Ig,17:0-2:0,11:0-2:0,11:0-2:0,11:0-2:0,11:0-2:0,9:0-2:0,9:0-2:0
mzvOKS2QFKGIMFdLusbjQg,11:0-20:0,11:0-20:0,11:0-20:0,11:0-20:0,11:0-20:0,11:0-20:0,11:0-20:0
0BJK4_RQnNiiXJcYPEgG3w,17:0-22:0,17:0-22:0,17:0-22:0,17:0-22:0,17:0-22:0,17:0-22:0,17:0-22:0
THadh2gExZ0AxzcLJbJf9g,7:0-15:0,7:0-15:0,7:0-15:0,7:0-15:0,7:0-15:0,7:0-15:0,7:0-15:0
G58YATMKnn-M-RUDWg3lxw,7:0-15:0,7:0-15:0,7:0-15:0,7:0-15:0,7:0-15:0,7:0-15:0,7:0-15:0
Q3nButmAU4F-v55S5I3vEw,11:0-21:0,11:0-21:0,11:0-21:0,11:0-21:0,11:0-21:0,11:0-21:0,11:0-21:0
9FPs1mXHZEoEWo3kw9cwGQ,11:30-23:0,11:30-23:0,11:30-23:0,11:30-23:0,11:30-0:0,12:0-0:0,12:0-22:0
djDktbXvOwaJhuk5whLlOQ,11:0-22:0,11:0-22:0,11:0-22:0,11:0-22:0,11:0-22:0,11:0-22:0,11:0-22:0
rH7HQC7_t3hksLUiK-Lj_w,11:30-3:0,11:30-3:0,11:30-3:0,11:30-3:0,11:30-3:0,11:30-3:0,11:30-3:0
sPzLsm3l1eUPMzz3ZJJu_w,11:0-22:0,11:0-22:0,11:0-22:0,11:0-22:0,11:0-23:0,11:0-23:0,11:0-21:30
mE-isLpfMbdQpOmb-WWo3w,11:0-22:0,11:0-22:0,11:0-22:0,11:0-22:0,11:0-2:0,11:0-2:0,12:0-21:0
7d4_aSWLjzu9z778ac4g2g,11:0-23:0,11:0-23:0,11:0-23:0,11:0-23:0,11:0-23:0,11:0-23:0,11:0-23:0
yKPY_6w7HNb0QhA3DcxvPw,17:0-21:0,17:0-21:0,17:0-21:0,17:0-21:0,17:0-22:0,17:0-22:0,17:0-21:0
61qDFkNrHKzyA9n3dlgcEw,17:0-21:0,17:0-21:0,17:0-21:0,17:0-21:0,17:0-22:0,17:0-22:0,17:0-21:0
e7ii4a_E8lm2uIU2AQrNAg,10:0-2:0,10:0-2:0,10:0-2:0,10:0-2:0,10:0-2:0,10:0-2:0,10:0-2:0
yNBVOKSZN_AIjSJdhF_rqA,11:0-21:0,11:0-21:0,11:0-21:0,11:0-21:0,11:0-21:0,11:0-21:0,11:0-21:0
06_bDWrsZkj5l1u1OUZ4Vg,8:0-18:0,8:0-18:0,8:0-18:0,8:0-18:0,8:0-18:0,8:0-18:0,8:0-18:0
kqM_bA4eEAnIMekmyWB5WA,10:0-21:0,10:0-21:0,10:0-21:0,10:0-21:0,10:0-21:0,10:0-21:0,10:0-21:0
BQHbrLQVB6l1GqX93JIQ2w,6:0-21:0,6:0-21:0,6:0-21:0,6:0-21:0,6:0-21:0,6:0-21:0,7:0-20:0
NFaVXGofY855SyGs6D3_-Q,11:0-21:0,11:0-21:0,11:0-21:0,11:0-21:0,11:0-23:0,11:0-23:0,11:0-21:0
Zj3hKT7KlKSCAb4XCz4dgQ,11:0-21:0,11:0-21:0,11:0-21:0,11:0-21:0,11:0-21:30,11:30-21:30,11:30-21:30
nj6gbiEInXiKMWhIOvv8og,8:0-21:0,8:0-21:0,8:0-21:0,8:0-21:0,9:0-22:0,9:0-22:0,10:0-20:0
mr3rQcYBKWu2L6o7qtQ9Wg,7:0-19:0,7:0-19:0,7:0-19:0,7:0-19:0,7:0-19:0,8:0-17:0,8:0-17:0
pnNbaEYMRvR4HPkbR7qn6g,0:0-0:0,17:0-21:0,17:0-21:0,17:0-21:0,17:0-20:30,17:0-21:0,17:0-20:30
foQZ6guS0l49trURKh7vlA,4:0-22:0,4:0-22:0,4:0-22:0,4:0-22:0,4:0-22:0,4:0-22:0,4:0-22:0
pCxzM4yOWyPQwZw11Y34Tw,7:0-21:0,7:0-15:0,7:0-15:0,7:0-21:0,7:0-21:0,7:0-21:0,7:0-21:0
_32BDvTLUGkfGzDb1z8Oyg,0:0-0:0,7:30-19:30,7:30-19:30,7:30-19:30,7:30-19:30,7:30-19:30,10:0-19:30
VLM7QXtwOWn0VZIMSqu5qg,0:0-0:0,0:0-0:0,0:0-0:0,0:0-0:0,0:0-0:0,0:0-0:0,0:0-0:0
53jjJCXpXSRaHfu_ZJePRA,7:0-15:0,7:0-15:0,7:0-15:0,7:0-15:0,7:0-15:0,7:0-15:0,7:0-15:0
ujBk7cdEvo5FkD1e0Gzq1Q,11:0-21:30,11:0-21:30,11:0-21:30,11:0-21:30,11:0-21:30,11:0-21:30,13:0-21:0
LkgqiRF3LaZCVQmDFC0AaA,11:30-0:0,11:30-0:0,11:30-0:0,11:30-2:0,11:30-2:0,17:30-2:0,17:30-0:0
zYKNDLEExBNKQQrW6vvz_Q,16:0-22:0,16:0-22:0,16:0-22:0,16:0-22:0,16:0-22:0,14:0-22:0,14:0-22:0
9evRrJHVWghiv16EOUg6zA,0:0-0:0,8:30-15:0,8:30-15:0,8:30-15:0,8:30-15:0,8:30-19:0,8:30-15:0
W_CGv14ofrMVatwXtoVMAw,11:0-21:0,11:0-21:0,11:0-21:0,11:0-21:0,11:0-21:0,11:0-21:0,11:0-21:0
DQ6TonJZAofhwI56FvNjoA,9:0-9:15,9:0-22:0,9:0-22:0,9:0-22:0,9:0-22:0,9:0-22:0,9:0-22:0
zlHSnkKKZLtkaX9CljvryA,17:0-22:0,17:0-22:0,17:0-22:0,17:0-22:0,17:0-23:30,17:0-23:30,17:0-22:0
OYHpqY6-3C-wXR-uPbHhwA,0:0-0:0,8:0-20:0,8:0-20:0,8:0-20:0,8:0-21:0,8:0-21:0,8:0-18:0
N8T_eijvaIh4eJ69mBz9FQ,17:0-0:0,17:0-0:0,17:0-0:0,17:0-0:0,15:0-2:0,10:30-2:0,10:30-0:0
CIFjkjllhTPGyx9eWBwJGQ,12:0-22:0,12:0-22:0,12:0-22:0,12:0-22:0,12:0-22:0,12:0-22:0,12:0-22:0
to3oe-3qmAOJ5hE71k0FNg,8:30-14:30,8:30-14:30,8:30-14:30,8:30-14:30,8:30-14:30,8:30-15:30,8:30-15:30
_qnPCNjDE5AvrCdY_vVpaA,11:30-22:0,11:30-22:0,11:30-22:0,11:30-22:0,11:30-22:0,12:0-21:0,12:0-21:0
IFXL6wMLBgBSGSiLBjtViA,11:0-2:0,11:0-2:0,11:0-2:0,11:0-2:0,11:0-4:0,11:0-4:0,11:0-2:0
KZvG9gUOMnbCFjzN1JTREQ,17:0-22:0,17:0-22:0,17:0-22:0,17:0-22:0,17:0-22:0,17:0-22:0,17:0-22:0
RBoVv3PVw3sAA-IfIF0d7Q,8:0-18:0,8:0-18:0,8:0-18:0,8:0-18:0,8:0-18:0,9:0-18:0,9:0-18:0
UUGoM4q4i8rK2CBRS0xDAw,6:0-23:0,6:0-23:0,6:0-23:0,6:0-23:0,6:0-0:0,6:0-0:0,6:0-0:0
XbFVHYOv5MjoZcgz32Q19g,7:0-0:0,7:0-0:0,7:0-0:0,7:0-0:0,7:0-0:0,7:0-0:0,7:0-0:0
P7cauct0hk9Q0pcbCV7YBg,10:0-20:0,10:0-20:0,10:0-20:0,10:0-20:0,10:0-20:0,10:0-20:0,10:30-18:0
CNLiKD4dXz3AZk3KKQ65Ng,7:0-22:0,7:0-22:0,7:0-22:0,7:0-2:0,7:0-2:0,8:0-2:0,8:0-22:0
BjLXhrKdB3I3f3ODy0INRw,0:0-0:0,0:0-0:0,0:0-0:0,0:0-0:0,0:0-0:0,0:0-0:0,0:0-0:0
Ani778by6sGFd-whUdFwCA,11:0-22:0,11:0-22:0,11:0-22:0,11:0-22:0,11:0-22:30,11:0-22:30,12:0-22:0
BHi4nZxX5oYYu175aSY4sw,11:0-22:0,11:0-22:0,11:0-22:0,11:0-22:0,11:0-23:0,17:0-23:0,17:0-23:0
zZoWJPYXK4AwBh0tn5pmsw,11:0-22:0,11:0-22:0,11:0-22:0,11:0-22:30,11:0-22:30,11:0-22:30,12:0-22:0
mJYzopHZZEXVJJrsue34aQ,16:0-22:0,16:0-22:0,16:0-22:0,16:0-22:0,16:0-22:0,16:0-22:0,16:0-22:0
pKxVsJvj3s9UF1LcnnBrOw,10:0-21:0,10:0-21:0,10:0-21:0,10:0-21:0,10:0-21:0,10:0-21:0,10:0-21:0
Opufpwe4jaf--LtDZ_AHiw,8:0-20:0,8:0-20:0,8:0-20:0,8:0-20:0,8:0-20:0,8:0-20:0,8:0-18:0
kzqx6Z2sse8PV3hVCVEw4g,11:0-21:0,11:0-21:0,11:0-21:0,11:0-21:0,11:0-21:30,11:0-21:0,11:0-21:0
p3JG2He3UptGY0eqc2YX8g,16:0-22:0,16:0-22:0,16:0-22:0,16:0-22:0,10:0-22:0,10:0-22:0,10:0-22:0
mkhjTkDlEqQGP-1IzfyN7g,9:0-1:0,9:0-1:0,9:0-1:0,9:0-1:0,9:0-1:0,9:0-1:0,9:0-1:0
Gow4sblC6N0K2F9cSTn51w,10:0-21:0,10:0-21:0,10:0-21:0,10:0-21:0,10:0-23:0,11:0-23:0,11:0-21:0
Yed9qjV3_HbrhzIIbdHERQ,11:0-22:0,11:0-22:0,11:0-22:0,11:0-22:0,11:0-22:0,11:0-22:0,11:0-22:0
kBfz-4wxdyNb3OOip3e2xw,11:0-21:0,11:0-21:0,11:0-21:0,11:0-21:0,11:0-23:0,11:0-23:0,11:0-21:0
okSpbU86tbKULQtz3vT-Bw,10:0-23:0,10:0-23:0,10:0-23:0,10:0-23:0,10:0-23:0,10:0-23:0,10:0-23:0
OHWebQuqI-AbB00zpLnWDg,9:0-21:0,9:0-21:0,9:0-21:0,9:0-21:0,9:0-21:0,9:0-21:0,9:0-21:0
XP0YZRa6Un25QaOH2g1ivA,11:0-21:0,11:0-21:0,11:0-21:0,11:0-21:0,11:0-22:0,11:0-22:0,11:0-21:0
lvuuyYZ-CzFrg1BLdV2OPw,14:0-21:0,16:0-22:0,16:0-22:0,16:0-22:0,16:0-23:0,11:0-23:0,11:0-22:0
9c3LlXubVkbMwIrS8dIp0Q,11:0-21:0,11:0-21:0,11:0-21:0,11:0-21:0,11:0-22:0,11:0-22:0,11:0-21:0
wvOLhIRGS0rybPuH6PKJWw,10:0-22:0,10:0-22:0,10:0-22:0,10:0-22:0,10:0-22:0,10:0-22:0,11:0-19:0
jyZqmlaziZKtPv8AVTzciw,11:0-20:30,11:0-20:30,11:0-20:30,11:0-20:30,11:0-20:30,11:0-20:30,11:0-20:30
hA5XQUJBdAb72yHCponG2g,11:30-23:0,11:30-23:0,11:30-23:0,11:30-0:0,11:30-0:0,11:30-0:0,11:30-22:0
4tiFtmGNFcvKRSPXPVT8Hw,15:0-22:0,15:0-23:0,15:0-23:0,15:0-23:0,15:0-0:0,11:0-0:0,11:0-22:0
RO1h2JPbvp0QeqSHDJbeKw,10:0-0:0,10:0-0:0,10:0-0:0,10:0-0:0,10:0-1:0,10:0-1:0,10:0-0:0
lZlaPghRe2Z1EkMUsFKOuw,11:0-23:0,11:0-23:0,11:0-23:0,11:0-23:0,11:0-23:0,11:0-23:0,11:0-23:0
lOYwF4VUJKe2BJ0i7zZeYQ,11:0-21:0,11:0-21:0,11:0-21:0,11:0-21:0,11:0-21:0,11:0-21:0,11:0-21:0
kywgPe0g6aVoq4VOMRMX1w,11:0-18:0,11:0-18:0,11:0-18:0,11:0-18:0,11:0-18:0,10:0-18:0,10:0-16:0
s2oTzh21fWMXy4YrSAq_wQ,9:0-0:0,9:0-0:0,9:0-0:0,9:0-0:0,9:0-0:0,9:0-0:0,9:0-0:0
Rb2s2-2kIvbPXnPEuM_OBg,7:0-3:0,7:0-3:0,7:0-3:0,7:0-3:0,7:0-3:0,7:0-3:0,7:0-3:0
rl0_CZQDJDlXfZiHe9tZ8A,10:0-19:0,10:0-19:0,10:0-19:0,10:0-19:0,10:0-19:0,8:0-17:0,8:0-17:0
ik0y2ZYiMQBVQsyDDyOzfw,12:0-19:0,12:0-19:0,12:0-19:0,12:0-19:0,12:0-21:0,12:0-21:0,12:0-19:0
dyEYOzQmtIcP4hXvqrvtdg,11:0-2:0,11:0-2:0,11:0-2:0,11:0-2:0,11:0-3:0,11:0-3:0,11:0-2:0
t7qvPH0G30w6xX5Q4lf8Jw,10:30-21:0,10:30-21:0,10:30-21:0,10:30-21:0,10:30-22:0,10:30-22:0,10:30-21:0
w8RWhhuKxMiFCpvFvIQ3zg,10:0-23:0,10:0-23:0,10:0-23:0,10:0-23:0,10:0-0:0,9:0-0:0,9:0-23:0
HoKXKkW8oC9q8XnjKLulRw,17:0-23:0,17:0-23:0,17:0-23:0,17:0-23:0,17:0-23:0,17:0-23:0,17:0-23:0
sHobmDWiTSsRvcE7H4KkgA,11:0-22:0,11:0-22:0,11:0-22:0,11:0-22:0,11:0-22:0,11:0-22:0,12:0-20:0
swl9MCD8CU7kbNvn0L4SJg,11:0-22:30,11:0-22:30,11:0-22:30,11:0-22:30,11:0-23:30,11:0-23:30,11:0-22:30
NRn6yqCq3yAh7NtKBt79xQ,17:0-22:0,17:0-22:0,17:0-22:0,17:0-22:0,17:0-22:0,17:0-22:0,17:0-22:0
You1TBLV0vNLzYddTR_9Ew,0:0-0:0,0:0-0:0,0:0-0:0,0:0-0:0,0:0-0:0,0:0-0:0,0:0-0:0
s2RCw9-DB3r4XyUMxYiOKA,18:0-5:0,18:0-5:0,18:0-5:0,18:0-5:0,18:0-5:0,18:0-5:0,18:0-5:0
qFm-9Q4BnDSS9eWrCgO3Lw,11:0-23:0,11:0-23:0,11:0-23:0,11:0-23:0,11:0-23:0,11:0-23:0,12:0-23:0
Tf13Wexrt6WmNw-CDW5Gyg,11:0-23:0,11:0-23:0,11:0-23:0,11:0-23:0,11:0-0:0,11:0-0:0,11:0-23:0
7fxebHYUwIF6CakxSr70iQ,12:0-0:0,12:0-0:0,12:0-0:0,12:0-0:0,12:0-0:0,12:0-0:0,12:0-0:0
Bh3duLU3aASnt2TZ97TJnQ,10:0-17:0,8:0-19:0,8:0-19:0,8:0-19:0,8:0-19:0,9:0-19:0,9:0-18:0
uuGlYAIvYAX1q1KhpY6dtA,17:0-22:0,17:0-22:0,17:0-22:0,17:0-22:0,17:0-22:0,17:0-22:0,17:0-22:0
UZYTFPPJuO2qOP1S2NkAtQ,11:0-21:0,11:0-21:0,11:0-21:0,11:0-21:0,11:0-21:0,11:0-21:0,11:0-18:0
TQFeyV5Ll449uQd3JprHcg,11:0-2:0,11:0-2:0,11:0-2:0,11:0-2:0,10:0-3:30,10:0-3:30,11:0-2:0
k1gDqlaVXilVRE2MxFR3HA,10:0-22:0,10:0-22:0,10:0-22:0,10:0-22:0,10:0-23:0,10:0-23:0,10:0-22:0
--SrzpvFLwP_YFwB_Cetow,11:0-0:0,11:0-0:0,11:0-0:0,11:0-0:0,11:0-1:0,10:30-1:0,10:30-0:0
RxZpGcmMmUUlLn8c6RTk8w,8:0-20:0,8:0-20:0,8:0-20:0,8:0-20:0,8:0-18:0,11:0-17:0,12:0-16:0
cYwJA2A6I12KNkm2rtXd5g,11:0-0:0,11:0-0:0,11:0-0:0,11:0-0:0,11:0-2:0,11:0-2:0,11:0-0:0
1GBdcsUE8d9nYuWqQ1C5ag,19:0-23:0,19:0-23:0,19:0-23:0,19:0-23:0,19:0-23:0,10:0-23:0,10:0-23:0
zKC3gRFQ8eRU8oRXENAEaA,16:30-23:0,16:30-23:0,16:30-23:0,16:30-23:0,12:0-23:0,12:0-23:0,12:0-23:0
i7__R4dmGUayzNB939Zm0A,17:30-1:0,17:30-1:0,17:30-1:0,17:30-1:0,17:30-1:0,17:30-1:0,17:30-1:0
NlGDKsTOLKyHJ0mgS_gWJQ,6:30-23:0,6:30-23:0,6:30-23:0,6:30-23:0,6:30-23:30,6:30-23:30,6:30-23:0
WLEZLUDR8IbSHFBOkm4Drg,23:0-22:0,23:0-22:0,23:0-22:0,23:0-22:0,23:0-22:0,23:0-22:0,23:0-21:0
gfe0ijslocwd7TnSWpDnWA,9:0-23:30,9:0-23:30,9:0-23:30,9:0-23:30,9:0-23:30,9:0-23:30,9:0-23:30
nTG85iVHPdLFAdjb6JCjig,12:0-23:0,12:0-23:0,12:0-23:0,12:0-23:0,12:0-23:0,12:0-23:0,12:0-23:0
BG8lvZoPTrPJqcvTh-ytzg,17:30-22:30,17:30-22:30,17:30-22:30,17:30-22:30,17:30-22:30,17:30-22:30,17:30-22:30
lxPWvoHDxgxBXIwfRjtLwg,18:0-4:0,18:0-4:0,18:0-4:0,18:0-4:0,18:0-4:0,18:0-4:0,18:0-4:0
vtGwb-yl69LT96mHVllWeA,11:0-22:0,11:0-22:0,11:0-22:0,11:0-22:0,11:0-23:0,11:0-23:0,11:0-21:0
D55S2yK1sheOVQwZyCMDQg,17:0-2:0,17:0-2:0,17:0-2:0,17:0-2:0,17:0-2:0,17:0-2:0,17:0-2:0
846lAt9k0-jjM8TbBIRAmg,9:0-22:30,9:0-22:30,9:0-22:30,9:0-23:0,9:0-23:0,9:0-23:0,9:0-23:0
HVkHt7Pk8G9958j61B9tPg,11:30-23:30,11:30-23:30,11:30-23:30,11:30-23:30,11:30-23:30,11:30-23:30,11:30-23:30
7eJGceqlI4c9Yd2uXulBug,10:0-16:0,10:0-16:0,10:0-16:0,10:0-16:0,10:0-16:0,10:0-16:0,10:0-16:0
y4jBVV_r8sVnz0WBEQrvMQ,7:0-23:0,7:0-23:0,7:0-23:0,7:0-23:0,7:0-1:45,7:0-2:0,7:0-23:0
9z3fqEeQXfxdF_sqkpPsSA,10:30-23:0,10:30-23:0,10:30-23:0,10:30-23:0,10:30-23:0,10:30-23:0,10:30-23:0
U1XLS-uQJVnQRvshnvAeXQ,10:0-0:0,10:0-0:0,10:0-0:0,10:0-0:0,10:0-0:0,10:0-0:0,10:0-0:0
eznFPTK8qoFLfDr_FZhBpg,10:0-21:30,10:0-21:30,10:0-21:30,10:0-21:30,10:0-21:30,10:0-21:30,10:0-21:30
to2cGMKdaw7ZHbXMzpfhlA,0:0-0:0,0:0-0:0,0:0-0:0,0:0-0:0,0:0-0:0,0:0-0:0,0:0-0:0
TK4nUh28mp1rJAgA3hQCUQ,15:0-22:0,15:0-22:0,15:0-0:0,15:0-2:0,15:0-2:0,11:0-2:0,11:0-0:0
FmZMn8-sjyTpOX7orjnt-g,8:0-22:0,8:0-22:0,8:0-22:0,8:0-22:0,8:0-23:0,8:0-23:0,8:0-23:0
yS4H1eQBtWLmYlkTKVL6hg,9:0-20:0,9:0-20:0,9:0-20:0,9:0-20:0,9:0-20:0,9:0-19:0,9:0-17:0
KhWl4Mwhm_Oqq0zIIz-0wQ,16:0-21:0,16:0-21:0,16:0-21:0,16:0-21:0,16:0-21:0,10:0-21:0,10:0-21:0
wpkmz67yw3oyXc0ykIslNw,11:0-21:30,11:0-21:30,11:0-21:30,11:0-21:30,11:0-21:30,11:0-21:30,11:0-21:0
DPsbhgdHty--Jegj_yNaUQ,11:30-22:0,11:30-22:0,11:30-22:0,11:30-22:0,11:30-22:0,12:0-22:0,12:0-22:0
HgL6gGEGoAUBKGrT6BXU4Q,0:0-0:0,17:0-22:0,17:0-22:0,17:0-23:0,11:0-23:0,11:0-23:0,11:0-22:0
bLCdohUvOM7l1OcXifmblw,17:0-22:0,17:0-22:0,17:0-22:0,17:0-22:0,9:0-22:0,9:0-22:0,9:0-22:0
Ae91-YlrGnHKq7KXD1WDxw,7:0-23:0,7:0-23:0,7:0-23:0,7:0-23:0,7:0-1:0,7:0-1:0,7:0-23:0
t8CiqHCgnGUVGRrn1QCvzQ,7:0-22:0,7:0-22:0,7:0-22:0,7:0-22:0,7:0-22:0,7:0-22:0,7:0-22:0
hiMdQmnVXgp7DTCCj3pwdA,10:30-20:0,10:30-20:0,10:30-20:0,10:30-20:0,10:30-21:0,10:30-21:0,11:0-19:0
-CbDQXiuKzPQ0_jiUz03aw,11:30-22:0,11:30-22:0,11:30-22:0,11:30-22:0,11:30-22:0,12:0-22:0,12:30-22:0
roCxdzue-nME2akdIRPTfA,6:30-19:0,6:30-19:0,6:30-19:0,6:30-19:0,6:30-21:0,8:0-21:0,9:0-16:0
HWMvxmKDrHtmmcsOmKA8Yg,16:0-0:0,16:0-0:0,16:0-0:0,16:0-0:0,16:0-1:0,14:0-1:0,14:0-0:0
Sy36Js6xGWQqpi9K6nlYgg,17:0-23:0,17:0-23:0,17:0-23:0,17:0-23:0,17:0-23:0,17:0-23:0,17:0-23:0
I2LcbNXGsMb6zxh4-gmVHw,11:0-22:0,11:0-22:0,11:0-22:0,11:0-22:0,11:0-0:0,11:0-0:0,11:0-22:0
Sn4P9faQE6wZvK-WI4fRHg,11:0-0:0,11:0-0:0,11:0-0:0,11:0-0:0,11:0-2:0,11:0-2:0,11:0-0:0
cOtlHRwW4pDGlp14G0c3kQ,11:0-2:0,11:0-2:0,11:0-2:0,11:0-4:0,11:0-4:0,11:0-4:0,11:0-2:0
QsMR_Fp9YRtDegThsOgFLA,17:0-0:0,17:0-0:0,17:0-0:0,17:0-0:0,17:0-2:0,17:0-2:0,17:0-22:0
_likkCtISrdc6OnUO6wpCA,8:0-20:0,8:0-20:0,8:0-20:0,8:0-20:0,8:0-20:0,10:0-17:0,11:0-17:0
RHplLLE7fIkNqri3_B22LQ,7:0-22:0,7:0-22:0,7:0-22:0,7:0-22:0,7:0-22:0,8:0-22:0,8:0-22:0
8_7CQB7SzLoN-rOp4Aws0Q,17:0-22:0,17:0-22:0,17:0-22:0,17:0-22:0,17:0-22:30,17:0-22:30,16:0-21:30
DPLkYvNHNBEs0teU95Ocfw,12:0-18:0,12:0-18:0,12:0-18:0,12:0-18:0,12:0-18:0,12:0-18:0,12:0-18:0
hx-oJMNnweYqE5ybU8aiSg,11:0-21:30,11:0-21:30,11:0-21:30,11:0-21:30,11:0-22:0,11:0-22:0,11:0-21:30
ui-tH5JiK-y5_tzSuowMDw,17:0-0:0,17:0-0:0,17:0-0:0,17:0-0:0,17:0-0:0,17:0-0:0,17:0-0:0
NKoI09Z35Gwn5gdfi5HWNg,16:15-22:0,16:15-22:0,16:15-22:0,16:15-22:0,16:15-22:30,16:15-22:30,16:15-22:0
-1vfRrlnNnNJ5boOVghMPA,11:0-0:0,11:0-0:0,11:0-0:0,11:0-0:0,11:0-0:0,11:0-0:0,11:0-22:0
hNsRj2nXuALlJS4Op-8MmA,11:0-23:0,11:0-23:0,11:0-23:0,11:0-23:0,11:0-1:0,10:0-1:0,10:0-23:0
E9Bq0UKtg3tB1yr2QXZ0Dg,0:0-0:0,8:0-22:0,8:0-22:0,8:0-22:0,8:0-23:0,8:0-23:0,8:0-22:0
avos1rGg2AqfC72Gl5zS7w,11:0-20:0,11:0-20:0,11:0-20:0,11:0-20:0,11:0-20:0,11:0-19:0,11:0-19:0
nY2oBwH3s5sKox1mERIoVQ,11:0-1:0,11:0-1:0,11:0-1:0,11:0-2:0,11:0-2:0,11:0-2:0,11:0-1:0
U3Nkc5DkKNRpBrHmwf4qRA,16:0-21:30,16:0-21:30,16:0-21:30,16:0-21:30,11:0-22:0,11:0-22:0,11:0-21:0
6AgvdkMHPvAGpxs7gdx38Q,11:0-0:0,11:0-0:0,11:0-0:0,11:0-2:0,11:0-2:0,11:0-2:0,11:0-0:0
vf-OLMuP-EB1vlqVGUx4CQ,11:0-2:0,11:0-2:0,11:0-2:0,11:0-2:0,11:0-2:0,11:0-2:0,11:0-2:0
pgSnP1h1Hg7O4nEGfxVHZw,10:30-21:0,10:30-21:0,10:30-21:0,10:30-21:0,10:30-22:0,10:0-22:0,10:0-21:0
-DrDzpZaMrNnH55ZVyTXRQ,11:0-22:0,11:0-22:0,11:0-22:0,11:0-22:0,11:0-23:0,11:0-23:0,11:0-21:0
i_pI9XnOgJ93cq85Ot06OQ,17:0-22:30,17:0-22:30,17:0-22:30,17:0-22:30,17:0-22:30,17:0-22:30,17:0-22:30
AkVPit-bonP9ctXeCSU_sg,6:30-22:0,6:30-22:0,6:30-22:0,6:30-22:0,6:30-22:30,7:0-22:30,7:0-22:30
HusY0jtxYpF9lGUJ92-xDQ,10:0-22:0,10:0-22:0,10:0-22:0,10:0-22:0,10:0-22:0,10:0-22:0,10:0-22:0
K2-3hzUtmqK8BWuLAEiauw,6:30-21:0,6:30-21:0,6:30-21:0,6:30-21:0,6:30-21:0,6:30-21:0,8:0-20:0
j-Z_HAev26ZftdErMhIBuA,10:30-22:30,10:30-22:30,10:30-22:30,10:30-22:30,10:30-22:30,10:30-22:30,11:0-22:30
eYNZc437KFTHKw6pU8GA7w,9:0-19:0,9:0-19:0,9:0-19:0,9:0-19:0,9:0-19:0,10:0-17:0,10:0-17:0
VF-LwjutNE-1pwMyKvYWvw,10:0-23:0,10:0-23:0,10:0-23:0,10:0-23:0,9:0-2:0,9:0-2:0,9:0-2:0
ssUwsahbtpqHcGfALOu4cw,17:0-22:0,17:0-22:0,17:0-22:0,17:0-22:0,17:0-22:30,17:0-22:30,17:0-22:30
61Do3_JKSyzUr3T3nZRROQ,11:30-20:30,11:30-21:0,11:30-21:0,11:30-21:0,11:30-22:0,12:0-21:0,12:0-20:30
nOkSC1GtMUJ_I70sb0SaeQ,12:0-22:0,12:0-22:0,12:0-22:0,12:0-22:0,11:0-23:0,11:0-23:0,12:0-22:0
FIhNVl-AFxrjb1-puoFF_Q,11:0-21:0,11:0-21:0,11:0-21:0,11:0-21:0,11:0-22:0,11:0-22:0,11:0-21:0
S9tvVJeZRPHZOQKyKBwMdA,11:30-22:0,11:30-22:0,11:30-22:0,11:30-22:0,11:30-22:0,11:30-22:0,11:30-22:0
Q3c9S0GOZpuBQkwXeXvo0Q,17:30-22:0,17:30-22:0,17:30-22:0,17:30-22:0,17:30-0:0,17:30-0:0,11:30-14:30
Dh6JsWOKQqIjuw4ZPnWkOg,11:0-21:0,11:0-21:0,11:0-21:0,11:0-21:0,11:0-22:0,11:0-22:0,11:0-18:0
d482l58ho0_IMdFkXX1F5Q,17:0-23:0,17:0-23:0,17:0-23:0,17:0-23:0,17:0-23:0,17:0-23:0,17:0-23:0
5Zc41a446gV3K_o7CDs69Q,0:0-0:0,0:0-0:0,0:0-0:0,0:0-0:0,0:0-0:0,0:0-0:0,0:0-0:0
PkTs6P-jCeX3IfAyk9OcYw,16:0-21:0,16:0-21:0,16:0-21:0,16:0-21:0,16:0-21:0,12:0-21:0,12:0-21:0
RodA_gxhr2Mj-pyQAL2RAQ,17:0-22:0,17:0-22:0,17:0-22:0,17:0-22:0,17:0-23:0,17:0-23:0,17:0-22:0
9_Qe_prcp0UzeaMhmdq8-Q,8:0-16:0,8:0-16:0,8:0-16:0,8:0-16:0,8:0-16:0,8:0-16:0,8:0-16:0
5C58ejb2nmJojUFPlvJj2A,11:30-23:0,11:30-23:0,11:30-23:0,11:30-23:0,11:30-23:0,11:30-23:0,11:30-23:0
rgZjPYSdZtS4xSTrx45PLQ,6:0-21:0,6:0-21:0,6:0-21:0,6:0-21:0,6:0-21:0,7:0-14:0,7:0-14:0
RB_nmlTMCS2M06c6wz4ANg,11:0-23:0,11:0-23:0,11:0-23:0,11:0-23:0,11:0-23:0,11:0-23:0,11:0-23:0
fy6srT4KpbE7ICBLdypEuQ,12:0-23:0,12:0-23:0,12:0-23:0,12:0-23:0,12:0-0:0,12:0-0:0,12:0-23:0
5o7Fx7Iot-gLKVNegLLw-w,9:0-22:0,9:0-22:0,9:0-22:0,9:0-22:0,9:0-22:0,9:0-22:0,9:0-22:0
24wnyPyir6-Bmv6zq7OXHg,10:0-20:30,10:0-20:30,10:0-20:30,10:0-20:30,10:0-20:30,10:0-20:30,10:0-20:30
7bATb_KMu18aEDcVIowB5g,10:0-22:0,10:0-22:0,10:0-22:0,10:0-22:0,10:0-22:0,12:0-22:0,12:0-22:0
EEu0F38DozQCmhDkh9g6cw,11:0-1:0,11:0-1:0,11:0-1:0,11:0-2:0,11:0-2:0,11:0-2:0,11:0-1:0
cilz3zHyydAG2kYjbNdrFg,11:0-22:0,11:0-22:0,11:0-22:0,11:0-22:0,11:0-23:0,11:0-23:0,11:0-22:0
YUE5S4ReiM4dq9qkKbDMwg,11:0-23:0,11:0-23:0,11:0-23:0,11:0-23:0,11:0-0:0,11:0-0:0,11:0-23:0
hoEZtpjQnBolxSmkrxHpWw,9:0-22:0,9:0-22:0,9:0-22:0,9:0-22:0,9:0-22:0,9:0-22:0,9:0-22:0
pvQgNYdh37cIiyqt7d08Lg,9:0-23:0,9:0-23:0,9:0-23:0,9:0-23:0,9:0-23:0,7:0-0:0,7:0-22:0
Fn20yKQ2Flzt0vuM5xPYvA,17:0-22:0,17:0-22:0,17:0-22:0,17:0-22:30,17:0-22:30,17:0-22:30,17:0-22:0
kaVWvc71cXH9MKuQmDtVUA,9:0-23:0,9:0-23:0,9:0-23:0,9:0-23:0,9:0-23:0,9:0-23:0,9:0-23:0
BpTijSZy7-2SZskFSCVW2g,8:0-18:0,8:0-18:0,8:0-18:0,8:0-18:0,8:0-18:0,8:0-18:0,8:0-18:0
zZAAiNGU2ySMvAlYbvvchg,8:0-22:0,8:0-22:0,8:0-22:0,8:0-22:0,8:0-22:0,8:0-22:0,8:0-22:0
7aN34Xk5I09sdzZlpyYKhg,11:0-0:0,11:0-0:0,11:0-0:0,11:0-0:0,11:0-2:0,11:0-2:0,11:0-0:0
oiV0qA2M06sXkHJgKVUnpw,16:0-0:0,16:0-0:0,16:0-0:0,16:0-0:0,16:0-0:0,10:30-0:0,10:30-0:0
RzvbHaDXSQn7d_b5UAFjLQ,11:0-23:0,11:0-23:0,11:0-23:0,11:0-23:0,11:0-0:0,11:0-0:0,11:0-23:0
m-POjqRtpWBcICTo2S5tfQ,8:30-20:30,8:30-20:30,8:30-20:30,8:30-20:30,8:30-20:30,8:30-20:30,8:30-20:30
yEgdNtrIuF5Jf34nIjyKug,12:0-21:0,12:0-21:0,12:0-21:0,12:0-21:0,12:0-21:0,10:0-22:0,10:0-22:0
iX0XUpk34WqHfUuLjPhR9g,18:0-2:0,18:0-2:0,18:0-2:0,18:0-2:0,18:0-2:0,18:0-2:0,18:0-2:0
5cbsjFtrntUAeUx51FaFTg,11:0-0:0,11:0-0:0,11:0-0:0,11:0-0:0,11:0-2:0,11:0-2:0,11:0-0:0
YYU_E5ASIuS6HHUu8Kv-Xg,11:0-21:0,11:0-21:0,11:0-21:0,11:0-21:0,11:0-21:0,11:0-21:0,11:0-21:0
ewhYqXL8jLrNpwQGnGIhyw,7:0-0:0,7:0-0:0,7:0-0:0,7:0-0:0,7:0-0:0,7:0-0:0,7:0-0:0
HlwbuZnJubtHBfXlxWDXpw,6:30-0:0,6:30-0:0,6:30-0:0,6:30-0:0,6:30-1:0,6:30-1:0,6:30-0:0
7OkUKJNJkurXKeixq_ASVA,11:0-21:30,11:0-21:30,11:0-21:30,11:0-21:30,11:0-21:30,11:0-21:30,11:0-21:30
PmLFk1s8pPVNXChqETM4MA,16:0-2:0,16:0-2:0,16:0-2:0,16:0-2:0,16:0-2:0,16:0-2:0,16:0-2:0
n-5dPbGyziS0SOkVDTquFQ,11:0-21:0,11:0-21:0,11:0-21:0,11:0-21:0,11:0-21:0,11:0-21:0,11:0-21:0
03icrim6SfEQJlejDMbzsA,10:0-22:0,10:0-22:0,10:0-22:0,10:0-22:0,10:0-22:0,10:0-22:0,10:0-22:0
Hz6pXloEBWboBaJuEpk0JQ,17:0-22:30,17:0-22:30,17:0-22:30,17:0-22:30,17:0-22:30,17:0-22:30,17:0-22:30
3-Bm90nXNtwLFyDtlj9olQ,11:0-22:0,11:0-22:0,11:0-22:0,11:0-22:0,11:0-22:0,15:0-22:0,11:0-22:0
Qihead6oTtWCwde3TBqlGg,0:0-0:0,0:0-0:0,0:0-0:0,0:0-0:0,0:0-0:0,0:0-0:0,0:0-0:0
OfITr0B8bZU3vukSQJIrWQ,11:0-22:0,11:0-22:0,11:0-22:0,11:0-22:0,11:0-23:0,11:0-23:0,11:0-21:0
mOF_0nlTRu5NxOu6MsOAQQ,11:0-22:0,11:0-22:0,11:0-22:0,11:0-22:0,11:0-22:0,11:0-22:0,11:0-22:0
o5nPu-ITfZ2OYx-6cU3moQ,6:0-19:0,6:0-19:0,6:0-19:0,6:0-19:0,6:0-19:0,6:0-18:0,6:0-18:0
XUlQ4BVoZH6rnAT40cYGOQ,6:30-14:30,6:30-14:30,6:30-14:30,6:30-14:30,6:30-14:30,6:30-14:30,6:30-14:30
e5tihkSq1-GT3AVA6sIXRA,11:0-1:0,11:0-1:0,11:0-1:0,11:0-1:0,11:0-4:0,11:0-4:0,11:0-1:0
2wrzJrML4I00e-11UiV4iQ,11:0-22:0,11:0-22:0,11:0-22:0,11:0-22:0,11:0-22:0,12:0-22:0,16:0-22:0
uynbRIP4g85lp87xBJUaTg,10:0-22:0,10:0-15:0,10:0-22:0,10:0-22:0,10:0-22:0,10:0-22:0,10:0-17:0
Kl4jN1WUFX67JRE40QVrcg,11:0-21:30,11:0-21:30,11:0-21:30,11:0-21:30,11:0-22:0,11:0-22:0,11:0-21:30
BzqwAx_KlRPAMGXw1xHXag,10:0-22:0,10:0-22:0,10:0-22:0,10:0-22:0,10:0-22:0,10:0-22:0,10:0-22:0
LmcJuoHqggZj_qAlmqxMEQ,10:0-22:0,10:0-22:0,10:0-22:0,10:0-2:0,10:0-2:0,10:0-2:0,10:0-22:0
pybIuTluqRhH_BQ3CJHlLw,11:0-22:0,11:0-22:0,11:0-22:0,11:0-22:0,11:0-22:0,12:0-22:0,12:0-22:0
f35DM0RuJ2x9ho6YNA3T-Q,9:0-17:0,9:0-17:0,9:0-17:0,9:0-17:0,9:0-17:0,9:0-17:0,9:0-17:0
GsaNBwJycUb6-MuFSYN5BQ,10:0-21:0,10:0-21:0,10:0-21:0,10:0-21:0,10:0-22:0,10:0-22:0,10:0-21:0
RJETnHYxNV_2iPWDesBFRA,9:0-21:0,9:0-21:0,9:0-21:0,9:0-21:0,9:0-23:0,9:0-23:0,9:0-22:0
XxXJat55Oep1BMzQ9yJJhQ,11:0-2:0,11:0-2:0,11:0-2:0,11:0-2:0,11:0-2:0,11:0-2:0,11:0-2:0
xFX3mg1MGCV9AV45CDd6FA,7:0-19:0,7:0-19:0,7:0-19:0,7:0-19:0,7:0-19:0,7:0-19:0,7:0-14:0
RGGOEmgtKXXZI91IXHEuIA,11:0-22:0,11:0-22:0,11:0-22:0,11:0-22:0,11:0-23:0,11:0-23:0,10:0-21:0
oaap_zKAxkrlTBwF3onmXw,11:0-23:0,11:0-23:0,11:0-23:0,11:0-23:0,11:0-0:0,11:0-0:0,11:0-23:0
c_ZDTkfDlfzLm0a3osk1ow,17:0-22:0,17:0-22:0,17:0-22:0,17:0-22:0,17:0-22:0,17:0-22:0,17:0-22:0
ehPtiTNRxZYCv0wjAWMXew,6:0-14:0,6:0-14:0,6:0-14:0,6:0-14:0,6:0-14:0,6:0-14:0,6:0-14:0
lJJbxFNv1MwTx_52Kna9kg,11:0-20:0,11:0-20:0,11:0-20:0,11:0-20:0,11:0-21:0,11:0-21:0,11:0-20:0
Hg3pn4JwDD0Mm_Hxr-at2w,0:0-0:0,0:0-0:0,0:0-0:0,0:0-0:0,0:0-0:0,0:0-0:0,0:0-0:0
mtSPx0N7fVF0NfZ2oCNbeQ,8:0-21:0,8:0-21:0,8:0-21:0,8:0-21:0,8:0-21:0,8:0-21:0,9:0-19:0
yhjyC0C02oC87__hK6nEeA,0:0-0:0,8:0-22:0,8:0-22:0,8:0-22:0,8:0-22:0,11:0-21:0,11:0-19:0
PvAOQjUxoWlWqNbiO2tthQ,10:30-20:0,10:30-20:0,10:30-20:0,10:30-20:0,10:30-21:0,10:30-21:0,10:30-18:0
S6zeihi74Ntn9pozgBJyHA,11:0-22:0,11:0-22:0,11:0-22:0,11:0-22:0,11:0-22:0,11:0-22:0,11:0-22:0
fxuUGJ6si0QxcRKn_KNkEA,11:30-21:0,11:30-21:0,11:30-21:0,11:30-21:0,11:30-21:0,11:30-21:0,11:30-21:0
RkekriZhaIZ7nSJBVept6Q,11:0-21:0,11:0-21:0,11:0-21:0,11:0-22:0,11:0-22:0,11:0-22:0,11:0-20:0
aQUo8irLBywAZN26ln_Q1w,11:0-22:0,11:0-22:0,11:0-22:0,11:0-22:0,11:0-0:0,11:0-0:0,11:0-22:0
Q-1JCkmzNBJk6jC7K_AUZA,11:0-2:0,11:0-2:0,11:0-2:0,11:0-2:0,11:0-4:0,11:0-4:0,11:0-2:0
_kdpjoGrIzA64E6aXHA66w,11:30-22:0,11:30-22:0,11:30-22:0,11:30-22:0,11:30-22:0,8:0-23:0,8:0-22:0
JAtkdUt_gV1iXjwj9vs_Og,11:0-0:0,11:0-0:0,11:0-0:0,11:0-0:0,11:0-0:0,10:0-0:0,10:0-0:0
L3LqWrnVAwMO0Aa4osR33w,8:0-20:0,8:0-20:0,8:0-20:0,8:0-20:0,8:0-20:0,10:0-19:0,10:0-17:0
SLCz2CaXXHJefrB942486w,17:0-23:0,17:0-23:0,17:0-23:0,17:0-23:0,17:0-0:0,17:0-0:0,17:0-23:0
tZZDCsWJ169-DHLjvafA6w,17:0-2:0,17:0-2:0,17:0-2:0,17:0-2:0,17:0-2:0,17:0-2:0,17:0-2:0
wltfqot_Et0r-DYaZDxWFA,11:0-21:0,11:0-21:0,11:0-21:0,11:0-21:0,11:0-21:0,9:0-21:0,9:0-21:0
pG90UZcF21ZYvXQbDdkkLg,11:0-0:0,11:0-0:0,11:0-0:0,11:0-0:0,11:0-0:0,11:0-0:0,11:0-0:0
hFTr6Zi0smtF24xgGCJoEg,11:30-21:0,11:30-21:0,11:30-21:0,11:30-21:0,11:30-0:0,11:30-0:0,11:30-21:0
3sPSc8NBvrkXi7scpRYDLg,11:0-21:0,11:0-21:0,11:0-21:0,11:0-21:0,11:0-21:0,11:0-21:0,11:0-21:0
Af7BsyzsJi_2qPFu_5tsJg,11:0-20:30,11:0-20:30,11:0-20:30,11:0-20:30,11:0-21:30,11:0-21:30,12:0-20:30
5XejqzaFmtkZMstJS5Iy-w,10:0-15:0,10:0-15:0,10:0-15:0,10:0-15:0,10:0-15:0,10:0-15:0,10:0-15:0
vKMLrlfff2bpXqx9sWGWsA,11:0-22:0,11:0-22:0,11:0-22:0,11:0-22:0,11:0-23:0,11:0-23:0,11:0-22:0
VnIz2QOa4eEm_ViV6ckCZA,7:0-1:0,7:0-1:0,7:0-1:0,7:0-1:0,7:0-1:0,7:0-1:0,7:0-1:0
-NNElpPRHRYUD0YHgXtgyQ,8:0-18:0,8:0-18:0,8:0-18:0,8:0-18:0,8:0-18:0,8:0-16:0,8:0-14:0
eMKqAItLbazgUT8xokz7fw,7:0-21:0,7:0-21:0,7:0-21:0,7:0-21:0,7:0-21:0,7:0-21:0,7:0-21:0
1SCETxRnwaYo2aBC3fi4SA,0:0-0:0,10:30-21:0,10:30-21:0,10:30-21:0,10:30-21:0,10:30-21:0,10:30-21:0
a7q40rE3-0PORdFnFL-1Hg,11:30-21:0,11:30-21:0,11:30-21:0,11:30-21:0,11:30-22:0,11:0-22:0,12:0-21:0
CUGswyxGdkcd4IE1oHc80A,11:30-22:0,11:30-22:0,11:30-23:0,11:30-23:0,11:30-1:0,12:0-1:0,12:0-22:0
8vrzErpjzhDabTWX1ZfOGA,10:0-20:30,10:0-20:30,10:0-20:30,10:0-20:30,10:0-20:30,10:0-20:30,11:0-20:0
2dUXkonsAdoXKAalTnmlig,8:0-20:0,8:0-20:0,8:0-20:0,8:0-20:0,8:0-20:0,8:0-20:0,8:0-20:0
YTfXZ9tbTBJkWsDI7cMDWQ,11:0-21:30,11:0-21:30,11:0-21:30,11:0-21:30,11:0-21:30,11:0-21:30,11:0-21:30
3qlqzQrwh8hjBltlgFgsJQ,11:0-0:0,11:0-0:0,11:0-0:0,11:0-0:0,9:0-2:0,9:0-2:0,9:0-0:0
eQNApV0-OpYJec3y1OoBvg,11:0-22:0,11:0-22:0,11:0-22:0,11:0-23:0,11:0-23:0,11:0-23:0,11:0-23:0
3p-7HlSGbFtZBivfsGmYbA,11:30-23:30,11:30-23:30,11:30-23:30,11:30-23:30,11:30-23:30,16:30-23:30,14:30-23:30
V1DITRxF42tjARULGfG0uA,11:0-21:0,11:0-21:0,11:0-21:0,11:0-21:0,11:0-21:0,11:0-21:0,11:0-20:0
5g6fssi_52emmju-vwPahQ,11:0-22:0,11:0-22:0,11:0-22:0,11:0-22:0,11:0-22:0,11:0-22:0,11:0-22:0
-QIQLK8RR6rl7v19cAQQHg,10:0-20:0,10:0-20:0,10:0-20:0,10:0-20:0,10:0-20:0,10:0-20:0,11:0-18:0
WoqO6D7Yh7Tbowkpb3pz5Q,11:0-22:30,11:0-22:30,11:0-22:30,11:0-22:30,11:0-22:30,11:0-22:30,11:0-22:30
2rVmvJrLP6qv2k13WSLlfg,11:0-20:0,12:0-20:0,12:0-20:0,12:0-21:0,11:0-21:30,12:0-21:30,12:0-20:0
WXzA4jW-E2UtaFd3v86Xfw,19:0-2:0,19:0-2:0,19:0-2:0,19:0-2:0,19:0-3:0,19:0-3:0,19:0-2:0
wIz5nWZ-0LfgAq5N2Nu1dg,8:0-21:0,8:0-21:0,8:0-21:0,8:0-21:0,8:0-21:0,8:0-21:0,10:0-22:0
MfC-gz4G9vs7I2A28ino6Q,7:0-15:0,7:0-15:0,7:0-15:0,7:0-15:0,7:0-15:0,7:0-15:0,7:0-15:0
dAvcyy08flqhFIzOIdg2UA,11:0-21:30,11:0-21:30,11:0-21:30,11:0-21:30,11:0-21:30,11:0-22:0,11:0-21:30
d1pB6SLzLb-4lFq8y5tEnQ,11:30-23:0,11:30-23:0,11:30-23:0,11:30-23:0,11:30-0:0,11:0-0:0,11:0-22:30
lGy7jJ9oVZUJNkmZj7ewgA,0:0-0:0,0:0-0:0,0:0-0:0,0:0-0:0,0:0-0:0,0:0-0:0,0:0-0:0
FevycwulBfHEZt77dv2EyA,0:0-0:0,0:0-0:0,0:0-0:0,0:0-0:0,0:0-0:0,0:0-0:0,0:0-0:0
Omn2qqVcTpH9J883EVhQ7g,11:0-23:0,11:0-23:0,11:0-23:0,11:0-23:0,11:0-23:0,11:0-23:0,11:0-21:0
217UagoGgTanLS0kfjYmXA,14:0-23:30,14:0-23:30,14:0-23:30,14:0-23:30,14:0-2:0,10:0-2:0,10:0-23:30
tsEllPWpgdXv_mdgjSoT0A,11:0-23:0,11:0-23:0,11:0-23:0,11:0-23:0,11:0-23:0,11:0-23:0,11:0-23:0
34PMhyoSQHVd4Lr7slzUcA,0:0-0:0,10:30-21:0,10:30-21:0,10:30-21:0,10:30-21:0,10:30-21:0,11:0-20:0
H_FkQxifSo13B2FWjhp36g,11:0-23:0,11:0-23:0,11:0-23:0,11:0-23:0,11:0-23:0,11:0-23:0,11:0-23:0
6D_rZE3vtdur2RR_QK0G6Q,11:0-23:0,11:0-23:0,11:0-23:0,11:0-23:0,11:0-2:0,11:0-2:0,11:0-0:0
-Fq75GKdSKwhTVISzyc6rw,7:30-16:0,7:30-16:0,7:30-21:0,7:30-21:0,7:30-21:0,8:0-16:0,8:0-16:0
1bxJcRAF-2wDY-QbiTCqPQ,8:30-23:0,8:30-23:0,8:30-23:0,8:30-23:0,8:30-2:0,8:30-2:0,8:30-2:0
16-gsPZnaBJgFi9Le-i27w,17:0-22:0,17:0-22:0,17:0-22:0,17:0-22:0,17:0-22:0,17:0-22:0,17:0-22:0
aKaBouHuC4EgDfo99zr4Fg,6:30-22:0,6:30-22:0,6:30-22:0,6:30-22:0,6:30-0:0,6:30-0:0,7:0-22:0
ihKI3k-fnzKERzKq3KOsxA,16:0-2:0,16:0-2:0,16:0-2:0,16:0-2:0,16:0-2:0,16:0-2:0,16:0-2:0
pajul2jeKg4tDBffmnNEDA,10:30-21:30,10:30-21:30,10:30-21:30,10:30-21:30,10:30-21:30,10:30-21:30,10:30-21:30
raVyoZbWWuN7JcFUdT7k2g,11:0-1:0,11:0-1:0,11:0-1:0,11:0-1:0,11:0-2:0,15:0-2:0,15:0-2:0
z5dE6ACPVnoyOOiAynMhmw,11:30-21:0,11:30-21:0,11:30-21:0,11:30-21:0,11:30-21:0,11:30-21:0,11:30-21:0
H8qpFitIesth86zqR4cwYg,0:0-0:0,0:0-0:0,0:0-0:0,0:0-0:0,0:0-0:0,0:0-0:0,0:0-0:0
wj2DUF07FDk9-nTKcoPaPQ,8:0-18:0,8:0-18:0,8:0-18:0,8:0-18:0,8:0-18:0,9:0-16:0,9:0-16:0
XiEtWh17z-_hZQSxwOe-zw,9:0-22:0,9:0-22:0,9:0-22:0,9:0-22:0,9:0-22:0,9:0-22:0,9:0-22:0
uy_3-iUSuB-_uYQMQJbOow,6:0-21:0,6:0-21:0,6:0-21:0,6:0-21:0,6:0-22:0,6:0-22:0,6:0-21:0
sZMliOne4mADZ2-CqeanZg,17:0-22:0,17:0-23:0,17:0-23:0,17:0-23:0,17:0-2:0,9:0-2:0,9:0-23:0
pbnZqw5tHkZZBG5Ryys0yw,10:30-21:30,10:30-21:30,10:30-21:30,10:30-21:30,10:30-21:30,10:30-21:30,10:30-21:30
Ls89UV4aSRE8eW2Pj_LaWg,7:0-23:0,7:0-23:0,7:0-23:0,7:0-23:0,7:0-0:0,7:0-0:0,7:0-23:0
0ueq5zB3NqLbh93KYYNIHQ,11:0-22:0,11:0-22:0,11:0-22:0,11:0-22:0,11:0-22:0,11:0-22:0,11:0-22:0
AS5SU_cEwM-IqmkF7USdQg,11:0-22:30,11:0-22:30,11:0-22:30,11:0-22:30,11:0-23:0,11:0-23:0,11:0-22:30
7usumJrTK_qs2GbSd8zIvg,6:0-20:0,6:0-20:0,6:0-20:0,6:0-20:0,6:0-20:0,7:0-17:0,7:0-17:0
Sav4EJZSG7p--09DTHt5mg,7:0-22:0,7:0-22:0,7:0-22:0,7:0-22:0,7:0-22:0,7:0-22:0,7:0-22:0
1JDRyjdfkE_iSwUGs_ZX1w,11:30-23:0,11:30-23:0,11:30-23:0,11:30-23:0,11:30-4:0,11:30-4:0,11:30-22:0
bMTvOepAgtRpD9nrNEy8zA,12:0-23:0,12:0-23:0,12:0-23:0,12:0-23:0,12:0-23:0,12:0-0:0,17:0-0:0
vRltDI3WRnjBumYzRwJVAg,11:0-23:0,11:0-23:0,11:0-23:0,11:0-23:0,11:0-23:0,11:0-23:0,11:0-23:0
VeVjZ8aR_zFEM9jKJuvraw,17:0-21:0,17:0-21:0,17:0-21:0,17:0-21:0,17:0-21:0,15:0-22:0,17:0-21:0
GZONBn0K1yp2aaD-l8debQ,11:0-1:0,11:0-1:0,11:0-1:0,11:0-1:0,11:0-1:0,11:0-1:0,11:0-1:0
NKXSQHhg3Lc2I3JiBaXkyg,6:0-14:0,6:0-14:0,6:0-14:0,6:0-14:0,6:0-14:0,7:0-15:0,7:0-15:0
j9qC2kxTFcgApOjQ0kvuVQ,0:0-0:0,0:0-0:0,0:0-0:0,0:0-0:0,0:0-0:0,0:0-0:0,0:0-0:0
i34UEze7MD42sP9T93DQTw,7:0-23:0,7:0-23:0,7:0-23:0,7:0-23:0,7:0-23:0,7:0-23:0,7:0-23:0
Qm2datcYBPXrPATVGFJQfQ,11:0-22:0,11:0-22:0,11:0-22:0,11:0-22:0,11:0-23:0,11:0-23:0,11:0-22:0
b7aGMB5-BNRtpBn1PkFD6w,11:0-20:0,11:0-23:0,11:0-23:0,11:0-23:0,11:0-23:0,11:0-23:0,12:0-20:0
BwrqExMsgZZ6VJnSfEEkdw,9:0-23:0,9:0-23:0,9:0-23:0,9:0-23:0,9:0-23:0,9:0-23:0,9:0-23:0
xd-AnaGxEMKT2zTEheP6_w,16:30-4:0,16:30-4:0,16:30-4:0,16:30-4:0,16:30-4:0,16:30-4:0,16:30-4:0
5gQhXemXe_dJX3eMRpyfNQ,10:0-22:0,10:0-22:0,10:0-22:0,10:0-22:0,10:0-22:0,10:0-22:0,10:0-22:0
ISeb4rh50T02uADLTok9TA,10:0-1:0,10:0-1:0,10:0-1:0,10:0-1:0,10:0-3:0,10:0-3:0,10:0-1:0
z9YXWQXODDMidKBBdqTEIw,11:30-23:0,11:0-23:0,11:0-23:0,11:0-23:0,11:0-23:0,8:0-23:0,8:0-23:0
zazLy5wo73tr5y9Oxjx36g,6:0-6:0,6:0-6:0,6:0-6:0,6:0-6:0,6:0-6:0,6:0-6:0,6:0-6:0
-cuzw1pcZ_UcdA4Qxc5YYg,12:0-22:30,12:0-22:30,12:0-22:30,12:0-22:30,12:0-22:30,12:0-22:30,12:0-22:30
mefhnIriNIEy_DZZLlEfig,7:0-15:0,7:0-15:0,7:0-15:0,7:0-15:0,7:0-15:0,8:0-15:0,8:0-15:0
JLTxzBEW4IrhraaonG-vUw,12:0-21:0,12:0-21:0,12:0-21:0,12:0-21:0,12:0-22:0,12:0-22:0,12:0-21:0
pVntIctjRuspaO_ULf5zOA,12:0-2:0,12:0-2:0,12:0-2:0,12:0-2:0,12:0-2:0,12:0-2:0,12:0-1:0
6uA2uRexFr8kfv7ghzryHg,11:30-22:30,11:30-22:30,11:30-22:30,11:30-22:30,11:30-23:0,11:30-23:0,11:30-23:0
Q55VH2YHdvX4JHUpWCSKrw,17:0-22:30,17:0-22:30,17:0-22:30,17:0-22:30,12:0-23:0,12:0-23:0,12:0-23:0
By7P2EBBvhqoSDj8PnQa8g,17:30-23:0,17:30-23:0,17:30-23:0,17:30-23:0,17:30-23:0,17:30-23:0,17:30-23:0
UJewG9UgVXQ7fyP4UHwnxw,9:0-21:0,9:0-21:0,9:0-21:0,9:0-21:0,9:0-21:0,10:0-20:0,9:0-21:0
slCEVhYos8olUoEOPyAEgw,11:0-22:0,11:0-22:0,11:0-22:0,11:0-22:0,11:0-22:0,12:0-20:0,12:0-16:0
LCvHBQBxcFm9dyW2uxTO9Q,10:30-15:0,10:30-20:30,10:30-20:30,10:30-20:30,10:30-21:30,10:30-21:30,10:30-20:30
1zzzuXq0ov-x0aogiqHl-A,10:30-23:0,10:30-23:0,10:30-23:0,10:30-23:0,10:30-23:0,11:30-23:0,11:30-23:0
eW6_05mOgBaqX4OD2oWC_g,0:0-0:0,11:0-16:0,11:0-16:0,11:0-19:30,11:0-15:0,10:30-16:0,10:30-16:0
p4hzwmiBvq3Clj65JyPGSQ,11:0-23:0,11:0-23:0,11:0-23:0,11:0-23:0,11:0-0:0,11:0-0:0,11:0-23:0
UXzgjfob4cvZUo1JbiN_GA,12:0-22:30,12:0-22:30,12:0-22:30,12:0-22:30,12:0-22:30,12:0-22:30,12:0-22:30
oYpwgiJxAN5X0O6pboBfng,11:30-23:0,11:30-23:0,11:30-23:0,11:30-23:0,11:30-0:0,11:30-0:0,12:0-22:0
SLS_Ld3nVj91JJGks1yOTQ,9:0-21:0,9:0-21:0,9:0-21:0,9:0-21:0,9:0-21:0,11:0-21:30,11:0-20:0
U00_w-9WRddd5R_RGdzA0A,11:0-23:0,11:0-23:0,11:0-23:0,11:0-23:0,11:0-0:0,11:0-0:0,11:0-23:0
_p5oMYHQ4QIOqId1rehUzg,10:30-21:0,10:30-21:0,10:30-21:0,10:30-21:0,10:30-21:0,10:30-21:0,10:30-21:0
kj4xzhQX55ajTFe9DG0YLw,8:30-14:0,8:30-16:30,8:30-16:30,8:30-16:30,8:30-16:30,8:30-16:0,10:0-14:0
nkHaix6KenApS8M-liZsCQ,0:0-0:0,11:0-1:0,11:0-1:0,11:0-1:0,11:0-1:0,11:0-1:0,12:0-21:0
SJU-jRAZS0cXoBGUjX5GUg,11:0-22:0,11:0-22:0,11:0-22:0,11:0-22:0,11:0-22:0,11:0-22:0,11:0-22:0
r69MorklzaPdxGySgNA19g,6:0-15:0,16:0-22:0,16:0-22:0,16:0-22:0,16:0-22:0,16:0-22:0,6:0-15:0
3OC0fQKLoChZz1iWKRg3gg,11:0-20:0,11:0-20:0,11:0-20:0,11:0-20:0,11:0-20:0,9:0-20:0,9:0-20:0
WasMhp4Me2pjbWMoKIWDpw,10:0-21:0,10:0-21:0,10:0-21:0,10:0-21:0,10:0-21:0,10:0-19:0,10:0-19:0
8qsZdSaHko5D6HfG4rPNUw,10:30-2:0,10:30-2:0,10:30-2:0,10:30-2:0,10:30-2:0,10:30-2:0,10:30-2:0
_7EsArRtaywrPasvA8ryfg,10:0-1:0,10:0-1:0,10:0-1:0,10:0-1:0,10:0-1:0,10:0-1:0,10:0-1:0
p1INXqHihlSze0V6MYvHMA,9:0-17:0,9:0-17:0,9:0-17:0,9:0-17:0,9:0-17:0,11:0-15:0,11:0-15:0
E8JxHzlUrwio8gxV9k8a9Q,6:0-15:0,6:0-20:0,6:0-20:0,6:0-20:0,6:0-20:0,6:0-20:0,6:0-20:0
W-YhRJOSezqESSas-oLArw,16:0-23:0,16:0-23:0,16:0-23:0,16:0-23:0,16:0-0:0,16:0-0:0,16:0-23:0
KJsGM_gLm597KEJ95PUfsw,0:0-0:0,0:0-0:0,0:0-0:0,0:0-0:0,0:0-0:0,0:0-0:0,0:0-0:0
uATd3sAvreK_x7VuOSWiqQ,11:0-22:0,11:0-22:0,11:0-22:0,11:0-22:0,11:0-0:0,11:0-0:0,12:0-20:0
2xCswTbQwG6CVka0U3XayQ,10:0-22:0,10:0-22:0,10:0-22:0,10:0-22:0,10:0-22:0,10:0-22:0,11:0-22:0
kpZ2vPjkHfee4pCLC05tfg,17:0-23:0,17:0-23:0,17:0-23:0,17:0-23:0,11:0-23:0,11:0-23:0,11:0-23:0
ZiD-51ZPmx682EItg6Y3jA,9:0-19:0,9:0-19:0,9:0-19:0,9:0-19:0,9:0-19:0,11:0-19:0,11:0-19:0
NrYq07iiMykxVbNjoXMHDQ,11:30-21:0,11:30-21:0,11:30-21:0,11:30-21:0,11:30-21:0,12:30-20:0,3:0-19:0
mAhu38hHUQyOatamyQsOww,17:0-22:30,17:0-22:30,17:0-22:30,17:0-22:30,17:0-22:30,17:0-22:30,17:0-22:30
A81a8oV8DAxnGLY2_r8dUQ,10:0-22:0,10:0-22:0,10:0-22:0,10:0-22:0,10:0-22:0,10:0-22:0,10:0-22:0
cFpbP3-trTR9q34lOqiIUA,17:0-21:30,17:0-21:30,17:0-21:30,17:0-21:30,17:0-22:0,17:0-22:0,17:0-22:0
hrub8NmZuJM-5vO6Rx6P-Q,17:0-22:0,17:0-22:0,17:0-22:0,17:0-22:0,17:0-22:0,17:0-22:0,17:0-22:0
Xsq8hcTOA89tUSeHUzVovg,9:0-21:0,9:0-21:0,9:0-21:0,9:0-21:0,9:0-21:0,9:0-21:0,9:0-21:0
BB7Zk7p76N029MoOkO4FZQ,11:0-15:30,11:0-22:0,11:0-22:0,11:0-22:0,11:0-22:0,11:0-22:0,11:0-22:0
zC-RnKVTlGEBmzCngDzp0Q,11:30-2:0,11:30-2:0,11:30-2:0,11:30-2:0,11:30-2:0,11:30-2:0,11:30-2:0
u9a_nThKXoF3X5E3xWgnAA,11:0-20:0,11:0-20:0,11:0-20:0,11:0-20:0,11:0-21:0,11:0-21:0,11:0-20:0
8-IjG26VnlXLg1N-0AvHrw,17:0-2:0,17:0-2:0,17:0-2:0,17:0-2:0,17:0-2:0,11:0-2:0,11:0-2:0
B1X-D4mRW3VjNUUolPDItA,11:0-21:30,11:0-21:30,11:0-21:30,11:0-21:30,11:0-21:30,11:0-21:30,11:0-21:30
ZB6Tvc8rhTbWvniKRpe9Fg,11:0-22:0,11:0-22:0,11:0-22:0,11:0-22:0,11:0-22:0,11:0-22:0,11:0-22:0
gw6aVsdno8U8DEl0F404fg,6:0-2:0,6:0-2:0,6:0-2:0,6:0-2:0,6:0-6:0,6:0-6:0,6:0-6:0
VbuqVOVUT4HYXKI6B_S59A,0:0-0:0,11:0-21:0,11:0-21:0,11:0-21:0,11:0-22:0,8:30-22:0,8:30-21:0
tybTvXOgkOjeXMFbLcSYJA,7:0-16:0,7:0-16:0,7:0-16:0,7:0-16:0,7:0-16:0,7:30-15:0,7:30-15:0
JeuwGHY3knsBKt3KegjqrQ,12:0-22:0,12:0-22:0,12:0-22:0,12:0-22:0,12:0-0:0,12:0-0:0,12:0-22:0
KBQcNy9k9G8_a5WtrVGH8w,11:0-23:30,11:0-23:30,11:0-23:30,11:0-23:30,11:0-23:30,17:0-23:30,17:0-22:30
HVyxN-G8NOfUHo2cEnilVw,11:0-22:0,11:0-22:0,11:0-22:0,11:0-22:0,11:0-23:0,11:0-23:0,11:0-22:0
7LURynIRYeS7jcfadeRASg,0:0-0:0,11:30-21:0,11:30-21:0,11:30-23:0,11:30-23:0,11:30-18:0,11:30-21:0
vG_LNiSYMFOijtAsP6s6Ug,11:0-21:0,11:0-21:0,11:0-21:0,11:0-21:0,11:0-22:0,11:0-22:0,11:0-21:0
yzmvsG3Vo-2_F3_0wHzJdA,7:0-20:0,7:0-20:0,7:0-20:0,7:0-20:0,7:0-21:0,7:0-21:0,7:0-20:0
QazkhZQHHpRyT7KRVsPnbg,0:0-0:0,0:0-0:0,0:0-0:0,0:0-0:0,0:0-0:0,0:0-0:0,0:0-0:0
xYW8DEHo2-b9UaYfhdzKUA,11:0-23:0,11:0-23:0,11:0-23:0,11:0-23:0,11:0-23:0,11:0-23:0,11:0-23:0
7xGMDGo3m1H40i-QNN7GXg,10:0-23:0,10:0-23:0,10:0-23:0,10:0-23:0,10:0-4:0,10:0-4:0,10:0-23:0
GLTLuTgZ8Pn5j4-aw2GCPQ,11:30-2:0,11:30-2:0,11:30-2:0,11:30-2:0,11:30-2:0,10:30-2:0,10:30-23:0
nDKcQkh8vZkY_u1kyww44g,11:30-23:0,11:30-23:0,11:30-23:0,11:30-23:0,11:30-23:0,11:30-23:0,10:30-23:0
vW65SNLam99SyOuVagNuvg,16:0-22:0,16:0-22:0,16:0-22:0,16:0-22:0,14:0-22:0,14:0-22:0,16:0-22:0
juuv0QPE_MfnVjevQTpCDg,11:0-1:0,11:0-1:0,11:0-1:0,11:0-1:0,11:0-3:0,11:0-3:0,11:0-1:0
wxkGpZEB5_U0hIMeFxL3-A,11:0-23:0,11:0-23:0,11:0-23:0,11:0-23:0,11:0-2:0,11:0-2:0,11:0-23:0
tN-UYJf-mAbwGQMdFbbjiw,11:0-2:0,11:0-2:0,11:0-2:0,11:0-2:0,11:0-2:0,11:0-2:0,11:0-2:0
7bkA-nYNZTAAXF9i5-o-Kw,17:0-22:0,17:0-22:0,17:0-22:0,17:0-0:0,17:0-0:0,17:0-0:0,17:0-22:0
HWTlnO67ScWmuk9fe3nhsg,10:0-22:0,10:0-22:0,10:0-22:0,10:0-22:0,10:0-23:0,11:0-23:0,11:0-22:0
-UBoEaluaCReqxLRiAxVPg,7:0-19:0,7:0-19:0,7:0-19:0,7:0-19:0,7:0-19:0,7:0-19:0,7:0-19:0
SbS0cnxFStrlidtwek6b6w,11:0-23:0,11:0-23:0,11:0-23:0,11:0-23:0,11:0-23:0,11:0-23:0,11:0-23:0
GTR39A2jwNIS_NV8q2r_JA,17:0-23:0,17:0-23:0,17:0-23:0,17:0-23:0,17:0-23:0,17:0-23:0,17:0-23:0
nfdNvM0HFCDmnJ5eHMnuNg,10:30-20:0,10:30-20:0,10:30-20:0,10:30-20:0,10:30-20:0,7:0-20:0,7:0-20:0
Eox_Qq74oaFZ-YjthpHhBw,16:0-2:0,16:0-2:0,16:0-2:0,16:0-2:0,10:0-2:0,10:0-2:0,10:0-2:0
e_P0OHb-ly0vrWWWFV490g,12:30-17:0,12:30-17:0,12:30-17:0,12:30-18:0,12:30-18:0,12:30-18:0,12:30-17:0
jFVcpqn1Q85AEDGQDv91mg,9:0-19:0,9:0-19:0,9:0-19:0,9:0-19:0,9:0-19:0,9:0-19:0,12:0-16:0
Yn-8zix5_blucvZo3G8kPw,7:0-15:0,7:0-15:0,7:0-15:0,7:0-15:0,7:0-15:0,7:0-15:0,7:0-15:0
bNXjo8axO89Xp5oiwLzbgw,17:0-22:0,17:0-22:0,17:0-22:0,17:0-22:0,17:0-22:0,17:0-22:0,17:0-22:0
z-OhppazxWfHnUCzFTKQhw,12:0-22:0,12:0-22:0,12:0-22:0,12:0-22:0,12:0-23:0,12:0-23:0,12:0-22:0
YP800TNLAj0MSMgmplxc_A,7:0-20:30,7:0-20:30,7:0-20:30,7:0-20:30,7:0-21:0,7:0-21:0,7:0-20:30
EIH5pDc75v4haOcww-SEJg,11:30-22:0,11:0-22:0,11:0-0:0,11:0-22:0,11:0-22:0,11:0-2:0,11:30-22:0
0Xr0kte9ADAfZ-GBO-wimg,11:30-0:0,11:30-0:0,11:30-0:0,11:30-0:0,11:30-1:0,11:30-1:0,11:30-0:0
aolTlQzu7fMOGtiiEYiX2w,10:0-22:0,10:0-22:0,10:0-22:0,10:0-22:0,10:0-22:0,10:0-22:0,10:0-22:0
xgWRBPr3k8iJp10cZE9GHw,9:0-22:0,9:0-22:0,9:0-22:0,9:0-22:0,9:0-22:0,9:0-22:0,9:0-22:0
9wxxjUKdaiWeK0fGxSYhzQ,7:0-14:30,7:0-14:30,7:0-14:30,7:0-14:30,7:0-14:30,7:0-14:30,7:0-14:30
4IZsGR2mSg7jiCKKZ6VZkQ,8:30-14:30,8:30-14:30,8:30-14:30,8:30-14:30,8:30-14:30,8:30-15:30,8:30-15:30
Yh8xSwsPSJgVatvXulmh5g,11:30-23:30,11:30-23:30,11:30-23:30,11:30-23:30,11:30-23:30,11:30-23:30,11:30-23:30
NFE_xumAFUYr-eV1mQsgJQ,6:30-22:0,6:30-22:0,6:30-22:0,6:30-22:0,6:30-22:0,7:0-22:0,7:0-22:0
bixMVkra8aJ1zcx026N8Bw,17:0-1:0,17:0-1:0,17:0-1:0,17:0-1:0,17:0-1:0,17:0-1:0,17:0-1:0
FS8uGqtkLVl5P5iPhTAGjQ,6:0-22:0,6:0-22:0,6:0-22:0,6:0-22:0,6:0-22:0,6:0-22:0,6:0-22:0
BUcyHikUyo4U12-3RvDKlg,6:0-21:0,6:0-21:0,6:0-21:0,6:0-21:0,6:0-21:0,6:0-21:0,6:0-18:0
Poe4wRP7qagO34HGenYUzw,0:0-0:0,0:0-0:0,0:0-0:0,0:0-0:0,0:0-0:0,0:0-0:0,0:0-0:0
HaBNgcFkE4GggOoecDaSdA,17:30-22:0,17:30-22:0,17:30-22:0,17:30-22:0,17:30-23:0,17:30-23:0,17:30-22:0
-K82LBrI3H0FVuhTbNDpRA,11:0-23:0,11:0-23:0,11:0-23:0,11:0-23:0,11:0-0:0,11:0-0:0,11:0-15:0
db04aHdl79B5OUo_tknYZw,8:0-22:0,8:0-22:0,8:0-22:0,8:0-22:0,8:0-22:0,8:0-22:0,8:0-22:0
CogdxyYsTtyHyTMuj0RgFQ,17:0-0:0,17:0-0:0,17:0-0:0,17:0-0:0,12:0-1:0,12:0-1:0,12:0-0:0
omcQohJjl8jDIhLo0M6_cA,11:0-10:0,11:0-10:0,11:0-10:0,11:0-10:0,11:0-10:30,11:0-10:30,17:0-22:0
cQyeji3UDzBuO_7bq89dFA,11:0-2:0,11:0-2:0,11:0-2:0,11:0-2:0,11:0-2:0,11:0-2:0,11:0-2:0
FrJX4ifJsTAXAJJq0K7EVg,17:0-2:0,17:0-2:0,17:0-2:0,17:0-2:0,17:0-2:0,11:0-2:0,11:0-17:0
IQ3wDfQYvE7B5Dsq7NArjQ,9:0-21:0,9:0-21:0,9:0-21:0,9:0-21:0,9:0-23:0,9:0-21:0,9:0-21:0
zkuCoXFQOceyNaPJLUDZzA,6:0-14:0,6:0-14:0,6:0-14:0,6:0-14:0,6:0-14:0,6:0-14:0,6:0-14:0
Vd0MqEllhqMQmZVDsTTzAg,17:0-1:0,17:0-1:0,17:0-1:0,17:0-1:0,17:0-1:0,17:0-1:0,17:0-1:0
lfXfxBms5z1nwzkxxLFBWg,11:0-21:30,11:0-22:0,11:0-22:0,11:0-22:0,11:0-23:0,11:0-23:0,16:0-21:0
3VvPKmr-6LXJ7aWlFtp4Yg,0:0-0:0,10:0-19:30,10:0-19:30,10:0-20:30,10:0-20:30,10:30-20:30,11:0-17:30
hjDe9ndGEdtUREYUTXvqsQ,8:0-22:0,8:0-22:0,8:0-22:0,8:0-22:0,8:0-23:0,9:0-23:0,9:0-23:0
Ijdoi6pDMK3Burw3TtAOZg,10:0-2:0,10:0-2:0,10:0-2:0,10:0-2:0,10:0-5:0,10:0-5:0,10:0-2:0
TcxgeSBXpc-twKC2-kkuDQ,11:0-23:0,11:0-23:0,11:0-23:0,11:0-23:0,11:0-23:0,12:0-23:0,14:0-21:0
P5BBNzZyMVoeToNsrSkrHA,10:0-21:0,10:0-21:0,10:0-21:0,10:0-21:0,10:0-21:0,10:0-21:0,11:0-19:0
V6rzs-QgnuW1CdOn-23nNw,11:0-20:0,11:0-20:0,11:0-23:0,11:0-23:0,11:0-23:0,11:0-23:0,11:0-20:0
IXXZ--J60dbcsWgN8Lq3tw,11:0-22:0,11:0-22:0,11:0-22:0,11:0-22:0,11:0-22:0,11:0-22:0,11:0-22:0
xYonRlhqbwdHLhPs1PLdCg,11:30-21:0,11:30-21:0,11:30-21:0,11:30-21:0,11:30-21:30,11:30-21:30,11:30-21:30
2xlQ1OA8iU2V460CgS37-w,9:0-18:0,9:0-18:0,9:0-18:0,9:0-18:0,9:0-18:0,9:0-18:0,9:0-18:0
wcNvlrB5xSxzXex2M3UyvQ,11:0-2:0,11:0-2:0,11:0-2:0,11:0-2:0,11:0-2:0,11:0-2:0,11:0-2:0
yd0g-FRSAdP9YKm7Z8-uUw,6:0-23:0,6:0-23:0,6:0-23:0,6:0-23:0,6:0-23:0,6:0-23:0,6:0-23:0
eiRH93Z6CbVekyyiE0BZFw,0:0-0:0,0:0-0:0,0:0-0:0,0:0-0:0,0:0-0:0,0:0-0:0,0:0-0:0
aFHhlNjp1nLd-2Ql8cfZkA,17:0-23:0,17:0-23:0,17:0-23:0,17:0-23:0,17:0-0:0,17:0-0:0,17:0-23:0
G9OOkWH5rLHN3DKNPMv1lg,6:0-6:0,6:0-6:0,6:0-6:0,6:0-6:0,6:0-6:0,6:0-6:0,6:0-6:0
Qc-bULSBAyVh_qaKRWkF9A,11:0-21:0,11:0-21:0,11:0-21:0,11:0-21:0,11:0-21:0,11:0-21:0,11:0-20:30
vY8-P5aeFO4xRoH_mUfQ9A,11:0-22:0,11:0-22:0,11:0-22:0,11:0-0:0,11:0-2:0,11:0-2:0,11:0-22:0
6frPvwX14wDH8jju64ewRg,11:30-0:0,11:30-0:0,11:30-0:0,11:30-0:0,11:30-0:0,11:0-0:0,11:0-0:0
ij7p-hbzxWCPTCj9HA8iwA,0:0-0:0,11:0-19:0,11:0-19:0,11:0-19:0,11:0-19:0,11:0-19:0,11:0-18:0
O4cBsvHWDx5trUYAa890-Q,11:30-23:0,11:30-23:0,11:30-23:0,11:30-23:0,11:30-23:0,12:0-23:0,16:0-22:0
94dJrwA458khavCv5i7gKA,11:0-22:0,11:0-22:0,11:0-22:0,11:0-22:0,11:0-22:0,11:0-22:0,11:0-22:0
rJPIzQ_vfrNtZ5duPoksyg,10:0-20:0,10:0-20:0,10:0-20:0,10:0-20:0,10:0-20:0,10:0-20:0,10:0-20:0
R9gRb3T8t-eIKlOtMPShuA,17:0-23:0,17:0-23:0,17:0-23:0,17:0-23:0,17:0-23:0,11:30-23:0,11:30-23:0
SMkMBsGy6oAkv4r1boTCKQ,10:30-21:0,10:30-21:0,10:30-21:0,10:30-21:0,10:30-22:0,10:30-22:0,10:0-21:0
qABb9Wzdn51VcNHdp_Qhpg,7:0-1:0,7:0-1:0,7:0-1:0,7:0-1:0,7:0-1:0,7:0-1:0,7:0-1:0
NPQE0JvwjmFca83ZuAXutQ,17:0-23:0,17:0-23:0,17:0-23:0,17:0-23:0,17:0-23:0,17:0-23:0,17:0-23:0
Hq86WlkF7bdQlaGe_p5fHA,12:0-2:0,12:0-2:0,12:0-2:0,12:0-2:0,12:0-2:0,10:0-2:0,10:0-2:0
ya4LH37T3KMdKYGGl7McDA,10:0-23:0,10:0-23:0,10:0-23:0,10:0-23:0,10:0-23:0,10:0-23:0,10:0-23:0
dgseqfpjVGR7TkEee3LZtQ,11:0-0:0,11:0-0:0,11:0-0:0,11:0-0:0,11:0-0:0,11:0-0:0,11:0-0:0
mISfQv_it_TCXpFf4BFzaw,16:0-2:0,16:0-2:0,16:0-2:0,16:0-2:0,12:0-2:0,12:0-2:0,14:0-0:0
WB3nXcDioVvGax2u5_jXhw,11:30-22:0,11:30-22:0,11:30-22:0,11:30-22:0,11:30-22:0,11:30-22:0,12:0-21:0
ESuSLeXtEnEf1zs8WiW-Tg,12:30-22:0,12:30-22:0,12:30-22:0,12:30-22:0,12:30-22:0,12:30-22:0,12:30-22:0
yhdhklGlRsoeW-x7A_pVmw,11:0-2:0,11:0-2:0,11:0-2:0,11:0-2:0,11:0-2:0,11:0-2:0,11:0-2:0
Y5qoU8Cau4ZbWMTEpbuWpA,19:0-5:0,19:0-5:0,19:0-5:0,19:0-5:0,19:0-5:0,19:0-5:0,19:0-5:0
FSRo44VhHZpkyQ_uht1AMA,10:0-2:0,10:0-2:0,10:0-2:0,10:0-2:0,10:0-2:0,10:0-2:0,10:0-2:0
83C5ysOCnmNGB_fDsVdr9Q,10:0-1:45,10:0-1:45,10:0-1:45,10:0-1:45,10:0-1:45,10:0-1:45,10:0-1:45
KP7eER5QIatYvuQnTqfmnA,11:0-22:0,11:0-22:0,11:0-22:0,11:0-22:0,11:0-22:0,11:0-0:0,11:0-0:0
1kqLZp0_FEMHGx-W4TjTLQ,9:0-19:0,9:0-19:0,9:0-19:0,9:0-19:0,9:0-19:0,9:0-19:0,9:0-16:0
l1UfMEHHQni1ewUY5xe_QA,9:0-21:0,9:0-21:0,9:0-21:0,9:0-21:0,9:0-21:0,9:0-21:0,9:0-21:0
y-sRypoTK2L6EuozhEMQzA,17:0-2:0,17:0-2:0,17:0-2:0,17:0-2:0,17:0-2:0,11:0-2:0,11:0-2:0
0GmQjd_LXUyKXD_utcLuPA,0:0-0:0,0:0-0:0,0:0-0:0,0:0-0:0,0:0-0:0,0:0-0:0,0:0-0:0
bMZBkFrTI6uSYQB6XYnvnw,17:0-22:0,17:0-22:0,17:0-22:0,17:0-22:0,17:0-22:30,11:30-22:30,11:30-21:0
w7DEm_2Gj_xF0qeRdbZn3A,11:30-22:30,11:30-22:30,11:30-22:30,11:30-22:30,11:30-22:30,11:30-22:30,11:30-22:30
oMNG8h5O2xFx-IqRjtcY3Q,8:0-23:0,8:0-23:0,8:0-23:0,8:0-23:0,8:0-0:0,8:0-0:0,9:0-22:0
XF4w6wG1JOvfKZlQcxiWgQ,11:0-20:30,11:0-20:30,11:0-20:30,11:0-20:30,11:0-21:30,11:0-21:30,11:0-20:0
nPBZaN5ttrArS6tZwdjN7Q,9:0-21:0,9:0-21:0,9:0-21:0,9:0-21:0,9:0-21:0,9:0-18:0,9:0-18:0
HVFKw_1abKVGYscxYKlKYA,11:0-19:0,11:0-19:0,11:0-19:0,11:0-19:0,11:0-19:0,11:0-19:0,11:0-19:0
mYco0c2HXIGMs-XdrNnDjA,11:30-0:0,11:30-0:0,11:30-2:0,11:30-2:0,11:30-2:0,10:0-2:0,10:0-2:0
S1Bs_x9aHFFZozwJLCNTgQ,10:0-21:0,10:0-21:0,10:0-21:0,10:0-21:0,10:0-21:0,10:0-21:0,12:0-21:0
9wQHmZrkx0MtEN2AlZ0HVw,11:0-22:0,11:0-22:0,11:0-22:0,11:0-22:0,11:0-22:0,12:0-22:0,12:0-22:0
L-q2fn9CDKmWX5c2hXUD5w,9:0-21:0,9:0-21:0,9:0-21:0,9:0-21:0,9:0-21:0,9:0-21:0,9:0-21:0
whyNu5Cl8gMiQkdWPzaDXQ,11:0-22:0,11:0-22:0,11:0-22:0,11:0-22:0,11:0-22:0,11:0-22:0,11:0-20:0
CUPaXY7Nhei-Ke9P7pHCkg,7:0-17:0,7:0-17:0,7:0-17:0,7:0-17:0,7:0-16:0,8:0-16:0,8:30-14:0
XZ9Rpc3i-TlXzBQM5fPKwQ,17:0-22:0,17:0-22:0,17:0-22:0,17:0-23:0,17:0-23:0,17:0-23:0,12:0-20:0
APkr8bzYE0xiePqmAqPzYg,10:0-3:0,10:0-3:0,10:0-4:0,10:0-4:0,10:0-5:0,10:0-6:0,10:0-3:0
L7iOEZLuvd3vHoX8Efi_hw,8:0-22:0,8:0-22:0,8:0-22:0,8:0-22:0,8:0-22:0,8:0-22:0,8:0-22:0
zL3x_UWvNYLTtxJzO8sKmg,17:0-3:0,17:0-3:0,17:0-3:0,17:0-3:0,17:0-3:0,17:0-3:0,17:0-3:0
RdiW5_xrcLbwvG0D7I3cIg,7:0-21:0,7:0-21:0,7:0-21:0,7:0-22:0,7:0-22:0,7:0-22:0,7:0-21:0
zVgv-SjNv5PHOyZtpL5tCg,10:30-21:0,10:30-21:0,10:30-21:0,10:30-21:0,10:30-21:0,10:30-21:0,10:30-21:0
kXXeD5QOg3GKyyl9QWMifg,9:0-23:0,9:0-23:0,9:0-23:0,9:0-23:0,9:0-23:0,9:0-23:0,9:0-23:0
rwOl_--ElAL1D50G8-BQLg,16:0-22:0,16:0-22:0,16:0-22:0,16:0-1:0,11:30-1:0,11:30-1:0,11:30-22:0
KvfaPsLlpOZAF276Lpvm4w,13:0-0:0,13:0-0:0,13:0-0:0,13:0-0:0,13:0-1:30,13:0-1:30,13:0-0:0
0hifnJw81xfr35g6eH8GRw,11:0-19:0,11:0-19:0,11:0-19:0,11:0-20:0,11:0-20:0,11:0-19:0,12:0-18:0
t7Ne-kIK_UJqLepKQ3RAsQ,9:0-21:0,9:0-21:0,9:0-21:0,9:0-21:0,9:0-21:0,9:0-21:0,9:0-17:0
6eCbK0Fg9N_DbdluVQx-pA,11:30-21:30,11:30-21:30,11:30-21:30,11:30-21:30,11:30-22:0,11:30-22:0,16:0-21:0
nxY5uxfS-R8xP4n_4kLpuQ,12:0-22:0,12:0-22:0,12:0-22:0,12:0-22:0,12:0-23:0,15:0-23:0,15:0-22:0
wGCS-2FkRrBRpoA2keXP-A,8:0-23:0,8:0-23:0,8:0-23:0,8:0-23:0,8:0-23:0,8:0-23:0,8:0-23:0
yyOuY5jf_O-BNtLGPnV0gw,7:0-22:0,7:0-22:0,7:0-22:0,7:0-22:0,6:0-22:0,8:0-22:0,10:0-21:0
7lDDVsh4K3KeDdUv8_t7Zg,11:0-22:0,11:0-22:0,11:0-22:0,11:0-22:0,11:0-23:0,11:0-23:0,11:0-22:0
oieF_xZizDykk-OQgYXHyA,6:0-19:30,6:0-19:30,6:0-19:30,6:0-19:30,6:0-19:30,6:0-19:30,8:0-19:30
hb96UNwF1bvkueiXDsfe8A,12:0-22:30,12:0-22:30,12:0-22:30,12:0-22:30,12:0-22:30,17:0-22:30,17:0-22:30
PM0A7ZgbxvtbRCj931PbyQ,12:0-23:0,12:0-23:0,12:0-23:0,12:0-23:0,12:0-0:0,12:0-0:0,12:0-23:0
dZNA2tF7kXo7urqKytVHhQ,16:30-22:30,16:30-22:30,16:30-22:30,16:30-22:30,16:30-22:30,9:30-22:30,9:30-22:30
4KHo1LnkM69RtWTDBdG16g,11:30-1:0,11:30-1:0,11:30-1:0,11:30-1:0,11:30-2:0,11:0-2:0,11:0-1:0
vFWYJFEEp-HeO7bsJOyEZA,0:0-0:0,0:0-0:0,0:0-0:0,0:0-0:0,0:0-0:0,0:0-0:0,0:0-0:0
NfrrOcT5kg18Qprwsat5Fg,11:30-2:0,11:30-2:0,11:30-2:0,11:30-2:0,11:30-2:0,11:30-2:0,11:30-2:0
4tWF2w6jP2LNK2xTVNEMFw,16:0-21:0,16:0-21:0,16:0-21:0,16:0-21:0,16:0-22:0,16:0-22:0,16:0-21:0
3nEtb-rn9yW0ocC90geMKg,11:0-20:0,11:0-20:0,11:0-20:0,11:0-20:0,11:0-22:0,11:0-22:0,11:0-18:0
lGhCcVyJFJxZeA78m7eVgw,11:0-23:0,11:0-23:0,11:0-23:0,11:0-23:0,11:0-0:0,11:0-0:0,11:0-22:0
kWvBsbALiMDOghpoBh-tAQ,11:0-22:0,11:0-22:0,11:0-22:0,11:0-22:0,11:0-23:0,11:0-23:0,11:0-22:0
ropJyZdmv6NeDU2Vz1I_Hg,11:0-22:0,11:0-22:0,11:0-22:0,11:0-22:0,11:0-22:0,10:0-22:0,10:0-22:0
ZUOLbW_wT1d12Dzyx48CFg,8:0-21:0,8:0-21:0,8:0-21:0,8:0-21:0,8:0-21:0,8:0-21:0,8:0-20:0
9xU0kdI_C6mZdJ0IJkgifg,10:0-22:0,10:0-22:0,10:0-22:0,10:0-22:0,10:0-22:0,10:0-22:0,10:0-22:0
cMrCi3nAcBi3aUKDRAySiw,16:30-23:0,16:30-23:0,16:30-23:0,16:30-23:0,16:30-23:0,16:30-23:0,11:0-23:0
z42ByZ6dXpW7hkNfJw2HFQ,11:0-2:0,11:0-2:0,11:0-2:0,11:0-2:0,11:0-2:0,11:0-2:0,11:0-2:0
aXIJx_kxbmxUioM7Kcokow,11:0-2:0,11:0-2:0,11:0-2:0,11:0-2:0,11:0-2:0,11:0-2:0,11:0-2:0
oYPpWHgsjcIt-tUzGXk_eA,11:0-21:0,11:0-21:0,11:0-21:0,11:0-21:0,11:0-21:0,11:0-21:0,11:0-20:0
2oJqt8ZDyw0WapZ8Zc268Q,7:0-23:0,7:0-23:0,7:0-23:0,7:0-23:0,7:0-23:0,7:0-23:0,7:0-23:0
8mQNTVk6mJPliWa_10zZhg,17:0-2:0,17:0-2:0,17:0-2:0,17:0-2:0,17:0-2:0,17:0-2:0,17:0-2:0
g7Saw-7f5-Ogj9TKJredvg,11:0-22:0,11:0-22:0,11:0-22:0,11:0-22:0,11:0-23:0,9:0-23:0,9:0-22:0
TjgUGNiv7pHEYg1MInd9VQ,8:0-18:0,8:0-18:0,8:0-18:0,8:0-18:0,8:0-18:0,10:0-18:0,10:0-18:0
bMrYaaAy62ppdS09na0RgQ,16:0-21:0,16:0-21:0,16:0-21:0,16:0-21:0,16:0-21:0,16:0-22:0,11:0-22:0
hgwkI7cx-ki7cWOSzzyTLw,9:0-3:0,9:0-3:0,9:0-3:0,9:0-3:0,9:0-3:0,9:0-3:0,9:0-3:0
16gKsvCihzW4-IoxMide3A,8:0-18:0,8:0-18:0,8:0-18:0,8:0-18:0,8:0-18:0,10:0-18:0,10:0-18:0
FCKexdb00Z0A8IJHjiaAxw,11:0-22:0,11:0-22:0,11:0-22:0,11:0-22:0,11:0-22:0,11:0-22:0,12:0-21:0
FhVYpbvE8IQeUHAcwPPIXg,11:0-22:0,11:0-22:0,11:0-22:0,11:0-22:0,11:0-22:0,11:0-22:0,11:0-22:0
JGt8I1xjA-2amBuXwXJPIw,10:0-22:0,10:0-22:0,10:0-22:0,10:0-22:0,10:0-23:0,10:0-23:0,10:0-22:0
_KCvY2g9mMgcBSrVjCS0FA,11:0-20:0,11:0-20:0,11:0-20:0,11:0-20:0,11:0-20:0,11:0-19:0,11:0-16:0
5shgJB7a-2_gdnzc0gsOtg,11:30-2:0,11:30-2:0,11:30-2:0,11:30-2:0,11:30-2:0,11:30-2:0,11:30-2:0
8fiZjbPMgg4qDSLIdZsWZg,7:0-15:0,7:0-15:0,7:0-15:0,7:0-15:0,7:0-15:0,7:0-14:0,7:0-14:0
DSKIdpJY_XCL_QMp1bpIrg,16:30-3:0,16:30-3:0,16:30-3:0,16:30-3:0,16:30-3:0,11:30-3:0,11:30-3:0
sBQA33hT0VGJHh0a5ERkPA,9:0-23:0,9:0-23:0,9:0-23:0,9:0-23:0,9:0-23:0,9:0-23:0,9:0-23:0
D_Oa6N0aTUUE0eoAwRHFtg,12:0-23:0,12:0-23:0,12:0-23:0,12:0-23:0,12:0-23:0,12:0-23:0,12:0-23:0
N-A-Ys0zNx1gmA9_kTlQdA,0:0-0:0,11:0-16:0,11:0-20:0,11:0-20:0,11:0-20:0,11:0-20:0,11:0-18:0
hJgdrSbwhkp3-GbAyS79Gg,8:0-22:0,8:0-22:0,8:0-22:0,8:0-22:0,8:0-22:0,8:0-22:0,8:0-21:0
e1_gISPV4RpFRjdNHmuodg,12:0-21:0,12:0-21:0,12:0-21:0,12:0-3:0,12:0-2:0,12:0-4:0,12:0-21:0
mRv3Z25F56qduMKnvnCkVA,17:0-2:0,17:0-2:0,17:0-2:0,17:0-2:0,17:0-2:0,17:0-2:0,17:0-2:0
vlJsF5tTfplbo1D5kbUPmQ,11:0-22:0,11:0-22:0,11:0-22:0,11:0-22:0,11:0-23:0,16:0-23:0,16:0-22:0
b3rjuNfmtTvJVdVCl4i7AA,15:30-2:0,15:30-2:0,15:30-2:0,15:30-2:0,15:30-2:0,15:30-2:0,15:30-2:0
zesysZuscMHxBl9uIQXIIw,9:30-21:30,9:30-21:30,9:30-21:30,9:30-21:30,9:0-21:30,9:0-21:30,9:0-21:30
fd6iX0qDBTX51IwFJjh1bw,10:0-1:0,10:0-1:0,10:0-1:0,10:0-1:0,10:0-1:0,10:0-0:0,10:0-0:0
8z41rOTs_wOPtxsLXgUY8w,11:0-23:0,11:0-23:0,11:0-23:0,11:0-23:0,11:0-23:0,11:0-23:0,11:0-23:0
iTIBO7xk6j4Zuli5YqI8Jg,11:0-23:0,11:0-23:0,11:0-23:0,11:0-23:0,11:0-23:0,11:0-23:0,11:0-23:0
RzTnVmiDPChwkPnQAIGUUw,10:0-22:0,10:0-22:0,10:0-22:0,10:0-22:0,10:0-22:0,10:0-22:0,10:0-22:0
AP9vhzzu0H-ZOxyEStlegQ,11:0-23:0,11:0-23:0,11:0-23:0,11:0-23:0,11:0-23:0,11:0-23:0,11:0-23:0
O8oSsqUSHAXBalYEadFjxg,10:0-22:0,10:0-22:0,10:0-22:0,10:0-22:0,10:0-23:0,9:0-23:0,9:0-22:0
S24zkRnTBxIbXJ1kBRXCtw,11:0-23:0,11:0-23:0,11:0-23:0,11:0-23:0,11:0-0:0,11:0-0:0,11:0-23:0
-CQokjildrY7UZezXCdEBw,0:0-0:0,16:0-22:0,16:0-21:15,16:0-21:0,16:0-22:0,16:0-22:0,16:0-22:0
p8lcQpcebIN1r7v0wn0fNA,8:0-21:0,8:0-21:0,8:0-21:0,8:0-21:0,8:0-21:0,7:0-21:0,7:0-21:0
lbdOJdQXcGY-Uvorb4YzIQ,11:0-23:0,11:0-23:0,11:0-23:0,11:0-23:0,11:0-3:0,11:0-3:0,11:0-23:0
REM8BezFuK4MQ6j2k1I7-Q,7:0-15:0,7:0-15:0,7:0-15:0,7:0-15:0,7:0-15:0,7:0-15:0,7:0-15:0
-tBHYwARHA_eAp5DzOKAIg,7:0-22:0,7:0-22:0,7:0-22:0,7:0-0:0,7:0-0:0,7:0-0:0,8:0-21:0
NC-i4xLdgVAjnvL8YB4fuA,11:0-23:0,11:0-23:0,11:0-23:0,11:0-23:0,11:0-23:0,11:0-23:0,11:0-23:0
bOkNPnbi8yECVpxIg46naA,17:0-22:0,17:0-22:0,17:0-22:0,17:0-22:0,17:0-0:0,12:0-12:30,12:0-22:0
GF-Xv-NyAXh-xCC-PJq6Ng,10:0-21:0,10:0-21:0,10:0-21:0,10:0-21:0,9:0-22:0,9:0-22:0,9:0-22:0
6AFe4y_ClT9D-CGGyikNQg,16:0-23:0,16:0-23:0,16:0-23:0,16:0-0:0,16:0-0:0,11:0-0:0,11:0-23:0
CfYVBU9ANdjp4L5J2HV0LQ,0:0-0:0,0:0-0:0,0:0-0:0,0:0-0:0,0:0-0:0,0:0-0:0,0:0-0:0
qim0lD112TkDhm8ZyQlRnA,14:0-2:0,14:0-2:0,14:0-2:0,14:0-2:0,14:0-2:0,14:0-2:0,14:0-2:0
Lr2iWJb9GSxhgrXdt3hJXQ,9:0-22:0,9:0-22:0,9:0-22:0,9:0-22:0,9:0-23:0,9:0-23:0,9:0-22:0
s6IPjR2nSJqhXcGJ49Ckiw,11:0-22:0,11:0-22:0,11:0-22:0,11:0-22:0,11:0-22:30,11:0-22:30,11:0-22:0
sfzX4Ndds39mhS-Chr2lJw,11:0-22:0,11:0-22:0,11:0-22:0,11:0-22:0,11:0-22:0,11:0-22:0,11:0-22:0
ku6NGJSMJ5RwKnHrzVBQcA,0:0-0:0,0:0-0:0,0:0-0:0,0:0-0:0,0:0-0:0,0:0-0:0,0:0-0:0
M990h0-4g-wpJN-qlnqFAg,11:0-0:0,11:0-0:0,11:0-0:0,11:0-0:0,11:0-0:0,11:0-0:0,11:0-0:0
wZkjm9TGa7nXLYHxhIRO5w,10:0-21:0,10:0-21:0,10:0-21:0,10:0-21:0,10:0-21:0,10:0-21:0,10:0-21:0
Whe-J05k_0ZZbMG5LJrKSg,11:30-21:0,11:30-21:0,11:30-21:0,11:30-21:0,11:30-21:30,11:30-21:30,16:0-21:0
DcA7Rw6VeIkp7YdV9ijaTA,11:0-22:0,11:0-22:0,11:0-22:0,11:0-22:0,11:0-4:0,11:0-4:0,12:0-21:0
rquarcYSOS9PIstXZAP_kA,10:0-21:0,10:0-21:0,10:0-21:0,10:0-21:0,10:0-21:0,10:0-21:0,10:0-18:0
Dlv2d2mZbyRIO7V9ZUKoAw,12:0-22:0,12:0-22:0,12:0-22:0,12:0-22:0,12:0-0:0,16:0-0:0,16:0-22:0
q_TUankOApFUPDNQIDmI9w,7:30-17:0,7:30-17:0,7:30-17:0,7:30-17:0,7:30-17:0,9:30-17:0,9:30-17:0
e62KCqoq3qQm0nvt3s5UAA,11:0-22:0,11:0-22:0,11:0-22:0,11:0-22:0,11:0-23:0,11:0-23:0,12:0-22:0
iPXKHoEdpXG7Ysqg7UZ3ZQ,10:30-2:0,10:30-2:0,10:30-2:0,10:30-2:0,10:30-2:0,10:30-2:0,10:30-2:0
A-ZecZ28mwAmjlN2f5eRmA,7:0-15:0,7:0-15:0,7:0-15:0,7:0-15:0,7:0-15:0,7:0-16:0,7:0-16:0
2pAaYEpVsAy3XNLpmPxCoA,9:0-19:0,9:0-19:0,9:0-19:0,9:0-19:0,9:0-19:0,10:0-16:0,10:0-16:0
LJvGjabschy4zGXwnAk2Wg,6:0-6:0,6:0-6:0,6:0-6:0,6:0-6:0,6:0-6:0,6:0-6:0,6:0-6:0
0yZkGtnjZYxdW39aaKKzQg,10:0-0:0,10:0-0:0,10:0-0:0,10:0-0:0,10:0-1:0,10:0-1:0,10:0-0:0
Ryqmm5vXHmSscZjzQQkyxQ,11:0-22:0,11:0-22:0,11:0-22:0,11:0-22:0,11:0-23:0,11:0-23:0,11:0-22:0
YEg3lD1c5Dcpl-nzWvFYjQ,11:0-21:0,11:0-21:0,11:0-21:0,11:0-21:0,11:0-21:0,11:0-21:0,12:0-20:0
XvnVh7aRMCEZ0NH_Su3UFQ,10:0-21:0,10:0-21:0,10:0-21:0,10:0-21:0,10:0-21:0,10:0-21:0,10:0-21:0
Gj_3rd6cksrE7x9CYK3_3A,11:30-17:30,11:30-17:30,11:30-17:30,11:30-17:30,11:30-17:30,11:30-17:30,11:30-17:30
SDaO5XUo3NIavCCnnl1lDA,7:0-14:0,7:0-14:0,7:0-14:0,7:0-14:0,7:0-14:0,7:0-15:0,7:0-15:0
tZW4NLpEYinu4mIxdKj0Pw,0:0-0:0,14:0-0:0,14:0-0:0,14:0-0:0,14:0-2:0,14:0-2:0,14:0-0:0
B7qQmqD9H2UoOpShmHTfZw,11:0-21:0,11:0-21:0,11:0-21:0,11:0-21:0,11:0-21:0,11:0-21:0,11:0-21:0
oUso4QWH1OAXboD8IMjpFQ,0:0-0:0,0:0-0:0,0:0-0:0,0:0-0:0,0:0-0:0,0:0-0:0,0:0-0:0
QgcVHtK4som693gpaCWh6A,11:0-22:0,11:0-22:0,11:0-22:0,11:0-22:0,11:0-23:0,11:0-23:0,11:0-22:0
aN05XavW175ZVOdGOAr1LQ,11:0-22:30,11:0-22:30,11:0-22:30,11:0-22:30,11:0-22:30,12:0-22:0,12:0-22:0
b6LH0R-f6cmPT0dOzqkQUg,11:0-22:0,11:0-22:0,11:0-22:0,11:0-22:0,11:0-23:0,11:0-23:0,11:0-22:0
BMS760v7iXAZdRbkpmpPig,9:30-23:30,9:30-23:30,9:30-23:30,9:30-23:30,9:30-23:30,9:30-23:30,9:30-23:30
0jJfQEWEe-6ODl62XSynDw,0:0-0:0,0:0-0:0,0:0-0:0,0:0-0:0,0:0-0:0,0:0-0:0,0:0-0:0
SpGlMSBHPURVqJW7m4bdrA,16:0-2:0,16:0-2:0,16:0-2:0,16:0-2:0,16:0-4:0,16:0-4:0,16:0-2:0
8YJOMfdnk42v3PvpkDxJGg,11:0-21:0,11:0-21:0,11:0-21:0,11:0-21:0,11:0-21:0,11:0-21:0,11:0-21:0
hT86CbF0p75wKqgAEbWVrA,11:0-2:0,11:0-2:0,11:0-2:0,11:0-2:0,11:0-2:0,11:0-2:0,11:0-2:0
KWdRUyN6H5NIOiP37I9psg,16:0-2:0,16:0-2:0,16:0-2:0,16:0-2:0,16:0-2:0,16:0-2:0,16:0-2:0
raQFxUEzh8bfHUQLkiNHcg,10:30-20:0,10:30-20:0,10:30-20:0,10:30-20:0,10:30-20:0,10:30-20:0,10:30-20:0
nP87zXxeS-8got7IBvoAuA,11:0-22:0,11:0-22:0,11:0-22:0,11:0-22:0,11:0-22:0,11:0-22:0,11:30-21:0
GWRGhxUKHRQ6KorbCWU6KA,11:30-22:0,11:30-22:0,11:30-22:0,11:30-22:0,11:30-22:0,12:0-22:0,12:0-22:0
5aeR9KcboZmhDZlFscnYRA,8:0-22:0,8:0-22:0,8:0-22:0,8:0-22:0,8:0-21:30,8:0-20:0,9:0-19:0
B0Vm2tge4I2JJlZhD4sl0Q,17:0-22:0,17:0-22:0,17:0-22:0,17:0-22:0,17:0-23:0,17:0-23:0,17:0-22:0
Bo3dqwrjRbGFDf3S59HzDQ,16:0-23:0,11:0-23:0,11:0-23:0,11:0-23:0,11:0-0:0,11:0-0:0,11:0-23:0
SS0zUU0cUkQd1Lp_h3tgaQ,11:0-23:0,11:0-23:0,11:0-23:0,11:0-23:0,11:0-3:0,11:0-3:0,11:0-23:0
vPWvyl9gxmuOIXDBL6lSpw,17:30-23:0,17:30-23:0,17:30-23:0,17:30-23:0,17:30-0:0,17:30-0:0,17:30-23:0
mlHwA-JpSi7hU3xnEu7aQw,12:0-22:0,12:0-22:0,12:0-22:0,12:0-22:0,12:0-22:0,12:0-22:0,12:0-22:0
yAfjWdRbd4oa9gxEskyjsQ,10:30-21:0,10:30-21:0,10:30-21:0,10:30-21:0,10:30-21:0,10:30-21:0,10:30-21:0
9M6eqYZlyBMo8K9QztXcIA,11:30-22:0,11:30-22:0,11:30-22:0,11:30-22:0,11:30-22:0,12:0-22:0,12:0-22:0
QuZ_QZbW6Th-SouyQyCJ2A,9:0-21:30,9:0-21:30,9:0-21:30,9:0-21:30,9:0-21:30,9:0-21:30,9:0-21:30
9uyPRXK7NGVXpMKpbOhw0A,10:30-21:0,10:30-21:0,10:30-21:0,10:30-21:0,10:30-22:0,10:30-22:0,11:0-21:0
Xww2E2ym5cWX3-91Ml5Bfw,11:0-21:30,11:0-21:30,11:0-21:30,11:0-21:30,11:0-0:0,10:0-0:0,10:0-21:30
lX7-SmG6mm_6GAHwBBUtEA,10:0-22:0,10:0-22:0,10:0-22:0,10:0-22:0,10:0-22:0,10:0-22:0,10:0-22:0
H2RgkjPs3W-CxbyygCJJew,16:30-22:0,16:30-22:0,16:30-22:0,16:30-22:0,16:30-22:0,12:0-22:0,16:0-21:0
chAR-4GV_qtpgRJyhErbSw,12:0-22:0,12:0-22:0,12:0-22:0,12:0-22:0,12:0-23:0,12:0-23:0,11:0-21:0
TXU6j2y9Nem41SxxUUgA6A,11:0-22:0,11:0-22:0,11:0-22:0,11:0-22:0,11:0-23:0,11:0-23:0,11:0-21:0
tLLvs4hLVivrf2QWWSMlJQ,11:30-22:0,11:30-22:0,11:30-22:0,11:30-22:0,11:30-23:0,11:30-23:0,11:30-21:0
ElyDWPaVOhaHJOHoQv6PBw,6:0-22:0,6:0-22:0,6:0-22:0,6:0-22:0,6:0-22:0,6:0-22:0,6:0-22:0
bPABsVXUwS8RlVd5uZS8Pw,11:0-22:0,11:0-22:0,11:0-22:0,11:0-22:0,11:0-22:0,11:0-22:0,11:0-22:0
KRsANC7TzP97KMFRA1JqiQ,6:0-21:0,6:0-21:0,6:0-21:0,6:0-21:0,6:0-21:0,6:0-21:0,6:0-21:0
zttcrQP4MxNS5X5itzStXg,0:0-0:0,10:0-19:0,10:0-19:0,10:0-19:0,10:0-20:0,10:0-16:0,10:0-15:0
56Yb9IgEREFeaSjJ5Y3RVg,11:0-21:0,11:0-21:0,11:0-21:0,11:0-21:0,11:0-22:0,11:0-22:0,11:0-22:0
Forh8ReS4pbs9PAIzcRpLA,7:0-15:0,7:0-15:0,7:0-15:0,7:0-15:0,7:0-15:0,7:0-15:0,7:0-15:0
vEmk5ENxuf8-NfqoJBLegA,11:0-0:0,11:0-0:0,11:0-0:0,11:0-0:0,11:0-0:0,17:0-0:0,17:0-0:0
OhA9bbcQ20X2g5Iwq9Hzyw,11:0-22:0,11:0-22:0,11:0-22:0,11:0-22:0,11:0-22:0,11:0-22:0,11:0-18:0
ayaDm0WPZB0g0PYbGFkrzA,15:0-22:0,15:0-22:0,15:0-22:0,15:0-22:0,15:0-0:0,10:0-0:0,10:0-22:0
AyEtowSGi9vx0-xFfrgjWw,6:30-14:30,6:30-14:30,6:30-14:30,6:30-14:30,6:30-14:30,6:30-14:30,6:30-14:30
5XqlvHsByE4GFgTZtZDXgQ,10:0-22:0,10:0-22:0,10:0-22:0,10:0-22:0,10:0-22:0,10:0-22:0,10:0-22:0
bpHeCdmCRFAUZqXT2TMdig,11:0-16:0,11:0-16:0,11:0-16:0,11:0-16:0,11:0-21:0,11:0-21:0,6:0-6:30
Xspg78dOvuedvuPEUwZBjw,7:0-22:0,7:0-22:0,7:0-22:0,7:0-22:0,7:0-22:0,9:0-22:0,9:0-17:0
qauRz11yg55rc9_ERi5TTg,11:0-21:0,11:0-21:0,11:0-21:0,11:0-21:0,11:0-21:0,11:0-21:0,11:0-21:0
GKCX2DlxkbwY2DUu44u4rA,6:0-5:30,6:0-5:30,6:0-5:30,6:0-5:30,6:0-5:30,6:0-5:30,6:0-5:30
aWzp373TChor3kYz_BcWZA,11:30-23:0,11:30-23:0,11:30-23:0,11:30-23:0,11:30-23:0,10:30-23:0,10:30-22:0
MQiNywdecInMlkW06WYaCg,11:0-23:0,11:0-23:0,11:0-23:0,11:0-23:0,11:0-23:0,11:0-23:0,11:0-23:0
xOCXhkAehS967OagPxEiDw,11:0-0:0,11:0-0:0,11:0-0:0,11:0-0:0,11:0-0:0,11:0-0:0,11:0-0:0
2AGqSSK62TdzsnI80K_q4w,11:0-22:0,11:0-22:0,11:0-22:0,11:0-22:0,11:0-23:0,11:0-0:0,11:0-22:0
6YNEk7tjy7o5Uwt9y9RRLA,9:0-21:0,9:0-21:0,9:0-21:0,9:0-21:0,9:0-22:0,9:0-22:0,9:0-21:0
Ch3HkwQYv1YKw_FO06vBWA,11:0-22:0,11:0-22:0,11:0-22:0,11:0-22:0,11:0-23:0,11:0-23:0,11:0-22:0
NvFpFlu-aHzUOtaA0yc-YA,0:0-0:0,11:0-17:0,11:0-22:0,11:0-22:0,11:0-22:30,12:0-22:30,17:0-22:0
UMWzaFhW6M3nsIDyIpMfhg,11:30-21:0,11:30-21:0,11:30-21:0,11:30-21:0,11:30-21:0,11:30-21:0,11:30-21:0
UDKAqeNly36J_VYvxWxnnA,11:30-23:0,11:30-23:0,11:30-23:30,11:30-23:30,11:30-0:30,11:30-0:30,11:30-23:0
se2NsMOS612L79BPtbUdUQ,6:0-6:0,6:0-6:0,6:0-6:0,6:0-6:0,6:0-6:0,6:0-6:0,6:0-6:0
9ElaeRBZ9DEqR65QmOcepA,11:0-22:0,11:0-22:0,11:0-22:0,11:0-22:0,11:0-22:0,17:0-22:0,17:0-22:0
2X07EuED0jY5C5hKQovfBA,7:0-15:0,7:0-15:0,7:0-15:0,7:0-15:0,7:0-15:0,7:0-15:0,7:0-15:0
4yGrrjIS0gu5gYAUIFU3fA,7:0-23:0,7:0-23:0,7:0-23:0,7:0-23:0,7:0-23:0,7:0-23:0,7:0-23:0
25PEf9-e8_7phdV7JjOHhA,10:30-21:0,10:30-21:0,10:30-21:0,10:30-21:0,10:30-21:0,11:0-20:0,11:0-20:0
bwnd-yoJUsJk2-TrrmsHpw,17:30-22:30,17:30-22:30,17:30-22:30,17:30-22:30,17:30-2:0,17:30-2:0,17:30-22:30
E3fznOhzBYAEr6xcOQZ5aQ,17:0-22:0,17:0-22:0,17:0-22:0,17:0-22:0,17:0-23:0,17:0-23:0,17:0-22:0
19MbjvDqkPG6dGxr3kvK9w,7:0-23:0,7:0-23:0,7:0-23:0,7:0-23:0,7:0-23:0,7:0-23:0,7:0-23:0
JuSSgBQMhjJek4GUDzD8IQ,10:0-22:0,10:0-22:0,10:0-22:0,10:0-22:0,10:0-22:0,10:0-22:0,10:0-22:0
Zv3VAfR8-9-M-etTuGZU_Q,10:0-0:0,10:0-0:0,10:0-0:0,10:0-0:0,10:0-0:0,10:0-0:0,10:0-0:0
9Boahjn3QxlZnP2Aw_V1Rg,17:0-23:0,17:0-23:0,17:0-23:0,17:0-23:0,17:0-0:0,17:0-0:0,17:0-23:0
xU3FDgsIu1Vh96-_M3pWjg,11:30-23:0,11:30-23:0,11:30-23:0,11:30-23:0,11:30-23:0,11:30-23:0,11:30-23:0
vXkw6os-OiATHgIuUNAtWw,11:30-23:0,11:30-23:0,11:30-23:0,11:30-23:0,11:30-0:0,11:30-0:0,11:30-23:0
jIzygnVmajEXYmfsBNY_Gw,9:0-20:0,9:0-20:0,9:0-20:0,9:0-20:0,9:0-20:0,9:0-20:0,9:0-18:0
kVqsDQRGxZXdJsH8LpEhww,17:30-22:30,17:30-22:30,17:30-22:30,17:30-22:30,17:30-22:30,17:30-22:30,17:30-22:30
Y-1lW4JXtrnez8b1T3RnKw,12:0-0:0,12:0-0:0,12:0-0:0,12:0-2:0,12:0-2:0,10:0-2:0,10:0-0:0
qUVnqIEYNbkHdUffYITr-Q,9:0-22:0,9:0-22:0,9:0-22:0,9:0-22:0,9:0-23:0,9:0-23:0,9:0-22:0
Fu_MNxmXW0neptI-ShZRpw,11:0-0:0,11:0-0:0,11:0-0:0,11:0-0:0,11:0-1:0,11:0-1:0,11:0-0:0
3XE-poXz9CeDao-Q7pqkTw,17:30-22:0,17:30-22:0,17:30-22:0,17:30-22:0,17:30-22:30,17:30-22:30,17:30-22:0
rdn0vLw8Ln5_PBwRcE6BZw,12:0-2:0,12:0-2:0,12:0-2:0,12:0-2:0,12:0-2:0,12:0-2:0,12:0-2:0
KYEZATGRY5aD69ZR6VvyWQ,11:0-2:0,11:0-2:0,11:0-2:0,11:0-2:0,11:0-2:0,7:0-2:0,7:0-2:0
oQwadWTYQWahuj9N-68yPA,11:0-21:30,11:0-21:30,11:0-21:30,11:0-21:30,11:0-22:0,11:0-22:0,11:0-21:30
kEzNEDiKN4ZvONYbfS8G7w,10:0-22:0,10:0-22:0,10:0-22:0,10:0-22:0,10:0-22:0,10:0-22:0,10:0-22:0
PVTfzxu7of57zo1jZwEzkg,11:0-0:0,11:0-0:0,11:0-0:0,11:0-0:0,11:0-1:0,10:0-1:0,10:0-0:0
04Iq42i8lm50Lvdj1j3DCQ,15:0-21:0,11:0-21:0,11:0-21:0,11:0-21:0,11:0-21:0,12:0-21:0,12:0-19:0
UcgCSTCtPv1GeW5bKsEdag,11:30-22:0,11:30-22:0,11:30-22:0,11:30-22:0,11:30-22:0,11:30-22:0,11:30-22:0
UnfPWftQ3ANqvbKSIu3b1w,7:30-21:0,7:30-21:0,7:30-21:0,7:30-21:0,7:30-21:0,7:30-21:0,7:30-21:0
ugf6qjoG5h6VXR5-vpq0Qw,11:30-23:0,11:30-23:0,11:30-23:0,11:30-23:0,11:30-0:0,11:0-0:0,10:0-23:0
y3EkxHO-qPODtzs_D6E7Rw,11:0-22:0,11:0-22:0,11:0-22:0,11:0-22:0,11:0-22:0,11:0-22:0,11:0-22:0
02ooNKJDjsE50KfmL0Rqdw,10:0-22:0,10:0-22:0,10:0-22:0,10:0-22:0,10:0-22:0,10:0-22:0,10:0-22:0
W3y31OpAZFLKqmfGDhJN5A,11:30-23:0,11:30-23:0,11:30-23:0,11:30-23:0,11:30-0:0,12:0-0:0,12:0-23:0
_LSwdNmiFSzRZQfG4g-qwA,17:0-22:0,17:0-22:0,17:0-22:0,17:0-22:0,17:0-22:30,17:0-22:30,17:0-22:0
tIXpNWE6R1yadAThbSefHw,11:0-23:0,11:0-23:0,11:0-23:0,11:0-23:0,11:0-0:0,11:0-0:0,12:0-23:0
omMiNDhPYAX4TPfv4xrBLQ,0:0-0:0,11:0-21:30,11:0-21:30,11:0-21:30,11:0-22:0,11:0-15:0,11:0-21:30
aCpor0zKoJ5w9-jS2MNCFA,8:0-20:0,8:0-20:0,8:0-20:0,8:0-20:0,8:0-20:0,8:0-20:0,8:0-20:0
DgCAM01n2Qo5DsoKj_zkug,11:30-23:0,11:30-23:0,11:30-23:0,11:30-23:0,11:30-1:0,12:30-1:0,12:30-23:0
M_w8NTcn4o6mIT-LfKSevw,17:30-0:0,17:30-0:0,17:30-0:0,17:30-0:0,17:30-2:0,14:0-2:0,14:0-23:0
sAC0K3RS6Q9VGZ3RZUp9IQ,7:30-18:0,7:30-18:0,7:30-18:0,7:30-21:0,7:30-21:0,8:0-18:0,8:0-18:0
sf3kp0H13jZYEmS1A8Etcw,16:0-22:30,16:0-22:30,16:0-22:30,16:0-22:30,11:0-23:0,11:0-23:0,16:0-22:0
9UX9_Vec2gxrrHvBjdzXgQ,12:0-22:0,12:0-22:0,12:0-22:0,12:0-0:0,12:0-0:0,17:0-0:0,17:0-22:0
CZJ-s3Io3TQ0Jr2r_tm51g,10:0-22:0,10:0-22:0,10:0-22:0,10:0-22:0,10:0-22:0,10:0-22:0,10:0-22:0
gcKpqni5UXM9ghBeZYDMtA,7:30-18:0,7:30-18:0,7:30-18:0,7:30-18:0,7:30-18:0,10:0-17:0,10:0-17:0
CcMi0EM4KFqa_4hVe1oN3g,11:0-22:0,11:0-22:0,11:0-22:0,11:0-22:0,11:0-23:0,11:0-23:0,11:0-22:0
ByF6BhEWd8if3hiNM-BU9w,17:0-22:0,17:0-22:0,17:0-22:0,17:0-22:0,17:0-23:0,17:0-23:0,17:0-22:0
jxc3XS6v7J-_WHgYuaJ_cA,17:0-21:30,17:0-21:30,17:0-21:30,17:0-22:0,17:0-22:0,12:0-22:0,12:0-21:30
frMGezDOAMWnsBTno2WziA,10:0-19:30,10:0-19:30,10:0-19:30,10:0-19:30,10:0-19:30,10:0-19:30,10:0-19:30
TWt-6EilZoSH99CheLPD2A,10:0-21:0,10:0-21:0,10:0-22:0,10:0-22:0,10:0-22:0,9:0-22:0,9:0-21:0
T70pMoTP008qYLsIvFCXdQ,9:0-21:0,9:0-21:0,9:0-21:0,9:0-21:0,9:0-21:0,9:0-21:0,10:0-19:0
JdXWoFcLDxE7OhC63r8zAQ,10:0-21:0,10:0-21:0,10:0-21:0,10:0-21:0,10:0-21:0,11:0-20:0,10:0-21:0
4cDWyZa6EqsY4XSWwLY7RA,9:0-20:0,9:0-20:0,9:0-20:0,9:0-20:0,9:0-20:0,9:0-20:0,9:0-17:0
H7_yu7MgzSXB0vb959yXdA,16:0-22:0,16:0-22:0,16:0-22:0,16:0-22:0,16:0-23:0,16:0-23:0,15:0-21:0
vdYsuCmUB4xtonDlWiChmw,7:0-21:0,7:0-21:0,7:0-21:0,7:0-21:0,7:0-21:0,7:0-21:0,7:0-19:0
v6YvYMjxMMS3L-UQe5WAiQ,0:0-0:0,0:0-0:0,0:0-0:0,0:0-0:0,0:0-0:0,0:0-0:0,0:0-0:0
UHMnvEITSspCVWTGRIKRaQ,11:0-22:0,11:0-23:0,11:0-23:0,11:0-23:0,11:0-0:0,11:0-0:0,11:0-22:0
oM4nwtYDw5Ml-hrJdgv8TA,9:30-21:0,9:30-21:0,9:30-21:0,9:30-21:0,9:30-21:0,9:30-21:0,9:30-19:0
AhkHsa9xM7-Fxz9sxKra2Q,6:0-17:0,6:0-17:0,6:0-17:0,6:0-17:0,6:0-17:0,6:0-17:0,6:0-17:0
Pnf2HbEcfZ4POhBUSUTq6Q,0:0-0:0,0:0-0:0,0:0-0:0,0:0-0:0,0:0-0:0,0:0-0:0,0:0-0:0
k3JMFhqUyfQte9Q0-MOmeg,11:30-22:0,11:30-22:0,11:30-22:0,11:30-22:0,11:30-22:0,11:0-22:0,11:0-22:0
JLWd6yDyt9oEp70_4KqYeg,7:0-14:30,7:0-14:30,7:0-14:30,7:0-14:30,7:0-14:30,9:0-14:0,9:0-14:0
MHjh2YwtT0VoJfFS2aUZJQ,6:30-20:0,6:30-20:0,6:30-20:0,6:30-20:0,6:30-20:0,7:0-20:0,7:0-19:0
Q3pE7839qM-sWHuh2wiG9g,8:0-16:0,8:0-16:0,8:0-16:0,8:0-16:0,8:0-16:0,8:0-16:0,8:0-16:0
siXCBrVFOXicbM2R-33-8w,11:0-22:0,11:0-22:0,11:0-22:0,11:0-22:0,11:0-23:0,11:0-23:0,9:0-22:0
muInTkijds_uH2uFzNMaNw,11:0-22:0,11:0-22:0,11:0-22:0,11:0-22:0,11:0-23:0,11:0-23:0,11:0-21:0
upqOQni0VSWAj2a8HyrmyQ,7:0-22:0,7:0-22:0,7:0-22:0,7:0-22:0,7:0-22:0,9:0-22:0,9:0-22:0
HnQVDNGFWOS5zle0dhpOkw,8:0-22:0,8:0-22:0,8:0-22:0,8:0-22:0,8:0-22:0,8:0-22:0,8:0-22:0
zaAh8JjNeDyrJXf6xNkdUQ,11:30-22:30,11:30-22:30,11:30-22:30,11:30-22:30,11:30-22:30,12:0-22:30,12:0-22:30
3qZsY2LiLyKwGkOq_hrnzQ,7:0-21:0,7:0-21:0,7:0-21:0,7:0-21:0,7:0-22:0,7:0-22:0,7:0-20:30
5VXlHFrYZZzj7zfZEsz5nQ,11:0-22:30,11:0-22:30,11:0-22:30,11:0-22:30,11:0-22:30,11:0-22:30,11:0-22:30
ygwsGEBvQ8Tj2xn4FCQQXQ,11:0-22:0,11:0-22:0,11:0-22:0,11:0-22:0,11:0-23:0,11:0-23:0,16:0-22:0
sZ_QdVaPV50wggckxmNhsg,6:0-17:0,7:0-17:0,7:0-17:0,7:0-17:0,7:0-17:0,7:0-17:0,7:0-17:0
2O_ec-By_tho2KeXvcnBuQ,6:0-18:0,6:0-18:0,6:0-18:0,6:0-18:0,6:0-18:0,6:0-18:0,6:0-18:0
nbO2S-63XuihPXjJS_7XaA,11:0-22:0,11:0-22:0,11:0-22:0,11:0-22:0,11:0-23:0,11:0-23:0,11:0-22:0
8NMf2dCmEGGKYR3SbMcnNA,11:0-21:0,11:0-21:0,11:0-21:0,11:0-21:0,11:0-21:0,11:0-21:0,11:0-18:0
fWEfX14W2_7GDOJBSQQU9Q,7:0-23:0,7:0-23:0,7:0-23:0,7:0-23:0,7:0-23:30,7:0-23:30,7:0-23:0
4yWVfUi6Z84UTNrJu82AhQ,11:30-22:0,11:30-22:0,11:30-22:0,11:30-22:0,11:30-22:30,11:30-22:30,12:30-22:0
4Ed3F19uxlXg4gNNFAuojw,9:0-20:0,9:0-20:0,9:0-20:0,9:0-20:0,9:0-20:0,9:0-20:0,9:0-20:0
etHpVlLpnePJnJPrH5j4RA,11:0-2:0,11:0-2:0,11:0-2:0,11:0-2:0,11:0-2:0,11:0-2:0,11:0-2:0
8RnOU6PLyOk3qHV1kZ4hcg,11:0-20:0,11:0-20:0,11:0-20:0,11:0-20:0,11:0-21:0,11:0-21:0,11:0-20:0
tlZmJBQ9UWkaI0Zce_KFhg,0:0-0:0,0:0-0:0,0:0-0:0,0:0-0:0,0:0-0:0,0:0-0:0,0:0-0:0
l8qAqHW06K5vO0UbobifiQ,11:0-22:0,11:0-22:0,11:0-22:0,11:0-23:0,11:0-23:0,10:0-23:0,10:0-22:0
2hG6jS5v3Jj5SyYLBkouyA,11:0-23:0,11:0-23:0,11:0-23:0,11:0-23:0,11:0-23:0,11:0-23:0,12:0-22:0
BOMgSyi4-TYAnjVn3m0z3A,0:0-0:0,0:0-0:0,0:0-0:0,0:0-0:0,0:0-0:0,0:0-0:0,0:0-0:0
0nlocywsFHQmEt8_xbHNiw,11:0-21:30,11:0-21:30,11:0-21:30,11:0-21:30,11:0-21:30,12:0-21:30,12:0-21:30
BGoh78jgne5RLAz0YY54Ng,11:30-1:0,11:30-1:0,11:30-1:0,11:30-1:0,11:30-2:0,11:30-2:0,11:30-1:0
p9WVPQVhVzbBh_KEWJ21Ug,11:30-19:0,11:30-19:0,11:30-19:0,11:30-19:0,11:30-19:0,11:30-19:0,11:30-16:30
zm7e0hmW4aPvoRsAdqqEyA,11:0-23:0,11:0-23:0,11:0-23:0,11:0-0:0,11:0-1:0,10:0-1:0,10:0-23:0
YPCbxsAPYOo3kRMbhfxFzw,7:0-22:0,7:0-22:0,7:0-22:0,7:0-22:0,7:0-22:0,7:0-22:0,7:0-21:0
eMTE-wqpk_YWaV3mf7Ii3A,11:0-23:0,11:0-23:0,11:0-23:0,11:0-23:0,11:0-0:0,11:0-0:0,11:0-23:0
fofvWyHAEq6Yew-Je4bcgw,11:0-22:0,11:0-22:0,11:0-22:0,11:0-22:0,11:0-22:0,11:0-22:0,11:0-22:0
w6wZmLSaht7ZkGBZONeqww,10:0-3:0,10:0-3:0,10:0-3:0,10:0-3:0,10:0-3:0,10:0-3:0,10:0-3:0
eicZdoUohtKsmB0KChbPxg,10:30-21:0,10:30-21:0,10:30-21:0,10:30-21:0,10:30-22:0,9:0-22:0,9:0-22:0
c-Ur4wPDNjt-e2N5MkRRaQ,11:0-22:30,11:0-22:30,11:0-22:30,11:0-22:30,10:30-23:0,10:30-23:0,10:0-22:0
KN-JL6uWCfDubCztgZ6zdw,11:0-19:0,11:0-19:0,11:0-19:0,11:0-19:0,11:0-19:0,11:0-19:0,11:0-16:0
zkhBU5qW_zCy0q4OEtIrsA,17:30-21:0,17:30-21:0,17:30-21:0,17:30-21:0,17:30-22:0,17:30-22:0,17:30-21:0
__aKnGBedQ51_hEc3D9ARw,6:0-21:0,6:0-21:0,6:0-21:0,6:0-21:0,6:0-22:0,6:0-22:0,7:0-20:0
LuBj6jfwKsbpKy441wkRlQ,12:0-23:0,12:0-23:0,12:0-23:0,12:0-23:0,12:0-0:0,12:0-0:0,12:0-23:0
QAuQV01Yz2Gl89ZN6c1F4w,11:0-20:0,11:0-20:0,11:0-20:0,11:0-20:0,11:0-21:0,11:0-21:0,11:0-19:0
GxQGCl4hX6nbRdSYH9egEw,11:0-22:0,11:0-22:0,11:0-22:0,11:0-22:0,11:0-22:0,11:0-22:0,11:0-22:0
XglPmSHg5FovDUJJsty5ig,17:0-1:0,17:0-1:0,17:0-1:0,17:0-2:0,17:0-2:0,17:0-2:0,17:0-1:0
u1RQFcA4Br_peVRh_WBOsQ,11:0-22:0,11:0-22:0,11:0-22:0,11:0-22:0,11:0-22:0,11:0-22:0,11:0-22:0
Q4orLuzDAB9TnucYXksgLQ,12:0-0:0,12:0-0:0,12:0-0:0,12:0-2:0,12:0-2:0,12:0-2:0,12:0-0:0
edskUGX_9FHCFnDG2ETKIw,11:0-23:0,11:0-23:0,11:0-23:0,11:0-23:0,11:0-0:0,11:0-0:0,11:0-23:0
__bqGGnOjtY9eEhrZAUsgA,11:0-22:0,11:0-22:0,11:0-22:0,11:0-22:0,11:0-22:0,12:0-22:0,12:0-22:0
IrmJ-Ah6Jhr3fApoZtA_Nw,6:0-0:0,6:0-0:0,6:0-0:0,6:0-0:0,6:0-0:0,6:0-0:0,10:0-20:0
vA7BBQ9ro0fiKXE8tLF7zA,10:0-2:0,10:0-2:0,10:0-2:0,10:0-2:0,10:0-2:0,10:0-2:0,10:0-2:0
52R7FGPqbuV6FIV2BDYPTA,8:30-17:0,8:30-17:0,8:30-17:0,8:30-20:0,8:30-20:0,10:0-20:0,10:0-17:0
CH3GQlTeeCdT51ddJAxwVg,11:0-22:0,11:0-22:0,11:0-22:0,11:0-22:0,11:0-22:0,11:0-22:0,10:0-21:0
hdNOL59QqvGlg70E4yHrsQ,11:30-21:0,11:30-21:0,11:30-21:0,11:30-22:0,11:30-22:0,11:30-22:0,11:30-21:0
PzCMwkLcAfhnJhKrwVvR_Q,11:0-23:0,11:0-23:0,11:0-23:0,11:0-23:0,11:0-23:0,12:0-0:0,12:0-0:0
-zHyGS5Qt2geiHt5rySo7g,11:30-22:0,11:30-22:0,11:30-22:0,11:30-22:0,11:30-23:0,12:0-0:0,13:0-22:0
nQVPgOqVrNIWhY3F5kS79g,11:0-21:0,11:0-21:0,11:0-21:0,11:0-21:0,11:0-21:0,12:0-21:0,16:30-21:0
DYPbHkUtdq8HDecVxt4TwQ,11:0-22:0,11:0-22:0,11:0-22:0,11:0-22:0,11:0-22:0,11:0-22:0,11:0-22:0
5E_1xb3o97ZWQJiZJMVRmQ,6:0-15:0,6:0-15:0,6:0-15:0,6:0-15:0,6:0-15:0,6:0-15:0,6:0-15:0
fbKoXozkAKDxoWg8eyQk9Q,10:0-22:0,10:0-22:0,10:0-22:0,10:0-22:0,10:0-22:0,10:0-22:0,11:0-18:0
BvTU8s3v-qfTtsSKV6Y16A,11:0-22:0,11:0-22:0,11:0-22:0,11:0-22:0,11:0-23:0,11:0-23:0,10:0-21:0
DC3B2efrhw1c6c79BBgYjA,12:0-22:0,12:0-22:0,12:0-22:0,12:0-22:0,12:0-22:0,12:0-22:0,12:0-22:0
Kn23LDd740SBVJ7mum0fwg,17:0-2:0,17:0-2:0,17:0-2:0,17:0-2:0,17:0-3:0,17:0-3:0,17:0-2:0
xkI2WIzHV-ft13P9GOMY_g,11:0-22:0,11:0-22:0,11:0-22:0,11:0-22:0,11:0-22:0,11:0-22:0,16:0-22:0
wcbue65w2R8UYF5t1W9_dA,11:0-22:0,11:0-22:0,11:0-22:0,11:0-22:0,11:0-22:0,11:0-22:0,11:0-20:0
lbkBZdMyXUQvu5brt-HiVA,19:0-6:0,19:0-6:0,19:0-6:0,19:0-6:0,19:0-9:0,19:0-9:0,19:0-6:0
JCiglfoF09JqfR_gn6XYcA,11:0-21:0,11:0-21:0,11:0-21:0,11:0-21:0,11:0-22:0,11:0-22:0,11:0-21:0
Cde8PHRM5c359-dnCUk7KQ,17:0-22:30,17:0-22:30,17:0-22:30,17:0-22:30,17:0-22:30,17:0-22:30,17:0-22:30
GmLkyWb_zYrTEp1SpWxHIA,10:0-20:0,10:0-20:0,10:0-20:0,10:0-20:0,10:0-21:0,10:0-21:0,12:0-18:0
sENs718irAl0-JSyycouTA,17:0-23:0,17:0-0:0,17:0-0:0,17:0-0:0,17:0-2:0,17:0-2:0,17:0-22:0
CDjcqC_y7D14jZd9kKmZ9g,17:30-22:0,17:30-22:0,17:30-22:0,17:30-22:0,17:30-23:0,17:30-23:0,17:30-22:0
j7MeCj35oocNkfvuWntDrg,11:0-23:0,11:0-23:0,11:0-23:0,11:0-23:0,11:0-0:0,10:0-0:0,10:0-22:0
cILk7PnJBxNsMmGhQU2cyA,6:0-22:0,6:0-22:0,6:0-22:0,6:0-22:0,6:0-23:0,6:0-23:0,6:0-22:0
