restaurant_id,prix,emporter,livraison,terrasse
lCwqJWMxvIUQt1Re_tDn4w,2,1,0,0
pd0v6sOqpLhFJ7mkpIaixw,2,1,1,1
t65yfB9v9fqlhAkLnnUXdg,1,1,1,0
i7_JPit-2kAbtRTLkic2jA,3,1,0,0
vMh4madPU3qhNX7P7d8WGA,2,1,0,1
es3Fq9KNp6Ry994x4T4ZYg,1,1,0,1
1vrrpIhpK628PUA0XWWd8g,0,1,0,0
NYKxikYKbkacWumJ82TxzA,2,1,0,1
vVOoL5H8Fr-qlQv-_DdoMA,1,1,0,0
x9f9NBMweyyjCQHuc9K4sw,0,1,0,1
KWfLQddMBZNoh1bVcgASfA,2,1,1,0
wfiKgzubn1cnVUBODsoJ_w,1,1,0,1
r9x6Pvgh7SH7TInybHtl0A,1,1,0,0
b1WGIdd_oSwGYZtC769Shw,2,1,0,1
-gBRmZwDhsooJzf1I7uPyg,2,1,0,0
Ktia9NJfvxVxTLVcEnw9zQ,1,1,0,0
D48b2jHZDuWsnqvFLLvuew,2,1,1,1
3jNJMmPNWl6SQD_98fz-bQ,2,1,1,0
ufmokEGxGqEWIdvIVsNg_Q,2,1,0,0
lP8Qx2Lv0rjgTgDOvs_2Sg,1,1,1,0
iuGmYUlID2v41SWJnp5B_g,2,1,0,1
VtKYA6Fu1jTDrEhDHRlUvg,2,1,1,1
35ET2yviSxhkMmQa89rFKA,2,1,0,1
6epbU1SVzUleAVi_sYRw1Q,1,1,0,0
sJP0GYO2pi7rwNFFcH7iBQ,2,1,0,0
h5a8aJ_Pd71JzUGFA-IaAg,2,1,1,0
ByTWVwFUq5gJ17FhZfZeyQ,2,1,0,0
QhMhM3Mhokv6V-H0MRuYTg,1,1,0,1
Ea3BblvC4zzagYI_1cNumA,1,1,0,0
YLL7tZjII-lsEprbfVkMzQ,2,1,0,0
3FlWR_osNPb8dcqLgHebHw,2,1,0,1
jznYmOdIKRNDxWzyr0BeOA,4,0,0,0
kxo3Zz_JIEUGkJHl9kUiKg,3,0,0,1
409qhf4RF0rlxcuaM576Qg,1,1,0,0
o7alpkgY_6m8WvJBdaJDfg,0,1,1,0
5jTmjxb1X34EfcY1gos4tw,2,1,0,0
ZQ4iaZ-9952plCoDEryMjA,3,1,0,0
zOhc6cRn1UgNy7EiAdJ2Rw,2,1,0,0
4-FgbYd8jUSqevNRxRtS-w,2,1,0,0
4k7qmYCICJP_1FPLoDHDIg,2,1,0,0
ciHtNE7zKzr25IX_L6pNSQ,2,1,0,1
_Gl7RqOkCUQr8kjN8yGf6w,1,1,0,0
fI1ZE6z4cyajLW4eqeFgXQ,2,1,1,1
7SLZwNRhc2bpUXQXLypTTg,1,1,0,0
GhVfSRnwSLVyP9BF9hT4ig,3,0,0,0
8RaBVWFkysjREG-1itH_pg,1,1,0,0
165eSyTOWmpfDfWDXo4f6A,3,0,0,0
OwL4BM7GchsxBXxWrkmmqw,1,1,0,0
rCD-XFLBhscylZdg1OkCSQ,1,1,0,0
rLq_OTbzcGay1PHqriDVqw,0,0,0,0
FXHfcFVEfI1vVngW2gVOpw,2,1,0,0
KW-xCBNDm_PJcCgySfBCsw,0,0,0,0
7jOuytjEa6Q9F_Sy9UR5Hw,1,1,0,0
5llCyMtS_WyUVKXCtpdaJQ,2,1,0,1
CK62JZi0UY5JeHHQyf0ffQ,1,0,0,0
Idy1tSaSqH9oFDX8vkq4_g,2,1,0,0
npTomO2iJwilPgn8UOQqrA,2,1,0,0
tFTzpmc1Z_KfG75uCm_c5A,0,0,0,0
y1-FeVRdx0GhgtZKWghKXA,2,1,0,0
-6sE5v4OrVGmWxdIrbs-RQ,0,1,1,0
D_24gRsnae7guxJE8gLgtw,1,1,0,0
Go5NmEeWyTJGqFWBPauZ2w,1,1,1,0
wpHN9iLlhn_z613xJd5uyA,1,1,0,0
4SQvBWjDh_eUx_10M-eigA,2,1,0,0
b6Rv6vwJPaMAQGuSsqPPPQ,2,1,1,0
IamoMhG184_RXvhSDckFwg,1,1,0,0
An-JJle53UMHokU4MwFktg,2,1,0,0
T5Y4Mo5fgmU77KrbdRffcw,2,1,0,0
nAnpTnodDchSl9H0f6R2pw,2,1,1,0
FirWX-Ep5203TsdiGgShKg,2,1,0,1
S2bGqPoTjUc2ywC9FYuBsw,2,0,0,1
JpssdgvmNjfBpjIhZMgICA,1,1,0,0
99kGGQoig4YaRi-52VtqMA,1,1,0,1
oU-Af-_1zT-ewuLfIubN2w,2,1,1,0
aJ5Wki-RmbK381OnKvHrnQ,2,1,0,1
vlLM5FWRWu8uds-5y52y4Q,1,1,0,1
RQdKieW9hqg898d_S2WwRA,1,1,0,0
JlMYSLiLnpWiihmzZkQS-w,2,1,0,0
L_ZLtfHvfzfoNVQ0-okTXg,4,0,0,1
Zd5bvGvlSmksBJXrevtxEQ,2,1,1,0
5nyKUHibR4GCs6ojVljFdA,2,1,0,0
ruPFtD9dU6Cv9_wpzIR4UQ,2,1,0,0
CDxxqyH-Gn3luPA8CtlPRg,2,1,0,0
1PfNM_6ouYvNEbAukY76EQ,2,1,1,0
4v0aj1VWtNwvzOeQ2Ohzrg,0,0,0,0
GqsxdLPqT9XoJ8LFzxGPcw,0,0,0,0
TvOE5wiluPOzf7kbQthVjg,1,1,0,0
MO8vR9uw--ELG5J8CbdZCA,0,1,0,0
ID5wWJ9C7G0hfbQilvlfxA,2,1,0,1
GPVnzRcvlhEK0-c6PImyoA,1,1,0,0
5PlbORAcmUAJ0QCMJRSmDw,4,1,1,1
QaVaKEvRFX6LTM3ier5Fgw,1,1,0,1
NXcV1HuXbfus0QNdI6UpOA,1,1,0,0
iHo_6xcSj3TvHc8cTU__uA,1,1,1,0
bJy-0_F6V7ZX4lz1yU1k8g,1,1,0,1
Piw03nxAXZF86UYaVrDn1g,1,1,0,0
LpwmR1unntc_8KdVfwNH9g,1,1,0,1
2rvBPUBtQU0WfcOAHLQWRQ,1,1,1,0
0YctfylXsdutJo8qFYnZJA,1,1,0,0
d84_mtSFHt8xgYTly2T-9A,2,1,1,0
_fWZH1p8B_lwK4feQgtWkQ,2,0,0,0
9h2FCxdB5uk4bjX3P47L9g,1,1,0,1
nIMJUT4uZjK7BNhjWhubCA,0,0,0,0
_e3rChyednoh47n2cjGv2w,2,1,0,1
p8AwMheeFJ_8pP2EpOAPsA,0,0,0,0
hjDCsuzS_yU60FFffqpt-w,2,1,0,0
EVlKBiHSr2ZUk9GsWwW_Yw,3,1,0,0
v1cbdKF5EjgWSwutjzg-WA,2,1,1,1
uW6UHfONAmm8QttPkbMewQ,2,1,0,0
3oTVApC-eUzpGjrOVxIr5g,2,1,0,1
q5xrVJ4kivx_yEfJeOKNYQ,3,0,0,0
2izBtfTAHSqhdT9Ym88iyg,0,0,0,0
67X6JB3kvZ2B_p8pucgNXA,2,1,0,1
-XKG6GamlSBwy5AcXQGAfA,1,1,0,0
XcwfRFj02ldM71WaeUYlCw,1,0,1,0
OcNrTDq17-pqNCylCeTGIA,1,1,0,0
oBdseQ_SP2Du7oY6-0YUSw,1,1,1,1
RIkiTtRMZASo7DmKd1vd5g,2,1,0,1
KN0gPRzDvA6uVYims2KA0w,1,1,0,0
VrwgzhOy05GpkEwEsKWTDA,2,1,1,1
vl1aHp6pvnSmpoRQShWLjg,2,1,0,0
T5G-WS6ER0TZ4aZou8Kbfw,1,1,0,0
x8b12bxgvyYBFXRq0AIN3A,0,1,1,0
QMKgn9p_hRUlumBDAAfWlA,2,1,0,1
4xSralBJINSqnZaarAUYrw,1,1,0,0
_c3ixq9jYKxhLUB0czi0ug,1,1,0,1
eqg6UyuVLwzAplUvN9UkSw,2,1,0,0
SzhD5J80IhpyeBftzQ950Q,1,1,0,0
g6B5hVt6oZRVO2wR4f0sNw,2,1,0,1
f5O7v_X_jCg2itqacRfxhg,2,0,0,0
X54yOvzhEKyAurDOeQ-BkA,1,0,1,0
8t4RND0dQhO0MBvyuMVkKA,1,1,0,1
maIam6HyU4FB_sBIk9ippA,2,1,0,0
3pGA9YGsDLRQ7HJLw5cwcQ,2,1,0,0
ZoCCW3R_LEAzktU0rMbX8w,1,1,0,1
fseN-tYwcbjtYm7DjjEjLw,1,1,0,0
Z3L06hS8FCJpfEMZXX0udA,0,1,0,0
auDjameQ8PKA2cIwyI5uQA,2,1,0,0
Qe71AVaQZW9EbATLpCec0Q,2,1,0,0
HhVmDybpU7L50Kb5A0jXTg,2,1,0,1
aFQQMQlUIW9KajS6oH5kyw,1,1,1,0
2G8YLx7J8du260jFNjIjZQ,1,1,0,0
TSNvD7vyrknurZ8H05iyVQ,2,1,0,0
0IjBFHFm8M-VPyym-Xrkhw,2,1,0,0
dYJ7uBteyJiNHCLyK1ZOoQ,2,1,0,0
fZVkbNNWjMxuWzNi4Uvufg,1,1,0,1
8neBxgTFrzsZ3gT1lX9KAg,2,1,1,0
X5Q_PKC-AeMrO4uSpnmgGg,2,1,0,0
QMj3DbUwntH6bTRN6PJ-HA,2,1,1,1
o848u4i-UGs1vMnYbEVi8w,2,1,1,0
9xdVIIzHp12Zrox5aFaaHA,2,1,0,0
VmVTDmlLZdwoRVTJO4niaQ,2,1,0,0
8VHLeEC7kH6nwn1HnqwMKQ,1,1,0,0
nddvI420y7BKvp6nO8bfMg,2,1,0,0
IzAuLLI49vgqsGrA0GgYsA,1,1,1,1
eJECvXFIUnfcDE6PzKS2Yw,1,1,0,0
llQfDCKPXBW1-hSb_qUC-g,2,1,0,0
HRZfoNssELsHN0SMmYoMsw,2,1,0,0
joTw5858fDh3Y_rF0NDOsg,2,1,1,1
V9Yta_aOk2-bQm5PiYhOsQ,1,1,0,0
c-Jxth7pZfPqsWwBQ7sn1Q,2,1,1,0
hL1r-Mh-UPOQJ7tbXCd9Yw,2,0,0,0
oGYXSVs0ympLy0ur8Qnp7g,1,1,0,0
8RFT1woy0WnTp62ndVJgow,2,1,0,0
_aCajJli1gSV4VScB0DgIg,2,1,0,0
RqjvlWbx0LScWVZnG_P6SQ,1,1,0,1
GI1F8a__wktcfj6YVjTqAA,2,1,0,0
vG1vX6vvyK6st5UWetPPeg,0,0,0,0
bxcVRvqq37Z_8J0tnL78rA,2,1,0,0
1CR2ddUcjYYwRd5JLtiRrw,2,1,0,1
M85y1RfSCyWZkWR-18YU1Q,1,1,0,0
i-Mn8RJw5xUkITQBVvcKcQ,4,0,0,1
z85R3JrM5xkudu2SZxObPQ,1,1,0,0
-rhH9sL3XGFpoJXcxUpEWA,2,1,0,1
sR9hPrIaG-J-GLcl4yaiLw,2,0,0,0
3w66rzZq_rjA1kSmVt5Hew,1,1,0,0
PbIjlAXsM99Km2SwrDw4aw,2,1,1,0
Xl70366GI5Qao-ORQYCofA,1,1,1,0
q6xbgvr921AQswzVQ3QA-w,2,0,0,0
ECPWFe93D_VWHfsnkVBydg,2,1,0,1
LIU7IcJtD9VieoIo__wd9Q,1,1,1,0
aPd7CFf8zG8OCyQD4cr8Qg,1,1,0,0
P1hYLhzT5rHDpzGkYUaarg,1,0,0,0
rDMptJYWtnMhpQu_rRXHng,1,1,0,0
-HO8ejDGgvj_Guw3R6lH1g,1,1,0,0
LRWNY71pO1KVOK3P6kam8A,1,1,0,0
vNorXQri-4CGVdND6PTplQ,0,0,0,0
Bm8nRUsZ-dK6g2eJLxMTOw,2,1,0,0
oSDZ60KdSkMDQNaHGqvQBA,0,1,1,0
vT812nRctS62PVxUverayw,2,0,0,0
96JZapwKFbOc5MrXLh8E2w,1,1,1,0
eRjcli4nDHRwhByViUz9Ow,2,1,1,0
KyO_DCkbUL1AJSxdgIihUw,3,1,0,1
SXnXItivyE3i3FQbydak-A,2,1,0,1
olllmpQVBHwOQmarQro2fw,2,1,0,0
tH0wF3EPPgAY14lnmK1_Sg,1,1,0,0
sZ3AWH6WPq38fEKijvl9vA,2,1,1,0
CmzJMXgsD7deXT7QSaLi1Q,1,1,1,0
C9QVknXuoDBdR9CBa_Flyw,1,1,1,0
z45xS0Kc6GpiITwrpkRVdQ,3,0,0,0
U-_yRdZqs5W2HNrzD_xvkQ,1,1,0,0
sNVGdeOPeitJ3OWUQBINzQ,2,1,0,0
-OEIW0dO96-492qa_luxaw,2,1,1,0
Mq1_dvcg5mbeplEmCEoUtQ,2,1,0,0
JcAfn8YTNnoAUk9nGaioSg,1,1,0,0
sWaWTnmRgOt6OE4v84y7fw,2,1,0,0
JDwUNHYA_-FvxEMRvHniig,2,1,0,0
ruo16t1qd2aywwUE47Ojnw,2,1,0,0
N0l4hT7UCywbZ9UEZ1R9kQ,2,1,0,0
R8MlQBl08OICEJOvwsw25g,0,0,0,1
1M-oyCcUluxwTid8vbBSdA,1,1,0,0
YCfGBnOZl8mGi7m7oWf4rg,2,0,0,0
8mW3kpRSFvRqFErkNFOicQ,2,1,0,0
ugWB_hkm21s9v8xxAkmNVg,1,1,1,0
DGX2ldVGub9F1EAU9R7C5A,1,1,1,1
oIpR2He8uErAPmdwTwSJyQ,2,1,1,0
3S8nDh3gK2BmG-_HjDjh6w,2,1,1,0
fp8h0LdbO5WxiK41oYgZVA,2,1,1,0
k-NEUIXaPnXtrzCo1MeO7g,1,1,1,1
STtrEGylaYOXoXQFLP5OAQ,2,0,0,1
eEKfOX6KtQmLgb8z-1VfUA,1,1,1,0
Bkkwt8E9MHvgCHn4lUFtow,3,0,0,1
b4LmLgVdbhM-nc1IZc5Weg,3,1,0,1
i98bG3x6orc9TiIw7Xouew,0,1,0,1
kRgAf6j2y1eR0wOFdzFAuw,2,1,0,1
-BxWyEIQ6wypT-37MzZizQ,2,1,0,0
cXgXRqB40CGHEMKQgxLDTg,1,1,0,1
07wrZtaTar8BjJVZlFdYDQ,3,0,0,0
PxNlfFHLRVGKqpN7-vXBTQ,2,1,0,1
iQAwmfMPmOaCr5aeahV1ug,2,1,0,1
wcpS12gLfPz-z11BVhL6jQ,2,1,0,1
4p6Wce7Ed707QS2-yQkvZw,2,1,0,1
s6L6SdVYhPcOQEDmNIg1-g,1,1,1,0
qRymrsLmlA34bC8PvNoujg,2,1,0,1
VA0GbpAN0qpa3bdHJ2a2iA,1,1,0,0
kiBOT50alvcwdwUk6Wc1Rw,0,0,0,0
aZshH0IfszzZyXkoVLPVuw,1,1,1,1
YLeAUkFFJri_21uTkyrVFg,1,1,0,0
4CDBiS3Q1JPk4WicswFPnA,0,1,0,0
SQ8Tkavc4TJj-2kanEDzLg,2,1,1,1
-PKUAor_Nz_IaNjP_jIwyA,2,0,0,1
Eg76PjESw705exvbt_VYjQ,0,0,0,0
Q3SdFs_6P3BPhPPywHZqBQ,2,1,0,0
V58EMoVyTThEaTdOu-xdDA,2,1,1,0
eH4f7_hN8qzamuXBOvVLdg,1,1,0,0
onCx6Ye5IwD07emyj-VLrg,2,1,1,1
hpg2c5vFer85hvTnun2mNg,2,0,0,0
Wv_qGcUKptXkapn8e3j6Kg,1,1,0,0
lHF2DU6Fzg8EDL1tTFvuIA,1,1,0,0
1Vvxx-9AoINg8TJXOZgEHg,2,1,0,0
vLkKorA1gPS97Zj0_WKA0Q,4,0,0,0
sNHseqXVsFUcrn7o9mCUcg,1,1,0,0
ceA0KTze09-0bHpOv0runw,2,1,0,0
DuI8BlpnRRwsmmVMt7Yiww,1,1,1,1
qlPyuJ77Znjh30I2kTs1xQ,2,1,0,0
WN3NSIJQHfxtjf1kV7snVA,1,1,0,0
2ADoawEfSAZpnQSwVEo5Ig,1,1,0,1
kJc7XtQXYit7WNV8m4YDGA,1,1,0,0
X4rqmQMJcpY4EajFAFTSlw,2,1,1,0
pUX9gzo1Tf4vRv7hX0eP1g,1,1,0,0
jLxeBgWhLRbII2ACkgH1Sg,1,1,1,1
orGCyrtYZl9JOV5XIgxJEg,1,1,0,0
FMnH5WIRLyexBYMBUUnDxQ,2,1,0,1
cepfJZIv0iLj1fDs8LdYZg,2,1,1,0
k-PxUoiqD-jxtBOdQ1kF0A,2,0,1,0
u84xKtVRDLuh_P_zXWkzLQ,1,1,0,1
Z1HnNAGBt0y9uZX1a1_9sQ,1,1,0,0
ADyDd_5KBcQc0s3gB381yg,2,1,1,0
2YZTrnj6XdSUz51KT7yo9A,1,1,0,1
85-hoogKT4MR5eTqffpxAA,0,0,0,0
9YF-nxh6xDUvMoOGWSDLkg,0,0,0,0
SIBaomIYVvsMU0GTuqX4vQ,2,1,1,1
o65tYlxYwa8xkEoMr3HwWQ,2,0,0,0
-w3gfqBhE-Cc8NK7ek6Fhg,0,0,0,0
rFs6RvMB5QYR1WwPCtchiw,2,1,1,0
aSHTlWB56c3bWOsRDIj_Hg,1,1,0,0
iwGhazq9eP51PSerTrMrwg,1,1,0,0
4FaRTjXXFdfs1Nn29V9kAg,1,1,0,0
rmD9BPsucgR4q3WiygrjEA,1,1,0,0
oKATEDDmUGDDr-tIbDX5Pg,2,1,0,1
lvyavq4ujrUVMG1pbBCi4Q,2,1,0,1
N4AIlY5runouWKCMurrnvQ,1,1,0,1
a_HejZvHvG2IM7ri1CnlYA,2,1,0,0
IfUPAiF3qMPi27gi-_UZzg,2,1,0,1
ibNxVcSE7peefvDUGEFvzQ,2,1,0,0
vOMDU31gdylrzBhAKC9QbA,3,1,0,0
aWNgOGiyf9jJxWHUd_by-Q,1,1,0,0
Et9tn7nEpEs043pQVa2HZg,1,1,1,0
OOHDPE3tilNC4md8Lcx_4Q,1,1,1,0
-_hk47bgWLbX0SfvBUkoPQ,1,1,0,0
gB4JpmmLKClE1ZFAwFWBJQ,2,1,0,1
S4qTvUJUgL2tIrPV8CYqLQ,0,0,0,0
dht_FLsWVuO6TJeuLqY97g,2,1,0,0
yLiaMaJFq03JxXPk4puloQ,1,1,0,0
jB4mDYca1nhTKe4TzGraKA,3,0,0,0
24IRm_qaeKN5gFVdPb_s8g,1,1,0,0
X02Unmqi8Scq-CL441T2sQ,0,1,0,0
SxelcKtJlN6X2Vlak0wXHw,2,1,0,1
ZzF5098L4xg-0COjng2LVA,2,1,0,0
A-apTF3JfkUPR_oeazZC1Q,2,1,0,0
-Q5b2LGivWP_ZBwSovGCRQ,3,1,0,0
v8Y1Cpdya8H_3noy2M-3Hw,2,1,1,1
T5UBAJt5Kod_wQGbH6m9hA,2,1,0,0
lG759ODx7tj6wbS7rYip1g,2,1,1,0
EEGajOchS2BIZNvJcPK3uw,3,1,0,1
hgc-YJELr_899ExB92z6jw,2,1,0,0
jI9yhdrdCnN-bhzH0WbXbQ,0,1,0,0
W7LceFeOx-8rLLwgXc8UMw,0,1,0,0
Nxg73OigmRQQq0d1pKtkUQ,1,1,0,0
c9eUmcKIfgDaF-WUv4ILVw,2,0,0,1
buk0wVdm_42901qeVIoTrg,0,0,0,0
jUgUFVZzyD6MOlLnB2vJPg,1,1,1,0
PmQqj0wAnraXPuPSZCzEZQ,1,1,0,0
1kHr1RTkm_J-dfrq-HPBug,1,1,0,0
YBec-htc0Obt3_o2BkRbVA,1,1,0,1
aSWwfZ38Vi-805mMEXH_lg,2,1,0,0
Vg4N2DsGrzzoam9jS1L3Wg,1,1,0,0
aeEVWgcUf1-f46Dk-EzgTQ,0,1,0,0
A-aoA098sX6obvlAxzY8ig,0,0,0,0
5ma1OUQWy_Ds80xUiP7JPQ,2,1,0,0
ME33wRAKWqZzlTJEXPXPJQ,1,1,0,0
tz1kE1IBPehYzDg4BtyD1g,2,1,0,0
T6jgarJBltDj3gWfF982aw,1,1,0,0
QUxzvPrcWSXCKtYcneXIVA,1,1,0,1
JSNc3GdNH3LpE3HdTQl17w,1,1,1,1
Yl2TN9c23ZGLUBSD9ks5Uw,3,0,0,0
KWM6C4g9x7Fnmjdz8H18sw,2,0,0,1
vDg3YmXFsaNgJEHBNi-7tQ,1,1,0,0
0mGYvAFGxH9bGRqYHxS0BQ,2,1,0,0
1XhmwU5PhWABf7IqeLwfBA,1,1,0,0
G09gS1axuc2eqbqqwTMaLw,0,0,0,0
_3FxLxdg1unUQc3QqIgJuA,3,0,0,1
VRTQMh7wVgmzg96YttL3mQ,2,1,0,1
ibFdignja_hNpgCjDYP7Ug,1,1,1,0
Y14TOXSN40oWw7d5mPEkNA,3,0,0,0
XINxZ5fHTKq5eCq-z_KS8g,0,0,0,0
ATpYld8anPooG-j2_EU-5Q,1,1,0,0
5RzR64HqnLRHo-MpZ129mQ,2,1,0,0
SlBl7jXhgv85tkuoTz9IOw,2,0,0,1
jCNBZnkIFv_0omLVTgNR6Q,2,1,1,0
9iIztpy5MJuSFrLgK1HIcw,1,1,0,0
dc3uoAmNo5STqKV6mlD_aA,2,0,0,1
tngl2VZ4VGpK3qFpmU0NMw,2,1,0,1
Gen0ei06dGq13OJ8DRXUjg,2,1,1,0
3tqwUw4XWf-RFEtVROZ2ZQ,2,1,1,0
zsyQEMYhIDcdGLbf-kYlRw,1,1,1,0
B7wVtgjOxkFNOoD6S11Urw,2,1,0,1
CztQkxRXch0__MsSmB0tTw,1,1,1,0
q2PUogtjncgsNn-pLzw5HQ,1,1,0,0
FQr_scgz9a4sXTdRS4d3mg,2,1,1,0
VrIskBdLuRxS0HsSimJOhA,2,1,0,1
ujPuhQdg8-GCJQg6BoRJtA,2,1,0,0
_6mvQX9x66oz046eS5ii8w,1,1,0,0
0NpsHL0fzaqG3WFu7HS3pA,0,0,0,0
zN4f3aLeCuIhCTPRH0di-A,2,1,1,0
JJAwT9R6Fp2yyWHtWFA8uQ,2,1,0,0
luJ2N0iMnfmqmj4ksl58HA,1,1,1,0
-mjUxlW8Lyyq0t3GWvD3EA,1,1,0,0
ba6X1r0Fl1v19yvNmWMeVA,1,1,0,0
odQGs2Rv0nC0fHh4Gfp2iA,2,1,1,0
KY5-vGUZhDmDi1ieXRUmmw,1,1,0,0
wHq1efQVz17338k_aUOX3w,2,1,1,1
bo05yEhBVDA6YFOST_Gqlg,1,1,0,0
nwHd2MbIGz0SNG8GpFjekw,1,1,0,1
Q8-4uLtLJeXHJZZsr2Zexw,2,1,1,1
DiCfRiL3WX-vwkK85qrIjw,2,1,1,0
gSPALi3f3Ga01HGXHrhlUQ,2,1,0,0
axX1hO_lEn9C-na3mMN4Aw,2,0,0,0
vcdgxeTfjFW9SXJmuUVOOg,2,1,0,0
Qeb9RzkMisaBqbxnBkgA9g,0,1,1,1
Lyzr1uckXL0U-iBoMc0yfg,2,1,1,0
SFaCcwpIKjrpnT1IjzEDdg,2,1,1,1
KT2E2HQtb0HA0zsjbVp2BQ,4,1,0,0
YTCCJ3ShO-zg0dlx1nk6dw,3,1,0,0
LBHbyID7tcaGszznHtnCrw,2,1,0,1
_jGyZz4v9dedx_LIdJHulw,1,1,0,0
Ntu_fC4eFSPsNbssHKEg2Q,0,0,0,0
wNJpk_DvWyqEJfNXhpr2WQ,2,1,0,0
PBEUEK39haiJhQzuW4tnYQ,4,0,0,1
GmGvbDABaGvcKe_jIDvq6w,1,1,0,0
VfCN3rPIFyvJPKia1TecGw,2,1,1,0
aGl6ey1bOn2cqguYMIZyFw,1,1,0,0
lOKgoQtMhnlf6hWvrOiMtQ,2,1,0,0
k4PFaATcPO0tvTetNbdm8Q,3,0,0,1
YeuU6rRsodlVQE2JcKPn4g,0,0,0,0
S7jW3urXh4dal_OgycrxVQ,0,0,0,0
01l8MH9tBK6GPvJQdMU1gw,4,0,0,0
7cMnc_zSPenfSQa9_199CA,2,1,1,0
iwzVhM5CirzkNS5wTxwZeA,2,1,0,1
fzotjiGSsNRIO_OGNVG3IA,1,1,0,0
6KUPnYqFBhZHzUFLqOpbaA,1,1,0,0
2nqMgNGA0ejmpYFuH77xAA,2,1,0,1
-H5Qoimm5siEJ4RSU4FyHQ,1,1,0,0
BmPxH4qSViweZGCQjfJGtQ,1,1,0,0
OY-QPfMdLueBtJgne_9KzQ,1,1,0,0
42yLya7lhe7TQGz3KEdKAw,1,1,1,0
WNe-j0R69GFQ1vgipxTD5Q,2,0,0,1
JlMTixvNQ5bUGSxF12TLdw,1,1,1,0
wTb3qNQDXyhHLTAg5eQxmA,1,1,0,0
zZLC1NfOQMfkqCHRWEq69w,1,1,0,0
nwB-uvPpPedy57LbQnlQTw,0,0,0,0
k-oXgIdQlBe9rn8rWfRUdw,1,1,1,0
0uR48n5SYcLE_DLcjONZPg,1,1,1,0
pyqnGlIfP9Zw8LLxBjyAiA,4,0,0,0
RAxetR8cu3UXNC6Hf-XGgg,1,1,0,0
UWXggIA0t4Pp_xc57niKTg,1,1,1,0
m2WXjeA959-YC1MzzA0APg,0,0,0,0
c8DsYusKjQYUxnTj9BtVvA,2,1,1,0
kP17pirKRGLq-qZFDt-Uog,0,0,0,0
Eau1XrNg91XSzJRn_sCWTg,0,0,0,0
Doqz6-NiXEPhr28koWESKw,2,1,0,0
3nCK-90bwHpXMzeHJUi-Sw,1,1,0,1
H9Ht6OgTMl3PZoX60OzCew,1,1,1,0
UE3AvVnaPEBPneVahYT2eA,2,1,0,1
e2DH7QQssuGqwLltAI5pEg,1,1,1,1
zaBk2imYnk7rG7IdOMhRmA,1,1,0,0
o3dA9fcwg84luw9yamk7wQ,2,1,1,0
jIDnLUpdKQCYtvT7wT7mJg,2,1,0,1
4X0KWUPcD2EkHN83aa4cXg,2,1,0,1
j29tuUdrfaxmGjwxHdHZPA,1,1,0,1
9MVKjEMN5T59uzG1xoD2BQ,2,1,0,0
K0gZ9EQrzbVY_S8eY2GNsw,1,1,0,1
8IblwilNlenDVwBbEzQEVg,1,1,0,0
V_XIK99ysZ2yjc6TUiPw2Q,1,1,0,0
gTedBMNAi5pBy0amenPOYQ,1,1,0,1
qXk2CS1-6jKTKpMUIgN9kQ,2,1,0,1
Gbj5eesDWGgjqhjDX-Rjjg,1,1,0,0
W537pidoTVQmn9x1GPpxgA,1,1,0,1
lXCmTGagqHuPgaeN2g2P1Q,2,1,1,0
50NTSGbZ3pN5643_K1IReA,2,1,0,1
gcec09O3lhUrzqXNJq0QVQ,2,1,0,1
dNuHB_kDmYCkoUJmvbSL1w,1,1,0,0
DQbbE26lEFq4rEFSaEEhRg,2,1,0,0
p5rpYtxS5xPQjt3MXYVEwA,2,1,0,1
xxAGaqYnboeR0SilS7DbAg,1,1,1,1
a5d_-h81d0OjN24Duxh-Rw,1,1,0,0
gpN0iUpDl7BN2IUwzB7oMQ,2,1,1,0
mcWAIj1u1S-QDBhB7CiIdQ,1,1,1,0
OJqLCq4_ww7jGxiGnTwC-Q,1,1,1,1
3awTUGMdUVrwEBkFFOxn9Q,3,1,1,1
GSBvHOu7vM6IWFqXTbR_4A,2,1,0,0
eh127ASMZstrELE0K0XADw,2,1,0,1
HSoKTWnsu7f3yvywWvBQ4w,1,1,1,0
h9r-Uif_y0b6x80IJFzXLA,2,1,1,1
UT6L3b7Zll_nvRidijiDSA,2,1,0,0
mwE5uNVkxCXvEuVa1KQ_3g,2,1,0,0
hAhvkwAjzvuzxrfu4XI_PA,2,1,1,1
6xHAfmlqlpjm9retP20woQ,1,1,1,1
lwxYmWqjmEZ0ukCsXC9Pfg,2,1,0,1
tOL8YMFVyPiXkSYv06AZsQ,2,1,0,0
gFUSJwVzEDERbaU9FVKfRA,0,0,0,0
WlqxMI84U-Cku3Qs-tJUJQ,1,1,1,1
7gjYJ6leqm2IMJXNpKvIlw,1,1,1,1
9edPSkfXKsJmkZYIaOmA7Q,2,1,0,0
kblFxfo_xnMUZF0U0aGXQw,2,1,0,1
5R7dT5TPfNsOMenkbHiYbQ,2,1,1,1
XdhoZK1LYGYmmnUwpFNV-w,1,1,0,0
a2Kt_hXNlBIM_ZlpUVfm2A,2,1,0,0
fk9-GzfKDCESiP9Zp8XfzA,2,0,0,0
gKcZz5C32N7llrQst4B7_A,1,1,0,0
ZRdHKIjiIa0k5-ufCLyIaQ,1,1,1,0
FThzT9bwBTuLC1oveGVjhw,2,1,1,0
qov0ZyFFLCIKM-9ewBqPjw,1,0,0,0
Xdq85F77l3obo0SfuNtNQA,0,0,0,0
Sovgwq-E-n6wLqNh3X_rXg,2,1,0,0
O9O0tmaFq4_n4jEENEc1NQ,1,1,0,1
42-UJ-c_97IeqUc6BWjmnA,2,1,0,0
HtDqG-J4yumWEVf-YA4Tdg,2,1,0,1
VnibgMdZkBqnMDnY4BWPUg,2,1,0,0
avdZfgCUrkirUbizXZGMAw,1,1,0,0
JCtTTygnD0cN8246-8OkPg,2,1,0,0
pxv5jBUOgsg6Rf6Z88e4mg,2,1,0,1
GHS1rVjO-RMcRB6WJLpCDQ,2,1,0,1
t_XpjR3_Cf7r9tj3w3vAbw,2,0,0,0
6wwb9CQ_tTfmpqoak0ZAhQ,1,1,1,0
giCq1MmW-_S2tvNOAHvJcQ,2,1,0,1
v8KJxkaqdahn90r7chXQZg,1,1,0,1
Asy49gKgikq_NkYsC_7c0Q,1,1,0,1
rzSpnojxrHra_wFeN5KpMQ,2,1,0,0
MVLZqbw6vOkCjFApRBlSfQ,1,1,0,0
YFamMJYgBmsFKj6x6xR_jg,2,1,0,0
0i3oD3DqaxaHS22NbmGeCw,2,1,1,0
uIbZjRRqR1OR-t2NBCa1Wg,1,1,1,0
6NVkLU4d556yKNUPqDjjlg,1,1,0,0
mU3vlAVzTxgmZUu6F4XixA,2,0,0,0
TG-5UF3tHSP9xSq5L6b1Zg,3,1,0,1
8AAHDz9VIAvq8XbKJHrSrg,1,0,0,0
poSV39UqEg-gpESXafS9-g,2,1,0,0
Gt4z3AylNTsEPDkzkaC7HA,2,1,0,1
vFTKENEf3AxbodEshK5W2A,2,1,0,1
opKWjqkJH2_cq_9t3r1RSw,1,1,0,1
LzYy9DdprXyI2zXNSP267g,2,1,1,1
Dl2vgi5W_nbe-A97D0zgfA,3,1,1,0
g6GXqg-QdDiQGLYMVqNOUw,3,1,0,1
oOGLDf2rzeCPS7UQ8hhPlQ,2,1,0,1
y1-dT-QJa-iGmirS6zA3oA,0,1,0,0
cHIhw4siparWV4yDiScGPg,0,0,0,0
v8tPv4yFiZMGot4m9_EefQ,0,1,0,0
XXW_OFaYQkkGOGniujZFHg,2,1,0,0
bNynUUb2uYtHGLSD7mS3Bw,2,1,0,0
JQIOlyOx7J7XzYzhSkJp9g,0,0,0,0
webM3oChwDCkzZEmjrSeHQ,2,1,0,1
J-SZZniOp7nNsCNbj5rIUQ,2,1,1,0
cWtUKKsnEYy1WeR1aEdyMA,2,1,0,1
OVTY-NpcTA7iXbMQmusv3A,2,1,1,0
wwgH65yjLssksjz8ASU3QA,1,1,0,1
CFyPbqZaxoBTjOmVjSn_8Q,1,1,0,1
zpoZ6WyQUYff18-z4ZU1mA,1,1,0,1
ruWTngdiC68O9la27hvvHw,3,0,0,1
wVc3g-YfyDvkOLDecpr4DA,3,1,0,1
ZNVCrUxpMQPxO40hamEaKg,2,1,1,0
4EfiNcKSsafogIhAjwv0gg,2,1,1,0
m2hz26KM3kLN_AS5CcEjPg,2,1,0,0
Ph-ZxS3WrhwjlIC07fo-Aw,2,1,0,0
5wbJ-4W2VxH11XHmJ_4h5g,2,1,1,0
CfxikFi4mOK7vHc5BqCuLw,2,1,0,1
ti1bb30WwnkDLuVvpTM6fQ,2,1,0,0
MD4Pa7A3EyQDwscwCQqnmQ,1,1,0,0
gQg_z_bqR9Lp9oLuv659YA,1,1,0,1
K7ESHh6Uh5NptgI5bfsShQ,1,1,0,0
d9YAMj9ldM4jyBNn5bIBrg,2,1,0,0
TLfBvo601IBNSkvymQnnZQ,2,1,1,1
2XUYdiTgCsDE0k61QC422A,2,1,0,1
JQvuCn7eEViv8JkYTVsskQ,1,1,1,0
oE-vW0S6wRh0YVki7_pVBA,2,1,0,0
t4bBKVXbr8bIN9nEJIobYg,2,1,0,0
gkAWemHxnnAawJ6CThOrvg,2,1,0,0
lo8WwqKogC-kz4toRvkdUQ,3,1,1,0
YRYO4dkcA26k-cmCYxaY1A,2,1,0,1
ld0max-y0Uba4gUDC9c4Yg,1,1,0,1
K6XIGkyk7-fuOQtA8i7p6A,2,1,0,1
eFZwGBf2Ec5e5FdHo76gQQ,1,1,0,0
YAdyu9ovEiOZXBWkD0H8-Q,2,1,0,0
4iY-JA8swpJcLMGFit_G-g,1,1,0,0
DGPo_cIF9fHkfgYQkxhiMQ,1,1,0,0
q4M0sb8Sbyg4ExpSjwtW1g,2,1,0,0
U4ePUdVasbs-icGNJ0Ojaw,0,0,0,0
7PHMqeH3ypMtmYVV9eyb-A,1,1,0,0
lgdde-A-rnzOw9ybmL82pQ,1,1,0,0
mTD9IKo7loPg6QTLDcL6YQ,2,1,0,0
eSLwC2iFJOU4UWXyuPiTpg,2,1,0,1
2gDHQELrlq3jVuZZfJeWUg,1,1,0,0
TvRNDo_SfRSmTO2q6j_rFw,2,0,0,0
MXC9pwIxovWUc9yu1F8OxA,2,1,0,0
fIBrbhvU9T2PZuch_wBK_g,2,1,1,0
MZRqxvBkJLjKcoOjNz7yLA,2,1,0,1
Idk-QTyUZq9w0ALh5cyvrw,1,1,0,0
V4BYvw51GBAj7pv2n7XtOw,1,1,1,0
jfK5RhtgZ9-lulCzMwpZbA,0,0,1,0
ALouXcCfsrnbpNEpO9-Y3A,1,1,0,0
BgftrM9F8Gp7VoCmmX2Guw,1,1,0,0
uuGEGvTJEWwUycI_03e7WQ,0,1,0,0
h3pMMRwqBjMeMtk0_qQzRQ,2,1,0,1
rmaNVBR2D_10blPLk_jtTA,2,1,0,0
8lkbt2gpgZ5pC77LGts_sg,1,1,0,0
eZhrK4eAn47tNEDXwFr8OA,1,1,0,0
lUIKCofKNVMluW0LAw1eEQ,1,1,0,0
LQZ2yBIAFmXYbDD0Z2Nhug,2,1,0,0
iB9By3dVS6BydSUiDHxLyw,2,1,0,1
3sXlZWM9B72_r-dYBIgmyg,1,1,0,0
wjf1uZNr6E4LQ0nUNHX5AA,1,1,0,0
WFV1PlbIZpua2xZIPJfmVA,2,0,0,0
n0bg7kf6HcpFchCtxJyc5A,4,1,0,1
DtJEfQtw-D-ILTnWktrCtw,1,1,0,0
r8Jr-7YfkhJL2nxk9lxUNg,2,1,0,0
L-IyrAwnrg9A2yW7zPI_UA,2,1,1,0
4Ua5_CI0rKq3ar5hUTUprw,2,1,1,0
aMF8cG445ONPRKBsBYqofg,2,1,1,1
owxcYAUca_6K6BAUX4V48w,2,1,0,0
K7fip0nDFFdCC7OCnNOotQ,3,0,0,1
7IF5cjvH1d97pzvYPnf9Mg,2,1,1,1
K12EYif4vVDBno8S5RaWMQ,1,1,0,0
0FH5h58Qls1VIuXh5QORlg,2,1,0,1
9K4WIS_4L94vkExuHcc17Q,1,0,0,0
Ql_J2DSIE8QYp5rXf3721A,3,1,0,0
QkSf6Dgn4hYWNfaT6_kd5A,2,1,0,1
m7v-K-BARyZu6lePJw8u6g,2,1,0,0
02BXFKzu1rgaYulNGYvi6g,2,1,0,0
1r9xmPVZqsiTNQr_FAcs8w,1,0,0,0
SJVrnBT80VtUScxxIofB-A,1,1,0,0
MtxfrJwF-OTvJGyWV1PfzQ,2,1,0,0
Sr-_q9OcQCmbkjMxZhHgjw,2,1,0,1
L0T0tx47qXd15FOrLoKUng,1,1,0,0
uqo0qY32KN0wyzsB30hB5A,1,1,0,0
_RYkQNjV_D6xOzRp3RwVOQ,1,0,1,0
aAGo2MMC2hQlG5uhPPNnjA,0,1,0,0
NXT94mdw1KWadc3q0u0KYg,2,0,0,0
FVospBWddyS7IpbEuFSqgQ,1,1,0,0
7qFtiPg0gdbk911_mj6LoA,3,1,0,0
w96oa6oQk2kolYfy8Ja2Mw,1,1,0,0
1i4iRBkkNU_o_S2pY7W7kQ,1,1,0,0
XhJWPRqwVCZKr7vieCKX6g,2,1,1,0
jRRC_tlEgOmDIhnB2qN2uQ,0,0,0,0
RUJymwuG7ICtEZpXLqJpUg,1,1,0,0
efFIGYJDnqPnjXlASxF7PQ,2,1,0,0
r9J4uFdWhDgH8poy1KTdDg,1,1,0,0
EvOHshSlR5t9NwhUuu0YJg,0,0,0,0
6QUuDlLjNDQWFCbJ9--jsQ,2,1,0,0
PyrcymoNDAJDm_Zn9yl-7A,2,1,1,0
yWMpjE_3SSv3QfJxJ_H-4g,1,1,0,1
75i9St7QE12NX5JM-Zt90g,1,1,0,0
Fw0u5YqMSLXhmNevrCPBMg,3,0,0,0
2Li0n3-NsCNAje1pZYtHXQ,0,0,0,0
XVhI4DbI7mbpySm_jTS18A,2,1,0,0
oBuFzfKprMOxd9T2ytjZhw,1,1,0,1
evdJO0v9rvVixieNEnaeJg,2,1,0,1
Ipkl7KtlqxCe8bMMkwHwPQ,1,1,0,1
kwLlQn95rqiqvmM4Yc2hIg,1,1,0,1
G_22Q3dn5szG7W8NpEEgwg,2,1,1,0
GkrElnysLT5iWSEbqcVkzg,1,1,1,0
2Y7voMZLcJ4YYC8_UjEuPg,1,1,0,0
VEM9ddboePvhvucd3jAbVQ,1,1,0,0
EUWBT5GDxPC95w9itZ1EHw,2,0,0,0
i914BRmIlPSjJpW5B_cS8Q,0,0,0,0
eRQwgSQD1KyCmJk_PAGOXQ,2,1,1,0
sL7RKR9srM8vd0HAMApgpg,3,1,0,1
IDex-hVAfYnVMNF8l0t_ag,1,1,0,0
njiPpJhy94Ojq91Bev6ckA,1,1,0,1
iPa__LOhse-hobC2Xmp-Kw,1,1,0,0
6Z6IyosSMciZtwk8hRLRag,2,1,0,0
ri8oXRCZSTswLuGjN4pqBg,2,1,0,1
8kToK23uEo5su6VftV8ZOg,2,1,0,1
eszo5NGbX8Cn2gfuUj3gAQ,1,1,1,0
KOA3EA_eFxiRz5P2lAmM_Q,1,1,1,1
kqIjHVFbhg-mqRGRhpRKpg,2,1,0,0
Z25WwYfb-TqP68Hbfqjbzg,0,0,0,0
xmAakatNKpvIJ-Fmq5swCw,2,1,0,1
8zO1gDlfujftc6ZJr43nHA,0,0,0,0
Sv0mCDEF0-V-HGR0nk5Egg,1,1,0,0
yo8yB3hdqvbvj8huzXpKWQ,1,1,1,0
Pft_PMCvtmsN2YkDzm1UtQ,2,0,0,0
aKcqKNcbwNydCBnvAA4TeQ,2,0,0,0
fK6Y7qF0ek4iR_Dt46nxuA,1,1,0,0
M64mDfxaHtBGdn6AoTVwxg,1,1,0,0
4hwe5w3opbrwFzezR6i7ig,1,1,0,0
EoUYBTQWpUJr7Sp6Kpw1aQ,1,1,1,0
XUY2ZBiVPrJHyYisPL9EyA,2,1,0,0
kr27iu084jHMbpXXTu28ow,1,1,0,0
c65l1HepL-5Zqh_2fJ7ezw,2,1,1,0
N0apJkxIem2E8irTBRKnHw,2,1,0,0
N6CJerqD19UIZ51J7-hgDQ,1,1,0,0
-ktGd4cMY0V91Ihq4VQPJQ,1,1,0,1
-jKBFjNTbiafSdunQy6dlQ,2,1,0,0
zhxnD7J5_sCrKSw5cwI9dQ,1,1,0,0
FgHjnpJkCMj62b9P6n7Iig,2,1,0,0
ZZRfuFBTfnTx_XSB0tkIkw,2,1,0,0
82uTKEiIW8yqTPZFEfP1Xg,2,1,1,0
sENKAK309JW663SokXQ5RQ,1,1,0,0
uCHdWwomBaXwBkUww5kYGQ,1,1,0,0
1HplwLVbBid-Bgw1sEPGFg,2,1,1,0
I3STZd5iAvUL9MNLF_DUug,2,1,0,0
f-2ZS7X9KbGGJ2Ql1dBwEg,1,1,0,1
RxYyUo3fHpmUfKuvxmGGxg,0,0,0,0
kABF0hYfAEnl166mn1zR1A,1,1,1,1
KpEgsQz0eCQfL7kfkZ8QeA,0,1,0,1
YSdYX5yxpnae7Fb1HGMlOw,1,1,0,0
bRR4gsjHv0F_RnRGjQBqlg,1,1,0,1
HPrYNgMkdQWEE4XLzLqPAA,0,0,0,0
5V6u8hbA5zByb5k8I68z2A,1,1,1,0
-ITj6Pu8Gdw8MmLf0XBEKQ,2,1,0,0
ZOg3fkp1xxPEe4v2nqhydQ,1,1,0,0
K-F829eoeo_38nTL9xLWEQ,0,1,0,0
bH3xVTnb_5w6k7ILK82Kaw,1,1,0,0
1gKfooshVPeDMQZM3mCN0A,0,0,0,0
x8_NelKV1JY5S5bN7mWJuQ,2,1,0,1
0-fJRl595ZfHFyLQ3cROUg,2,1,1,0
gugN1sgyheBJ6aKtNcv_gQ,2,1,0,1
S_bG5WWbtNXhhY9Y0GTcSg,2,1,0,1
fmnE6VQLBhgIrb6RBuqmjA,2,1,1,1
hb96ToDVKWQkAj5h-UB5Ow,1,1,0,0
NDnRT8QPfDUq35fyhvOvCw,1,1,1,0
Q4n0Olo50fIhi6a5apuraA,0,0,0,0
MldtbULi0uqWxduSyE663w,1,1,0,0
tpoSNhUvEUBNMpcuP331mg,2,1,0,0
ypfFfR3-PbtoslIhohNstw,2,1,0,0
2vu5RPLxvAqY0PK5olT7QQ,1,1,0,1
jbbFSVdIrac2QBuSV-NBLw,2,1,0,0
DgHXVoAZ4XzbcQMahuJCbw,2,1,0,0
rGZtr_ZfOVfmj9aTLV11Rw,1,1,0,0
VrGI7_nRjXpn0415S3coGQ,1,1,1,0
Y41j3CfQ35nvEFCV3YPRTQ,4,1,0,1
3LQhD2j97GuVIDAciQzX2Q,1,1,0,1
_U9_mzobQzDQygH50NoxUw,1,1,1,0
RwRNR4z3kY-4OsFqigY5sw,1,1,0,0
sSp-ZbEsVDKf8Y2OAXS40A,2,1,0,0
GQCmcU4aD6GEq7Eo7pKqUg,1,1,0,0
Ljknr0VF5Ia2DlTzELg-Kg,1,1,0,1
6Iu4YDjAPrDRRrPCt_E2zA,2,1,0,0
rfgln6-7WFCu7S7fOoqMdA,1,1,0,0
tTx6Ac4yQWNnRW2qMHFztg,2,1,0,0
VqutAZTwEgFj7FNoTjk3CA,1,1,0,0
j00iBr6uYnwgFs_J5y9f0w,2,1,1,0
4670Yw1xIefONEViw5NDFQ,1,1,0,0
0VjHFdczi6Nln_nn8bucJQ,1,1,0,0
f5iPbCVgv-2x00ZBoOwU7A,2,0,0,0
ZSONEY8fvrMHyK7vzK4yPA,1,0,0,0
buTa1akbH0pO_P10v99_eA,2,1,0,0
BUBGQiHeHhLDALQm8Q4u1w,0,1,0,0
h4Q-uSoOIhMoIsOhat6l3A,2,1,0,1
x8O-Mll5ksDpeIgtA0XY-w,2,1,0,0
fjQL0SVmPCCKqHaUU7tYKA,0,0,0,0
XTtNTWH_Nqv27RC7OtS7dQ,2,1,0,1
pdgzBiQBs8HGUBJzXe9j6w,1,1,1,0
ai5dbb7P-qwt113PaJJCwg,2,1,0,0
ZDx54hHdiULbtD15JAy2fg,1,1,0,1
BlrvqjGanZvjlNsnIyvAXQ,2,1,1,1
j-u1rC9zRW6D7oiK89QpQA,0,0,0,0
0859wfd1BQHG46Zpwhc0ZQ,2,1,0,1
_MFOesFi37QwBKtTspCarw,1,1,1,1
Kbbm6Vd5UdbP10dwjBghRw,1,1,0,1
9cflYye_S2xNeb3C0mG3ng,2,1,0,0
KENynjpbyq33DjGWXOip2Q,1,1,1,0
PkqN5st3zZ_Xce_5QlBtNQ,2,1,0,0
gpb18i6bLxl5feUrJFmxTQ,2,1,1,0
5n2dA_QqO4c_7pSK0Of6AQ,2,1,0,1
KGMyW-_eq4Errzp7AA8s0Q,1,1,0,0
iO0SF5Eyfj7Ew1Cv_s1YnA,1,0,0,0
bFaFb7wu7swOp5qD8lNMog,2,1,0,0
vjTVxnsQEZ34XjYNS-XUpA,1,1,0,0
qL1YorxvE_D-xoPF9f6f8w,2,1,1,0
XE1DgD6as8UHpmz0XK45qg,0,1,0,0
tAdgAmRZnAOvCipAr2trqQ,1,1,0,0
hPclwunHi36YV8cPghWJBg,1,1,1,0
W-l_Nzp-0LmUPTRcLbFGFQ,1,1,0,0
tZt9k3BZ0AaXT4XCOEeRwQ,2,1,0,1
zOL260xaXDYZZPBItzALxQ,1,1,0,0
VeYLpoglt8XepYdN2PjSmA,2,1,1,0
nQlEAP941EKh3MNlG0bzwg,2,1,1,0
-ug8U8rDNpW5s_4qCowtzg,1,1,0,0
p0Z87V-52h_4Sqynh519vg,0,0,0,0
NqFZbuw5D-pj7FySj9lwXw,0,1,0,1
vM-5-paNxlVppFj-pSBjxA,2,1,0,0
cezXueCCEUYphNJ_jl9PhQ,1,1,0,0
6gd8wlow5V7fOsdTysKnUw,0,1,1,0
vqYCZseV9WqasZnO-iSQtg,2,1,0,0
n_J4ryIX_f2CVdse8Wd-Ig,2,1,1,1
N6BDiFk2CyJTMPGUlcOfAg,1,1,0,0
Ki8seQY5mtXc36xjoMfeDA,2,1,1,1
w1dxpzzh5I3oo2vaICgdig,1,1,0,1
f_eiOrEcMnkHB7GvQVOHkQ,2,1,0,1
vUczj8SVTJ8bKIjZ7yKsvQ,1,1,0,0
BYDs_o6U4CLxJec8k1Q90Q,2,1,1,0
RTKVzDedmoWN8YjTcMBoNg,0,0,0,0
fK5pISvzFanBY_W9D3C3rg,1,1,0,0
GGbo2tJk2yQuPxO5aWG3rg,0,0,0,0
E8xAQF1p5kcPYoSpiiwr8Q,1,1,0,0
PgJgpW4TKQ8IoALH2Yq-zA,2,0,0,0
mYlNFkIiFY3SyDl-nPWR5g,2,1,1,1
f8IMQgRwo-8GP372MElDGQ,2,0,0,0
4n81G-pmC3rfhmaPsbwYKg,0,0,0,0
iLlPXAA6NYTgWaG4DgCNEA,1,1,0,1
kB1S2GJUjE2k3XN1WQS9tQ,1,1,0,0
r_2voyLZfKpWDc02fXhGkw,2,1,0,0
4WW0U2mKgFYJILnWLmUwLA,2,1,0,0
Nw_-4DFjYK6BDG0CwNwSvQ,2,1,1,0
l07ctcrDMV--TYwe3uzebQ,2,1,0,0
JVTIY3KAIaIiL0fxY82SoQ,2,1,0,0
65IxMPJtsgMlG-fCJy7SAg,2,1,1,0
QJf992yAgUpNeFMuTTPQ1A,2,1,0,1
wP6__WwjrJn_i1PdLLehtw,2,1,1,0
k6cFy32TrLN9Cjiiset_dg,2,1,0,0
DYGCzsHi7pT4AAe8kh5Dug,2,1,0,1
2X5I7wY_bqYWOub-q2Ba3Q,2,1,0,0
-YWr1wm_NaAlgEf9TZzsMQ,1,1,0,0
9B1Rf_KjWBtTNXwPCmYluw,1,1,0,1
3h5jLa-kbHg0cL7v9En0Lg,2,0,0,0
JrD90K-V1tfPWbWjPgSXmA,3,0,0,0
pkxhsLgD1Ai_P0I3_NofbQ,2,1,0,0
5i-SK1EztIn6YnhcRvatTQ,3,0,0,0
zEd3Ex_k3vHiBbBPWRrO7Q,1,1,0,1
LdB-ymK-cauStX7TxUAs_w,2,1,0,0
qk09cLxOZBeKsbxQiJD6rQ,1,1,0,0
qJEtXdrOQeo9py0Wqr6LKQ,1,1,0,1
FKnIIONBcfdPSVW-r5_zfw,2,1,1,0
65kCKrnO3SulNYEen0itGg,1,1,1,1
tpmxNp4q1HpjAJLUR5zhYQ,1,1,0,0
F_oPMHJrH42R67xp5eKtQA,1,1,1,0
CVt6kBVBABSq-NA_FZfrVw,2,1,1,1
Zp9RMGJKVc9Qkhj4QqyROw,1,1,0,1
0q_BHpxbikVtPRRLRu-U0g,4,0,0,1
R9mqW9qeJW4ZrTyDQZ6xvg,2,0,0,1
Wyc49dq1r5uMqBl9bHVPAw,1,1,0,0
ScZ6USN3-uw9Rb9Jl97_MQ,1,1,0,1
1kVicFRGjgUrB6IezlTTdw,2,1,1,0
-av1lZI1JDY_RZN2eTMnWg,2,1,0,0
D6WXf0lB4pfuXZH3P7c5Ow,2,1,0,0
zgQHtqX0gqMw1nlBZl2VnQ,2,1,1,0
bY5f0CV5u3L1b7bGuNUA8A,2,1,1,0
scDoMngWB0k37qgb7Ec-tQ,2,1,1,1
dizdLoOk0GMaSS_qQAuklQ,4,0,0,1
0Nb4piKDUVbedlrakwEUuw,1,1,0,0
eoyvbnRYQe-z85e8Rc6vAg,2,1,0,0
EOugEwUv8JXT6hXeiG8zoQ,2,1,1,0
hH8002bWtOFYtLgarFZBsg,2,1,0,0
OKUiKL_s5CrrLFAuEeB5MQ,0,1,1,0
f8nKl6RihBJoF13i3vt0fA,0,1,0,0
8oVyhkGvcFd_pXwvxOzOxQ,1,1,1,0
sppmLnZKcbQ6cR2JIFL84g,2,1,0,0
8BT-nH2aWf6nyIdK797OHA,0,0,0,0
dqtWVr1WlaQcmPPCrmZH3w,1,1,0,1
vOZvmOrzx3TbFUWZSgzwTw,1,0,0,0
KDh82ODr4adz9ck6ltQ_YQ,2,1,1,1
kcpu_H4BaMY0dqHY8khoGQ,2,1,0,1
KhXu_LqzbJHQIt8ohpN1_w,0,1,0,1
m7WvWdPmaAdLUR-iYjbeGQ,0,0,0,0
0SNSRmPbydrspRqWz82F5Q,0,0,0,0
VXH7zXcZzXlmAVN8GSjGRQ,1,1,0,0
6xowh_GdOsRrz9QWN6nMxA,2,1,0,0
E1qCzAOYLTnbT9c6TA-YjA,0,1,0,0
3Hu-IPhq5I_jyb3YfeHpGQ,2,1,0,1
MsQTe82TCbZXDPG4LOgVoA,1,1,1,0
BQKPbuILIAG53XtIZ51s5Q,1,1,0,0
YhLrPdDWKd26l-fIGewO1w,2,1,1,0
8khf7GYXdRg4Xtp5tlkGkQ,1,1,0,0
V63RB78cOIBxED8KvsOcBQ,1,1,0,0
eBtEx6IQsQDoIDJXTDKdXA,1,1,0,0
PzItDWhnWrViLmAXQuMASQ,1,1,0,0
Zkw7LIIKJWHsdxkqU5VwXQ,2,1,0,0
8Sqd1E8Jhjt3pbsoyOZ4dQ,1,1,0,0
rReN_exlBKL3XqYnck3ndA,1,1,0,0
lZvr_VDNWjCN_PT67StkKQ,2,0,0,0
SAfuIUZMXrOnb3LWyvYjDA,2,1,0,0
aNGKQl-_xeUbMZGMIRGQew,2,1,0,1
ASuPC0RuCgfGj7-9j_DNZg,2,1,0,0
Gk3YpwgiQf47YKkAUZtQTw,2,1,1,1
3281FKql3HVOzSVxymjJRg,1,1,0,0
K0xJTPQR3UZ4eDsL940yfg,2,1,0,1
_JZ7hXqOZ_MngjPWFgER0w,2,1,1,1
dzKDFiWLkspVBJKGfT0M2g,2,1,0,0
IkmL3syVMj8zZxpL-7SYsw,1,1,0,0
5z-kd3h50BnaE1Ee8GV5bg,1,1,0,0
_qh5RDI84nVGwZiYDvCoyw,2,1,1,0
luZoeAWYeroo2hl7vn-CrQ,1,1,0,0
91JwvxaCYhLWnAOWp_AmeQ,1,1,0,0
fCpPsX76xgs4BKLe_uxAMQ,1,1,0,0
Hsn3CYnTsrQ2nJzTKefDQA,1,1,0,0
z0Q8-1RyCftpD4h2nIJwjw,1,1,1,0
2mKFNjIEktW2Nl1yV2cj7g,1,1,0,0
Nmxh4dUE952kjXDZOUHFVQ,2,1,1,1
VahVKCDFougCFlWH87OYZQ,2,1,0,0
PTbpP2T-Km0g11wB6h2lKg,2,1,1,0
NXpvhD0NRrk4Tx1AOhpZ8A,2,1,0,0
A2eA3LRbptrexCGw8fu67Q,1,1,0,1
k3fn9JFiNLNy2q5p0cE1kg,3,1,0,0
Qe9LBkscg4oxrNcx-ypdqg,1,1,0,0
jzM4dTlstNmGDPRT9SC6Hw,2,1,0,1
kqEvZj3BgmSKn4I-O-Adsg,0,0,0,0
D9Uf7UmU2KlgS_H8lJwOrA,1,1,1,0
G4hjhtA_wQ-tSOGpgGlDjw,1,1,0,0
MshSy-b-4qY5zdFioUWuzg,1,1,0,0
DPmZTwZuknnVPAeIGJq5SA,1,1,1,0
YNDxeeRUARbd8GRnscJSvg,3,0,0,0
iXA3bCGD4HNhx81UC8CEhw,1,1,0,1
HGWgviSrfGhodO79190OMA,2,1,1,0
QSwpHbPjDhWYKP8qlmlkXg,0,0,0,0
WRPlRsDK47DFl3dz65zhYg,2,1,0,0
xj6Xs3HHr7YBdY2gH3sOfw,2,0,0,0
Sl-AdSqrp9LJnv5EiSxo2w,0,0,0,0
5WtKBzHv1mL2-w1wcz3kpw,1,1,0,0
ScdakSPeGerwzJu2DILWLA,0,0,1,0
q33PbXYbEP7bRJQZovIKWA,1,0,0,0
vHaXbmEl6K_Lf-w5PFGBSA,2,0,1,0
Bh5VbI_9msk3GaD0kiKkmg,1,1,0,1
QMPDsRxHmDtap9ECO1Uwjg,1,1,1,0
bgwbuh4gS6bF7Ab1xFgYWA,0,0,0,0
QCe_OTC_9Vf5-oQuflQH7Q,1,1,1,0
XmfiEDGV1V1mqeEP7SurTg,3,0,0,0
jlviy68buL1X2UADI-Lnlw,1,1,1,1
fcEi7EwL32E1ypwzTi0NOQ,0,0,0,0
S6TMBqrsi4PLRFoQFPScjQ,2,1,0,1
Qw39dZRMZC0_XniRfskJGA,1,1,0,1
PbyqDJf815zRn-7p6vYpAQ,2,1,0,1
98WwIFhpPdg2Wk4EQet5Tg,0,1,0,0
bxCKBd1qsafnKXlWrCK20g,2,1,0,0
-BbnAc9YEO6pjvJGEtFbVQ,2,1,0,0
b3vRI8yXNK34hgC0Wd4Iag,2,1,0,0
mzREMIknfmagJugibXrCsQ,1,1,0,0
4VkLiFoIEjTTpbCRgxjnCQ,2,1,1,1
ZiH3Rfzacv3DoC9pwXZTpA,0,0,0,0
6Leb5-5Wl7OfPM12LaFQeA,2,1,0,1
9OD0pQ0QYa_7dO-LbOBFZQ,1,1,0,0
_y_XqheKUn3Dn6QoUY1t9w,0,0,0,0
SitCGPChCqlHO3bfn4GKLA,1,1,0,1
W1Yr6c2XDx_RBjb6WsV-aQ,2,1,0,1
qWflasEfK2strQg5Ulcz4w,2,1,0,0
ECOnq58qoeqwPuS59P1W-A,1,0,0,0
ghPeRAr7st98vc2Qsv_T0Q,1,1,1,0
Z70uWSYfXlPObNRyLK9MeQ,0,0,0,0
43PeF0ERpSIiEbXM6f9N2g,2,1,1,1
ggwOO8Tu5CPD7SvLG3ewEQ,2,1,0,0
FSnqO-YWUdRb0Xc95nXbvw,1,1,0,0
9vkVY5puIHRfKMgJB4LBnw,2,1,0,0
OY28pLbCh37_5sJIGjHO8A,1,1,0,0
agGJSdMTRrkA6VrYMbC-SQ,2,1,0,1
Vjzg0VOQsBWw1TA3iLol-A,2,1,0,0
tnE2pii5EM-9u6iAA1lPyw,1,1,0,0
S6dDwVGap_F1rbDwFmMUDg,0,0,0,0
01SiPgdiOskMC5bUJoyy_g,2,1,0,0
3E7TJiztCFxjRFJguohpmg,2,0,0,0
nVAJZ6BJ9PPlxDXn976R6A,1,1,0,1
KteURpvwtwYkZpqlZzkt-Q,1,1,0,0
ZluypQEguOOQ9urk3a1ooQ,2,0,0,1
7mFNJCgmZCiSjv2mzoP1Cg,2,1,0,0
A9B6jSj2FvIsK5gpDBXbCw,2,1,0,0
lCMOdWehkmMbb-BY4B4XxA,2,1,1,0
sZq-qUvoLgYxlDmIcxYWDg,2,1,0,1
Fihzq3H6od0AP2WFLCE5yQ,2,1,0,0
QOY3Tpm_-7-8px8jqibz4A,0,1,0,0
kZspuWnM0Y-Losvk2Rl0lA,2,1,1,1
x-38eLYLb2wi3jsbd8QOAg,1,1,1,0
oaqbLDW3wNqkynlnp4mvlw,3,0,0,0
JWN22sQ7cl9KjmIk0nMbUg,1,1,0,0
d6kfTFKpKJX93qAEPhBGAg,1,1,0,1
MTneG8wJrUxIzIfnHe_P-A,2,1,1,0
mHV6YRI_KWIUsVtI4qXJkg,1,0,0,0
AMM3qOH9DUQzJHm9Q3vHag,2,1,0,0
rZDi46tdwQoSAmxU50xiQQ,2,0,0,0
JJJA-y6eUQZn55hmEONo5A,1,1,0,1
IBZ6e3P0OqcPXVjvGlpueQ,2,1,1,0
a5LPHftunsV3OciDaumJXQ,3,1,0,1
gVILTnDFDsVuVdxFVkRK7A,2,1,1,0
9ot8oInkYZTt6wkkGe__vQ,4,0,0,1
TIUd6XX7-hF6EPF2NowMsA,0,1,0,0
zOmz8CM5SVFGklGRSsV5mQ,1,1,1,1
OqGUmVkHT_Yc3_BGloP5Hg,1,1,0,0
9enpsB9cGGzX0Log6Y8OrQ,2,1,0,0
1tsUXKaHQ20rnfXMAdLUmA,2,1,1,1
82-wE5pkxyBKhfxyyZap_A,1,1,1,0
O3OH5IEFMPtz7mPKakPZ3Q,2,1,1,1
qVbZ_VrZEGJKJg9ZpkGzjw,1,1,1,1
NbQHD6DVge3n-UvfYYNE_g,1,1,0,0
hjvPxyxPLFOCxdNm15IDug,2,0,0,0
xkGquJpL_-nAg-ZDaVHjPA,2,1,0,0
pYu6GDIfdK1RfwgUKeeDYg,1,1,1,1
UUlp5Pkpq7w5pOiX6esJ9Q,1,1,1,0
Mpy2zw01M1IcEP4svSPOIg,2,1,0,1
2PbXyP13ZAYXSJQeqW4Vcw,2,1,1,0
x1fx7C_tc064cFATjl4fmQ,2,1,0,0
duw-3Aj7gAKbQG-isS5UtQ,3,0,0,1
jrk5mERDGfe4uDAd6WnZKQ,1,1,0,0
W6zJtBokhnJvpHlZbROBBQ,1,1,0,0
Q6qI_1C0q2E-GQCl47mFUQ,1,1,0,0
VoJbh0ad4x5lnWPHx1sxVQ,1,1,1,0
Lzj-_QdzL2bLeHd_bC88Fg,2,1,0,0
t0edCFMUYmFSN_eXT4HrnQ,2,1,0,0
H7YymiGTqcSDA3Ue7KwZrg,1,1,0,1
grmdcTqmUph_mi8rhTSuzw,0,0,0,0
t7YEHbN6NiuS1oBlD-R6ag,2,0,0,1
stNlfaeBITkyGmHn8oRwvg,1,1,1,0
b7Y4dIggAacPum1tF3NpKg,2,1,1,1
qTTBJ83d-nWSnQpXyd44gA,2,1,1,0
aXPw7yszWON9ZvXjNJ9bNw,2,1,1,0
FVgaLPmq88zX0mT5NJPFgw,2,0,0,1
Qng9lEqWA9uTtm6oq2rZuw,1,1,0,0
GhGN_eerrkfnWjNXvIb21Q,2,1,0,0
KpFgHrxoVOiwfpR0f5KXUA,2,1,0,1
IPvzhUfrOukhT0i7oBeHkQ,1,1,1,1
UDE4VL0k8Zrko7RkJ4agGQ,1,1,1,0
9nBk3mCFXrwH8cpBqB5pFQ,3,1,0,0
MIeVxFe29Jl33reMYewacw,1,1,0,0
FgPANtTwZqXB-edLkZTXQg,1,1,0,0
JJ8ypBu3b--fy4HA5RB1gg,4,1,0,0
lTXFSaZC8tkZujYxRG-Dcg,1,1,0,0
N8ytddhgHRxdUoVhP-lrsQ,1,1,0,0
F9cXFXk60E2sz_YTSCFp_Q,1,1,0,1
-kHQWsdlHfASvHCj59dzGA,1,1,0,0
1WE-vUAugCNBg7-Vg4HKBg,1,1,0,0
Gc8xWVpbUlBYHAoOT9MTyQ,2,1,1,0
cvu61K0_g7ZIpaEPCiaNcA,2,1,0,1
zwmps5SXn30g-f5wqg_r9A,2,1,0,0
OlklbRrfBIlc6obPtZPF3w,2,1,1,0
UJuxtm4DtomSaFlfK0X7fg,2,1,0,1
Y1jrsVAWK1bFC_s1CJmICw,2,1,0,0
CCTtT_dMb1fOtGBoihy2PA,1,1,1,0
Aj3WZ2Ueyqzq1dIKLxNMMQ,1,1,0,0
5WJOM9DefIvLOIrntDIv-A,2,1,0,0
peZSKlIlXBaCeEa-Bb6ndw,1,1,0,1
wl6s30wPQWh-FepHkPedyw,0,0,1,1
iw9p7E4bMe1YW-APcFGjgQ,2,1,0,1
_7u6Cdgoo65xqUNOuRX4Ew,1,1,0,1
AcGRSWCpb7YB95MTsHlGEw,1,1,0,1
2-_HV0XUYK64OylB5J4i6A,1,1,0,1
Bj2g9Kgij_yOn5HQRt0BnQ,1,1,0,1
vmQKPYE46edrPQDc1vBMDA,1,1,0,0
4Pb7SlTK89uSdqOwMNM35A,2,1,0,0
Kal1hFMTEzdXYpa5MNzUPw,2,0,0,0
EY4xsGDe0euyusOfAb3Cwg,1,1,0,0
Z0ojefRCqnvVLdNUjSYA1g,1,1,0,0
Dkx_UjNhbXB-P0oyKqbTPA,1,1,0,0
WHrSxyaYLs1nI9lK9wwhzA,1,1,1,1
X-66Npl7XhHw-9YIC0mb5A,2,1,0,0
IMLrj2klosTFvPRLv56cng,2,1,0,1
NVHlTy9TXFJQpUzZKuEeWw,1,1,1,0
FHeWz039ONIOZL13pa5nXw,1,1,0,0
44kd3YdkhXj5XiSPs5XNjQ,2,1,0,1
OwG2nkJrDoP-WGcU9tvkUA,1,1,1,1
cefRDEK5O3t_iUuwnmL27Q,2,1,0,1
r_BrIgzYcwo1NAuG9dLbpg,2,1,1,0
wemlXDzXyS28HMJaVaxVhg,2,1,1,0
dk6c_rmpXmXR6VEXJN1_8g,1,1,0,1
zaxK3ea92mvEBRy-jttngg,2,1,0,1
Xt2aQqrMzuABBvb82sK-Hw,1,1,0,1
0w3BdEOxvwKTpypwbN5kiQ,2,0,0,0
_bOlJfNELoVIiYGonYnPWw,2,1,1,0
bQm046mj02fKlNMvoS2SBg,2,1,0,0
uG0yvj2JWfCf0eaIgxcwXQ,1,1,0,1
UkbIKrtTDHW8DFNJYJ5yEQ,2,1,1,0
VKmGedwOk-16D7OawNg_ng,2,1,0,0
cjlYcqxyqRBe_w3OgasPAw,1,1,1,0
fEUsAP6znkde43BYNoxLvQ,4,1,0,1
_2Wbpm821bdNsh-gyqufrg,1,1,0,1
QrTg1ZaKcaJj2fzXQmHFXQ,2,1,0,0
aql8K6zVoJDGRJ3P-IgtpQ,2,1,1,0
TAAlaXAk9sWOUXZW1-wfYQ,3,1,0,1
2TPyzxqlhIRYqd6zi317Lw,2,1,0,0
S599hCA4kJJO3_b6SRFKoA,2,1,0,1
_aYYRuwTXItHvrc19cNqZg,1,1,0,1
wao8YhDY_al99JSrHl3Qow,1,1,0,0
aMZzd9RrRyhpuUJycefotA,1,1,0,1
TVbVii4EUQt9DG7y698zIw,2,1,0,0
i4QxkI-oZgFLD_dShF4F7g,2,1,1,1
VcLEIFSPvi0eEcY4fWNSSg,2,1,0,0
XeDLyY2a7nZ3IEY4RYslXA,2,1,0,1
uTn8bL6sabHD2916u5mvkA,1,1,0,0
vuqHcBCbxH36hCFsZ1W-0Q,2,1,0,0
aQ222ydz_GSRZV66xNt4kQ,2,1,0,0
cFyXbPxTAwKRlIqe-XLMcw,2,1,1,1
Jwwkt9oAKsNF4AuItTIdPw,1,1,1,0
cInYKKK7p9y1FokuKClNtw,2,1,0,0
isYj0rlYyUv3bUd4ZChxlQ,2,1,1,0
tf4FoM-A_I469qTUbLZs5Q,1,1,0,0
JdoBiBRgeS_KKaNaU1sofA,2,1,0,0
g7fXSjIsE31hLIW5z60zfg,1,1,0,0
JK_DiDwbl7HX5OhCAh3h4g,2,1,1,1
aCA3j7cYs8JZFF0ExSfqEg,0,1,1,0
6g-ufVkF3gQjqfBjEzWPJw,2,1,0,1
rUgLG2CzPi26e6cMUjk4kA,1,0,0,1
QPmeZrxpWkKBV_p8RW_lnA,2,1,0,0
pbSFMktF1XLd0LX_wIiRLw,0,1,1,0
ostVuyoxxQiP3Qik_L7nPA,2,1,0,0
64kpo_0UjVcy0x1o4CgyXQ,1,1,1,0
1GWJWh9WGytmkXKdkXx6Hw,1,1,1,0
YyvpjiXO_lQuZxn6wqoPJw,2,1,1,1
3bANQdvmchoqIffR4A0Nnw,1,1,0,0
6l73cxX_tol8RsvTZZIvPg,1,1,0,0
XuxKpCqnjpW_VPxSho4djQ,1,1,0,0
GaYRUatPQi6PmJIE2wF-Uw,1,1,0,0
2_qs9jCnbZNYIPl7DEcI_w,0,0,0,0
k-fLKf1Qbq08jDrOuNn5ZA,1,1,1,1
6cYgq6_kSOa2SgXrjyaLZg,1,1,0,0
BOD0yRkakyxXzJmbVVAxSA,2,1,0,1
jkCkdlxISVraP-tnTsgOvw,0,1,1,0
NoDhna4BsDhcl7xRPmZJzQ,2,1,1,0
VTs4f6LnUMHD4ysOezHSUQ,1,1,0,0
tQj6IXqLHze_8XOhGacBGg,1,1,0,1
7v91woy8IpLrqXsRvxj_vw,2,1,1,1
wWuGa3OOQJro_XGe-GKBXA,4,0,0,0
EIKurJ0CUXJ2sDs900Lb4Q,2,1,0,0
CsAj3Rsw7HuExJl4OG-iZw,0,0,0,0
Nc6k5XNVffb59n_nlDZFdQ,2,1,0,0
7Rp2yHgW0JR3OrSWNdISKw,1,1,1,0
a6SqJZTFMpSOR6Qb0STyFA,2,1,0,1
hIUKufhwR6Ifn7bi0-phLA,1,1,0,1
fJruVPprYx5nbRe6UbwIvA,3,1,1,0
oi6mahpAmEuikfihFVDmCw,2,1,0,0
G9uajeJq5BR9tIKekfh6Fw,2,1,0,0
3A_NZZNHG5dxeZmO-ije2Q,1,1,0,0
c-fABAgX2yKJ5limkRn_Hg,0,1,1,0
jtiywR7x0duLUzOkIqxeqg,0,0,0,0
ueq_FKGuXrhWg2hD-1rHtg,2,0,0,1
Ggwz0AdNez0oRTGHCcHj9w,1,1,0,0
rQd-wVQIQ1t7gPqoH9_Gvw,0,0,0,0
S6V63OzrCaj22BQJeKBDCw,1,1,0,0
Osajpu52xFzvMDQoUtuJBg,1,1,0,0
Yt5gK4E9NqVa14WNiQdBlQ,2,1,0,0
2PCz_uVX7GOXtGHNXAPXhw,1,1,0,0
aw0H9O1yysoHB0JanT0Ubw,1,1,0,1
wowGDYsOpR_mIMMFDL-qhg,1,1,0,0
Tefx_N6A6nrsdj4jHHnbYg,1,1,0,1
O7ZvoH_ONGNKbXvHDSZlwg,2,1,1,0
eQel7bUz75j0AVKnfsillg,2,0,0,0
9Fi0rjoKRVe55UaKZ7OdCw,0,1,1,0
UAXz2KC1aXpxzV-MLdXbmQ,2,1,1,0
84RdNjDKXKzqZlSlT6G6PA,1,1,0,1
ALkOqlWODyxPg5VSp0HLrg,3,1,0,1
sA-YqTMe2bJmg1MgbfowuA,1,1,1,0
avBS62WEvwWyoDWBXAlxmg,1,1,0,0
Zlp8PGIssxgUMdaa2cksCA,0,0,0,0
JOoblYsQjFT-47tkt6om0A,2,1,0,1
JrB6On8q8f1_ICQSCLg47w,2,1,0,0
U5jgjTB442DtR-lEvV-RdQ,0,0,0,0
zJ__js7-Cx_wU4GhdBdeRA,1,1,0,0
NzmJJvTEotNCEduQUcIwBg,2,0,0,1
5CJL_2-XwCGBmOav4mFdYg,2,1,1,0
JqCPbQ02W0Jbxrp6X94KQA,2,1,0,0
5VK7tIINe1JS5syW-o4H8g,0,0,0,0
dNRbhJt4wd-ZU4lFVK3iiw,2,1,0,1
CV0knwCFA-x-8jJHot6Few,1,1,1,0
ltWlvxGu8iKjyYxLIZAYXw,1,1,0,1
pTZ4u-sEQr-yHq2Cl4EMEw,3,0,0,1
No5AZnK4YUZ6_aspRa-r8w,1,1,1,0
9wxQFibHhvh8yNWQQlOi6g,2,1,0,1
mvWhlMnXXidb1R2krK25VQ,2,1,1,0
wC-6zUGK5Cx3qW8IjvJxpw,2,1,0,1
t3AWGr757V4Fvcun6sDsuw,1,1,1,0
gBEWJ4b2OvUmN4Oh7ju3hw,2,1,1,1
1fnaD5AuE6g3XfG8e1zNnQ,1,1,0,0
iAu8s96GKQ73Xe7j_2GyCQ,2,1,0,0
N8uKQ5Vdb1LAh-qXT_25Rg,2,1,1,1
aWJEgudoVLnxDqleDveNSg,1,1,0,0
V7mZwR-sD6gvk9_DvQJ7hw,0,0,0,0
UsFFaNUWG5u7f9rHpJBHRQ,1,1,1,0
EOS1D1APHwlU19YL3A1PGQ,1,1,0,0
7Cm5SCTu7LePBCXTUaEiwQ,2,0,0,0
9YB4qqmyglww3bbW7i0kOA,2,1,0,0
YxWLkQO8iVdLq4iw1uVLYg,1,1,0,1
GJBLjDkfJ4tvkpAjDeCikA,1,1,0,0
efEzgGaHeuwQFtBvSsKoSw,2,1,0,0
Vs7gc9EE3k9wARuUcN9piA,2,1,0,0
bymQ0lRnBar5scP4FERioQ,1,1,0,0
cPXasVLtq_1gmuSg65TUfQ,2,1,0,0
U1S6NFCtMzq-qX7PnU2i_Q,2,1,1,0
FqJ1SWEBhgVl66FrcsovOQ,1,1,0,0
g9gAuOEXBbWnLlu2uOftwA,1,1,0,1
PlYrlj86zAYljZTRCBSZ3A,1,1,1,1
N-5j18ODfZKH_Q5p__MoSw,1,1,0,1
wZS1xd9rOGiIkBVtFwfgQQ,3,1,0,0
U_alp6u2EM2hBaOqidZY0Q,1,1,0,0
iZMdwe0xebE3rF0x3LOr4w,1,1,0,0
y5bQlEMCMnYba9I5XRzlzA,1,1,0,0
crGdKSRKi25R2vorZ7skzg,0,0,0,0
29L2u1-bqyXebJls83ArzA,2,1,0,0
KbdX47BHUL1XtG74TMlBXg,0,0,0,0
2rxDV2vvF1oeujWPdnpUhg,0,1,0,0
LauvdfR0EmajWB8l9aihAg,2,1,0,1
JCZEK7wiazoM6xiq8YeZyw,1,1,0,1
b48IZPvY6MQO8MXK3uCNCQ,1,1,0,0
x1IPOlH_O5D3qZdZo6YyEA,2,1,0,0
Z8QYcQrjXP5U1orZfzK6Ig,0,0,0,0
Mksyt1TZQ-7vzCZjeuzfAg,2,1,1,1
ubKOei4AIRMjNbXdK4OAEg,2,1,1,0
Gl6xFX8vM5dqknF9azPCMQ,3,1,0,1
s3Y5_k8vGnWfXjGwke89XA,0,1,0,0
rbywwnfMjFjJwLQkgpdIEw,1,1,0,1
aY0Y058p2_iWxMAZron2mg,3,1,0,0
rgG2k-8qHXuO4ZKhC1AmIA,2,1,1,0
eS4TkZpeCYYa_5i142RfGQ,0,0,0,0
dtqT51H8Q8mIvrLylVuiZg,2,1,0,0
YXjD1_p0mvZkdI8S_RKdnA,2,1,1,0
YY23OABxBKOryNqtmMOKjA,2,1,1,0
Tnia3DIsEgc8nVPNnTRj7Q,2,1,1,0
15SZ_CzigAyVUbsijFFQJg,2,1,0,1
ikgNy-Woa0H6iJW9bY4SUw,2,1,0,0
Ia1JlEo7UUyZtmqRe1K1Pw,2,1,0,1
QwxtJF1Dw9hEGdGQciD9Ng,0,0,0,0
xlJqe1gSZz9C2-87mRA8TA,1,1,0,0
2QznyHGF0PuiYkrl5RU66A,1,1,0,1
H6cWqEXchVUEJHbi_EHUUg,2,0,0,1
qvBkj8tcLwv2QMF9jhH12A,1,1,1,1
Lfl9kppQhikig4xI3UdjOA,1,1,0,0
6EkolSf95HjdCl9jVdTM2g,2,0,0,0
U9FCFksABmJcS5Di22PspQ,2,1,0,1
IEH1v6d2wP8EqQSrYfArtQ,1,1,0,0
fGbP45JCPckM0hA1O_l6Dw,1,1,0,0
5JNvfPfd6mcpwNoekzqBow,2,1,0,0
gQMAcDm8kv8ev7x2BshMwg,1,1,0,0
-Qkx7W0itbAApcG5lJuMFQ,2,1,0,1
wRoM6piafa7v486MwhT-nA,0,0,0,0
XZbuPXdyA0ZtTu3AzqtQhg,3,0,0,0
gkIyPrNGpF4EGqoYWe2KBQ,1,1,0,0
8k62wYhDVq1-652YbJi5eg,1,1,0,0
sOYsxYYFl03PhHmz_rBDZQ,2,1,0,1
T-eEjmbEeQ53ezioW_9vxQ,3,0,0,0
dtKWlqu-4ft3rBycIOGchw,2,1,1,0
g-aAe8SqZlZTnN3oA8mNlw,1,1,0,0
5gv6AqHXfi3gJV4fb432Vw,1,1,1,0
TVLAvAFx0FqAkKGKHVjHpQ,1,1,0,0
wYfTZelP5Kv3Kls4J9bnDQ,0,1,0,0
OudlgGPrnAexhMaJL-4Guw,1,1,0,0
0uEidTfcs-9GAMJXLvIYTw,0,0,0,0
HHvO4MgBFabsmlInou6viQ,2,1,0,0
UijRV_R2aU8-V3aAx2ffxQ,1,1,0,0
S3gVMHlrQoJPzM984vCeBg,1,1,0,0
YBk7SLJ7WUfalpJ82yXJ4Q,2,1,1,0
YSaf1x4Ik6nH2GsIa2DCvg,1,0,0,0
HKfW6AZ-lW7jwLJwNlcLLQ,2,1,1,1
lsMvf-DxBO3As2KgLHtbFw,2,1,0,0
v1AE1LLWDOqe8ubOzqKADg,2,1,0,1
5DDvJhkk3zsd9jBxDQpkow,2,1,0,0
BUoV8s0j22KD_PzLm8BlkA,0,0,0,0
Y-a5L1u8jAuoJLdh25UnQA,0,0,0,0
bUEc1ZDgfZPymHyUXEiiNg,1,1,0,0
meIf7JULcW1vyoeyVJyqsA,0,0,0,0
TgjB-wlAVzol6HoDpE8KYg,2,1,0,1
3glVZZh_vyZH1VvPU0307A,3,1,0,1
YHXczxm4W3BkGT-z7vZBBw,1,1,0,0
S-oLPRdhlyL5HAknBKTUcQ,2,1,0,0
3Jq5LfJ5fmJ5KmuA6VHmzw,3,0,0,1
Mu8y29GHP14nbFjeCmSgkw,0,0,0,0
By4Suw6S-whbg51y_967BQ,0,0,0,0
s1w7weo4AffZXrz6oRcVww,1,1,0,1
CCoe81nfcF8JxuINPZhtVQ,2,1,1,0
c7JoAt6a3Ufkpn3TrGU23A,1,1,0,0
AatMT18wQ9QTgb5yKebtEw,2,0,0,0
Cj5Q45PySkj4ld67S1yL0w,0,1,0,0
ybFJWUEbDTE2SaYoCVVvSg,1,0,0,0
EQZHjgxpepRMnzo3hGdLMA,1,1,1,1
jBh399TajGcH28Zo2J1pHw,2,1,0,1
aQXzyObFK-Frx1fM_hLhew,2,1,1,0
h1juS3-8wj1sN5LIn_RvsA,0,0,0,0
M_fzy4_KslKoXeyZ022Z8g,2,1,0,0
UV3oegQXN8tWtm8azFPZ2w,2,1,0,1
vQiRoQcRtkwpzb0-95Tnzg,0,1,0,0
IUe5DI53ZH2_U8B0PKJ5sw,1,1,0,0
kl2kuAgGZ7tfi9kznMhQNA,1,1,0,0
n9BrA1zIwlbiP1hLAc24jg,2,1,0,0
J121PGT4oi5AqVbtMoEfVw,1,1,0,0
DkBer3JjUGfKEsZCLtfgvA,1,1,0,0
AS0DHJWaQTw2C6M1u6nuuA,1,1,0,0
wRmPV-RvcqcjeyUeOaJQCg,0,0,0,0
gHoP4eJimaMltfUlp6EP4Q,2,1,0,1
OmZ_Ub_0egPc6eDPD1OWSw,2,1,0,0
RexM1dB6by1YWV4kQnjXYg,2,1,0,0
0BW6h-igJinzbqc-prYUaQ,4,1,0,0
5_2Lls-h_shbRGyUruLlTQ,1,1,0,1
pFiHYTqH5t9cWqYN-NbQ-w,0,0,0,0
j7Rgozl24WrmDeqFCCKwQg,1,1,1,0
Zbjl53pR2W0jMrGFPM0Ssw,1,1,1,0
qKys2eEhVt5A7NUYMn7o7Q,2,1,0,0
vxmsLLVA0nPzRsmSs9ZYzg,0,0,0,0
3OxQiVUgZBAoELGRCgkEZw,1,1,0,0
8olG8J91NG_QU92WHG5QfA,2,1,1,0
OACjhgf8nnYGzFnOhA7uhg,2,1,0,1
rioQ_p2pILNbJ4Xp5jW6-Q,2,1,0,1
TOrphxql7UfJ77vXG4G4aQ,1,1,0,0
4fGGeKlUY3SwqLW4SH_QnQ,2,1,0,1
Ch-gb1W9g1zZyuPXpSBq0g,0,1,0,0
Hnyd6ie_cxV_H1Vqv1v_Ew,2,1,1,1
8QfDxSuHkXA-sv5wcfP4Zg,1,1,0,1
fYLCKglfKHjgzcOeo4ZDaw,1,1,0,1
ewvBhAgfJi43aZmWCd3Zag,1,1,0,1
H_ngMvvTOse6N5scXHDZdQ,1,1,1,0
zwNC-Ow4eIMan2__bS9-rg,1,1,0,0
w5CSi-An5meLnxjKSFn0wQ,1,1,1,0
XSiqtcVEsP6dLOL7ZA9OxA,2,1,0,0
24Td_CQH1bonWKff1rt2vg,2,1,0,1
Tz3lmsFCS1e8rUkXuHW9mw,2,1,0,0
Am0Uvt_lOWzp6UKBDAoRNA,2,1,0,1
CiGvnoHtvvzra2RB23lNpQ,1,1,0,0
X46mymnTc04uhlXPqmq7qw,1,1,0,0
B7yBxYH0ZHYtvrsyrrU1SQ,2,1,0,0
lOQPeguczAueJnLmDUTfGg,2,1,0,0
pomGBqfbxcqPv14c3XH-ZQ,2,1,1,1
zdE82PiD6wquvjYLyhOJNA,1,1,0,0
FML0YqZ7dLBBC3Suap4_4Q,2,0,0,0
v1M2DI3sATaUkHfZEuDStw,2,1,1,0
THcAGc-Fb8gqmA1V-KvFkw,1,1,0,1
uWECX6-Uq9n8v5ipk9R29A,2,1,0,1
ppmYIHMCIL5bocUsJSsDWA,2,1,0,0
dWk0mbhj79pK3WBp5oLtpw,2,1,0,0
mvLdgkwBzqllHWHwS-ZZgQ,2,1,0,0
-jEyZSptICvvaNhuur9rUg,1,1,0,0
ml6ywXGUjw0fVyqq7UEaYg,0,1,0,0
bht7vUAOOD7uY4_6YRnVAw,1,1,0,0
DGwDXazeFcD7DByweszpFA,0,1,0,0
rpI4OfEq6Dvfm4HmWWAWJg,0,0,0,0
CotnZvwxCubcWqsG2hK0gw,2,1,0,0
PLVJCN2p1MIkeDzIbAx9kA,1,1,0,0
mFQTnqCaJwhK7OAu3u4A5g,0,0,1,0
hgeXEGD9lRX4ohj7afSJnw,1,1,1,0
ZxwTs6uEDRnC-kNnsrDNsA,2,1,0,0
yz3JQk5Lqbin8mtNfDcy_w,2,0,0,1
1C2SZ3IljVQj1tJim1wCVg,0,1,0,1
PSRZaGGxXmOmabL2si8pKw,2,1,0,1
87I8ba2FKYKeXyAhiC6cLg,2,1,1,0
Yr_w9lakJrKMyEG_hI6zbA,1,1,1,0
prfM7c0LRUIJWLM4rRtdvg,2,1,0,0
8USUyIeN39rurnqCn5cA0w,2,1,0,0
-0tgMGl7D9B10YjSN2ujLA,2,1,0,0
3yhdmUXeZS5j9xZRcuIv0g,0,0,0,0
B70iTJjcPkuYn8ouUewWgw,2,1,1,1
XMMLRvV4IMxIGyc4H37LxA,2,1,0,1
nwr-HNLERXNh31LQp6fN-A,0,1,0,0
j2w6wlRmlaZaaErQus8ElQ,1,1,0,1
QH8B92lZXtLwQV9Fdrpukg,1,1,0,0
Nq0UHjD_cKW9UbIJplQf_g,2,1,0,1
ANHCo9X7zu0LdYecc9fk3Q,2,1,0,0
dFmaYj3_cZpmEaL4WSOkPg,2,1,1,0
d-NDnFSfwUZ2wf4aDBic5Q,1,1,0,0
hPUd4f1egKtHCRlsieH3Vg,1,1,0,0
KTjfQxsQDKWP0dWXBCyXuA,2,1,0,0
ik9VvawL-BeAqlxTI1leew,2,1,0,0
78iP9YpLaDKeiF6OB7dIzQ,1,1,0,1
9sbXPpRC_wDhCsp7qG2PDw,2,1,0,0
Mwl79jLlxPQabA3yiSPz0A,1,1,0,0
WfB_SsYeKy83QQsqAAyGVQ,0,0,0,0
G8qvbhfbCyMAeZzYrbmZxA,3,0,0,0
l_hx2Yb9SIr1TzHHJpJ_xw,1,1,0,1
QfdcFqAft-M7KSSQZwJ20g,1,1,0,0
jOMtqF2XnRgOZ2eOVLoxGA,1,1,0,0
onhURB5hb6tKukQNPcBADw,1,1,0,0
4Jscimulh38Rq2hOgjb2Hg,1,1,0,0
FWBWBnM2zjycBI7QrayklA,2,1,0,0
irVqdCcmeO_Qhz8YcwaxOA,1,1,0,1
sqn5jdCYgGLWxTYBbrhHpQ,1,1,1,0
hEcn9k6ONd5n2mq0lB2aew,1,1,0,0
DcF162waTQvZd-G0G_J4wQ,2,1,0,0
ihcxI94xe1XC8va_Zb-M0w,0,0,0,0
vwfdoACBrXFTMA066gKEcQ,2,0,0,0
-3zffZUHoY8bQjGfPSoBKQ,4,0,0,0
v91eTDokcNCHzRvmamWVog,1,1,0,0
SK5PY0BnFuG2pQs5dfXyiw,1,1,0,0
mhDG_wtuyTDr-c0rgfEMpQ,2,1,1,1
poX-2lODvtmkR6pve8FXFA,1,1,0,1
AML1zr5Y4R_PjhqAN34quw,2,1,1,0
4v9nhZ5h-KScIsG7uXjfzg,1,1,1,0
p7r2ZiCBrZ3S7mKpNoixUg,2,0,0,0
cHAhW7XJ2no_qzc46HpohQ,2,1,0,0
C3PVq7UpeHd6nz1_e-AtkA,2,1,1,1
pGJHu3b51NkpiF61I8kf1A,0,0,0,0
-Z358O0-8eH0sgSjKINvMA,2,1,0,0
6fPQJq4f_yiq1NHn0fd11Q,2,1,0,0
l0rbgnvy2jSeUUEBUK4B8A,1,1,0,0
pofDmHoIsdvPcSKzb2iMag,2,1,0,0
J-vIgY37hcIE9XAQDx2a0Q,1,1,0,0
rOKEgdzmhzT99Ob_OmPE0Q,2,0,0,1
BfIEzYsyZN4nfoLKlSjbwQ,2,1,1,1
Z5CB1ohc5cWdPnWFCBCOHA,1,1,0,0
LiBnff-ZuzW16zIvZgFOfQ,1,1,0,0
RHcfJ-l69RbBE4viU0-jwQ,1,1,0,0
tisVBZM6OFh1ih4x6rGtDw,1,1,1,1
fSBhe0A6Dfa8JCYccfpMog,1,1,0,1
Xja69DDoUqbPwFOSB3_Ckw,2,1,1,0
MYD9cd9lbYCqN-B6DgCtkQ,2,1,1,1
DO32vGtv3p3u7WBPiNoQHQ,2,0,0,0
F2L2f-ITjnHlqKRFQVFsVg,1,1,0,1
ywOmX52d7ncDxNpaQBDETA,0,0,0,0
VR2LTEsJByan97fcYRkl5w,2,1,0,0
EiO5lrozazxIaqOnUvzCag,2,1,1,0
-qDnp-lYRiJA6x9tupyNUg,0,0,0,0
N5mcKKdcmwirw1bFhE80Sw,2,1,0,1
APyqRwSZ5g-FRWxDl7YuEg,3,0,0,0
MNlrT69-k1nIyFSYwuuMsQ,0,0,0,0
WHQA1tr0dztKcCQUtTT3sg,1,1,0,1
w4yq1IRk0DHQE995giqjGg,2,1,0,0
2KIlQsIHwYMkuwA0T4OKrw,3,1,1,0
E2XCpOacplEidy8puv3sFQ,2,0,0,0
dj6nbGIqguJDXgz49nmFBw,1,1,1,0
BwBU-f-oiJXbyYaVrJAuFw,0,1,0,0
W6HgKXp-gXozKjOqGqIOXg,2,1,1,1
bltn4FTcuRJY5IfiIIDINw,1,1,0,0
jWfmC3iXaPLBmrAFfK2QeA,2,1,0,0
wqFkAsxYPA5tcdSkYMtrrw,1,1,0,0
Mb8qJps-OBFmDALFo5dkJA,2,1,0,1
G5or_Fra4-6IYOVlm_dI2Q,2,1,0,1
Tv8uaK1ymZES4vjSpr1unQ,1,1,0,0
n0xipiBLtvEu4Zd3a6KM6Q,2,1,1,0
-46pFijv3f2jZH-_Ze6CQA,4,0,0,1
khxjYMwb_V8UovvwPVhysw,2,1,0,0
wK1SMAzIpHh-KYbrs7m0nA,1,1,0,0
RVEmagXK4BzWp8Qws25PDw,0,0,0,0
yW19YczqSrYmWNsG4A6P1g,3,1,0,1
HPLB1Tr8ZB5UkD-2umKPdA,2,1,0,0
rLX33sjOL3n4g_VqLpJZWA,1,1,0,1
5Mxg20QE52Bf4KwsewjsNA,2,0,0,0
fVJszMsossyPFYEgw1dQ0Q,1,1,0,0
Y_IdXaaFzRr13kai9vfqgQ,2,1,1,1
aF6cB7BtV3lXQhJoLuESGw,2,1,0,0
UaL6yRGSv9fYCyn2DJLu8w,1,1,0,1
C_chktl5jFeRqu1C0rmScA,2,1,0,1
l8k4gOEkfoLKq0mPVWHWGg,2,1,0,1
AakkkTuGZA2KBodKi2_u8A,2,1,0,0
45513UgSlMqWV_yAPVkXrg,1,1,1,1
xFr7WKEyRRURjQmYXEk-LA,1,1,0,0
XX4yIO_sWk6VA9gPPZL5_Q,0,0,0,0
nYKBZdzoA-kjqiK08IPSiA,2,1,1,0
RMG_Sp9tVZ-j3WfQoxxbeg,2,1,1,0
EWo5usxVpjAs25NFBbsITQ,1,1,0,1
xkc_MfxUcSuRdQnmSvF1IA,1,1,0,0
jbbFyy2rl8x_7ssz-GifbQ,2,1,0,0
PPCEx65Lm121Hw5yQhM_Zw,2,1,0,1
Tp4EPLp3LOu-K5_FlYSPEg,2,1,1,1
qKUbPdzNQpdSP2mhk3tREg,1,1,0,0
CCVh8YKdN3c-WgqEbzya3A,2,1,0,0
YrT9HFcGCJIEf0dY8-HDEQ,2,1,0,0
X-WXPGYuuknAjZkpYGeRiw,2,0,0,1
O1p3opN9vH2ACTWQ5dP5lA,2,1,0,0
ZogV_sPyn2FSb6nrc3eIng,0,1,0,0
aMJsL18mPiZKpDgDid1ssg,0,1,0,0
kM9NJit_zAgadyuxIwzwiA,0,1,1,0
LOyGm5Q6zdTHdntLBUyBrg,1,1,0,0
JDZ6_yycNQFTpUZzLIKHUg,2,1,0,0
kvyHTYU1Qlhobr-p7C_pgQ,2,1,0,1
5j7BnXXvlS69uLVHrY9Upw,1,1,0,0
B1TlRyjCW3Ygkp95MACffA,1,1,0,0
f5YAI1pbHMBxdWcz-9oUKg,2,1,0,0
m02H7wS7LEN7ast4GcPtAA,0,1,0,0
3Gw8YcAjo3AcMbtbX1TGSA,1,1,0,0
rZY8wtc4EyC_8o1mI2-_1A,0,0,1,0
T4iG8nhlu3uVnRzRn6660w,2,1,0,0
hqvqLihniz0ynit9c36JHg,2,1,0,0
sd7Ci7gTC6Ia1cAIPcmDGw,0,0,0,0
qQQp8UzMhQK0-hZ3Bktbaw,2,0,0,0
XaUiroJrP634SIx8O8xk9Q,2,1,0,1
AL5YzikrmxwcBzBNLGO7Jw,2,1,0,1
ZLPPaAJnEvN8311zwXvw6w,0,1,0,0
dPrFp1cxaTeTe9cyL36NkA,2,1,0,1
bXysvJlRPTFTZ3fdvwRsYA,2,1,1,0
iDT6FpWCjJXSHUMFg94UEw,1,1,0,0
WHHmwtzZoQbm2v9DbMlgFA,2,1,0,1
AcCrkVSrZ9qShuPhXYDgGQ,2,1,0,0
EpHPxId6RNVHbYLqBGQiSQ,1,1,1,0
adfELKOWudmET4s_yZ68CQ,2,1,0,0
UsKmYp0m8VYWM96tkGm2vQ,2,1,0,0
5TeA1dyLR7MIor-DfIrYog,1,1,0,0
J38kYZWsoYpeXBZB37lnKQ,2,1,0,1
j2U2vs4WWlF6SR5SS_D1lA,1,1,0,0
QmZLB8eTeQ3e1BnDMan9xg,1,1,0,0
LPMZ9N1sAjs2nDx7DmiZ2w,1,1,1,1
wuQDMDlqM17jQNo0lYQZ7g,2,1,0,1
ofw8aDSEg1HoQdmCgvLtaQ,1,1,0,1
fmtXCF8wUkv1KS_KYMbXbg,0,1,0,0
KZoFzDi6YXUG8kH_LpOw3w,1,1,0,0
2TZl160uaMAg1cr8KFbk8Q,1,1,0,0
CwVE2bN5YscfeTQPZylruA,3,1,0,0
MJH6UDLvXW8ySdp0pWiKQQ,1,1,0,0
DscqZ5DUZSWTggbv6N_j3Q,0,0,0,0
GtO_zfsrgShKG7KW6zahSg,2,1,0,0
MgSd4P3ATkiywbbraFygHg,2,1,1,1
sUE2Mo2Y-5yW7Dt7QIXgGQ,0,0,0,0
FM0h7JHdthhnc50vgGWzpA,2,1,0,0
dNjgjAoJSJsvgc5g6nQnnw,1,1,0,0
D9IvgZeBD2qFfhIRbOcBFQ,2,1,0,0
ul5VvYrimRigosgHQUi-ww,1,1,1,0
iuiwjTcIJjt2kYSpBlH_lg,1,1,0,0
wJAs37fHi3iqQ8Huym1mGg,2,1,0,0
eVNio5bnzrLPuebbgnKVzw,1,1,0,1
xyAbFNEIFSy_OKNptyzCmg,2,1,0,1
m3K_2-kkNUFrXh74QUfaHg,2,1,1,0
0ExE0tVCsPDMnNdvip1Kzg,1,0,0,1
zXuWHM45eDmW04CaDbQfKg,1,1,0,0
VfaMlMtHJgndVw62GUiwCQ,1,1,1,1
MS-hfug4QDXqb_Mws3qlzA,2,1,1,1
8klKfy9tK0ySi1l_ajOR5w,1,1,0,1
4khsN1eXcWR0YYmROlLEzw,0,0,0,0
2bXyG9i01EjS9ttdnXToDw,2,1,0,1
JZB9Zjex7mlJNu7lyJ08Qw,1,1,0,0
BXkk_gg5y4ltheHqKCWMdg,2,0,0,0
QVHKpXJ3fRNMvin0Yvb4Yw,1,1,0,0
GKN6OdLqCCWx_8B1KaHL1Q,3,1,1,0
8hDKFHyRrILlXp5DfTlSGw,1,1,0,0
ZXfMiPsPv-cH7GMQ-5-mhA,2,1,0,0
KdQM64AQ5_ppgs6RolwJ4w,1,1,0,1
4BBda3yy_8GXGmYLcgggHw,2,1,0,1
owLXnEhlMLsFpemYoOxNkg,2,0,0,0
gKFDJ9IpFxt95DHxTN7ZHw,1,1,0,1
ZVetFAAt0_j0tEqiakpecA,1,1,0,0
125MmR3F3zOd6DAHkIjlog,0,1,0,0
iiVeHbqOWMuKeUQz7ks71A,1,1,1,0
Rv1IiQaIIDunqzS8dSvHCw,1,1,1,0
co5hjIlfifQ8fptHCHO9RA,1,1,1,0
Oqqnw0Rz77sMDPHS_eN2aA,1,1,0,1
UXEqtEXs92COE3UiaSx4oA,2,1,1,0
ndgnPEeRSztiigwNW2IuBg,2,1,0,1
iJziJyLGEbcgTw79t5a-hw,2,1,0,0
7eSbvHOOpRmEwywDOclevQ,1,1,1,0
ACQ1kbWkPToh0BsAQ5TGIQ,2,1,1,0
1b8d2CqGcfF3Hz0vixQSUQ,1,1,0,0
vUJhUVmRMn9T4gsmz-L_Yg,1,1,0,1
3GJG2D4sBDscfH0rZgsbmQ,2,1,1,0
xeHaI3Qguo5YpeR0vh7hGg,2,1,1,0
avjmgk1M-zyGyzLujpXi9g,1,1,1,0
-n27mJ_jQWGCuIukTvg9Mg,1,0,0,0
JuBw7e5HDcVJ7PjXIbE30Q,1,1,0,1
ZLG7N4VDGzo7V0ViITi93Q,1,1,0,0
Wg9272hxpu9IBTXMTB6EeQ,2,1,0,0
9VEJkUd0eHIlKmCu0flvBw,0,1,1,0
Dje1VOaJy10XVz4UIZXjLw,2,1,0,0
CGgUHkAKU0QBsdGvXxfMuw,1,1,1,0
e0JOkQYz_cnz91k6X55PLw,4,0,0,1
pyvxQ1eCeU62I9cWr5uo1g,1,1,1,0
rM73z7YU9M-U0HLP62XCZQ,1,1,0,0
UcCJfq0PElINpflaTH8tPA,2,1,0,0
Pwl45nZjCvDCBVIsI-iG1g,2,1,0,0
kUIrMc_nOMxDJSCi0EXUrQ,0,0,0,0
qo9JoIB9iZxGl-KQGDzEWw,2,1,0,0
Q9zcPQit3OMWoNRLLK7MQg,1,1,0,0
ZekRYrQz3zatQeHpkiwW_w,1,1,1,0
gaJDeNh6xKIKJIT13abKTg,1,1,1,0
Q85C-Y6nMrKekLa-kCN8tw,1,1,0,0
ZX79Grup-CWl_juMTwBoQA,0,1,0,0
Sg2AKa2X31UCmc1SmsrNUw,0,1,1,1
9QgxFnsLqB1CHCA0F2bGzg,2,1,0,1
nRNWaEuPtfcyR8pI-LnASA,1,0,0,0
PR0UVJ9lT1lUGEvr10ONuA,0,0,0,0
xRhO5lLaKbxG0IRHwYIc5w,1,1,0,1
XS80QAi1aYKK5v1zmKlkwA,2,1,1,0
SmkGXa3XVZTXV04IcBkwLg,1,1,1,0
nCjsK9-_xH0bxuEqdAc8TA,2,0,0,0
JECTMESw2pl1fh4khxmxew,1,1,0,0
5G4Tg_hBfUGilQWj2lj8IA,1,1,0,1
jrGxdAblwBmRG6K-dDpKbQ,1,1,0,1
iBt37-7t5GP2ZRT81yHgew,2,1,0,1
SwAZBCyFtVo_8vkRbJhdkA,2,1,0,1
XqPMOwrJ0xjphyNQYcoPLg,1,1,0,0
RMIZvXChyfDWzWbNOK0l9Q,1,1,0,0
CgJddyi3Han1Hu78D0sYsA,2,1,0,0
S2eGygYWQB2yyb3-neKTlw,2,1,0,1
hBqp4v9iKsM-6i56v0MBuQ,2,1,0,1
muzZW1AqlfdWGMND0jf_kw,2,1,0,0
NyQey4tR7en-l24ChgYEag,2,0,0,1
NGm3x2GPrwBt6Wez9rKPMA,2,1,0,1
RU3PsG2y_eGBFi_8jDqyQA,1,1,1,0
myJ6pgIhN42EQh2sAVXKoQ,2,1,1,0
oR0gq3wNyDrpDu1FQNtB3Q,0,0,0,0
9lqPRnnxUA47dacFK9lhtQ,2,1,0,0
slU5UwPlYVyrz7HhQeqMew,2,1,0,1
0gOE-DJOhWavRI6qQryGhA,2,0,0,1
mXvWf2_sXWNaLRsBo4O5Eg,2,0,0,0
_81fRJ9m8Fn1s8ixPun46A,2,1,0,1
cJzv3fbd7jL2ZHyFosFkOw,1,1,1,0
HZRT8xygRscGvDYYx2EkQQ,1,1,0,1
vYOtdnBm-45KQiiHj8jqaw,3,0,0,0
Gdv3qhsDeQzZ2Ag-Tzq6vA,1,1,1,1
leMIHa6TogufHv5HNYjnfw,2,1,0,0
IhYo9Szx_gPDfNOcz5-8DQ,0,0,0,0
j4C0NelU_RzYMz0jXS-lMg,1,1,1,0
xo1FxmxwWAXIVZ1MO222dg,2,1,0,0
9d7N-I00hu-VkXFry4Da-g,2,1,0,1
bWjAFePgWj4op9VwUtKU6w,0,1,0,0
SEmWshxJlI3fU7bwHSvh0A,0,0,0,0
mRDs0z_ys0h1NFh59vQqSg,1,1,0,0
iRwT2pBa87Y54q8nqfNAzw,1,1,1,0
u2wqrS4WenKSsuFsrLBGAA,2,0,0,0
H8qlBw1YaxMsItfz25-AyA,2,1,0,1
9d3xGYst3o4KhDwhF2dFMg,1,1,0,1
ZPI1t-WcZruILq7OQYnZHg,2,1,0,0
dpU5-xuWm4tCbZ1m3yl2Dg,2,1,1,0
qtZ50TWkfNS2UtLLuD1m8Q,1,1,0,1
aGZPBbF5JqwbCu4aYXbHYQ,0,1,0,0
UdC4xRKTFQPOhkc6vPVwvA,1,1,0,0
M4j4R5VPwP0UVlSba24C3g,2,1,0,0
g9zm0uJiyINoiOz7oT7f8w,2,1,0,0
16tWXenJ1wTqugXJU7yiZg,2,1,0,0
-9YyInW1wapzdNZrhQJ9dg,2,1,0,0
ypgo_xEb2dghMT-jlJAo3g,2,1,0,0
ru35Z92NtGynsmw0iZDarQ,1,1,0,0
7cK9uEV09iPmsTqOqmY3kQ,2,1,0,1
Cv3NIg9Ahl-x86riaalXSA,0,0,0,0
K7lWdNUhCbcnEvI0NhGewg,3,0,0,0
9_OPjioLbD9Q_zAeHfv6kw,2,0,0,0
VWtT4DKxQ4YVRWT88Z5SMA,1,1,0,1
dVkQImhIn-9BgYnm1yCUKA,2,1,0,1
uthbVCNZqmExJTzhII9iNQ,2,1,1,0
SXzJL5egnVXurANcg-G28A,1,1,0,0
rGt76zQHjSaOuOrj31EO6Q,2,1,0,0
TyCoINxmCnaWVHzWUT3xKQ,2,1,0,0
-xJ9IV9C6WMlz79vEntAJA,2,1,0,1
rMCRX4dUo2BmOIwcf_Q0SA,2,1,1,0
8f9Tl2gq78wqjtrToOTo7A,2,1,0,0
6nPyQJp7xmc1cvYaolwn8Q,1,1,0,0
73oP6zoYZKNlO8642EMD_Q,2,1,0,0
vL9L9NZ-LOVXeA4XuwNz1g,0,0,0,0
uOJ87zqbU1MtShCSHDkiyw,2,1,0,1
0G1y7uV7w1D2uziS4Lt_Dw,2,1,1,1
hyXNS3tSmi6njhBjgo8eGw,2,1,1,0
Cp7JVPbO5Vv_huCBxLtXWQ,1,1,0,0
YCEZLECK9IToE8Mysorbhw,2,1,0,1
DiUgFZkt88xcDWG0OjjCaQ,2,1,1,0
nPBG-UbMHDMdcnW-HncZNA,2,1,1,0
7PTQ-a8Fu4kxXccFvWWT-Q,2,1,1,0
xhyzmAnZp2snpBklfcr3Sw,2,1,0,0
I3sKfkXsYv4oF54JGoHWew,2,1,0,1
5pEQwYimyfp5wpeudYNahw,0,1,0,0
Ft54rxPfVRo2VGAEG20O0Q,0,1,0,1
7A6eDE4E3GzFao8BjeM9yA,1,1,0,0
LU8lZgIBkocPkrradywauA,2,1,0,0
0WHXFRerY6I05u1VBU71cw,0,0,0,0
tByEVAaHu9Vm33deijKQBw,3,0,0,0
0dEUND3rVLjp50rczLIaeA,2,1,0,1
LsfKW67Qe_0bU4krXEkOAA,1,1,0,0
AM0NHSxMeX92OKBt0ywmSA,2,0,0,0
MQD3EvzB7C8zol6kBxBrSg,1,1,0,0
6SwdqYrQSASONmrgG4mBjA,2,1,0,1
MFuhou9rtGLGfznSzn0Mvg,2,1,1,1
JFX1lf5vxJAMzAGJV_MMjQ,0,1,0,0
wdxqWcQkS8SawOg1jaTZ4w,0,0,1,0
4QmwJBk9VPKyO2DfUeIVWg,2,1,0,0
WtA9dDDIMz-QESDSRnOYkw,2,1,0,1
uIuJGLPWli4dbomvANcuiQ,3,1,0,1
ZJEnjjd6gl9ZMyShAZ2PNA,0,0,0,0
CON1tC_YaTuF3fazCjEivA,1,1,0,0
ScgWjQFX6AhyejgivdFL0w,0,0,0,0
BnpuVvPy3sfLlkqKCx6Xnw,2,1,0,1
XZxJ4fG-4a3PP9VP5jvDWw,2,1,1,0
NdUuGRxEH0waBQbL6R7mmg,2,0,0,0
8-8btzuYZCqEVOPwk0YYfA,2,0,0,0
7VShkfLFDaTngFMd8fl5Rw,2,1,1,1
6f3phwDUEkYPiDoLovG2rw,1,1,0,0
OMV-pNZWEh9BkoYB2KNNVA,1,1,0,0
F7mv0e3N2DgYY93cl8LpZw,1,1,0,0
qVpfhkHMvF9Rlwe9dqPlBg,0,1,1,0
axfGq2ooUSB9MpL1RQTmeQ,1,1,0,1
aUCJt0FluWAxkOd8s7TkWQ,1,1,0,1
1I3PnP5FSkur8AXp6izLOw,1,0,0,1
znu3EN7tDFIXmiTwKvX1Ow,2,1,1,0
8aoZuNwB2w0YmI887kky9g,1,1,0,1
lZUCbZkCpS6bvgcxAuYS5Q,1,1,0,0
tS58M3ksle_MHc_vn4VgRA,1,1,0,0
QnfAHUr5-HTiaA5-va3glQ,2,1,1,0
5k8kyvvReTf1RMq4jpayQg,2,1,0,0
K2_zfa7cKbg5klHJYqoWnw,2,1,0,0
LfHUUOyJXWzUbyDrYfHHkw,2,1,0,1
3-aEgS7X2jrbxA7sA1nARw,2,1,1,1
BB-Ab0rwYk6aclOn9SMVmg,2,1,0,0
QzvLnOqwH6BIY_jCOvzuQQ,2,1,1,0
VrftSduLIducNfEzITOL5A,2,1,1,0
8J0NuWmoFfSGe5LuaiMfpg,2,1,0,0
c4-w_6Xv4i2qRE3c4Qas7w,1,1,1,0
gA78_OGp1ekMvZWjRoBmFw,0,1,0,0
VqReGefofdaspLlQVph2LA,1,1,0,0
y-O3h7CV6X6P5ey1ZFcQwA,1,0,0,0
LG7-BUvDLoOZCHDjyiBQFQ,0,1,0,1
tuTAKHUm7ErDRZ2Yll8LzQ,1,1,1,1
mUVAMNN7BCQ9HGA9w_7C1g,2,1,1,1
tgXiIcCoKYfg-hm8yLxenQ,1,1,0,1
uILn9EX0WW-AHL6lV8gupA,2,1,0,0
Y6q0K1fJa0Hy1AK3y9BzIg,1,1,1,1
YF8HRRyDdEglMg9gz-tJMA,1,1,1,0
bhoJYB0ArSqRe-Q82BI4vA,2,1,0,0
X2I47eENvYeVL6QlzAZ0wA,2,1,0,0
7fCK4G60IBr2JQGpnrR53Q,0,1,1,0
EvE23d1PSbfGWe7EA5HRBQ,1,1,0,0
kGqNxTmtKoax_jaStzAuWA,2,1,0,1
0Buxoc0cRqjpvkezo3bqog,3,0,0,1
CzqYP9VKJBzGLnp14naScA,2,1,0,0
1ifkamskfIVf4LxosSwmuA,0,0,0,0
RSOinkOUpxm0mGw1IWr4Xw,3,1,0,0
IZFODW0fifph9urOnl6pGQ,0,1,0,1
A19Qrn0IqYhmTvIAUhk2_A,0,1,0,1
FuMc84iDRyPHD8tpkME0yA,2,1,0,0
mlOFd0pHDcav5hcnbKJiXQ,2,1,0,0
F06m2yQSPHIrb1IT7heYeQ,2,1,0,0
bZhTX1b2YfydaX0mWJ9oWQ,0,0,0,0
8IqVdS0q-JpzZc1-it4lRg,1,1,0,1
DiCWSyoaBkIpOVUdIO7Jlg,1,1,1,0
n6AxJR-ey2_DgAJPZfEvfQ,1,1,0,1
DIVF4oo86EGupm5CC60sZg,2,1,0,1
ycgRwiiB06C05tK9GkA4iw,2,1,0,0
l8SNag-Ii0YUeSGHkA3Vhw,2,1,0,1
MOB5oCEKCw3S76SsiuQjqA,2,1,1,1
tT5kEAq2DFTKqc6mJ9ptCg,2,1,1,0
5TY6bUT3bbl9aHItiIXXqw,2,1,0,0
JlpkA8yZb3K4wUkz1UJD1g,2,1,1,0
hU7z5Jtl57RIODS0hPg9Ug,1,1,1,1
GarQqqVFnqe5DjKK0JL9sQ,2,1,1,1
LeU2bXqL4bWlky4z4PPysw,1,1,0,1
D2t3yDnG-HI17YOsiiWIuw,1,1,0,0
dxeu5YQIzw0jOp1cSVkimg,2,1,0,0
AkdyGTQX8gO3J24nPlww_w,4,0,0,0
H-OLwUTkdygFDS9IJGUKLA,1,1,0,0
rhyYT6qtMVxXcj9QKLiYpg,2,1,0,0
NL-ymrd7jsk4MscQRgtPJQ,1,1,0,0
U4iqELk1IiqARpk5uJJOZg,2,1,0,1
aNYunG3j5zNJ4F0dQcZMyQ,3,1,0,0
0WoQQlMXVIDEgI0xNdENKA,2,0,0,0
RrqcZLX05djKo1GVLMXMDQ,2,1,0,0
eYeFOcNJO2iTNPCPi8XAxw,2,1,0,1
MYUQc3vflQBtBT7154Y6YA,2,1,0,0
mBPoC45aHpiqx6wp-FpE2g,2,1,0,0
Ce4d_jWB-1yDn1ayCrYn1w,2,1,0,0
91FlIjn-FabJYjJ819gwbQ,2,1,0,0
tVThRKf3tqPqgY7fSnVo8g,1,1,0,0
kLiMrnkcV_dfVpejfRlhSg,2,1,0,0
npFreYuGvPtNbHo0x74zcA,2,1,0,1
Db7rYJ8iDo-oE1Ich5Vxdw,2,1,0,1
nlsibvBeSc8vfus2KuQatA,1,1,0,0
kwRWzhS3UoIIeoi7ghK6uw,2,1,0,1
c_3abcaptUG0d4A4LWMe7w,1,1,0,0
211CZ8QL7SrdW2UGMgHEUQ,2,1,1,1
E7VRsyNQWPteH6_qI4j7bw,2,1,1,0
wEcabjRpTEDBC6_XqmnPfw,2,0,0,0
7Ppgpgva-HP3o3h-xp2sWw,1,1,1,0
DlYiFJgFIVwaaySuNn5eYw,2,1,0,1
5RqU2YARBU69d9zK6h-fXg,2,1,0,1
i7Ssyx4l0H_CujFD4lpH2w,1,0,0,0
YKVYdzkdGNTHRJvWehY5Og,2,1,0,0
94GL9JkTuhSqSZ94RS5Dkw,1,0,0,0
5wpy0z2KSF7buUtiCEquWg,0,0,0,0
-g4CC11SsaLYeQ5mjRxSfw,1,1,0,1
7EZ4Eu7YJ1ltRCC5jXFJrQ,2,0,0,0
ErnZ6XLbX3aG9jz3OcyzLg,1,1,0,0
t28yDI4DsxQmIGnb0gtoZQ,0,0,0,0
L6hkMaZ1tAPF4sW1WmdQLQ,1,1,0,0
MLQeuiL9rqOq_rDKGEcU0A,3,1,0,1
Pthcdg09sHQ9M9Tj5P9gfQ,2,0,0,0
iYVHx6Yy1Ut8JjLY40eUyg,4,1,1,1
qmLtSxV25iQOYUlqTAdD-Q,1,1,0,1
zYZPpOqo_2YrLJLOmjlgPQ,0,0,0,0
TgDzYe8wF_xo7v5ylLCw9w,2,1,1,0
Lzr34VkDJQ6l8oWq9MptAA,2,1,1,0
gOBxVkHpqtjRRxHBIrpnMA,2,1,0,0
1hrX1vHaUgllWH6i876oAw,0,0,0,0
QqesgEbz-B0mYEoEF6vBDg,2,1,0,1
Gd2OE3FIWzv5boI99bM6Iw,2,1,0,0
i9wyOB3M98FWZObEbFf7kg,1,1,0,1
8PZGCtgG5MZKvz9i3B9gCA,1,1,0,0
cdRcqdqA4CH6DZk2CIRKwQ,1,1,0,0
JqMjfqxTffrHMabizYbVPA,1,1,0,1
16b6StEXMkT0DXn5zcVshw,0,1,1,0
i78im_1r1ZQbwqLjVxZxpg,1,1,1,1
Ee2d2D0pjQF4oExg9PQ5tQ,1,1,0,0
WM33kyvA8XfiL8lk2I2vcA,1,1,0,0
IQVka-wzJmN3jw2W70aCzw,2,1,0,0
Kx-ENvzuh8HB-W_xbT5jrg,0,0,0,0
g_DMGVhMJOWmFJ127XpT1g,2,1,0,1
m8qJtl3l6QXJMnNxN6LQRQ,0,0,0,0
R2ngkZC6KtJwRK_fmJk4WA,2,1,0,1
z43YYRBLh7itGkLCCJV7GA,2,1,0,1
p82Oz-NOHn-MAZQ0jQBkNg,2,1,1,0
W1Lw4Hxg7iRab9tJm8ZItQ,1,1,0,0
sBRt5i-9MzlnEoTwvdlBrA,2,1,1,0
Fb4n3CDCn0pdSUz9FO7kDw,2,1,0,1
ZDvS8DtnkYa8jY703MflEw,1,1,0,0
lDkKSL4AT2faZwClvCvLnw,2,1,0,0
5fpXjlC71y_mKORnPdX5zA,1,1,0,0
szhJLmdLDVFTevm8fu0T4A,2,1,0,0
trzuDWvJqEIxtqjsKHCrhg,0,0,0,0
mQuDZwxxPe54MY4TT8lEPQ,2,0,0,0
6ld8l8gTNcErPjn22ivZ8w,2,1,0,0
BYp4NUxpwXCsTAoEmksLxA,3,1,0,0
CzwowIhuiBfW9O0MqUJhKA,2,1,0,0
4QTwtaua8tjc-PuneLXJzw,0,0,0,0
5FVTSx9CIzvA3i3AOVaj8g,1,1,0,0
YiqMMUXr3GwswdVnlgGUKg,2,1,1,1
SHa-NH7EDrm61v5nKvVsNg,0,1,0,1
IUacTdoWEWEODMVFlUOOlw,1,1,0,1
ZdaZwXC0FByDY3EwNELphw,3,1,0,1
xSZQa9ez44TJ0tiVHSY1Mw,1,1,0,0
zsgvTFimYf4stONAJOyePw,2,1,1,1
xfWdUmrz2ha3rcigyITV0g,2,1,0,0
Wbi-x-1Nbn6LFCMOSN6F5Q,1,1,0,1
awI4hHMfa7H0Xf0-ChU5hg,2,1,0,0
FqXwm6UpihHY7Ha-pr4y6Q,2,1,0,1
_mnNmVsioEUoBiYERL_RWw,0,1,1,0
i--dxuKd_6Dx7mwgQ5nl-g,2,1,0,1
3utUsvqVVbTuz8AdSxXOyQ,2,1,0,0
WCFz9KVJTtIXSVvD5NMYoQ,3,0,0,0
ufwkkMd9yr9cFU1R5ONArg,2,1,0,0
-cT0YdN7xBpiu5JZ9c0IoQ,0,1,1,0
bp0yn4X3qrHoVcqTsrxNqQ,1,1,1,1
k1luUes-twOcLWEMzpLZ_w,1,1,0,1
OkqWYzkPYcBrsvjiCJQjWw,1,1,0,1
_Xzz-PChcdJ1862CK6dRyw,2,1,0,1
zLzYi7xg8YXSAKpT7nGevw,0,1,0,0
_O2_jwNT_3FDaSRZ50jvrw,1,1,0,1
BaVtTt9pBoI8rrN35tsj_g,2,1,0,0
khOsPUxJuf5R3cmgiZnk6g,1,1,0,0
1JF9TbJ2d5hH8xsQvvklHg,1,1,1,0
OIdOJaNS8M624F58XGV3PQ,2,1,0,1
FhIeCF6QrsLaRvAeu0oEPQ,3,1,0,0
JdSF_NucmJZcl1eNlNXZ0Q,1,1,0,0
vlT0hItbmwjAMQsExUcymg,2,1,0,0
o6s39LHk5pxz9KM9ySgHjA,1,1,0,0
kM91Woq__EKVzLjo4dOTaw,2,1,1,1
m01nlmGzbS0TBB8NZxp3Yg,1,1,0,0
9NwXHbKyJOhX9nxjRi0AcQ,2,0,0,0
y32nKiHJCkELY2EmAmGNOA,1,1,1,1
ro82qYK_AETB8wNGA5Xdzw,0,1,0,0
AHeH9lMFoEbgUEyWSosSMQ,2,1,0,0
vsafIOqyblej4784tqbUhQ,2,1,0,1
cUykVQ_VHEzwfU53cFvxhA,3,0,1,0
EiEaPRsi2AW3j3xraIssrA,2,1,1,1
ZtO4zPjnk_U9ieFbVcjvJw,0,0,0,0
G-5kEa6E6PD5fkBRuA7k9Q,3,0,0,0
xd1JeV7oqs47Fra9qtJoGQ,1,1,0,0
hBq4_EWvoJJilE7rJgJkHQ,1,1,0,0
yNPh5SO-7wr8HPpVCDPbXQ,2,1,0,1
5RTL-ZQ8LS6gN3TLpJmDkg,0,1,0,0
9sDX728l2ghm1EUWKXm_gg,1,1,1,0
I6Mw1vVkL6qgRLOYdLqvJQ,1,0,1,1
7Q2cYSl5NBYytJzgjX0oKw,2,1,0,1
Q6kZqLHy-ikjMW-lBCXnKA,2,1,0,0
d7M72kq_wRGVervJiNPwEg,0,0,0,0
o01ztaNP08Dq8DJImuovcw,1,1,0,0
wy6pYrWtiGrktOpUmsvCHQ,1,1,0,0
6hkHrWb82XfJdZ-SJmCKCg,1,1,0,0
v9lgBpntXoaJJxEwuadBsQ,1,1,0,1
Q_dh08clYUPj13GmCRzIVA,2,1,1,0
3Qe4M3JNs7yIRXP13g-NYA,2,1,1,1
fXUJ9d5R6kNXrnAouByB6g,1,1,0,1
mfnmy_M3D5ElkgJD_TxoCA,2,0,0,0
TEaBolNAkOdRm2gvIYz4OQ,2,1,0,0
jo4KmAqlZ7vxjHIP7IIkAw,2,1,1,1
CvQf21Vfm3RD6L5iHZojCw,2,1,1,0
yAXWKWRTs4wNy-zrJgoeXQ,2,1,0,1
UhP-yXtTi8HsQ6_7aQ7UlA,1,1,0,1
XcDdBiRTD1XEJPTJ2Uphjw,1,1,0,0
lEgKurgXzZaMpExXtvBY7w,2,1,0,0
r49iBfbnfoK7yt4rdsL_7g,2,1,0,0
NiQ_3tXqkoe6GaQ5w2sHaQ,1,1,0,1
DAqAinEAZkyouNaeZD0OxA,2,1,0,1
bbLmWFHAr-dCR8KHVla8aQ,1,1,1,0
57A0dLJ8dvnFUgUTu0vBnw,0,1,0,0
mBWx_YzT-ZQPqqPGcBsiwQ,2,1,0,0
J3iWlSa27BmyvX2XwJt3Yw,2,1,1,0
TNjlLA1DdH75TX_J_XQSRw,1,1,0,0
ys9-GszQ96Mkk07krgKtkw,0,0,0,0
I_DEYAFFpAZA0cd4ogza3A,2,0,0,0
-Tpo5r3kF_z4iilx8JXhvA,2,1,1,0
c5TOGBUCCUUNBPM7h_KbmQ,1,1,0,0
VcYpdJIoDgwBOdIJ_IvadA,1,1,0,1
ibf4xvHWD4t1DOOZhidHBg,2,1,0,1
CM7IDKFxV6p5FdptjXsr8A,2,1,0,1
5aeOewSy4RiI8sLLWpeNGA,2,1,0,0
uWTMa1_JDJRHE7TAKmw3ZA,2,1,0,0
Dgzrb9DTWozUcYOe4L9_FQ,2,1,0,1
Ehy00JWQixgoXzisVKhvag,2,1,0,0
hU-I172AdpBahJqP-GTSbA,1,1,0,0
kkdqDkenBuqdbX6rAl6Atw,1,1,0,0
NM46GnLtWWocCu2o1iCuSA,1,1,0,0
ZVtjS8Hvq2a6SxHxlehPGg,2,1,0,1
tHwNWbjsgIedLw0FLmBHyg,2,1,1,0
vkvxUYIrwIV3r5o4dFF5Mg,2,1,0,1
94BEy7wGKmrOC7sjSHMisw,2,0,0,0
50-xiTYmE6NERi-yJ6NvHw,3,0,0,1
Q96qeGBTH-yNZzhJHe8uIQ,2,1,0,0
edtm5kawvrtzE-siZw1_4A,0,0,0,0
2SHu52w_w4Z4ACq-vx3a-Q,2,1,0,0
FbpAg7_qZ6gUpcPLvFyZRw,2,0,0,0
ysfeDcLAYk_MVzfBmyiSTg,1,1,0,1
9Xsjz292QEFVff_p03qsZQ,1,1,0,1
jXL1Mfygf36id0hJytcsqg,2,1,1,0
CjfsFcNnV62PWWFq7-ZLgg,1,1,0,0
QnTuluWsuNb3aYCl-J9HVQ,1,1,0,0
sCPNcNxYuTnTdlAZohMyQg,2,1,0,1
iPM8BXV6vEVEci8ttsOObQ,1,1,0,0
8wFiWvlfOVt1zvAvsoLw2g,1,1,0,0
0rk2_lmbfpiYXGBFmyxx9Q,2,1,0,0
ortVZ6ZUTK7CR41B7AwtXQ,1,1,0,0
8XCpgcsKOe6sng7qdCMIgg,2,1,0,0
DYuOxkW4DtlJsTHdxdXSlg,2,1,0,1
p80K-OLjJYpIFWu9Ll5fyA,2,1,0,1
COQMWoDNhnNWHafZjGh0Dw,1,1,0,0
mUGDDv2j1qIzbh1JsAoBGQ,2,1,1,0
ddodJ1uDbZsPE-aPJcu3Cg,0,0,0,0
lQpxpk_ZFJ_ZtYNYhJQv8Q,2,1,1,1
W6Do-RqSULOil1LtZ6XwxA,2,1,1,1
9ULcHyUTN1O16Vr8KUMQew,1,1,1,1
oMgDbkk0hlPYFUmwAOVjgQ,2,1,0,1
8jHr3atzErzItizENMkpzQ,1,1,0,1
kgw8nBO9ZMRhukfnJd6bxg,2,1,1,1
uD7ninjOe7UxI_7-JVQ3dg,1,1,0,1
rzE7XHS7KKGVa5yItYeWuw,0,1,1,0
fzxvmA3Ygu3yrQQ6-cEpTw,3,1,0,1
aPAljlYaHdDDKZngS5I2UQ,2,1,1,1
UKmVnT8q0aIlhPEyMFk5fA,1,1,1,0
mLpemaBq4Au6yOxv61Jovw,2,1,0,0
-oUM2uISux96lMGeawHIOA,2,1,0,1
5o6qOFzZ4NrJ6bJ39ohCtA,1,1,1,1
v8m01WPjHZuHCzyobW6SvA,1,1,0,0
3CBLxydJU6CFRMGhu9b-sw,2,1,0,1
M3VcPBiMvhsEJSGUHvXu2w,2,1,0,0
nJ1c5eQZ6yoyHFV_crkntg,2,0,0,0
Z8O-Svr6gE_Ie1HVy1I8DQ,2,1,0,0
MQsccAhTxdd2Y5JBKjrT9w,2,1,0,1
kiyTiW-2Ba65O3uAMaagTA,2,1,1,0
BfE8TnYa_LI1PyNSgs_v_g,2,0,0,0
X5e3xIixJUN3OMagh0_oLQ,2,1,1,0
XkvqT4fdp-hNQPAbee6_iA,0,0,0,0
0Yh6U06nGLjAMwCw6l9-DA,2,1,0,0
NeDqVEiin0q-FxCvOKiERw,2,1,1,0
FIr6iGroJz6OP1m9vo3f9w,2,1,0,1
j0GIt0EpmpWqms5WbPl5Bw,2,1,0,1
LvNQkpggm72kJUTzO0juWQ,2,1,1,0
EfAqol3tWckyNrBMIooJmg,2,1,1,0
6JMrdDVIoQGQaHlfWFRoyA,1,1,0,0
np8wj1g3cgCoIcJ26zozpA,2,1,1,1
Z6E2Syzo_IYLIGpI5tSpRg,1,1,0,1
XivdTqw1u86uIUvUtN8hAw,2,1,0,0
vhKUBKcOm8zOLxeS3XM9iA,2,1,1,0
fRu_POqPowUo6nHSRMjOPw,3,1,0,0
eSSr6I0nt-IZrkq4RgrUbA,0,0,0,0
02Ycww2etUAxorZb5gIM8Q,1,1,1,1
Do4n_yK_K6DmR9_Es5qwlA,2,1,0,0
5PaCXc5dW2im69n-ByZ1FQ,1,0,1,0
IiG1_hV_TyQgLzh2j8Zncg,3,1,0,1
HuCwsy1S-iHm_ahDrOH8SQ,1,1,0,0
l2KV-9-dkrvhZF6lNrPpCw,2,1,1,0
MVvKbsTX7ToXOht54iUjOQ,0,1,0,0
-ZpPd7bY9ra553VoxXvYHw,2,1,0,1
53BSdnhzcCBfBH_6TgX63Q,2,1,1,0
ug_NBv4W_5fZf3hi2h2U_w,2,1,0,1
INJ-1LC57mpAsNspyb3CfA,2,1,0,1
RdOz1AUEYmt_2hJm4A_YFQ,2,1,0,0
RtDEwPI69XidCCklUtSLQA,0,0,0,0
LPsbCMNL1GDQ4dRek8e8dA,0,0,0,0
RLz9j9QASwaPXFM0i3kSHQ,1,1,0,1
sCo8DEQfbc8_xWzg2kmvIA,2,1,0,0
Ye4uQAkfHbh8w0cCXCCLjQ,1,1,0,1
5OqrwhtZ3mcmUSwLINZTWQ,3,0,0,0
4yAvytbVKHqSYAo3mkI9OA,1,1,0,0
bHnHcNkORD898OpPq4L5vA,3,0,0,0
nk9lP-iXi7xklwN3VYf6Ew,3,1,0,1
7dHYudt6OOIjiaxkSvv3lQ,1,1,0,1
vUYz-JgVTAtUGUbQuF7czw,1,1,0,1
Ebe6Kbec1WlfU1csyxjPHQ,0,0,0,0
p64mw9sYIPtazkwXK8yhWw,0,1,0,0
5f13F6HZgLoARSdXECfLAw,2,1,1,0
0Eqjt54KPklmWTsly9ltyQ,2,0,1,0
zx_j6OuuHHa2afVoAZuLpA,1,1,0,0
AVA3AwMEHfLY9anV3WgDXA,1,1,0,0
8lyBCij_sojtwWAlB40n8w,1,1,0,1
R39q-GVgLaEIh2Ce8PQGDQ,2,1,1,0
N93EYZy9R0sdlEvubu94ig,1,1,0,0
EqNtK4J5CHYQee-qX-WxRQ,2,1,0,1
wYHSMUo2u125Pdv1h7F9VA,3,0,0,0
Ovf_Mj2t8rznC3-FeRHWdA,1,1,0,1
Rt_M67qJU8x4QGhdYwnkAQ,1,1,0,0
iXV2kGGyXJlKM8JKek-HNg,2,1,0,1
Z4UQlerXfBH8jv6XcFLeEA,2,1,0,0
jdAdf7keZac1idbgNKG2pw,2,1,0,0
7dKIMvsTQI6zO-NYdRmrwA,2,1,0,1
1yAUftiOsCEkZ4B1UsdxRQ,0,0,0,0
Xs98BYnfREgKQfANEg3C-w,1,1,0,0
mRrgBIT8vsYdI3YSfzCQhg,3,1,0,0
k-771ytdXmdz7xvqyemI2Q,1,1,0,0
I7HGSg1OfAbO9X-mbDYdxg,1,1,0,0
UtWd3LMEktL51UJyUwYwjA,2,1,0,0
T6mV9V8sfyW3Wj5tsKgabw,1,1,0,0
jSu2A7DibDjmUd3wUt6fPg,2,1,1,0
VyVIneSU7XAWgMBllI6LnQ,2,1,0,1
-b-waFIsc6BJdXWOJMRKEQ,3,1,0,1
ixGb4NLfgD90wZHlw94rLw,1,1,1,0
W1Vn2G1disKO52jHARIZMA,2,1,0,1
PJYjYb7oKtSwpE613W44bg,1,1,0,0
EjvEx16YADqjpP3MyO9Hfg,2,1,0,0
fF5b2RZlpV-RrL1dFKqUng,0,1,0,0
fXzMs__3HjTYwKPMAb4jYA,2,1,0,0
BWWzh28StP6hkMm5L4nCAQ,2,1,0,0
_Fo8uNT17BEBUkKvUXCZkQ,1,1,0,0
cQNGkOyCvnIqs78vO8SGJQ,3,0,0,0
2lmM-jzCA4rOWuvo2fKBPQ,0,1,1,0
ak-f8IV0ZdDeI4oYnjA1Pw,1,1,0,0
REbr-5VuKm9yGFWstjuceg,2,1,1,1
F6ScBoyzVPhuvyJUUdUZ9Q,2,1,0,1
SEG56Wws3Wb2AXyz-eohlQ,3,1,0,1
RMEYQsiGJaol3sxufqwnnw,2,0,0,0
R_LcZEX_Ua4JnC3CFg_ZmQ,2,1,0,1
WOz66UuVsfc2K9GxzfDnGg,1,1,0,1
UrhPr4uPoqKrYVANaroqgg,1,1,0,0
l5MKpZThwcinpNmv4lcBgg,1,1,0,0
UK_igah4LLGPFW4cyoV_1Q,1,1,1,1
jLC4QQ78T0mjAa5qawgQ4g,1,1,0,0
Q05j54VUTxVRu29CFpBfKQ,2,1,0,0
KxHDiCOhHWQu_VOw8DMfJA,2,0,0,0
2_jWcWOew5DA6wR7_eH36Q,2,1,0,0
eR7Iw_X54m3YLWkXp9y35Q,2,1,0,0
YmIYjZGnuZzqVPkFBF4Omw,2,0,0,0
bU4pwOlhicUKtPfefTGMQA,0,1,0,0
aYZq1sV8iQeHZfj_MB2Twg,1,1,0,0
bl0GSLa6DvLXCvhAw5DVUg,1,1,1,0
SFaIhuHpxnM0PJLQB1uAHw,1,1,0,1
i1bwc_MLGgOIJ8S0r2uu2w,2,1,0,0
gHd7b3NTvD3IBbOEhPERwA,3,1,1,0
wpUMNpJ51-ikkZQoIfkyjA,2,1,0,1
jb7pFtM4J5Hu9tCaoGxnRQ,2,1,0,1
k1c_bC3DK6mKg797vH1T8w,2,1,0,1
m_KxjrHzcVgYgtiPlmqFYA,2,1,0,1
OllK5_S-7svgSwbUfx1xYA,1,1,0,0
I3MpZ5YFmHe4gHgA0CRzpQ,1,1,0,1
-zkn2p1mu9g-kbGNdM1lUA,1,1,1,1
k1PkpDm5d5pYJI1K_3UYpw,2,1,0,0
wKI0q-WkPi0N3Mk_T3frmQ,1,1,0,0
bxut5RczUkEQjm8q5A-X1g,2,1,0,0
h6neYN7OZVt9_ok2bAx6BA,1,1,0,0
dp6Cb_S8uCzZK_h5tpq_Kg,2,1,1,0
iMK_sepebKBMfv4TDc-ifw,0,0,0,0
Trbt0Ex85yvwT8DHoEFCvg,2,1,0,0
qvQ-i1HgSloSJLkGnXsfhw,2,1,0,0
T3eygkCPKat4TMyWIKLtGg,0,1,1,0
uRhytgGI6IcMQRZ7wi-XrA,2,0,0,0
NPvkRgy3A0Elgx8IaMWIPQ,2,1,0,0
CTsLzuZ_AR841SiSacdEvg,1,1,1,0
y7l6oqnwy5gd54OEjwlXDg,2,1,0,0
I_3P0ns6_3najPBxn629nw,1,1,0,0
PiLfiQYyDNgBaAvSL58cqg,1,1,0,0
41WfL6MGTAXYgRQfNT3dyA,1,1,0,0
tWdp26XQEJqJGnRmFVJQxA,2,1,1,1
9QgkfSUUY5bq0rO7sAq0cA,0,0,0,0
DQf63-KJ25m-kDIMto614g,2,0,0,0
9sS0LaJVnv_HR_klZq4Dlg,1,1,1,0
9cYYusmNE0qdfT7pqfdc5w,1,1,0,0
G_mqw9nNYDFkwtCe5Jd8QA,1,1,0,1
nt2-Zk4FmGY2SYSDBI0gHw,1,1,0,0
CaJL4GYQ8Knvg2FZXRkz0w,1,0,0,0
FTDljmduViAYBqrNEQx3fA,0,1,0,0
EXW-sodgyshlS9E_d325Pw,2,1,0,0
gsqm34KlLnOgo-yNPbZbYw,2,1,1,1
7-Pb3DdCD39RJ4ZSxG_7-g,2,1,1,1
iBkc2dV-lXeXadYwmnOOIA,2,1,0,1
YZGSNhgTS6YeyUYoivD-Ww,2,1,0,0
wXXqG4igJeJwL9o5sjyMXQ,2,1,1,1
T_Vjy4_Z-F0mFQMLRHDTrQ,1,1,0,0
Fib1pHk5oeh_9iwObSNgEQ,0,0,0,0
exbLVqYM0mueDf0ScRpotw,1,1,0,0
wpQsmMvdhefqIlxvRt_Jbg,2,1,1,0
h0L9UaFClkjW4pZ2Qq20cQ,2,1,0,0
AfQjI9Wbu6_Hzy2b3e7JLw,2,1,0,1
vHzWmPWHN4J1hRR3W3AMQg,3,0,0,0
8wt-saX_qXaqVCXQHc5qXw,2,1,0,0
mD8bJbumIGOtlXXuvVNuqw,2,1,1,0
Mb5w1N3tvsAFDrDcHQyrsw,2,1,0,0
vATbGMxLd9cZ3VY_GZAIJw,1,0,0,0
hNSvyreISNd9XXrHyyaSjQ,2,1,0,1
5mair616AhJMpRjbd5z94g,1,1,0,0
ZTrkiSudc8vL3NB2N7XFJw,2,1,0,1
tMrkIjj4fSN91d25Ru-SVQ,1,1,1,0
GzBIAjAMHD9iVZK8BT6XMw,1,1,0,1
EqUlVPI8t9A96BIvWdW1pw,2,1,0,0
OP9iJKhKQ39PJnhk0G_ZrA,1,1,0,0
OmmYZ3jd3x4AUE26OG91Xw,0,0,0,0
dmZ3xom36uZ35pIBaDm7WQ,0,0,0,0
fO8xuUFcXPUbXBS0Wm72QQ,0,1,1,0
wto3KiT-Mh6rxO_9GBHfbA,1,1,0,0
7OiJBSmhxEYeCoEJlkqDYQ,0,0,0,0
rjYoliKKBypWdPzyTqzrOw,0,0,0,0
anQSLdujUOp0sTCmIBi2Tg,3,1,0,0
ET4y-4D-FRYeFxYBxLcKrg,0,0,0,0
brAUHv7Kmxx5nclssCPldA,2,1,0,0
hX-FAgxOZaVcfUu1Gi0spQ,1,1,0,0
nMQJ57am8aEnz1jy9Hl_3g,1,1,0,0
vVnccEZW4p9HlbUEucpUYg,1,1,1,0
44xBONbuMSghULXXEnl-Lw,1,1,0,1
hV4j36jlyeBwTW_9uQiTjQ,1,1,1,1
PJPO9AYkt__t4kSWdSWnfw,2,1,0,1
tGoYMqmOUhZsQpdNnbllQQ,1,1,1,0
w_Cw1-80276SAhHw2LJqFQ,2,1,0,1
YYRP-b61hjDljhWBfmUlDg,3,1,0,0
Ql0iiHl2xpIwtkuC255Wiw,2,0,0,0
AUOlDSQ8R2wIkN4lQ4kVDg,2,1,0,0
pHd7QUYFmIt4E4irprwbuw,2,1,0,1
Q2ZNaN3p8s_-XXjBWyY2qA,4,1,0,0
i0EtEzlEkOho6YcLG29bvw,1,1,0,0
gMbVPPDaBg-5AM_iMq_TqQ,1,0,0,0
B7G_2Hx8Rx8l6oQ6K3n5Uw,2,1,1,0
htVvtLIFftBLqzRISjReDw,2,1,0,0
PeEfojzwaDez7PyIIktXgA,1,1,0,0
qR4EIktJfQKc4rnKgBzvtw,2,0,0,1
ZwURbn4AVHxSUL6iDwjk5A,3,1,0,1
Rs8Wi4OEjeOX7LVlzsXDOA,2,1,0,0
SvlTuwslYKdqvqWtDe2dgA,2,1,0,1
TH8QoP2xFRtuxP1kR08b1w,2,1,1,1
lkM72Y21bjBqUGaW7iL7tQ,2,1,0,0
YMc2n7R4_6N0PIHIfUJqPg,2,1,1,0
gJKdFQhR4hLCQuoKyU0kEw,1,1,1,0
Tyid4017KYwSLNH4iU-Y7A,1,1,1,1
saijdv-vXJrvsCfvr7SZOw,2,1,0,0
30TxDt2V8G7FWXsKaEKA9A,2,1,1,0
OFaBWa-YLblMZhfS54MsWA,1,1,0,0
Vu2C9npNSaHLYM7lvkKJJQ,2,1,1,1
PezBzE1cRaPcm4rq6n50KA,0,0,0,0
8al-XRt5nuIize8_STWffQ,1,1,1,0
9Bu4mbMrtSq6lrAtSjJq2w,2,0,0,0
UXauVhawknwlatK5SN87yA,1,1,0,0
MW20l3gVlw7NzATSOV7Qkw,2,1,1,1
IKYC89dNASgiPI6iIZj8Sw,2,1,1,0
nplCF1hjAn948EMAaJAazA,1,1,0,0
vOQ37XBxWePPfS5HJ7SoHw,2,0,0,1
wpnLPAnkMEb1NpC3xiD_qg,1,1,0,0
hYX0z2C6Th5XmcrKOP31fQ,2,0,0,1
YC1FXuG7IQneHnhbHT0XcQ,2,1,0,0
qQPJ9aTyVa9DGWiLi97g5g,2,1,1,0
U474WrLuujw5z7rA0ksghg,1,1,1,0
-qbYIpY84C9xBWc9g5rl5g,1,1,0,0
FUfANPwFtAyzVf3zF1SU5w,0,0,0,0
D2PmpZYRdRnzL7q4Wprf3Q,1,1,0,1
tjKpw0PIymLyd5dWTYh2aQ,2,1,0,0
8QwAWJJ1FtICnE266xISMQ,2,1,1,1
-PO_5qu0CQIKqsPjLqSYMg,1,1,0,0
zFzuJf6G8l1YWjqcmu_PgA,2,1,0,0
4bfKtdnkkhq8qA21sjVXlg,1,1,1,1
02pL_Xj3sTO_lHcWqUcwKA,2,1,1,0
uovqgCcWIqTwUeH_A54t2A,1,1,0,1
bbSb-uviEUNlCw1bitAmQg,2,1,0,0
T2EyxkHr4HAmruwa5XM6CA,1,1,1,1
oJ7mF-fW8GuEoUZ8BSA37Q,1,0,0,0
1WBVqmo7tgF0z0eGf4fPhQ,2,1,1,1
Uxyc9jyxZ_h2awnz5bAVMA,1,1,0,1
YGiu5QCuPdof6Bc_P6k4BA,1,0,0,0
HTZFw4QDKhD8KRbnb5ZuJA,0,1,1,0
UidEFF1WpnU4duev4fjPlQ,2,1,0,0
aT9jGDqTCvVjGjbYC969Rg,2,1,0,0
evekKeEoJMT2O6Z7ky96iw,0,0,0,0
J4CATH00YZrq8Bne2S4_cw,4,0,0,0
Yp9w4nhUowBU_IS_StFXbQ,3,0,0,1
h-OIbmg9vR8VC7fXUJw75w,1,1,0,0
IRzXVRIzRoYpnjaVXF3vNA,2,1,0,0
0rMFhLzeq3Z2OaJ62MQXlw,3,1,1,1
Y91-sIlVyH6v4YM6sTINAw,1,1,0,0
kjZ7Mk1fvjgFCQxHpEn4hw,2,1,1,1
esnvHQxunLTAckQpntqbCg,2,1,0,1
VZiCUfK61OnhF_wnz_OKiA,1,1,0,0
rI1wtjri4NhO3V-hCsMCiA,1,1,1,0
mDiFWhywAziq9SKnj6am_Q,2,1,0,1
V78f9CdEVTkKFkyhdTYVrQ,2,1,0,0
M1OAa1O1O8okN9KnPhpm9A,1,1,0,0
vmg_VdqXVOVhUoacU2pfdw,2,1,0,0
CIsHnoLZHT24xwyT7FO09g,2,1,0,0
oxe7PI6ah3SGiB8Z0n9zqg,0,0,0,0
6gxlDhmZ80bhflm2A-U0KQ,1,1,0,0
xpeSmFl6yWWn8KGGUsb05g,0,0,0,0
p1XLB4zo6sI09Pb4-IA23Q,1,1,1,1
jKu_hYzVNQqjRvdvp6mQaQ,1,1,0,0
O1UaBWCQbcEdzpX6sSWRjQ,0,0,1,0
Wc1i5QsTKheJq6lstPAllA,1,1,1,0
TQp5cls3bgIUZZRSC4g1pQ,1,1,1,1
h-psPOmlY0mCOflb3S3rdQ,2,1,0,0
UbjXRe-Ku_MWpX27vtIEFw,1,1,1,0
LFhF2la-C_vrNrQRz5GnIA,1,1,0,0
Oq3EFcMbQ6J4V2uxga77KQ,0,1,0,1
pi4FLFEOn9AhNUxiLbBeHg,2,1,0,1
jC2AF31_Zba7yb0ZKWnfpA,1,0,0,0
Lzv68iVkRHstVvW3aXNWkA,2,1,1,0
rkF_WvWIHqM1TfYtoPTvNw,2,1,1,0
PLby3di7FpKKIgQP2gBSZQ,1,1,0,0
Uyh4JZ0T3nbpBWzm1xrABw,2,1,0,0
rYQFg698WyJnSPUuBO92nQ,2,1,1,0
a1WWhLOWUC3wZLhkXdAIJQ,2,1,0,1
Rpdq7PHGvpSWQcYwuHlgUA,1,1,0,0
u0syM4rt_zDpswP47g0pGQ,2,1,1,1
PD3ganU8NAGkqkcIXYPSxQ,1,1,0,0
ntPvD2oyhwD9cpri27H7XQ,2,1,0,0
oJynEBZyqKcfJjDgfMgDTA,2,1,1,0
41Kbugm-qmIQTt7unkALYQ,3,1,0,0
hPCheDmQDna-2iiJ4c553w,1,1,0,0
sCewr7cA5ra7yd6jBfEe9A,1,1,1,1
ccWEjDEgIO70iiGSN-rRUg,0,0,0,1
NdXgEnEpHrP74L1oZtdsBQ,2,1,1,1
3-dR6RJvTHdkZEHMmB8OeQ,2,1,0,1
-rCIoxp7pqN3xY7E3-v56Q,2,1,0,1
ppHkkuDvvH8g1Enz6F8OJA,2,1,0,0
CNRXPwmj5EvSNdXnOXcpJg,1,1,0,0
JEVDNF6r9-nNdX9DtiJYFA,1,1,0,0
5-s0ESpKQeI50QIgcz8GGQ,2,1,0,1
FFolUMaFqs8vdu9ybE4-IA,2,1,0,0
IQAZn0i5mpj690wPLxcf0g,1,1,0,0
lRwpFFaFr3QQ5fGHkk3eXQ,1,1,1,0
fUOY7g6JcO0m3iZNfK0O0g,2,1,0,1
vO4rIXzsK3aWn1EZ4cHwXQ,0,0,0,0
zo_z6lMRcwHqQF_Z1VZLpg,2,1,0,1
RJxkhoGxTsz545_sTlDdFA,1,1,0,1
VSgrQWkpv15FJuqmNE3srg,2,1,0,1
Cr-ywH3ZjBqCyolXf8BpVA,3,1,0,0
0-cZ9XfpC3vsLotOJ6Nxfg,2,1,1,0
ZkGDCVKSdf8m76cnnalL-A,2,0,0,0
cHdJXLlKNWixBXpDwEGb_A,1,1,0,0
E9HkUYYO_-5vKjvBwLuDIw,2,1,0,0
4Nj2ktP2NjCbv2aKeH3ZBg,1,1,1,0
fJvY-QjDY1ZWWArjx9rRIw,2,1,0,0
5xCeuEI7Einoi5xYsNuDCQ,2,1,0,0
8EvgKu_VpVXJ0KUvrxS7BA,1,1,1,0
Sk0Ycurq7D083Qs8x65b_Q,4,0,0,1
p9v9Sl2g_ibaajWvO0NjkQ,2,1,1,1
2iLeiQ4OCJVwfodR9egMag,2,0,0,0
f0R8zFi9RrAKN8ujMZpCpw,2,1,0,0
J_VOObYtNAsg8HQ5wViiPA,1,1,0,0
w761Gs5wswaiKRNq0IpA7w,1,1,1,1
pPgyuGtcNIBRfrPFu3Vceg,2,1,0,0
pLMSnq39S3-lA24bB2jIKQ,3,1,0,0
yH83tf58E9jrME5U4HGAMg,2,1,0,0
cJWbbvGmyhFiBpG_5hf5LA,2,1,0,0
0X255ZLz70dj3QrLWnPE3Q,2,1,1,0
KMEvwN9hzkBVUGXqKZWxoQ,2,1,1,0
uP21QeqzU5E3azBk2_GDsw,1,1,0,0
CmGiqR21BH7d6rsoBd-XSw,1,1,0,0
9msmjD6wXgsGnYiZj31lug,2,1,1,0
HjT1oe9jea1m65FWEYbfKw,0,1,0,0
I9nziYEw4YIFjr3ZDBpFog,2,1,0,1
lja35zyGpcmVrhCTWwVgPg,2,1,0,0
pks_z0EXHrxouKLKaMq1gw,2,1,1,0
oJZNHz5UUVUgrZwVBVlpYw,3,0,0,0
IO3iTBH0rX-G7E7wAreRSQ,2,1,1,0
zBFhe2VVjhQZPieaG0ydBA,2,1,0,1
wu5hfsgYg45hncSqpAe2mQ,2,1,0,0
K3V9JWBZgIMtSICc4kBRUA,2,1,0,0
oICXzFAaUMrYGzjRWmkw4Q,2,1,1,0
vqgfQqPiLw6ghdVgpZ_vJQ,2,1,0,1
Zs180bOPbw70yElhxpUe0Q,2,0,0,0
eZCftIgMLs4cKvT9NWxx_A,1,1,1,0
EVZXshc4g2TpXLJ-rwVzhw,2,0,1,0
lxlwz6rF3psUP8FBoU-Vgg,1,1,1,0
9eUBRR7WWOqXErZ7omYLNA,2,0,0,1
0gTTGuA6uEmMhLhfJi0hqA,2,1,0,1
pMz7lys_36xZnlwBKOZKWQ,3,1,0,0
q2f9sfgxdZKPwRKjcd3LDw,0,1,0,0
Sy9XPnOgEr7PemrYPWB7yw,2,1,0,0
7YM7fxwtWYiHGfcsz2Ei1g,2,1,0,0
_HePiPCk9tmgezshWwZGOw,2,1,1,0
0nJgoF9hAi6f2K7XInr1hQ,2,1,1,0
f-gbagOKzs-72s49cF3qRg,2,1,0,0
_Ad2ZKhUl-krJFpaZ1FI8g,0,0,0,0
dJS3iH-odljqWS9MKEFsBA,2,1,0,0
VfJVlxGwQwXRBulDBgGJpw,1,1,0,1
XmP-EGWvru9jDvaVbG3bjg,0,0,0,0
Ns20WGWn6s6niKAGIQB4UQ,2,1,0,1
dn51F67VLgPuqy_8SFk9oA,1,1,0,0
KE9zSVRiWi0GmZAq5PoimA,1,1,0,0
R1fkx0YcnRxqT0XpoxW1tA,1,1,0,1
478TIlfHXfT3wvww54QsPg,3,1,0,1
S7HAX9CfBs_pUPHO6jb1Uw,3,1,1,0
IJk8kLNOxtx0SIg3FmQReQ,2,1,0,0
cn6Lguvd8T2pWq4-WNLHpQ,0,0,0,0
nJBwEYaulNXHPAUP0OBRtg,1,1,0,1
H1NqpoM2hT_A6M98PSrZvw,1,1,0,1
CI6gEOiOQ5ps0oMUhgmKRg,2,1,0,1
Gz9SlLqxS6wnxPvgdOQNrA,2,0,0,0
tBLHU0-_-2nhypyfc2sR2A,1,1,0,0
Jur1iiejUFw_YCkfDfy1gQ,2,1,0,0
7Wr0piSMGiq5qy5opiLNrA,2,1,0,1
TDL9WXyjmBGGxl9yfbQ89w,2,1,0,1
nBl_4gw5ecGzNkHyzfii8g,2,1,0,1
VnvRZia9M18-IUarfdnYfA,2,1,0,0
dvFVX3xmcLauD__8GKhJMA,2,1,0,0
LHwzyN5cllTfLuZ8v2k_Bg,2,1,0,1
baIT89GubjGJV1mpn82Eeg,1,1,0,0
4BZwZrm3atfkDkc0gV3sCQ,2,1,0,0
3ZHyw0d8mk0HOEP7v4fW1A,2,1,1,0
XGGNnL54iKcXa62CqpR4rQ,2,1,0,0
Ec9CBmL3285XkeHaNp-bSQ,2,1,0,0
ViFDeMpfxe0EdIgOhX48Kw,2,1,0,0
yvJqxVTO_qwRGLMtUrqzQw,1,1,1,0
G9h56Qy5DudCqKBmbPWyzQ,2,1,0,0
89uU51kOiQXbJHVA3C6XMQ,1,1,0,0
2xw-Ksu9b2jDYlZaApXcBA,2,1,1,1
H4TksVu70WQzg_BNV9QNJA,0,0,1,0
9-cVW8wSRoE6Nmnc7v0uUA,2,1,0,0
mnwRtuVQEsIUomBchu0gwg,2,1,0,1
fms8iKzj1PedYhJbMTvYQQ,1,1,0,1
lusyQapYBD-df6VofjRWMQ,0,1,1,0
a9-r8ru5CAN_cNK1kVsPnw,1,1,1,0
H_YBTOS23PRhrjWtP7TeJw,2,1,1,0
2z7xERz1Nonyw8Kjr4SffA,1,1,0,1
9F_3PA1QBQ3aGI2RW2zMtw,1,1,0,0
ZW1ckLKGJqoBM5fuoBf1bw,2,1,0,0
CgCujnZFGzsMPDVo4VNCLA,2,1,0,1
De0rCcVM47vNhkqj7hrJHw,0,0,0,0
EmYQiAEpd6vvxEv8o-QYog,1,1,0,0
NwDFnh0-H1wMn4vGVJGApA,2,1,0,0
HxSINQAplSFAn6of-wexcA,2,1,1,0
-8R_-EkGpUhBk55K9Dd4mg,1,1,1,0
OSLEi9yMmaV0FBZKshJnUw,0,0,0,0
25c15dEPrBrWr4tR1r6sTg,2,1,0,0
kiweDovyXezj-ZMpB1tlXg,2,1,0,0
M8sRqVmRXeikXYt2J2MyuQ,2,1,1,0
HYCiNiSDPCvz7VgTzGmOIw,0,0,0,0
N4t78qF2C5jqYBjNr0j3_w,1,1,0,0
PFf0rzMI-Es6X0AtHlNPbg,2,1,1,0
pHJu8tj3sI8eC5aIHLFEfQ,2,1,0,0
DCH7rdGj1G4gM73S8IjLag,2,1,0,0
Po0QGzgwFrfnGJEi_akCjA,2,1,0,0
PkIRnmb6Fkf9Jv6pEct7Dw,2,1,0,0
SJBzyJDCR_f6dx5tpYAABA,2,1,1,0
5MnLa1nE606cvNGlSFt01Q,2,1,0,0
naX46MT7k6aDVB-j1jhBEg,1,0,0,0
83xQtNti1lQgqWTERfeqcw,2,1,1,0
IVZ28eprMi_hoU2AXNuMTQ,0,1,0,1
R073RHVTWuUc_JabjD0bsA,2,1,1,0
PQER4ba8Q0zqB1G2QiXamQ,2,1,0,0
fD33UMpiCJcWWXmNKYKANQ,2,1,0,0
6J5avXp59yPk1gC7okZs4w,0,0,0,0
IB8zLlGraOg9LU7qQVLPyg,2,0,0,0
XWTPNfskXoUL-Lf32wSk0Q,2,1,0,1
1qTx9z8RMz7RIYKAfnpZ0A,3,1,0,0
xDGtQSAt0-jdsinecP7lRQ,0,0,0,0
TT658qQinO6MBHP9q7rJ8w,2,1,0,1
snP8QGxG-YRNBL_uq1kiAQ,2,1,0,0
QoC81Y4w5aZZ2VLI4Mxwlw,1,1,0,1
B01pO_pI_8AOfEsukGNg-Q,1,1,0,0
fgxW2Eww2MzMHd8eWT58Ig,2,1,1,1
QpOAv584eb-ecG4TLEm95g,1,1,1,0
0TBL577zoVCpLKuaxePZ1A,1,1,1,0
b0kFTOITzkcbOUnFH4lRxw,1,1,0,0
PYrA0thkuLCVAknUHYhVEQ,2,1,1,1
i53HvxUdQEMllZ1XmpjjyA,2,1,1,1
AOnyGAR8e1isiIcDJvdpTg,0,0,0,0
fYDzrVfx9uSbX7xmBVx-Hg,1,1,0,0
JPOsmsL_MNPYQsJaz2wq3A,1,1,0,0
rI_DhGggyQZwr0Rsh9bXTg,0,0,0,0
GC5wcui5uejRZTi8OCNPkQ,2,1,0,0
aFGRzoMkSdi010_ECpFOhw,3,0,0,0
nrUoS2wgmJ1LSkFfSlOjvg,2,1,0,1
6OhahrmtLGmkUdPfaMck0A,2,1,0,0
8owN7MXEQ4SC_3coyc7WPQ,2,1,0,0
DNiL3RiD-mr29lx3Js3eBA,1,1,0,0
gh6__q2WXFuyN8gt6VAnWw,2,1,1,1
WEeMwRLhgCyO1b4kikVcuQ,2,1,0,0
GEw0gKy93o1Jje2WxApL9g,1,1,0,1
tjw1yJdmatifLYHbsI9HGA,2,1,0,1
aD0EslPREWGDlSpD0RMlEg,1,1,0,0
Fr1LlI9nCVBYD5-vc6cWyQ,0,0,0,0
QpHJvtmTWWoiz42bb2nTiA,1,0,0,0
SvUvVEr9cTjS-PJQ9MuckQ,1,1,0,0
9hNuOUywLPHdSbAXtQ9DhQ,2,1,0,0
Kb43diOoBV4l77bxpn2k3Q,1,1,0,0
Nu0GjN3HeFomQ5ArsJacKQ,1,1,0,0
B4-2wA8Pj8MQK1Ylymypqg,2,1,0,1
R_ZlcX46pPdjhjmfd043LA,4,0,0,0
APTMjoe2_EM4lVxWTNeYBQ,2,1,1,1
3hI6dSt3PiF0y6aXA0QeHw,2,1,0,0
oFvJiMF6i8c9nKQD5g0Ghw,2,1,0,0
DAfWBoWNe_B5_lJAfYH5KQ,2,1,0,1
hgPpc-bi4jStmM2SI4nKwA,0,0,0,0
UDucqwO8PwUOwcmUsJ-gOA,1,1,0,0
NLbeb563AdMiUcUlBR-FAg,0,0,0,0
9WtEKbNGOU-wo2Gic1hUpA,1,1,0,0
_xJINZ8_Dtvi8r29qkXCCw,3,0,0,1
oMBNvB6tHlwW3UwGBYqljw,1,1,0,1
EDqCEAGXVGCH4FJXgqtjqg,1,1,1,0
A-2rj2poYBBjtenXSzKsyg,2,0,0,0
k-EPIvUKvDM5gR-4Ns8OnA,0,0,0,0
1fG7Xg4dLzcKIApzJiXtXw,2,1,0,0
Zsb1fveuV7sIYJogNsbzIA,0,0,0,0
0zr7FB0nnZXJmwb94yTbJQ,1,1,0,0
F0lI9okn4pzmN_iq5UqF7w,1,1,0,1
os_m94NtcG7JQg095WdggQ,1,1,1,0
PDKVytRY5kYlyieqSkF-rQ,0,0,0,0
-9eNGMp8XiygI8t8QFuFWw,3,0,0,1
Gc-eMRKW4KiAeQFp3ztc7g,0,0,0,0
Xjcd_--LJYBlkdLSXhbR9g,1,1,0,0
zJLkbPcEpYpkbU_aLsXtMQ,3,0,0,0
c0exbGNQvCDJZLorPeYY7Q,1,1,0,1
ir91fFZwnjgBnYCnrqNd6Q,2,1,0,0
rnBffgr3QiXUpKef2YFScg,1,1,0,1
anGYRueZJKYCJefKFccfjA,2,1,0,0
8sFRqawo8bDDWiaC9wkA5g,2,1,0,0
oErMHKu7vNGSjKb-NAwzcQ,1,1,0,0
8GcBqziFqPkz5YSuXx-tSA,1,1,0,0
F9h98ZFHLCHG7SdVbXMz0g,2,1,0,0
RhEvP5flF6KoPriMHmVYGg,2,0,0,1
zf1h0aVL8-Jl91F-mDxZEg,4,0,0,1
dIN5IF2bSHeASjPFJBhshw,2,1,1,1
HNlawtaYv1E4zJlW-q2XdQ,1,1,0,0
8F-UdXe_YylX3k0L1SEiRg,1,1,0,0
8-vqn5UeqY3gDXzg9-sHSg,2,1,1,0
y1esDY2vFyaTMf1YlRT7ZA,2,1,0,1
ysv6yhVYOoH9Pf7PlMyD0g,2,1,0,1
u0KWFEkp2KCaB0ebmvi4Kw,2,1,1,1
Bq0LXZcOrZdkeM4kCy31lw,0,1,0,0
kDCyqlYcstqnoqnfBRS5Og,1,1,1,1
xuigChd24ZA8K_YVeNeEaQ,1,1,0,0
RqpL5Y50F9exjyHfpTzp3w,1,1,0,1
lAADTWyB91S2Ch0iWqbh1w,0,1,0,0
9GPTELAPPpT5vUxad9AoCw,1,1,0,0
7kH3cdKFaanW_m5vURWeWw,0,1,0,0
HaWU8ICNtjIkCN_ZNrx1hw,1,1,0,1
Dnq4w6ajMifZFFTIR5cGxw,2,1,1,0
8KEB1lcjKlIVSd6uA8JB9w,1,1,0,1
uGcC3CKAolcwfOTMjjoexQ,1,1,0,1
Ozv8Hi0TP9oWbvsPc1EoCg,1,1,0,0
jKLbTpVhEZd3wxuwMnG-Yg,0,0,0,0
GM3_MoAgPcyE1ozWxjy-XA,2,1,0,1
gv7P6zobjlG0YKlhbgDnSQ,2,1,1,0
do6yub0lpn-vRF08Yhi3aQ,2,1,0,0
bJeVUZ8vCVLGYGIaVbY4Xw,1,1,0,0
R9i4v1iPBCFeqzMkQEcfjQ,2,1,0,0
sS__otwzn0INyR_5Dimfdg,1,1,0,0
GmHmp02nPVvwVKApWEyr8Q,0,1,1,0
xpJEBXTCQh5Ib8BJrjt9Bg,2,1,0,0
AEZjTrJg8r72aYNjniqSNw,1,0,0,0
YH_-5LGif2oRj6ax8gENpQ,2,1,1,1
PQ6pDjHP0P28D3CY5UNxDA,2,1,0,0
yVanb8fVmGtQFEYw05lZUQ,1,1,0,0
oH4iqq4kjJfXpHCgB9G1sw,2,0,1,0
O3fzOdRgcd5UFjymimyJjQ,2,1,0,1
J5Uz9eK9qHfxxhT_4ktZGA,1,1,0,0
fhoFsFK6TqJOEo30LtXeDA,1,1,1,0
PPDW3gtt0JojgXNYcSH1GA,2,1,1,0
esBRj9uPRzwxaW4Lz1XGLA,2,1,0,0
fGeC3wir5IEi0Yq_3RxxwQ,0,0,0,0
wsdxhfW0aVf7ayMqId1HmA,2,0,0,0
lkpoSg7xf60BsrOjdm0CBA,1,1,0,1
HKKRiQhMbz4IRqYwTZGcwA,2,1,0,1
Kl5VdpWLChwsUhJO0ArXYw,1,1,0,1
xkcyHkhggPQlHDhflb8QBQ,2,0,0,1
d4Mw96Hb6ZoHEL2AxqGrbg,1,0,0,0
5i5sLQPOkBAE5CoimgiK1g,0,1,0,1
S_F4XmLUZFv9Uzbjy44_NA,2,1,0,1
2aVQu4wnptrFM_kxDhhPIg,2,0,0,0
Wht6JaY_yLIb3usuPvSulA,2,1,0,0
Kh1tvb7vDDp84bxdYyiOEA,1,1,0,1
Z1EMKsow2XgbgVYoGbX20g,0,1,1,0
qva0jVl1yup7RaImLh_eVw,2,1,0,0
3OdBW4ooaACTNugCb03Djw,1,1,1,0
jn7h4Uv-RKHflDHsAfqoDA,1,1,0,1
OJdufUU3hVabgviIBHksYw,1,1,0,0
-WBbMDJayOnd0ktCCi3I1Q,2,1,1,0
f_rkKVZAGBLp5zYl263Sww,1,1,0,0
rxDQ7nTJifil7iHSdGxxSg,1,1,0,0
7MeMGh0SUlF-GuTyruwtcw,2,1,0,1
Uq-15wDzsi6H7fImKHL0JQ,0,0,0,0
H0Xw1pPNCPWDad3tC4wYnA,0,0,0,0
TzU6wCbEze2UiTAQNi-T_Q,0,0,0,0
mvMih24zuSw_dZyU_LEY7g,1,1,1,0
burnDlH36FSphvf4vQf10w,2,1,0,0
YoEISHuKbCiq4HgykG9fIA,2,1,1,0
95CCHowiE0W_ovv5-9lQAQ,1,1,0,0
dVbZ0xbkwl8BWiqaDS0t-w,1,1,0,0
7hXWFtmoJHz63SD8k56a_Q,2,1,0,0
yRBE98DheftGKDwZG39P-w,0,1,0,0
pWy-sZB1s_-ypb8qydreLQ,2,1,0,0
9OKpMIR4rs5w9Hi6LBRhUg,2,0,0,1
t1e_vofsehxcl8QCgfE3_Q,0,1,1,0
yUBCkEWsN8c-mMteKx3ehA,0,0,0,0
5iAFiMPfitcYDMeII5_dnQ,1,1,0,0
xiAiahsdBfTxYCFfvZmMfQ,2,1,0,0
J2Am_nJkdicGk2S1DzwuPA,1,1,0,0
NNs2v3f6FIdZ7cSu3LRaHw,1,1,0,0
88Ktzlej575IGDFiTOxX9A,0,1,0,0
tro-hrljuY1cUAVFYauTlQ,1,1,0,1
x-H-2BYL2XoDDLiub950Ag,2,1,1,0
eJKnymd0BywNPrJw1IuXVw,2,1,1,1
yezPTl7telVji0nP0RnH3Q,0,1,0,0
mxAXtF_FxtQpFSlRu_vwFg,1,0,0,1
4ucJBvnGR3wa2kEgMz0C2Q,3,1,1,1
Dpl8d6eXq-YnF5zEV1cwMw,2,1,0,0
FZDcm4f7aOvYK7aD7aBtvA,2,1,1,0
aEZ_EoArhpjV2p0q5MXFMA,2,1,1,0
MJXL27XNMm15NQ-MGP8jhw,1,1,0,0
DHwG62oZACWX80Y74m1cyw,1,1,0,1
qeIKP9mGEucrdxbGo9uRTw,2,1,0,0
oEg1duFGiwMOE5PUu35wtQ,0,0,0,0
O2SQOSkXLsWTSQtKmo7nGQ,1,1,0,0
vExvdgUbU377-Fry2uuv_w,2,1,0,1
aqKkw9Fefvum4cF6GtIQiA,2,1,0,1
h4I0iB0jNDd2LZJ4PeHZ1Q,2,1,0,0
uJEot284h2qJbrWOgfAG5w,0,1,1,0
SCklYa_jhihWAcfIn-_chg,2,1,0,1
ZBfoUKOkfocsYK6TFQpwaA,0,1,1,0
7Xw_vv-ekUL2sTqipnKT0g,2,1,0,0
SS4HgxPnEgF3cFPQFNDI1g,1,1,0,0
tsUFlp2DQw7Nk2I9mRL2hg,1,1,0,0
rhyjGfqYlCJoi8Zeulg6QA,2,1,0,0
gc8ngjYYwsgrAC3Y2SFymA,2,1,0,0
TC_wo34sUnF1CpZKXRYRlg,2,1,0,0
A3YhRPb0DPQPJL22nlYSxw,2,1,0,1
H-SO-RdX_umCon5hwRsYww,2,1,0,0
nTMZSvPMSIofI5RLARFIaA,2,1,1,0
vF7nFTv22qA-YnCP09pvHQ,1,1,1,1
7DKnwKw-Hfg3aQCYFe6zOA,0,1,1,0
eYJcI9cI6-kJ2NQpYdHcLw,2,1,0,1
xPwTSwLwxyBfj6v6tWJzmg,1,1,1,0
sYUsL6Og4axZduPrJpdi0g,1,1,0,0
A5Rkh7UymKm0_Rxm9K2PJw,2,1,1,1
zPAMOTc_VEfgPxseUtWw-w,2,1,0,1
DuDZ4FZ_UxGQ-3GPuk8iJw,1,0,0,0
odhwxNT5Y1qWB8v_rdmS6Q,2,1,0,0
p3YqOYELqXtLyHz9T49p_w,2,1,0,0
8N5A5jW8sTG7ozGmZ_uj0Q,1,1,0,1
rOdDonRcAA0YxYUZTRVokQ,1,0,0,0
Wg91oE233AzNieNryRJYYg,2,1,0,0
leXt81sCi1dyH1RF7nT3ig,1,1,0,0
X5WAjBmplMkRgzhqQ3UA4g,2,1,0,0
vuXz17TgImV6_VNYwFkKYg,1,1,1,0
-b94nkPVLQw95zgtDhcpYA,2,1,0,1
UvddiOxKjefSvLF0Xp2TDg,2,1,0,0
HFEkIohUqGIudgqbHiK1uA,2,1,0,1
MPhhbu9HfDK0OjdtdFN1BA,1,1,1,0
StNAnvyhVISULAFmO_Ke1Q,1,1,0,1
bCUtviPBUJORqBrfn7X-rA,3,1,0,0
kB5Ow6V9b23dETFpGAL1Hg,2,0,0,0
OMUe6NNOFEe0VdAouIqAuA,1,1,1,0
E_DXCeVllZtHV93hsAIZvw,1,1,0,0
HXdPqrO27tANiLpbCe9BVA,1,1,0,0
5N8R7ALESZ30EoAzVJtabw,2,1,1,0
WFq0VNN0L5Nw4bcz6AJ57g,2,1,0,1
9aPWpQvBIgq4CnNb_3u8Gw,1,1,0,0
ljkkLrW1j-tZtrJq9SFjVQ,1,1,0,1
7Kg-9MoGN1IlhMESAt8_Jg,1,1,1,0
9V9RlgqqnPFQJfF_e9Lnmw,1,1,1,0
HD10w7sMM9HkF4pM8BlJZQ,1,1,0,0
b07QUKi2J1LGIiDCZkyCDw,2,1,1,0
BIbjBxoiJLS8CnNsSP64TQ,2,1,0,0
LelAlfuj5oVRF9CQdWLsNQ,2,1,0,1
rHmILK3NBQWiRQMr9Sk8ew,1,0,0,0
V9DPZmn2irq3hC-X4vxaBg,2,1,0,1
f6eYVrrILm5mcPqWKoMiHg,2,1,0,0
1R1fDdhOAW3rSk-eQdp7Tg,0,0,0,0
cbgIpJwmPVI6Zf7nUIXdFw,1,1,1,0
r1J-N3jdagwifLT_mD73Kg,2,0,0,1
yflKHx4_Dc4enRvJYWxTLg,2,1,0,0
BBJ6Y9Kb2-luoBFBfc8o9w,2,1,0,0
Ohy6TtDSeJkVAtIHXP7pMw,1,1,1,0
CftugKq9LBGGbYbzGWN5Qg,2,1,0,0
zu5dqKqPjJCycS5k-92Alg,0,0,0,0
XpjILpOfE75xuTw4B5gkTQ,1,1,1,1
mDA6_CDxdyQ-_qO5RHloow,0,0,0,0
FO_6o6BAs3s8yzd-gDh3jQ,1,1,0,0
BUfxepveQVVrtRmHai1OTw,0,1,1,0
sQFpfRs1Flcw3evCdI2wpA,2,1,1,0
9jJxXCuwku2l8arVGrBNTA,1,1,0,0
TqTbwybBsgSVPdLWRcdtpw,1,1,0,0
PEGtD36MLdfcsD2hc95Kiw,2,1,1,1
jHIJ0hfy5USIWvcdynzrFQ,1,1,1,1
3nzK3K-Dfo1L6mpB8FTKkw,2,1,0,0
hGcu2YoHxNTHSMG07Kntzg,2,1,0,0
63bHLJUomC22Xdm3IjgBtw,2,1,0,0
WyyJdVQBFlPVITTmjgEhlQ,2,1,1,0
FfJD4vO-iYUL2Kr0WWzNYg,2,1,0,1
cA9LmSotIsN3C8zCI94--A,2,1,0,0
IZDGxg1vdlK0-TFQ018-Sg,1,1,0,1
DrvHAOiktPr4YQywft_O5w,0,1,1,0
d4bMBIhBELF_bhkT-Sig3Q,2,1,0,0
pucWlGXJZ4kdAxQN2jkIpA,3,0,0,0
YbOhR475lR0xsNJjoAmMXQ,2,1,0,1
kFMo0ErTOpA8mgLe69iCgg,0,1,0,0
poYsvuOmVDqF4dTnjJ780A,1,1,0,0
bU9RYLrF77bxO2pSA0Ba7Q,2,1,0,1
Dvmwg8kILj2ZIZ7xRKNt-w,2,1,0,1
-JFVxwdVQfX207554dx1nw,1,1,0,1
SNfVWF3AXk_0eSpq9_ry5A,0,0,0,0
82AEJCAi_-mzOcJmy_XTew,0,1,1,0
eremwEUrZUbg9FHMleD0_A,1,1,0,0
qDbVUkKMLtRqSDcKgLTx1A,1,1,0,1
fXSOxjL7FP_sVew1gXnOIw,1,1,0,1
ZLRI8ZjrzEm5fRW-ahGz_g,1,1,0,0
0KN2L1CNIj4ppjNwIKJ2nw,0,1,0,0
M3uV9Y3EDSpy9d4YwyNSAQ,2,1,0,1
bXvr9e0_TQ83RI3nZwDdsg,2,1,1,0
EDvbPivfQlLlQ7SVad0jeA,1,0,0,0
k-YxoQSyfIEPcSHu1cyBhg,1,1,0,0
v9u0NgjA4iQeKGevFnYSCA,3,0,1,1
qms2KpC7A0KM3DxGqXWzaQ,2,1,0,1
S47qerKWSdrq2q6XwFgYrg,2,1,1,0
4VjrVv-PBuG-al5JnUUIGg,2,1,1,0
t7m7E8foZvMHu6y7WDzhcw,1,1,0,0
ck57kpQ7uO_t5bX5j4N50Q,1,1,0,0
D9LMDxJTbMIP5drSgWp1SQ,2,1,1,0
outxUaAfepg5AujKU1-TZg,2,1,0,0
f3K2hJ2sJBCtyc1M6O2jpw,2,1,0,0
VJNR3RGqrgi-LRu70eL4sg,2,1,0,0
Vzax98BCkEM1uYibYCzqPQ,2,0,0,0
xL9EhlYVMSe2mdkisYjXog,2,1,1,0
JeGnpVwVNO8M8i5gO2Lp8A,0,0,0,1
UTj2l1Cdc6PFdPzVtJDndg,1,1,1,1
Cm-BH_7VPLP63FdI9ML6vA,1,1,0,0
BfBl4TKaTrfrZY-yGSB1jQ,2,1,0,0
XVVFgEY-0MsyEAR8SO7dzg,2,1,0,0
7xEgy2btCKLdTe1vD14ABw,2,1,0,0
68PJJkcq_i0SlLqO6t7Qxw,2,1,1,0
LVAXy83j6H0gfKA30ndGvA,2,0,0,0
QCnT5MdeWrbZ2SjvDY4_cQ,1,1,0,0
umrDQGRNied77aVg29_fVw,1,1,0,1
Kykw3ho8wHtLV6gr9qbWTg,2,1,1,1
QdXg79fKbFLEPePPnL02Fw,3,1,0,1
JfF1D9SWwsKqoWsVpT-6Zg,1,1,1,1
h2LDxrB2hphlIAHur8gR9Q,2,1,0,1
XiHEGZlZGF8xrjxC6iM3sg,1,1,0,0
yxmpQfqKDeLnSJj9dpxZ6A,0,1,0,0
l5VG7_TWg4JGljx3UJStVw,1,1,0,0
AwBCgvegeFogpb3lpmpCuw,1,1,1,0
Mx8jCUdhaNbMgx_04DWHdA,1,1,1,0
Pw1v2dO5sZAS5OhqAtYx9w,4,1,0,1
Bppm5wvhLkppQ7cRu83dwg,2,1,0,0
5Dccw539NNtnyCgTu5ed5A,2,1,1,0
QcdKTLeP3J5Ki-fVcPZkfA,1,1,0,0
RRo3Nf5ypfS68fhS_aTrug,0,0,0,0
-_yEVC3_3M6YOsamYfNFEw,1,1,1,0
8fOclthOuxV9JXGbgpacKA,1,1,0,0
KNOuvGb2HoeWnyxSOIYyHg,1,1,0,1
DkIEhR8behaIoSexekWV0Q,2,1,0,0
eB67Ak5iop5pqzKhXRzECQ,1,1,0,1
QrTvQw_aZOLk_8FZ8tQ_-w,2,0,0,1
CVEFqoWc2azMDsyEesMSZQ,2,1,0,0
1DdkhCSmKDgFmilXS9SZEA,2,1,0,0
E_jLyf_YuGgMP_rw8tvNSA,2,1,1,0
tNq5iUjDNkDmbp7WV2pUkA,2,1,1,0
Se-co1eXBho5A4YwMfKMIQ,2,1,0,1
sCGN3Wfhhrzika8FadZ3QA,1,1,1,0
MdQ9jsHHh1szdYKb7W1sEg,0,0,0,0
BqXuk5peVO-lIovXCv9CyQ,2,1,1,1
hJApSwheuQhctflM4fAhYA,0,0,0,0
O66Zy8Y13VBm72ZDhS4fIg,3,0,0,1
pYZgXNDq442OrcO1JvsnEQ,0,0,0,0
7dln44D2PZWe0lzAJmDZMg,1,0,0,0
jCR-xC4NqoEajjmstqX8sA,3,1,0,0
ejcVeQztxXY6NX2O2SE0Rw,2,1,0,0
4NpySSkznGaRVye30Pvdzg,1,1,1,1
FVgHb9w4pnkRBV5bZYJaZA,1,1,0,0
iIwKW2cBAxjElE8eUzjwqA,2,1,0,0
wmId49_BwzfWd3ww6GDMeA,0,0,0,0
_9dc-OWbNhWaxfF4HCyphA,0,0,0,0
Ki4aSG30_W_2KPjqT50o1w,1,1,0,0
c_hzWIFgbmirxHnzBtkH0A,1,1,1,0
4Nn9QoRDkOr-DWMF7KPqOQ,0,1,0,0
DQDeGKxYVOwwaqN6Jh2HZw,1,1,1,0
Dj-SKw-awL_g7rHgCbCOew,1,1,1,1
wLmb9EJa-sKg0B7Qw5BWXQ,1,1,0,0
J7KlrDFrriWoRkIUVNRPbg,2,1,0,0
V1CvqpVdyc1XkbQRPJqLCA,1,1,0,0
hbp72ML8BHykBztI6mWOIw,2,1,1,0
Qk_g7_hCvXrtdv_XUlXXGg,2,1,0,1
WRj8rLeJpU49wqU9EmZLEg,2,1,1,1
147BvO6Fm58E-kYoXTZfPw,1,1,0,0
0rrxeGhMUXZdyVt16DdKHw,1,1,0,0
DkYS3arLOhA8si5uUEmHOw,1,1,0,0
P7j_K9baGxWPlInbjn0OOg,1,1,0,1
AcfhazpwycDN7uM87mcbgA,1,1,0,0
QtxTLatcq133Pfnl90ZB9Q,2,1,1,1
kaBMd8sgJvOh5CAgsP106g,2,1,0,0
D3E-h3moTngDIoNHeHAjOg,2,1,0,0
xDmVyd_xl0Hsf3hFmYwrHg,2,1,0,0
58ZoYIdM9trgdQgXLwszqw,1,1,0,0
la4mM0mSexjkOLe1goXJPg,3,1,1,0
Gh1BoQNMGkh91pSHqvDRAA,1,1,1,0
P6O50VeFlBIJpP0QPYsXbQ,4,0,0,0
etgHBzJzM5UZZKbzAphp-A,2,1,1,0
JBrBsKpw0bbXK5nlrXVOYQ,2,1,0,0
U0md3UhNA2123G-vYR9hWQ,1,1,1,1
Qwm70aImivq8HopQH5QX7g,1,1,1,1
EreG9tIvbS7rrkYg97Uinw,2,1,0,1
1rebduwtmrHQhl32djRS7A,1,1,0,1
U2ZwdiUSZlK4PAhcQugLgA,1,1,0,0
LyunOKCJ30PVfAis--hs4A,1,1,1,0
_H_0DVFM0YgeXfnEC33vuA,0,0,0,0
EBHzEtuOJz474NwRQFqJbg,3,1,1,0
eJPckkV1k7gn0V2awA1pzA,1,1,1,0
q3YnYPjLuBGRDi_59yTC5g,1,1,0,0
hO7kziifftiIViRK8dFoKA,1,1,0,0
Cx_6byDePAXWfv5GX9L60w,1,1,0,0
w_QyzxBhdYPlVwcasM0J3g,3,0,0,0
D4xv7_wwYpZEZar4DwwYYQ,1,1,0,0
1VAsBosvx02jpvIUxiKvmg,1,1,0,0
AKHdt0hRzX1sYZwmGzwG_A,1,1,0,0
Fl3OriheCTatMZMlNdaCnQ,0,1,0,0
25wTaO0_Rk-GLb4k2uMs0Q,4,0,0,0
x4q_kJ-dvaHL7dkpZKJUdg,1,1,0,0
N95IG-T9bbR2iNL9_an1SQ,1,1,0,0
0xNSLnqLT5miZO9RqSvbhw,0,1,0,0
zQp4fij2fBaZawyO_ymIEg,2,1,0,0
fWYHQRQq53Pr2aHNyde5HQ,0,0,0,0
TJstASXrfYFnVz5-zfSeWA,1,1,0,1
KkVkroVMA2rBLJz529nZVw,1,1,0,0
OQ9rVtBEFFI4jkdEo9AoRg,2,1,0,1
jlF81N1Hr9tANTfMSRWsLA,1,1,0,1
0gj8bpTF6I6T_C5xyBUafw,1,0,0,0
5WFCJrMFnewv2ocK5L6DAg,1,1,0,0
nLXct_W_9NPUOtCm-46ZlQ,1,1,1,0
2i0dDzxLuQQAwzxDZVR-1g,3,1,0,0
-N_agk8RUHvHk3GVDsyunQ,2,1,0,1
LuWemt7wUsVU90-VwHwgyA,1,1,0,0
cmzL5S9QOjeiU3YzopM3JA,1,1,0,0
iUozl3nJ8rfYwff81Rsw2Q,1,1,1,1
IXZDJEk9ymsEMDGj0-A5rA,0,0,0,0
wfodQFCUYXaeVRG34Gy6TQ,1,1,1,0
2NiBvT5zL272IRcxru_x9A,2,1,0,1
mEhW0TYZi1xor_Xp15Fc2w,1,1,0,0
ozMd45nXHTCl3mdOwouwlw,2,1,1,0
naRs_pZV1k6ANa6Hd_VHsw,1,1,0,0
4Wou6LarHqefHP21qRu0Ag,1,1,0,0
g6ezOwLIRXGzWVbyTZL_DA,1,1,0,1
oFHvr1cAktvU-bQgrl4aPw,2,1,1,1
YI08egmS9lWWB6N6MmrePw,1,1,0,0
Wq9yflrKX79xKiY__BvCoQ,1,0,0,0
uMQV2qwiviaCA61tvEjmFQ,2,1,0,0
ZZ2TTInNyOKPAc0PrcrHfg,1,1,0,0
Rjd3YgkooUHodPcDaQVjvw,2,1,0,0
Oy7IBK9CcfnBrP5EZaOEiQ,0,0,0,0
VHW4OkWuFyQjb0ggEUgTPg,0,0,0,0
eKxr0FVXo4KDCGMFfQtqfg,0,0,0,0
MCaSL4S-Y9_SpZI7bMQIEw,1,1,0,1
kI86MfVvZPJUm4RYy3YmUw,2,1,0,0
6nbmlMVmbifIjrEEbCaA6w,1,1,0,0
U3gBH2iJxlajlMSOP9UtNw,1,1,0,0
9CcOOIJckoGF2sA9Rw2ZSg,1,1,0,0
YosCsvRg4fNCdNQ6DrREqw,1,1,0,0
BA2tYMpTHR3i7X-6qtcWaw,1,1,0,1
kWe8Tq19JHqLYo5rtQpjJg,2,1,0,0
27_N5P9HZ86IviONPT_twg,3,1,0,1
k9AaulyfonmUlkmI3uMiQQ,2,1,1,1
iHi-7vmZ6vQ1Kx6HOrqxKQ,1,1,1,0
Sx2pqHFFerBjzHQSLcxBAQ,1,1,0,0
8vkFJ_kA8XxDyjHfmsdEOg,1,1,0,1
qL1YWy7auU6K7H68WQxNqw,1,1,0,0
617wOC5iiA17lw4t_W9Saw,1,1,0,0
QC9bLPcNk6ymAOHf03pHhQ,1,1,0,1
FATSrR3ZC1qjtQ3ApH4reQ,3,0,0,0
Re4lbcGNpkWduWDDsCXUbg,1,1,0,1
8rlTOw0IA1TENURMBJpaXw,2,0,0,1
owyqzFdNleiX7_ic6KSqkg,1,1,0,0
UK2Onb024Azao0DrTHSvhg,2,1,0,0
5XORYO9raiXVZSGGPvjSmA,2,1,0,0
4YdRr-g57XM5rGMqoP2T9w,1,1,1,0
Pd52CjgyEU3Rb8co6QfTPw,2,1,0,0
nIsfnwlnS_9TieULU4Z6JA,1,1,0,0
k6zmSLmYAquCpJGKNnTgSQ,2,1,0,0
E4wuEcTEmuq7kvgSbTDLFQ,1,1,1,0
AUFFJBCh6spwBFJI6SnITg,1,1,1,0
KD5pzTYzTbJ_QB2rZa8b9A,0,1,0,0
iPuY6dR5w5X_gOM_2mx-hA,3,1,0,1
AZQ6eiVqhMalpVL9Bbq6Iw,2,1,0,1
L7os7OGSQ2_evJRLvQg9dw,1,1,0,0
KrA-N1PHE-lySXQycJXmRQ,0,0,0,0
fyFmamI9xY0_OOgH6tO3pg,1,1,0,0
FygWGVRGu9iBdoNU5f2rBw,4,1,0,0
x6fYvse8sBOZf9y8BOZZmA,3,1,0,0
JXvLE5CRN88sccZtNeMIrQ,1,1,0,0
y0x795PyDX8JL_oyIaTUiQ,2,1,0,0
bEv2oci0MMyb3RKwOiYYhw,1,1,0,1
O7HkpdnXpwKNgsA9DbMPhw,2,1,0,0
ob8p3VRALQ9obHSaHnH7lQ,2,1,0,0
WsPFR0JSg0z_dZbDhl0Zqw,1,1,1,0
E3X8OaMYJckk4LJGd-Wd4w,2,1,0,1
MpT8KheTjs7TSDWIoMUFxg,1,1,1,0
8-4EI1VyBQsMEvScE4LEJw,2,1,1,1
qjmcNUgd9tcyrAETcjvLsA,0,0,0,0
BLDArCmdbbCnUcfLrxnrlQ,1,1,0,1
gBfPyzPRmeOaj3SdcIj0Rw,3,1,0,0
FW_zg6VuyW5v_vM394gWAw,2,1,1,1
vh_bMZ0nNFnw7pJquyQtQg,2,0,0,1
-dSfSU0Nwwh2b0aLo5ifyw,2,1,1,0
eZqoDfBg-xOS8WdcZCYM2A,2,1,1,0
xDvl_i1g1HCJ4EmIRmwfqg,2,1,0,1
wtODHqs34RYh1Q3bEI4OUg,1,1,0,0
G4XcXQhdS9Pt39bVDdfVCg,1,1,0,0
zBrm-ejSU0QwDlpFyCs9zQ,2,1,0,1
Ws3AWw9WPWDdpUQjhkXcxg,1,1,0,0
jq9gzjKbVWgeMYzA0aFzxw,1,1,0,1
mzQLni03qPCPxkUXQ52U_Q,1,1,0,1
h_NnD6TPuhIFy2ZdqOlUgQ,1,1,0,0
KTgbFortwSnFSsQDhoXpTA,0,1,1,0
cjatara6LkXRu2BXD_jxlA,2,1,0,0
SN69A7A6gnjAJiN9wnNWHQ,2,1,1,0
Mv2SeBkY0DASmwO1-mM-iQ,2,1,0,0
_H275sBtkJX0yJ5Br_vM0A,0,0,0,0
O7XvKvc1JQqfl4Z-T28yJA,1,1,0,1
L3cr192keA1dWb_ebk1pJQ,2,1,0,0
kpZjgADHSklBk3JqcO4b4Q,3,0,0,0
-ltD-dHqdZ5-wjAMKYa6Ng,2,1,0,0
cgZOP1ZUBOZmEQMSJ53oiQ,2,1,1,1
oI11Y5AZscmmn12Yv3PinQ,1,1,0,0
xA4QVCgYHhuHoziwQNUWBg,0,0,0,0
j4qZTfkB3eWpvOv2FXtzeQ,1,1,0,0
xYeLEIWbG0IBnMGU2mWUBg,2,0,0,0
GW5oBBgoznV97tIap_WRZw,0,1,0,0
YSUcHqlKMPHHJ_cTrqtNrA,2,1,1,1
8PxPmL6FI9CgazDqNzw5CQ,1,1,0,0
-uYAkAplo7a4WM7c6lDrWQ,2,1,1,1
_ng1XrWNbJZgAsqZlyb7cg,1,1,1,0
dCRd0MAt1Oth3BEUFF08Dg,0,0,0,0
7m1Oa1VYV98UUuo_6i0EZg,1,1,0,1
ZL15NFVdN7hG0NUXppkU9Q,1,1,0,1
0WPXDs4ini3D7jpiy1Daqw,2,1,0,1
f4vb5tv60WaBcwzRhKpANA,1,1,0,1
ryEwIARbKHvb0lCkAam8dQ,2,1,0,0
oKZPgeCOxnVSxudYcn1OtQ,3,1,0,1
imZGzMSS6fB_h20zu35DBw,0,0,0,0
ZG8PZgaMKhdJUpNxkc9Diw,2,1,0,0
v4y-YUuejiEdQNWD3QTJDw,1,1,0,0
4JxFc9_0epj0YJPcJy3Xsg,1,1,0,0
OUP9dy2eu_-2Mga3DpSFfQ,2,1,1,0
Hliq9wrI1BcR-xcG_C9_Qg,2,1,0,0
PpreEj90GJUDm7LHI6kPOA,1,1,0,0
sVrkLeKlDfCKjQWfcHVqrg,1,1,0,0
2YUPCtZkuoGQ4wBn8ncV_w,3,1,0,0
apL0x9CFcXEQMnyjUOnQAQ,1,1,1,0
KHROx3AxX8btg70JDPbIqg,2,1,0,0
pdy6EAcJvZks1hKogxOj6Q,1,1,1,0
ElWzx5_fU8S2G45OnM-HpA,2,1,0,1
ESDIZvGMiFl7MfriZpXEqw,0,0,0,0
twX6mYg7TT1ImLUJflt5Tg,3,0,0,0
iEulhGpJwNygO9eYgbdxtg,1,1,0,0
Edq3REDbBfss0WQu2Ta93w,1,1,0,1
Yv4P4qUwd7F-qQ4Y4eD1JQ,2,1,0,0
Qj1BoynaIVZiKEe8Peq3_g,2,1,0,0
mlkVAm2DkGnKnNVR1AnQLA,1,0,0,0
wcE1oKRQyi__19LH5WOszA,1,1,0,1
fcUZ0HlaO1bMW26tzQZVOQ,1,1,0,0
5Qoq8cif3nMCQUN-urH8YA,2,1,0,0
4srfPk1s8nlm1YusyDUbjg,1,1,0,0
xRu_KfaJcowaKbr8nNnm0Q,0,0,0,0
d2k0I5mbDiOYrCAjJLLMiQ,2,1,0,0
oLbHJ_qJh78Kw4fhUw1HGg,1,1,1,0
atLCqV8RGezSxgLzcM9HaQ,1,1,1,0
9O-L6F0cMfNmE5i07pN_xQ,2,1,1,1
LUDX--wfStrKavGyitk4nA,3,1,0,1
Q8uwArm4h8bhsqxw84Gd8w,2,1,0,0
AIeGHVUVZLBlJmdl7pJHJg,2,1,0,0
CsVCUymHT99HjyLuHNtUjA,1,1,0,0
XgFm1Q3GLohmXMpeQUmgpA,2,1,0,0
qJA-fSlnamDWHtQxvJITfA,0,1,0,0
Qmwfg-PtYuCo5Q_IwcA_HQ,3,0,0,1
XsjuwpDUkigW8ymAc2Jggg,1,1,0,0
OMhJbPB9LNAdQu1bwuiEIQ,1,1,0,0
TMn3xLDiI9_y-AgTYb1gSA,0,0,0,0
ZDTcBK9f7PP4oLDf2VrgGg,0,0,0,0
2vuAlukfUZf3vbHsexEeDw,2,1,0,1
lOmt6Edj6A4OZBUIUwtI8Q,1,1,1,1
InKdWLxFszKmNlAz0PnmZQ,2,1,0,1
ZNfmAHWxq6BddtPGgEgKIA,1,1,0,0
B9QJToIrPjRAUuPoemMUNg,1,1,1,0
G7yeF8yMra1_kymdxPVCWQ,1,1,1,0
ldUwLnF4grOEXE-LXN94QA,2,1,1,1
TB7bScfRFBJehXSu_1MMSw,1,1,0,0
CNW5hqoO-EpSOReYbWC-Sw,2,0,0,0
wN2zNgEK-QizEA_NKAHj6Q,2,1,1,1
hLu4q64lPvF--9gd58lcPg,1,1,0,0
SvIXTIcPjZFrSHb8w-xtBg,1,1,0,1
kgffcoxT6BQp-gJ-UQ7Czw,1,1,0,0
kc5JPu8lkg64yUbrheJxng,2,1,1,0
DyVteo8Blf5gEfC9QbJE9A,1,0,0,0
pSMK_FtULKiU-iuh7SMKwg,2,1,0,0
iXTl2p0w4Fnv8wZNeOEbhw,2,1,0,0
eJzstt2qNzJKElcskiB4KA,0,0,0,0
s5UZqSr1BJl9kk_kC9TvMQ,2,1,0,1
Z0PvhaSGgR5NsoXctsUa5A,2,1,0,1
vBJ3qJi2Hk_OyYV_FkqCtw,1,1,0,0
jhfyL3O-h2tcL8ZuyCU6WA,2,1,0,1
h0fQdldYxuG1Utc_ZK1z0A,1,1,0,1
uZ0C261kg1YgvTMTEmIL0Q,1,1,0,1
8FqfLM0Kv3Grr9l8bOAlCA,1,1,0,0
xsl-d_opm3AU5H2Z-im33g,1,1,0,1
QNfh79NwsNnl-AngRhg2ww,2,1,0,0
YPavuOh2XsnRbLfl0DH2lQ,2,1,0,1
Sp8dpnVOh0SG4_4A3IOT_w,1,1,0,0
wh_td2_DBlD4KnFgFevW4A,2,0,0,1
QXPjl1G5XxlJhc8vaH2NLg,2,0,0,0
6f2imTsIysASgHh2t91OOQ,2,1,0,0
0Hcks5q-DgJbDlmEWolx4A,2,1,0,1
hy1TkGNnDuHfUHf_7kUqRw,1,1,0,0
3XUmcXMoToEFNJQ7gp5UYQ,2,1,1,1
5Ktv5ZmJI0CN4L0KxDWJvw,2,1,0,1
SqxIx0KbTmCvUlOfkjamew,1,1,1,0
2m4092MsMzEHkuxodaj6-g,2,1,0,0
XglMkgLbu2U0wsbLTOQhxw,1,1,0,0
YwLZ6RDKKhPAoAOP5m_elA,1,1,0,1
uoRdhBoM5guXTjLqDSpxpg,2,1,1,0
c1A0vzAyQ7TLIgcoTlUMyA,1,1,0,0
_MHUEErH3KW_KvVSOjyYhg,1,1,1,0
jYIqQ9rovccjFtJhiEWVnQ,2,1,1,0
KTzBUAzUfFqvttyjWi_irw,1,1,0,0
lI4azrL2urejaJJX-uJ1-A,2,1,0,0
C8_zdU7zGLUK3uC4e5AepQ,2,1,0,0
fK1oj0dk9Bc6KsBk5mMDxg,2,1,0,0
u5XWrLv6uo3i_rhxH4wLDA,2,1,0,0
dpP8fIiaxypAD7NBRf38fg,2,1,1,0
XkVSo8q8AKaXa20NkjkQNg,0,0,0,0
RJx_V39W3KGO1ORr99NCBw,3,1,1,0
i2sSSIrgQg1fVjqYXZLvNA,1,1,0,0
G2Ti46pDBxMjI7-1-JPjHQ,1,1,0,0
AYTlIG4ys4UozaZi_q4L5w,2,1,0,1
s8FKeP99MPwqjfHoip6lOw,0,0,0,0
AVtNuwwdgWWm2CZqRe5pKQ,2,1,0,0
9hEPwq1GmU1dp3ZyBB9ASQ,2,1,0,0
ZztPR3OnI8hlKerG5e72hQ,2,0,0,1
HnbkGxUs7oWKYDeB-Pk82Q,2,1,0,0
qcb6jpnIuEKHXbu4woKUFw,0,1,0,0
w_7VFr4bZiTl65HWEf0SVQ,1,1,0,0
FL_UG4G1btvH5K3TVDvnew,1,1,0,0
bjrPt4DN1r4HpiR0Y8ofvg,1,1,1,1
Rxz2YpeLr9Ek54Lt5z6h0A,1,1,0,0
AfL8Ds7ex73tfVbq3EFWKg,1,1,0,1
OwZM33ZI8LZVknaLICWIhw,1,1,0,0
Jo3Cpvf8fpfcAIFG3TagbQ,2,1,0,1
MdxMiFVRKvYdbna9oUEPZg,2,1,0,1
Jd-XHSl0t0JWotORH0IsSg,2,1,1,0
E3fK-R2ShkZc6tIta_3pbw,1,1,0,0
GR3AESDGAXnhz1IHpSu0Cw,2,1,1,0
QRAYQVcUKEYhqVACMs4L9w,0,1,0,1
NBtUS6ihgRMbrk0s8g3RUw,2,1,1,0
bMchstbw4IPp19vpERj8cA,2,0,0,0
nCOctON_izR1j9fynkp3Zw,1,1,0,0
I8j1gHLKNJVN4dNVUOsedw,1,1,1,0
iKu39ukwouxw4uSzYUrScg,1,1,1,0
KJ6DuC0Jve9hAtzM2SGNOQ,1,1,0,0
CKl_mzN-FXTuag0p1DObaQ,0,1,0,0
gTzBrOVpzlRGi9po3UzcJQ,2,1,1,0
Ck3hUFGtY6z4CFhTPeJduw,0,1,0,0
HV_TRGJdMurmJkqkdRGaww,1,1,0,0
oupRStsBHVRsxhrEm8-DgA,1,1,0,0
hQ66PZ605HFoaHW0dZAmYQ,1,1,0,1
R5ZvZ97FDp2bD93CNKg-zQ,2,1,1,0
6cz8xLR64Iuzpa4NNcFHqg,2,1,1,0
gTHo2aGgiG-jqy-_C2OhSg,1,1,1,0
Lu4pQHQCRXI773PeP3PjTA,2,1,0,0
O0KPQu0zouowlJZWsJrSXw,1,1,0,0
MFbyWskON6pqRp5-K4hIKw,1,1,1,1
D3dAx-QW_uuClz4MambeHA,2,1,0,1
RC4oyPNX3FVTCfxsDeJI6A,1,1,0,1
mUdalYTuAtnZm2K9zoH27Q,4,0,0,0
PnSOaN7kg6S9fFHX9RCtMA,0,0,1,0
JmZj7wzAJ7_4ksjG9WXdqw,2,0,0,0
fg_KGtLwAw2IpXin0KdAZA,1,1,0,0
_-QrdVYJbebaC2qschZ6iQ,1,1,1,0
UNlHO5PyA--hSM4SvbPGyg,1,1,0,0
v_frjRRrLTm4eJchadhf_g,2,1,0,0
N-L7ISdndWsIWdK0fn29wg,2,1,0,0
gCbS0X8w7vZ9CLWvMNXocA,3,0,0,0
ixfpsy7M6vLAe0Xf-EWH4g,1,1,0,1
Gml97gSULiA6HFjie01d3Q,2,1,1,0
Z411-jn51XGq7Xym7oWkwQ,1,1,1,1
xlN47-6lff9X2veq4iC7_A,1,1,1,1
lF3klLu44Jaq3UqO9a50Pg,2,1,0,1
fDkQcos3MqqCYGWfl64iiA,4,1,0,0
rTc1zhJ9n3dcHIJMbSxboA,0,0,0,0
-Ggr1M22MxTbP2J8L7oHqw,2,1,1,0
w7DcMuJztUPtfTG3gCWsSg,0,1,0,0
d4P7boUqiA2pR59jOlzYLA,2,1,1,1
xtYiHTmunjfCN2sUaQxBjA,2,1,0,0
8bYXg27QEoAx7us15eIL5g,2,1,0,0
elqbBhBfElMNSrjFqW3now,2,1,1,0
Q_DeJQmmoLr8s47wPIzmow,0,1,0,0
plnZTiH4rmzsjuALAzouNw,0,0,0,0
s6KtKeubYAa-sY9OC3i58Q,1,1,0,0
H6DatYLpe0lYdYb37JpMyA,2,1,0,1
GisIy4El3OAxJwnkovgv_A,1,1,0,0
qEiyiXdSRlpwPvWKB5ftdA,2,1,0,1
wurpJbu7mISq-7i27VG2mg,0,0,0,0
nvh-zGYHKwIUiPTgwhIScA,1,1,0,0
24rMzdpKbBdgFCPpMye5KA,1,1,1,0
9bPeWHLGZPFGLob-iJyQdQ,0,0,0,0
014FsLbXZrHg3k1LsRgElQ,2,1,1,0
71bwX-tbmq4su8H7Q9oLOQ,2,1,0,0
KJJwE2gZ1ByGN55cIHxdkA,0,0,0,0
y1Bf_dA_FUggDqYoFSdGfQ,1,1,0,1
GRR61NwIkgpzPjQVjx5LAA,1,1,0,0
9u7knPXVCUOwnsz8sTTT_w,1,1,0,1
hz2auCaURcLk13UHOBlm3g,1,1,0,0
Njc2gHb5Z_ufkA_ow7hKqw,0,0,0,0
tEUvjMgAqwE0OE0BIIe6Fw,1,1,0,0
gG4aW7XLL859HnOLwydrDw,0,1,1,0
9wNrqTeoEepFSbFu4QLuUQ,2,1,1,0
oH5LF3TLtaMgrg35ah0NrA,1,1,0,0
V_RD57ea9ATcoryET1vTkA,2,1,0,1
jBs2HmEOkqCvdHNnw3N-og,2,1,0,0
yCUM58iPU8-G6KbgmzuKjA,1,1,0,0
pRBFVKqls5xdSLPYD9jWww,1,1,0,1
jLmjlSILEpZHr0axiQd3Yg,0,0,0,0
D3jaTcBrVy7FdOzZwRbgDw,2,1,1,0
SeRG0f7jIS2Jq-CTZKqGoA,2,1,0,1
ieour3mPrdGm1cCg1IwN8w,0,0,0,0
x_bhc4U_e6lv7Dat2WV04w,1,1,0,1
cuXCQM-9VwpZlSneEY1b3w,2,1,1,0
3BGzRYh6GQbZz3LGAGb-sQ,2,1,0,1
vWcDq3HDcN8PsoErage4jA,0,0,0,0
52glsmQhUatwEZ_5vvWMQQ,2,1,0,1
FtkPH-ftY-xRH6TjTmbmVg,0,0,0,0
pLj8MPkuK6OH9EtB_-6Szg,1,1,0,0
PxoBae2DdxirOTdwRIsb2g,1,1,0,0
edO9zyRGJcwiso8ZcAkA8Q,1,1,0,0
R9OkSEvvQl6SACO9nmmEtQ,2,1,0,0
yXj1P-pc6CGDFSta-45L5Q,2,1,0,1
50LSp1WnwMA3PMXXvXDj0Q,3,1,1,1
73wAdIyaeTh6DuZCe-CpSg,4,1,0,0
xI8O5h3Pa0MQlTWf93noTA,1,1,0,0
vNwj8u1KbnKPQFMTd3TDWw,2,1,0,1
gYOkYTO2V5uqVMz_L_i45w,0,1,0,1
WDYaPybbBHI69EVVVb62cw,1,1,1,0
FCqMWanlmta0fIGXWkSshQ,1,1,0,1
C3rH8u6P3wFH95AH8SeNmw,3,1,0,1
bpRo8L8dkhgbJhdIKa9mwA,4,0,0,0
rq-jNRnX_CL9mNq55DO17w,2,1,0,0
Kxbn0XLcCgQqmkdIkhuOeQ,1,1,0,0
-kbPPBNsIPDfMfgUGO7QhA,2,1,0,0
Ub8goFppwZkOGTpfoWF4JA,1,1,1,0
PQWE8a6Opjiuzt7DaX2R6Q,2,1,0,1
WLX-1Tb0BK9u3374SWxR0w,2,1,1,0
aCQbOhehLeej31x6EMY5eQ,2,1,1,1
reSALswA3ZPYVO-6DXF5qg,1,1,0,0
DHa-YDvcs_0LeOT9ojUQWw,1,1,1,0
VPhvdJpKc5nPzT0VdJgeKg,1,1,0,0
xNNAfZJkLZlAeS-I7-QwgA,1,1,1,0
mssvR3i_dbcM079wahykLw,0,0,0,0
Fsc3vd7WeKmuJUQPmvv_6A,1,1,0,0
EqisTm5p7M27J4NUY5XG_w,1,1,0,1
pvo-RRtvw1zBAHRzr8669w,0,1,0,0
e-VnK6aV87kpu1dMQJB7fQ,1,0,0,1
qraqnnpchUfx-vMiTfgcNw,2,1,0,1
hi2EpaTqR9Wx-aj05-eyfg,1,1,0,0
0hp3WtPSxvmJVk3BNTfhHQ,1,1,0,0
wtgrvqXDjAFF4LvJW1X-1Q,2,1,1,1
i_0rSAui4zaz4ydVaOZ6bQ,2,1,1,0
DKAu06HS0932ty3nf6iw6Q,0,0,0,0
7IOt1SahnsyuMwTcuZgFLQ,1,1,0,0
wcYar8rgLFA7Mu3wJUqEgQ,2,1,1,1
wX1ORSDKPkA5ftE7F6UONw,1,1,1,0
cWPTOM_o5toaXpq0gNxD7Q,1,1,0,0
n4HJ0fTMwMEGx07tzhN7Gw,0,1,0,1
P8p9Ni-Kft1uh1c7Pmmw8g,1,1,0,0
aZvpusVrq7hn0PhhaPyhAg,0,0,0,0
HmeRzfULqmvcx_3TRe_tBw,2,1,0,1
qPkyjuQyKMrHkbs2pGg7PQ,2,1,0,1
2SyYW8GiDZsqtPb-aCbosg,1,1,0,0
aEs7Qle2Ah49dwaf3QNU1w,2,1,0,0
yUh85ZlAq_zZ9-rRlvCgcA,1,1,1,1
KYr67K-Ot9HKkv90KaXL5w,1,1,0,0
CR2DMfg3uP02PKT_fuygIw,1,1,1,0
hmRR9whRtnbV5LyIC3Bxrg,2,1,1,0
wZhB4U003eg2GQ-F7D2D4A,3,1,1,0
b5kC2XepQ1-6qCDpvtoxxA,1,1,0,0
MsxXvGps1fjERgIQa0NtRw,2,1,1,0
1nM-ES-xVqL0yQGTCwtd-Q,1,1,1,0
WXSsJIO_uGGSxS9qC8x1gQ,2,1,0,1
I5TnTKHzJuLA0YLZPGCNwQ,1,1,1,1
J9vAdD2dCpFuGsxPIn184w,3,1,0,0
JjsmIYvWfqwx8qkVK_QCeA,2,1,0,0
Aj1ocRaJoocaYEmfD5gjIQ,1,1,0,0
2gI7dlktBQXPZiuOW-HWvw,1,1,0,0
iGEvDk6hsizigmXhDKs2Vg,1,1,0,1
htNNxttBjRmRnP4d0XFl-w,1,1,1,0
-iBk1_3M_efQtY6Bcygp5w,1,1,0,0
QcWSAa1R7jL-KQLzMSXF_A,0,0,0,0
CsaBnIMNCYE0e6NYB2QAOw,2,1,1,0
T_vPBF3WRyHoNXrr86ZhkQ,2,1,0,0
xd3RB4q2Ermmdz41i7RWuQ,1,1,0,0
CXAC3Pfo7jaEciXZ2Bjgow,1,1,1,1
fnaDx7UD4MiodQlgYHDwsQ,2,1,0,0
66jwLkSd6M0cZulZrA3zcw,2,1,0,0
oPDpXdT4CyldMoEbRiHtZQ,2,0,0,1
sTigKodOrD_HIdcZ8msGJw,1,1,0,0
SLY4dDpyYJW003VCTnEReA,1,1,0,0
fNc1WuGwiT7RhqXUIe4S8A,2,1,1,0
GUaPe4gw5KhihfPPqhtSIA,2,1,0,0
KyzPvdGPb2ubVlXJrS2QPA,2,1,1,1
LiOtsNFFkD1S9tFvHnzX0w,2,1,0,0
PqsF56BoiXAh26kXnzSykw,2,1,0,0
N0l-6kdgRXEskiGw3ab05A,2,1,0,0
Fv4EXwV30rwGD2NzN1ekgA,2,1,0,0
JG9UpsFR6hrqQqsKh_RyaQ,3,1,0,0
0yjLZZx708uJbierAonqQg,1,1,0,0
MhiBpIBNTCAm1Xd3WzRzjQ,2,1,0,0
v7UIeEvwNd3fleFE6icm3A,0,0,0,0
rpNPlBwKTEvtAWUvDcHm4A,1,1,0,1
IN8BHY7zkhjUxUh4qnbrHg,2,1,1,1
beXXhtq-We7IkHcWNmLKoQ,0,1,0,0
7T3WU-Up01pgCeygbc_K-A,2,1,0,0
fWoBlf2rJcItGbQnYEKjNQ,0,0,1,0
atSfDP-SLY4GrvBlBPB31Q,1,1,1,1
-U7tvCtaraTQ9b0zBhpBMA,2,0,0,0
Yiz2cRBakfVUOHsThLKyoQ,3,0,0,0
2jfkLlCWymebnlveEPLUbg,2,1,0,1
UPmrHkx4YmNo_QRniekP8g,2,0,0,0
kbUAnpn0QoDWRqFOA_oWMA,2,1,0,0
xMhpJZaj4QT1Soh76-E2CA,2,1,1,1
dXwounE-Qv2CMHo9tX8Fdg,1,0,0,0
DZsA7BXUnQyi0f7HXYcuiA,1,1,0,0
1Dfx3zM-rW4n-31KeC8sJg,1,1,0,0
CKI9Gnj6QiQlQxwJ112sKw,0,0,0,0
R8OZCdiGzYm2Jq4-lPHbtg,0,0,0,0
kDFeGBX1vWiDyJXMYRL0_A,2,0,0,1
e0JaE8S3MdZijvrf_PAYjQ,0,1,1,0
rOyXMZJIFa0_XW2AeXatsA,2,1,0,0
rQtQbCcRPyoVR8-Qrti6pA,1,1,1,1
xywadi1Prn2yEolyVoss6w,1,1,0,0
e3B8xTCLvPR1jZWkoCjuUA,1,1,0,1
_kgk_9chyFpTWbSbPoY8YA,2,0,0,0
-AVRReI-nfsa0lKlehEojw,2,1,1,0
SE6VY8EWjEuAOzl19IQiCw,1,1,0,1
TNRJvG_R1njEdid-UdCjBQ,2,1,1,0
7pFvRwpwxRc8qf6eTWY6kQ,1,1,0,1
d_NZqSypBaSs-2-r32CWrw,1,1,0,1
KKeUEVA7Srq521qBTj4T9A,2,1,0,0
sjLhUww_Jj_GnM8n2EP2Jg,2,1,0,1
XxYU9t50R5NnyUBmZVCEJg,2,1,1,0
uHGXcZ7Tydcg3HZ74S7Efg,3,1,0,0
L97gcZgV8Cm9-MSuAanO9Q,1,1,0,1
QCCVxVRt1amqv0AaEWSKkg,2,1,0,1
gjCmXkMNVE0JSk8puUwv6g,2,1,1,1
9-3de3NJte9Y2YsE3yl2EA,4,0,0,0
ckJXV05NfciL2S1aHAleaA,0,0,0,0
Ld2hhA3q3cdkptwS1fsYEg,1,1,0,0
HfxMovSXJZVqL514iUD02g,2,1,0,0
wq7uhw_hXAPgT23w87O82w,2,1,0,0
YtfQQHdcQ_bGl2V0Agxw1A,2,1,1,1
Apkr-qykgpUI5ltIw7B-7Q,1,1,0,0
QhAmKLX_0AgQe5HLxode9Q,3,1,1,0
TpwCjlKsdYjLsvlYhKGt4g,1,1,1,1
anj8PWjrIOXi1HNHmohp0g,2,1,0,1
yOxuSjJcW7oEWYz9yb4HYA,2,1,0,1
0DnQh8SE8BSnvJltGCCiWg,2,1,1,0
WdB_1TDZanjfBcT2Xj5Ljg,2,1,0,1
EgrW38gqGcNH2tKdRd_XZQ,3,1,0,1
BoiAZQB9AHRvazM055GFOw,2,1,1,0
VVLGIq6ksrgGSfi7VBTmpg,2,1,0,0
-R_u_4Ya8ceUN7qDlvIQTg,0,0,0,0
R_fQGSUQv0L_fRiuua47dw,2,1,0,0
RNi6tW22UMgHwWLAb0mYdA,3,1,1,0
Na1ZZFPoOm_d5fsON9IhzA,0,0,0,0
piHJq_NDrOh5SYk3AyQVOg,2,1,0,1
LtNgP4FqXp5nMFOHErK8cw,2,1,0,1
0n3vcq00Z4ijqwwn-INfkg,0,0,0,0
Nz44ccUso3nq5S2OlQHNlA,2,1,0,0
yhgOJXJd_XAU-8jIvcfq0g,2,1,0,0
prHnRsgY-PuM7vxe8-RwEA,1,1,1,0
IHnh6sKnutS_7IRHguW0PA,1,1,0,0
Tuu_B0QGo7SQUuXW_Nd4hg,2,1,1,0
PbCI9qi0peAzhA7R1xtQlg,2,1,1,0
M4vh_kzppP1nsxo7hsaVIA,2,0,0,0
IFvBnwcWJ54BgMzVnCxIrQ,1,1,0,0
cQzFj5GNz8l_VMJJnW4mLw,2,1,0,0
1M1A-s6BbnzK3eURw01rZQ,1,1,0,0
GSzgEBYd1hYebz1xi5jrmw,1,1,1,0
CGd8erq6Ojn834pQ0gpRqA,1,1,0,1
JYCL0ThG7Xw5KDfyVDgb7A,2,1,1,0
zW0a510NN0P2n4tqKeIRBw,1,1,0,0
ZS3l1Q7InA5h4R8nMcFRwg,3,0,0,1
R_18EYQLNho8-xH6FTRymw,0,0,0,0
urSuLlkYXXI5uwtKIxl9ew,1,1,0,0
rIemri44LKJrqgqRsgO_ig,1,0,1,0
X7lyBcWvjR5F08FyNdyBog,0,0,0,0
Xhf3nW6UahoVpRMkVUlnJA,1,1,0,1
pDKITbL0no7HPHFodv9jTQ,1,1,0,1
G6hnfEg4Iso1-ago1mkr6w,2,1,1,0
j9HtS2p2mJRyKiNhLP_e7w,1,1,1,0
WSN2H-Y3tQu7Ov75j1x_0A,0,0,0,0
AnemBUVAb9NRaselL2KITA,2,1,0,0
__8j8yhsmE98wNWHJNyAgw,2,1,1,0
_yAYxyEBMIbqFL8pubaf_g,1,1,0,0
SW6ZQk22G1_CV81_gfnvNQ,2,0,0,1
rVZfapnQgyVLsNWA583u-A,1,1,1,0
1F4T9e6bRFwL11wnNxW4Ng,1,1,0,1
PgxjXf7enBAyzjR9ftLZ2A,2,1,1,0
tlSnPGiM8G6whUxjc_O_4A,0,1,0,0
0XEqyl_lVaJNHRKxNcjJZg,1,1,1,1
6hnRhJv7O0RgvFT-BIo0KA,2,1,0,0
kJhQq1BFz7lOYLve7xPaJQ,2,1,0,1
ElM8yyW45TAy4vjApwy7ZQ,1,1,1,0
Ue2H-ajY-uBKwGoBDQutCA,1,1,0,0
DVfCbJhJUDWRlUfrKzaKOA,2,1,0,0
6Bb7FE_UzUXuO-wFINJP4A,1,1,0,0
vHz2RLtfUMVRPFmd7VBEHA,3,0,0,0
XYIPXJ9parr9FtvvcGI1SA,2,1,0,0
7rdenapLKDEKdb9e5rlbDA,1,1,0,0
ST-IVOkIRq-DAyTD0e9DKw,1,1,1,0
u12UCVo-zyFTX2Nxf_n63A,1,1,0,1
5hTskC8JrA2zA0mYaYEZpg,2,1,0,0
vC2VWfjDMtnQMELHx0tm5Q,1,0,0,0
-Jx2rd2rH7MlWfb9RMtCFQ,2,1,0,0
huNs9XKN4_ig4mVL04u9yA,2,1,0,0
k7D1eFxN-_Ry491C-RiMpw,2,1,0,1
Vx3zDwV6_jB3abXkXK4jiQ,1,1,0,0
JwXNyXdJmk_YnXokLhpI8w,1,1,0,1
-SWWUof5TuWDVL5SEAml8Q,1,1,1,0
71gXwJhn1Mdcdk-W9f98ag,0,0,0,0
lrAUseySfmFeZkWOGfsKnQ,1,1,1,1
7wHLFohwCw8l6WS-feLjeg,2,1,0,0
fia9wLvJYq54MCkMxH9_wA,1,1,0,1
2ivGlp_mVzwFaPjatAERXg,1,1,0,0
uLUl_dMl6a9m774LGReDVA,2,1,0,0
yyl9pFzi4UQMfYwLCmcvsA,0,0,0,0
b5OTjiOjEg_UkmObTVnf2A,1,1,1,1
OaHfq01gm8PTYkJ36k1feg,2,1,0,1
Pg08gKwJApGWoHtnq3aWqw,1,1,0,0
ibOX3CypYVz0nJhCN5Wmcw,2,1,0,0
6Y01DAOBtDo9BwXGW4dR7g,2,1,0,0
hmEM8tyaD04mf6VXPG5JhQ,1,1,0,0
V-0qRzBHKixmQgon_fW_AA,1,1,0,1
CxzUdREgfS4ymtXFSREf8Q,1,1,1,0
gx2yPrOJSwF1ApJYdGBWIw,2,1,0,0
JfHXzulF6yIKgA22YYPedw,2,1,0,1
YS4RsAaaw_KYYjnHnLD3OA,2,1,1,1
llifBVCFAnr124WdKXmtLg,2,1,1,1
befsa_UXVGq6n4XUwA3XYA,0,0,0,0
ZBb76kHYv6b-Cn4CkiO2Zg,0,1,1,0
yTTEhnUOirRjGjxkObQTVw,1,1,0,1
FkJTuuqeJL4jHi2FojX_fg,3,1,0,0
CSaVK9wgqe2_tQuuCDINyQ,2,1,1,0
gwM0ykDKKpKgKzwtU5djqg,1,1,0,0
_LNVUUb8bTvOxfUNABf0xA,2,0,1,0
gtcsOodbmk4E0TulYHnlHA,2,0,0,1
W-p6Tx6Wfj0hseH80JgDpA,1,0,0,0
JijwZPUuFqQqUekNR--dfw,3,0,0,0
fsTyQVRjkR7tPGI_FzfCKA,1,1,0,0
7RiWdR02uwbPjTJVUhmGAw,2,1,0,1
geQG2a9uO6Q9hXVx937Kbw,1,1,1,0
RsSXhZnhKsH79uAMbxg9mA,2,1,0,1
7zMwR4FkvTbSGY0vRT5Ljg,1,1,1,0
WMj5Uj04pAqFxLMnJQcQqw,1,1,0,0
UfcwUHtPrjRDL8irHCWqpQ,2,1,1,0
aJR1iUWwNVBM692gq7adBA,1,1,1,0
yVBgxJoLTQyspbCNhvUuwA,1,1,0,0
H29uI-_FVlo3zuH5hFC-yA,2,1,0,0
SZOvVtg0mGOQcNzzcH6Qow,1,1,1,1
GT9Hx_Na0vH3Na7ym9dp4A,1,1,0,0
_cRDDAasE-4584eXN_5Ecw,1,1,0,0
xpCBsOqICPNtcR07qOL0bw,1,1,0,0
Gh2JfQaMdzaAsj_FfYYebg,0,1,1,1
2Xh-ZYlvm1SxcKdEaD51DA,2,1,1,0
XydKWBaKYDO2BFXs8pXnbg,1,1,0,0
94mHPEWCqcHULzEfhvcl9Q,2,1,0,0
KvlI2QK-HZYv1dqd31eE7Q,2,1,0,0
qpaX3qOHBSOAEDUcIs8SPQ,1,1,0,0
yZnEwqTGpkrj_mga5zeZmQ,2,1,0,0
v_xuLfW7TXBsQctpOuPvQw,2,1,1,0
ncEJaX_79zZGSS1NQNzu4A,1,1,0,0
JZKefaX9VXvmkcfMmbyrEg,1,1,0,0
x-BB2AVFmS01i6GLQ22_9Q,3,1,1,0
IcnJlauqhHfelo_qp9uKuw,1,1,1,0
apHPFnDUIaZM7uZoB9DXfw,2,0,0,1
TAyCOYufOJ4OtxyHqfdlfA,1,1,0,0
t96VplJ-W6Z_mRjBuFPOmg,0,1,0,0
nC88cvlUf-KWBlM_tLRCYA,0,0,0,0
S-oIZWzHhTRF3iqqQMvYoA,1,1,0,1
jdbA0oUH8mGG8aSigNa-5g,2,1,1,0
UivDzG-AWhcfX-ADpg3Riw,1,1,1,0
ept9mIlqGIsemr6w0RczaA,2,1,0,1
9VMAIC2JCKDPpqBx534W6Q,1,1,0,0
bGuxRBRKv7i1BKKfGbjxEw,3,1,0,1
xM37qm9Wbc-hOAS7-Xse7g,2,1,0,0
sED2nCJYPWgjTK64_x9IRw,1,1,0,0
BORPULADzZV6_LJZzcsywQ,2,1,0,1
q3dJQtwZQrrurNT-1bNKgQ,2,1,0,0
RJ5UZBzWm67j0h6cxV80kQ,2,1,0,0
g9IeZKQl0TamGI8772vYAQ,1,1,1,1
A4zLP5AyKEEHQr_dWEZKig,3,1,0,0
CHrAzFjnUHhrxu2Q8UgnsA,2,1,1,1
XR3B1OS2p9tCaRIK-LtULg,1,1,0,0
kn6KOuQXlRxbLhOAluNFpQ,1,1,0,1
t9wNYKJz1penDhrTPOr78A,2,1,0,1
2hyciWHsqnbqdEkUvO3KuQ,2,1,0,0
-ot4Xd6GxSUOqwUj7okZuA,1,1,0,0
X2oxkKB-wlu8xV0P8fbfiQ,1,0,0,0
6uV3KMOo8YQofuNUs4D9pA,1,1,1,0
H5poGfDHCDMip7VYi7u8Rg,2,1,0,1
ohDvHtWVpCJ_6b1UrjGRPg,2,1,1,0
EY39KMDG-WFla8GL-ff_iQ,0,0,0,0
s_nmAD66jFKgMs1ZrUvaYA,0,1,0,0
bASTlm60RqIksYEmUgDFDQ,0,0,0,0
HewQZ7hyegytoABzApyUiA,2,1,0,0
a1TTRvtMCDoxalOU6mUycg,0,1,0,0
ALn_0f-Usn3n0a9WBcjhhg,2,1,0,0
y-Iw6dZflNix4BdwIyTNGA,2,0,0,0
Mgvk_jOcpmE7OWbLQRGx9Q,1,1,0,1
RemVo5yYDk57dKdZwXMyVg,1,1,0,1
yLZAThtPscqQ6XIvXftUMg,2,1,0,1
lym9VHmU2QupopVsMGt7lg,1,1,0,1
yRvmDKX-Ocgd8zq_iMgujA,2,1,0,1
5MzGPxcrSPoWQc_bRmOXoQ,3,1,0,0
ydcNlRMKs93AQpOhVkSrGQ,1,1,0,1
89KIbWrwmgi0qGmTYFaVlA,2,1,0,0
TrOgTZ0DfmQxvpTehiNibQ,3,1,0,1
1laaO5PS8fLK5kPTkSSYsw,2,1,1,1
SeNOJ2zYHziptxLuiRINLg,3,0,0,1
1KhBzrqmU164bss64jR5uA,2,1,0,1
oo-kGk1BEWpuDvSE4gfmgQ,2,1,0,1
Cp-clhAJs3NJRwXpXk_saw,1,0,0,0
XQJr9_jZR1vOoZVcZfDDwQ,2,1,0,0
3pN4Zqfah-EEjQY1B-8Tcg,2,1,0,0
OdViVhR2ayppzkN2WtIScw,1,1,0,1
7DiGCzG9-Om3trB5iJYcjw,1,1,0,0
lhsETIUHGR1aOx8b0M0hPQ,1,1,1,0
oS0CnUbyv0GUoD3L8_3UPQ,2,1,1,0
WbcN3mkRgoV2RtGMCMVr1w,1,1,0,0
_0x7W6fizaPP76xNBxBLAQ,2,1,1,1
mr5hwhIb_qfpTg9mbWHgsQ,1,1,0,0
Yp3yuxI6hIzGP9xb5a5-bQ,1,1,0,0
fs5MuKWT28LAa8ql_mq43g,0,1,1,0
z_46RY-L3vcMrH3-wxCp9w,2,1,0,0
19lr9xcN3Ud0w0UX7bl6Qw,1,1,0,0
rjlAUHT8B6KhKAmkZqS1xw,2,1,0,1
5pObrGpv1Is5WLDeOFSDIQ,1,1,1,0
38YPE4KCvgChy9y6FcksEQ,2,1,1,0
sJ0MYSAIVK28cMzh-s-NPA,2,1,0,0
AT_xDv2Lm5K7VtER1fp-SA,4,1,0,0
rubQx8VlHZT4_IyMUs75YA,2,1,0,0
a9aW5e731lplWGHUZ02-zQ,1,1,0,0
XDYCIRENiT2doRZgwNJ3SA,1,1,0,0
ljkZuPphAFpuwNF1o9-FGw,2,1,0,1
CNXAVovX19R5GUNVO4_GzA,1,1,0,0
W4MGrorVjGwe-ioZF5ixjQ,2,0,0,1
PgQZfKQwW6Q9fIvViD7Xrg,1,1,1,0
sSmt7JFTDNCcK1KfMVO2hw,2,1,0,1
l7_pJgcg2onEj5QHWzVFvA,1,1,0,0
7wMCJ9NqL9eBEX4WdJWuIA,2,1,0,0
uvj8Btq48WnPNLTXtFaunQ,1,1,1,0
2XibM_ahlC7kRP59gLOnCA,1,1,0,0
fRDNQyptBl3c-AggfwfMCg,1,0,0,0
LpdW1vh1AVm5QznEL5j03g,1,1,0,0
_E0uYmCuRhPVYRwhssgKGQ,2,1,1,0
vHHHbPjhXtLApOmBoGWLww,1,1,1,0
uN2oZDJGO078ExbbV_DGmA,1,1,0,1
dvOW0RTqmwQTB_ZmNm2Wag,2,1,0,0
Mypk1XBD6PQ77zLXyMiKhg,2,1,0,1
9MA7T15gbbcmKz43r_Ad0g,2,1,0,0
kzKoDFhpHeExqGHH5wlA7g,2,0,0,0
nl2nsBi9U3sW1R34nF0s0Q,1,1,0,0
t4PZ3r2eTPeDXWNiV4Cr0g,2,1,0,1
EQD9Ii9UOFnd8lorP5IsEw,1,1,0,1
OmJ0z1Vu0prxkfTROQ5KwQ,0,1,0,1
Qzq-m_TKJ-Iv1BmYLcjlVA,1,1,0,0
E8g8SNXaZb4QUqJMe9JFyw,2,1,1,0
e8aRJbv2EMH5DqMzbDK8wQ,1,1,0,0
lwPLBi3U3HKC0fpXSkyUwQ,1,1,0,0
miUYb0E10sNtXe-qXiYjbw,1,1,0,0
Vw4m_3DyDQgMPU8ouj86ZQ,1,1,0,0
XVjTeFc18ihrT06SU3rnUw,2,1,0,0
_j2EtQtgLuXGRBfbM5YwZA,2,1,0,0
4F_7Ihf9FBXCW6PUllXptA,0,0,0,0
mfQfNIb3TYeBSxsN1WD8eA,1,1,0,1
T3C5Mq-QxshN7qH_HPQMpQ,1,1,0,0
mUohdQQD8EU6qPwspB0AdQ,2,1,1,0
pnh86QLP4XpUiSkYRMkR-w,2,1,0,1
ZVCSVpPiBsw9Go7Sk3SHgQ,0,0,0,0
XnNKFv5xqdPd9K1aAW-uUQ,2,1,0,0
iPUk1Q98-D1YgUmA0DaSQQ,0,0,0,0
aL6HK8EBNMPUWm3zi8xtew,1,1,0,0
YhV93k9uiMdr3FlV4FHjwA,0,0,0,0
8a4ScB2OYz8uVtp1PWP5jg,1,1,0,0
CsS9WsonGYyE3vINi5bxSg,2,1,0,0
QvC9BTeewBxMgdUadFglKw,1,1,0,0
KJn6MkHUXtpMKloNT8_iVw,0,1,0,0
acxuvz6Dbs0d33gJzZX7zg,2,1,1,1
bxQUVVI8LR5RmyTYYJq07A,1,1,1,0
aaganQgquH_n5CWe80haXQ,1,1,0,0
4UmjnX46qbhV6-D5W89IOQ,1,1,0,0
pdTYUCGkYz35utxPyUMoag,2,1,0,1
3Kx4IdA-knGK-9QrGtGl2w,1,1,0,0
VgfqjXetLMxn5X5_uomBkg,2,1,0,1
yjlrIZ5FtsiYFIn3xiaNIw,2,1,1,0
uMfR1JzSJl6s_HZbGLWVXg,0,1,0,0
10Ft6GZPvoZyRWi1bVo3Rw,1,1,0,0
MOi64A9mDpK9zUB8546L8Q,1,1,0,1
c8W-jLGOk74_h9gOa68xSQ,2,1,0,0
I48hKUHApL2ae5yvq7w1eQ,0,0,0,0
9pp4WAPcvgwA_3FsHmMXBA,2,1,1,0
xq0RhDKNNUg8t3JJUqX3fw,1,1,0,0
1ojeNI9mlgKku1qMRpuMOA,1,1,0,0
3cXsW6HxqW1HS4fcNCP1HQ,2,1,1,0
UNMBMKI9FjnO9flxPxV-1w,2,1,1,0
R0QSO4UJaOJ4JzRLTi4uPw,2,1,0,1
079CV1EE5WLdQqVEVYFeHQ,2,1,0,0
COgwFthJpS4We16W5Gf4lw,3,1,1,0
GHxoLiZCORG_38rYV9OYGw,0,1,0,0
SLH_6FIjptg5BEJbYNld6w,2,1,0,0
imQhuHcfewuq88_EmyRrfQ,0,1,0,0
Ghg5fh8Md8Hd6_vnoQj_oQ,0,1,0,0
XA7hhTrBn0QQA18DK-VJoQ,2,1,1,0
bSbAq9ylam6RInhbm2aZKA,1,1,0,1
8AWnAA7aUk8OO5oLz8yvQQ,2,1,0,1
apdb7MGnmnx6nGWBJ0ch_g,1,1,0,1
YJi-xBxsTgegLF116qjQWA,2,1,0,1
9XelmxS5q9tv7uClvjGqMg,1,1,0,0
CDl0tbkfSZS3UHg5_L9gBA,2,1,0,0
8pewDasd0KjSHI90hFo8xw,0,1,1,0
r6bvqwhWy73SgyK_w8Y5Lg,1,1,0,1
GzF4lVSh61sayvwVMp8RmA,2,1,1,0
zdW81Pk8Q3jA5sMj9AHOrA,1,1,0,0
BZSzoBFhkXBUQTx4Cgl5Aw,1,1,0,0
AaLvYFsLuyO1uGk0QLxN5A,1,1,0,1
8OyEa0ArJe8r9CDAFmCUWg,0,1,0,0
KsvJoqJ4aRqv0XYoNdbXXw,1,1,1,0
DXqZZEXApTmRauLzSUh1nQ,1,1,1,0
DDs5YMhAjnP6oA5-eGw_TQ,1,1,0,1
jVJcR4y8q7FuwlK0cYVuyw,2,1,0,0
2jkJ7odjlDIvDqJf2dwzaA,1,1,1,1
TBzgzTFSa7pJXiLD7emYaQ,1,1,1,0
qqs7LP4TXAoOrSlaKRfz3A,2,1,0,1
LR0qF0FEVsCOhYWUOiH26A,3,0,0,0
49fcUkW5tOHlqBakrWTMzQ,1,1,1,0
maJvbTIlMjOoZTcsGUqHOQ,1,1,0,1
oUE9RDKKhb3RZPA8EQRJDw,2,1,1,0
3QQEc5QUP-h6LCkUZQEYQw,2,1,0,1
dg5hk2uYsxrcLs7St66C_A,2,1,0,0
14I5aGqNXvHLKSKS8PAV_w,2,1,0,0
xVHzCbDWCwmyavF5PgJRmg,1,1,1,0
flEnFkUtW5YVowWbenXsSg,1,1,1,0
A1ZRCrjOMOwQGj2hCYWDEQ,1,1,0,0
iQ6ydwCOKHlz8BPpJpj2Zg,2,1,0,0
n-zs5Cxn8MeSVPtodzvqIg,2,1,0,0
BQmrbbfd-7RLj_mqFie3Dw,2,1,0,0
v_XG6rpmOIqxMYyTfNKjaQ,1,1,0,1
6Ve_2kEz18dvhp4q3M5I2Q,1,1,0,0
aIyqvsWX2NPCVjW4EOTHFQ,2,1,0,0
COExayvsDDJOjWTOFZ7a4A,0,1,0,0
v5b0jWUV_F10vBvJ51A_lQ,0,1,0,0
rrEdMe05VYoLju96bA_jzA,2,1,0,1
2O1GOiDhvXywzysqAJHkdA,2,0,0,0
I6MRD0JkDDa74TbVOJ1ykw,1,1,0,0
ftgmU5MuiXK4yP1CU3vqaw,4,0,0,0
l_ph7O9NYyEjMwpSc_TLTw,1,1,0,0
DnalbBqgX7afqSYgO5R8iQ,2,1,0,0
7yYexN1Q5ShE_z1MH2TDTw,2,1,1,1
CVrySTnC86omXXAm0GJMyA,2,1,0,0
NxZIySJr3DjROJBkl_KaEg,2,1,0,0
CzGHuG34OdBugbMLAqi9Sg,1,1,0,0
JnotDMU1KOYHm5kHHuPnyg,1,1,0,0
evJGY4DnDAWP6pJownLY9w,1,1,0,0
IV2CLIAAvF40lIFsu0BJtg,2,1,0,0
rHxc9sR5ELjboLqd_fUzJg,2,1,0,1
ppasQEo3jPkBdwdRGVd9WQ,1,1,0,0
ByR685ThcDqQ_bb4A1oj_Q,2,1,0,0
ZPwx7ktiVluGFVg0L05n5A,2,1,0,1
y7tDTX4WWAvLxwqAMs9D_g,1,1,0,0
qCTuGaciae73u7C57s2_0Q,2,1,1,0
a48i_DFln5e1oaJKNM6BUg,1,1,0,0
CgtLpRLRRKpw5nTvWxlRWQ,0,0,0,0
fzQeUR_AvjpwIWjsMDAbGw,2,1,1,0
CcV9dB7MGQkFI90-UEFcQA,2,1,1,0
nZL3HK70R-WABMoS1T8quA,2,1,0,0
jCu2owbx8mxCrl2c37xoFg,2,1,0,0
PsRvJffbQdaHhK9xHxB06A,1,1,0,0
KGiObVBRve0oEyMBfOywcQ,1,1,0,0
zuwba6QEBIDZT0tJZmNhdQ,2,1,0,0
iHzgeI9ryIniOX9-AJPbcg,1,1,1,0
Hj_pXjhl-J2yjpJX-vyeMA,2,1,0,0
rcjw4QjAbu1jvW6gSNvRlA,1,1,0,0
3fT1kcQ-MVEImGHa3hll5w,1,1,1,1
RWFC8Ht9gWcRc2vX57OPsA,1,1,1,0
akuwT08x4nnjG9yfFcJ-GQ,2,1,0,0
O8sBSjxL8hQbA41lKtcoJg,1,1,0,0
okkgZzoJip30F50mTUc2Rw,1,1,0,0
9kk7eaffUzXwh-KLmKLxzw,2,1,0,0
VAEMdy7M4Cm0fn_Itteemw,2,0,0,0
Y3FcorCGv0U-ecprHT1Hxg,2,1,1,0
_JusTiXCx4qqhO_HfLsUtQ,0,0,1,0
x2CLU-qw2Hpwu2vSGLEorg,1,1,0,0
naO2DJaInOVGG1ZRgA3N6Q,0,0,0,0
ZP_1K8uC-YGbdPQ0KfNJog,2,0,0,0
tEZPHzECrTUVWr07RcKpTw,1,1,0,0
SEjyjYlMfFFzkHaru6JadA,2,1,1,0
FxEJjLZj6UdsOCGcgEufeA,1,1,0,0
Qyg-cSYZyMQhSlS8vEz1bQ,1,1,0,0
uUvnimNxg15Ds9r0SC3oMg,2,1,0,0
9SHoWGXsGOCa5hOjBOzPtg,1,1,1,0
Yg0447fZUQrPfUNBt225iA,0,0,0,0
rmHBam1Z0aBARUd45IG_qw,2,1,1,0
FfG8twx5K18y268Gp4dSKA,2,1,0,1
ftvZ6BVmbZndKcVPEdakIQ,2,1,1,0
twirfhS-LvbQjAoZjoxWOQ,2,1,0,0
SuwhEmo9wE4Tis4i3Sg4Kw,1,1,0,1
9d36_PI9Fh7kZ-Pybr2QiA,2,1,0,1
5K5Fppbmvsw9znotxVOXng,1,1,0,1
_zcM__-4oEMi4aEGyLNIuQ,1,0,0,0
dnBQZpWTyJzTe0QJf7YK5w,1,1,0,0
d8eIgHY4edzci-mGzU5a0Q,0,0,0,0
yjUgQXvycpnH9-lfBA2sgA,1,1,0,0
SpeZAJN0ACO_m3Z4mcqwpA,2,1,0,0
J_btDyZbIv0hZNjrw56zlA,2,1,1,0
dDTJv37DK257kf74ZPBcxg,2,1,0,1
iNdMl5rb4FKFFgmzimuzvQ,1,1,0,0
M-bM5y8qdE-Z3mfZept1EA,1,1,1,0
PlTdQdCWu2_hjbSuenB3pg,1,1,0,0
TZl7YBuzo5awZP8QJDLg_w,2,1,0,0
7NvIgf7XW55OKa5ZU7gw8Q,1,1,0,1
cfT6rmhWvUnbEqfKXhwxYw,2,1,0,0
QNdNPr3f-WdESYo9WabWpw,2,1,0,1
1dX0u7zsjizDvatHEutHdQ,1,1,0,0
omU26JKzbqXhugm0O2U1mA,2,1,0,0
T00dMi_gQdyQkE9GKJFVSQ,1,1,0,0
zTr86H7j2bKQT13KBhBpPQ,1,1,0,0
Dn_x7Fiy4OEmCKHpeAV1Rg,1,1,0,0
NumovRCL1dMSLGpoPnSeWA,1,1,0,0
PpD_gfjcw5nsjRmFeAR3_Q,1,1,0,0
sXLdPB6WWaAN_ZsEAmCF0w,2,1,1,0
YrqQWT5wzBUumklE4B_XfA,1,1,0,1
qGW6A2w5E0rfQV-0f5jrVQ,2,1,0,0
S-FDDYNks1fXSoddvW9WvQ,1,1,0,1
41o1FUbCYKJv2djtnlkzlg,3,1,0,1
wHTPHng-wWg85AF_y8IDuQ,0,0,0,0
qflIO8MUjwBnpY0R9wZ9Nw,3,1,1,0
8Uq4KDu10q1NAjA86v5Oeg,0,0,0,0
yb7ZtgMWSZboG_sSUx9g2A,1,1,0,0
zJgAFcChZslMk76tMcv4xg,0,0,0,0
ukCTLs6T8LY1eUBXiAlmCg,3,0,0,1
bS1QYpfEw7oIteDfTzpH8A,2,1,0,0
ySBvgchqN-sJmvUQVcTpnw,1,1,0,0
fT6Uwl6abRQfiNgxre_qbg,2,1,0,0
iCQpiavjjPzJ5_3gPD5Ebg,1,1,0,0
QKw32mA440qR7iNQ_vQnyQ,2,1,0,0
jylz2TZWeULXS_rn3sal2A,1,1,0,0
CyQXHdumQvxKAkXglORTdQ,0,0,0,0
QoXT0qI6_3WeHImUuLAyjg,2,1,0,0
gtB-1QxTscdPj78UE5sWuQ,2,1,0,0
EDcZRvERC22Cvw1yi4-VKg,2,1,0,1
cRuk2y-LeWL42UVEkLVU3A,2,1,0,0
H_8s_q1voT45Dg45XN5Naw,1,1,1,1
dc2jT85aZGNguurhIwJDbA,1,1,0,1
mU4EnLW8Z6GRvA93HSwInQ,2,1,1,1
mA3kz245czbdqAyJMg9BsQ,2,1,0,1
Zps5RW0brl-s43OvlCgZAQ,2,1,1,0
4x55GDKIP4oHh7H2TKaaHg,1,1,0,0
msPPUPKgPTlGXh2YrBAt-Q,1,1,0,0
I_WWH2vYccjz-QxW3u1zJA,1,1,0,0
OPwC1xFjSwFMVQHy95970w,2,1,1,0
EMHFX2g0xHTKy0RRujkxUA,1,0,0,0
IzwOOLiR1r7YnAK1WR-vDw,2,1,0,0
Zrx25j1M794Nh8fUGB8E9A,2,1,0,0
EnCIojgP5KTr1leaysFE3A,1,1,0,1
pVcaSUJ0IcHvwKwETawT5A,1,1,0,1
4KPp6fLU8WJHJ63bxSb3Ww,2,1,0,0
HJdcjuoTcaf3aBPBxYPc5g,1,1,1,0
BcrTHaJULDlB1XuW4RIb_Q,1,1,0,1
Klb6f5FCiJrHRcTcn_yrnw,1,1,0,0
C9ImzBi5fn742ZcAYDww2A,2,1,0,1
6mUidMn4-TEj3_-LD3lsSQ,1,1,0,0
Q5olb1x6FGk2oLAlc9p5Lg,2,1,0,0
KjCEF8aEk1ZBCrJitRi7fA,2,1,0,1
AkxbEOc5fz89ra9LLijJcw,0,1,0,0
MnYGGxWpMyQ7oncUPjbEmw,2,1,0,0
W5d8iNog90R-qw43m5dGwg,2,1,0,0
jemdJGfzecsGq32yuTnaYQ,2,1,0,0
JOqH0qOAVL7OfkYW3opg4A,0,1,0,0
M1-aQ3XIMoAQeCUS0xQ4Mw,1,1,0,0
SAIrNOB4PtDA4gziNCucwg,3,1,0,0
aGzoMSl-Qy53emT96-Vmcg,1,1,0,0
ngIcoAQTtsDIWuBQcjdHOQ,1,1,0,0
E67gGK8yOn9kkNzx8FzQKA,2,1,0,0
dJyvE8huwBlyUWcjPJJFDQ,1,1,0,0
UDk7qUVIetK3Y3NuARguqg,2,1,1,1
ZAqgv1gply0m_4fHAIffWA,1,1,0,0
tm-0kaz3A2DN6HdRcPwBzw,2,1,0,1
y8wucy_3sH2FGE1auFpkXQ,2,0,1,0
EzvQSacRpQhFU_p8NgiVJw,1,1,0,0
RPO5ISR18Xllgk9ahdPepA,3,1,0,1
FlsVt2Sn3KG2Zr7gKeYQzQ,0,0,0,0
OyUfEt9E5LuGg66_ciGVwg,1,1,0,0
3jUSHsTY3yiW-sJhZKPQzQ,0,0,0,0
ivjJxc3IhwrY8r-ESilEiQ,0,0,0,0
0V18KwdtfsdrIu9xyO4GLg,2,1,0,0
yCK1Ok69D7TSWJESZQZHiQ,2,1,0,0
A6upLxml9nNaVT_V3oIUkg,1,1,0,0
BgthHqiXot2s4Sd_xcI6DQ,2,1,0,1
Ko1VahSCJYqdGs-ElvA_BA,2,0,0,0
sc9GaupuocNSScOm0J88aA,2,1,1,0
PyjnsWzNUTo1n2ohq0QznA,2,1,0,0
9ugldqLxU4IfRO-EG4WrQQ,1,1,0,1
IHoPEi8RltLLGzE3GrT8ww,2,1,0,0
C2OrJwFnulmIRYuqvzBKdg,2,1,0,0
rBqek2924sBTjW1qE2ci2Q,2,1,0,1
6llKs7K_tn8ChXcIM-oTvg,1,1,0,0
_iEl9sCLsvXEFHUWPvgsAg,2,1,0,1
oRgoOhwCex1X9j1iQ9ou3w,2,1,0,0
jCdi1UV7Ffuyav6bSMb3-A,0,0,0,0
QKCu3cKjMAOOZI7tEfv0zg,1,1,1,0
2QFBEf71QHshBxMU_6LCsQ,2,1,1,0
yz2EimDE7bBvq6b4mDe_zg,2,1,0,0
05Solp0aY1YTZqoORMjUTg,2,1,0,0
prmB45ETnpuTwc-p_ztAVA,1,1,1,1
PpHnxQaRP2JNjJODQDX9GA,2,1,0,0
Rnck2nc0j-FbolNiae2grg,2,1,1,0
DE89UdHFMCN6DtYWZuer5A,2,0,0,0
ghVhlFpNhfBwWDFGSlt2JA,2,1,0,0
cJULzry7QBjR5NpUcjZ8Ow,3,0,0,0
8OaXvfag7E7oznV4rVb7vg,1,1,0,1
qB15WElGAlI_eGWjn0kT2w,1,1,0,0
Al-cFxIKoJpbPW9Roy0FEw,2,1,1,0
q9X0rwLBGehmRwXFqlWE-A,1,1,0,0
cxFZ9pFvWvP2DWjw0-G5iQ,1,1,1,0
gyPmHqIqC5-RAAy51oiafQ,2,0,0,0
fzpnaYOqBDjKnnAgFcgR8A,2,1,0,0
CgCp4FAVXFnEuDavxicrfQ,2,1,0,0
FMKaY9ob7ZSxFHT7fBROHg,2,1,1,0
60kO8s_xOEbwqEOwMieMXQ,0,0,0,0
NsbcCa8_i0RQjXLhpeLixw,2,1,0,0
OezwOIJ0_62Mj8MLdkGRAw,0,1,0,1
fCiTjtJYuDyk1xYtauYxEw,0,0,0,0
WUswpeAjbiww_xkSS8jTEA,1,1,1,0
I_a74zmgR-X03LsKISWPcg,1,1,0,1
WzrMNz9eUF78RgZGDTS8xg,2,1,0,0
HkPnai4LMRjAYZkZ2AQLkA,2,1,0,1
fPISsMIXOYZP1uins2Bwyw,2,1,0,1
yP-6hIA3qGWbIz0p9zSaoA,2,1,0,0
dk4Pp6kCZ-17Rf4A5n6dIQ,0,1,0,1
7XvmghjpF4lwigeY1En1_A,0,0,0,0
P0-oxpGOTqRYbXNUye0IFw,2,1,0,0
UjN6x14j9Tj9QbDYy-TzAg,2,1,1,0
9f68hfHK6gNyHWmt9guiJw,1,1,0,0
Zju9aNvftYAJULT3LGsZzA,2,1,0,0
AGHYXLa8ybk-M4OTJKNBnA,2,0,0,0
6W3hdaCjx_n1kADEuORduA,2,1,0,0
VsewHMsfj1Mgsl2i_hio7w,3,1,1,1
qrSsS0pk7SL67MP5nN8tlg,3,1,0,0
AuWFn084piPDQS3T_THJIw,1,1,0,0
ABDFv4oIBA72UkNwVI_uBw,1,1,1,1
yYkvonvBGZB6UMnpzr6Ryw,1,1,0,0
GLVahCssTKPBY_06LzUGQA,1,1,0,1
8XZ4X5WUyM1sWscObramwQ,1,1,0,1
lLXfH0cizwDN3kNVnoTOEg,1,1,0,0
xFN8mRubo3G0oIzJwc8XBA,1,1,0,0
SSFI9syOoz84W9UnptYEPg,1,1,1,0
ZW0EGqx6jeBe_7ihmLykBQ,1,1,1,0
nKph91qATrPCbJ-QwZjDZw,1,0,0,0
sUTgw9d2-OkYSRmF0wK75A,2,1,0,1
333W59XcrXZsJlnBAAx5mQ,2,1,0,1
rnCrmDHCquJwPY9T292l9A,0,0,0,0
9P23-V64kYz3trn9ecaJJA,4,0,0,0
BAbRAGFnht4BM0QG_OM1Og,2,1,0,0
hqi9zoHMqpSLy628aHGVOQ,1,1,0,1
pNZAIoa4qg1ZIHABxzRbVg,0,0,0,0
VIVdyOc5dWBMWdtzM-Hw2A,1,1,0,1
HJEaoW2OUTeZuQcygYUpqQ,1,1,0,0
yUkOP3Tmdp1pWA7p3zHboQ,2,1,0,1
VRwT0pscR5vESCrAnUpNwQ,2,1,0,0
h-Il9oq7rJKkRTIEg9uIOw,2,1,0,0
KvwI8h3xGFFFgA_DahdnAQ,2,1,0,0
n1S7XnZfCCDIWlMZ8yUvEw,1,1,0,1
4zsyBbLzY0lPC1vlvKa9hw,4,0,0,0
BIwjYT9nqbkF7kbzne-tmQ,2,1,0,0
pfpOi3Q-Yap72z2bLKdWPQ,2,1,0,1
aVKBmuvdDmEOgOfqaSF_xA,1,1,0,0
5By2_wEFEzCO1-34AdJxGg,2,1,0,0
nCJMgK00U7J3MyjLqZOSeQ,2,1,0,0
ZGtv3ROGb2TqZil9Ptek3A,1,1,0,0
QWbRrFpE-xXAToUbO83Djg,2,1,0,1
VDT4UpFnwTqkFMOkjPQTwQ,2,0,0,0
YPTR9EI2w75WeuCnS_JJXw,2,0,0,0
A7glw1TI5YmoIQWoMhONpQ,2,1,1,0
Qa4eXuZ1IFPwnVXJcpZWtw,2,1,0,0
FecWyJGnrIk5AYrR7C67xg,1,1,1,0
7i0kkZ79MMkI59qCGilltQ,1,1,0,0
tnmnxPV_H4fOFkDqiDnqwg,2,1,1,1
CqN6eOajC383xL63tu8OAg,2,1,0,0
XTc_HX2KbKzkKrRklZUDiA,2,1,1,0
nT16Y6AsJDwEpUB1JICKzg,2,1,0,0
APIbThZ8PYfWsdK4Z0D5Rg,1,1,0,1
2W7ATgSmo2hnTM3e8081VA,2,1,0,1
_-OJ4-bPGyKQ9Hcc5JeSqw,0,0,0,0
2Wl4o7l54I-EtxtaDpOTzA,2,1,0,0
pwtTn72x7Nqp1imaXw9LvQ,2,1,0,1
QteBKpZTRa2dJ3u7MLiXww,1,1,0,1
MC4becrrM9ntmnfMrD9b0g,2,1,0,0
bgx6gYdktqEoQwBdo5lRbA,1,1,0,0
Y7Mt00v9wDhyz7k3AlXKzA,1,1,1,0
FoRVCri_clZDdhrYVlPmQw,2,1,0,1
da17_EW7GaYZWw1Z1JKSmw,1,1,0,0
uHnLw8FsZLYm_SC0jnoY6Q,0,0,0,0
dUffgo9Lh_Vk9TLuFR5ywg,2,1,0,1
W45EAHPo4Jv1hpuriQ2z5A,2,1,1,0
AHeilK8QgEn6on7tGFVYnQ,2,1,1,1
UW0ZvqEj7laMZVHjcwwc1w,2,0,0,0
oWD385Ues-RWJmhP_Riz1g,2,1,0,1
bNHeKmkBx5emT9xLfdWyjw,2,1,1,0
TgcjQfl1E9DE-SjDVOUDJQ,2,0,0,0
XcWlBj5oQgzKhR7Cxovj3w,2,1,0,0
TR6vgFkV1RNv7uPyOSBzjw,2,0,0,0
J7zTx8hrZ3p1h_7JCdFthg,2,1,0,0
Xdzd_3-eh0sxCZOXGhEWkw,2,1,1,0
gOOc6MDdhw7fV0Tf30mfAQ,2,1,0,0
FkdG2Qsh0V2UmrEOn_ImDA,1,1,0,0
ZsGnt11KrZdvtuY67sxpQw,2,1,0,1
W4hWYHAE_MBqYoY1ZJx8fw,2,1,0,1
axJFWAeEJ-kRs8LFy8ow1A,2,0,0,0
TL4KaVKtHJfDeHrAjUFdeQ,2,1,0,1
vOdFaWm5VgenJODzk_nIQg,2,1,1,1
Ze4VPogvcD7inc3QuvY_yg,2,1,0,0
s8Czlpw-XUfNERxKN_CmPQ,1,1,0,0
gOOfBSBZlffCkQ7dr7cpdw,2,1,0,0
oVmk03sRsExksDLkhIezHw,1,1,0,0
E3qxMkbKxQR6Aca36c53GA,1,1,0,0
JDHw4ADjfnhfnILP1FoL1Q,2,1,0,0
JsGswUxAFK4uRht2UL62UA,1,1,0,0
bLieCqMMt4la2i8M2v1TUg,2,1,0,0
zLHOG9ty0OcXSQ6iy2BwwA,1,1,0,0
IRDF17rbWFWd3E0Dbm74Kg,1,1,0,0
YBu--ie7mLv3SC-ZRm_wyA,1,1,0,0
Gmkfors9fSxUKcJKSX0BRQ,1,1,1,0
ZCrK07xb6w5Vi1vathV0NQ,2,1,1,0
kiGc-yk1z1JgqTq7t6CcwA,2,1,0,0
8CcmHGUGlEEF2eNvS3ndMg,2,1,0,0
YA7kPicnPFqd_gydw0SOjw,2,1,0,1
2S9t90Q0qZWCV7X_u0rxZQ,2,1,0,0
S8U3oGLIWGh8U13dTBp04A,2,1,0,0
ZIdR-IopAtU5PH_mGtUAbw,1,1,0,0
kkD5pal9rRzE4PjeYSL9mA,1,1,0,1
NSgSagwajv26iS8zUKs2EQ,2,1,0,0
wrRxFrnUucvR4dlG6Q9fKA,1,1,0,1
R8ior7Wkm44dBRlFIhUVsg,1,1,0,0
80Lkm305ZOkQdMEIvOy_lw,2,1,0,0
Fa_U5Np2lS7pVu1u7iT8ow,2,0,0,1
BcW7Z9lPmOB_8eS2lEuOqQ,2,1,0,0
tE9kJ5BWc7kecHuZ8ObDmQ,2,0,0,0
PQicuLOZ3uNJKn4PtayjlQ,2,1,0,1
ZOpiqtjJlcC8-VctNHE8xg,1,1,0,1
5WjFHat0vyx0OYtGbTpyag,2,1,1,0
C4O-xIlNZN6r0XzqtsVugw,2,1,1,0
LBwFjTUlDeikknOoQTXxhg,1,1,0,0
AQJPI5rnkb7pBnBMWtSjvw,3,0,0,0
4kDLEb1OgE7IrO54lCkn3A,2,1,0,1
-_TSaVr53qiEGqMkwyEMaQ,1,1,0,1
CAxHrXoPrbf0e0AYFPhv6g,2,1,0,0
EUskCVPgHoIGl3Ao0VUNLA,1,1,0,0
sSfK-cMiMVw4-zzwl9D9oA,0,0,0,0
BMAflH82OUIMl2mHtP0MNQ,1,1,1,1
FBd6q_qzEFixvhV3KdzvJw,1,1,0,0
iOWviig09i0U9YRDMwp1fg,2,1,1,1
prWook9M1tomXf-T4Vpdjw,2,1,0,1
rRoJ2PbxzjCPFHq0jqzXkA,2,1,1,0
u1r_9dDn4JxiK2yNmn4XIQ,2,0,1,0
kZW2RJdmb8Ymm22pLscYvA,2,1,0,0
LHyj66waFlDcw9UToo27JQ,2,1,0,1
IsoLzudHC50oJLiEWpwV-w,2,0,0,1
Xx8NcaQ_Kwq0BuaiRnQRIg,2,1,0,1
MT-lkIacLNyC7KF2dY997A,2,0,0,1
QKsOsmyux_yM0QZLU5V7Kw,0,1,0,0
kMGfuOZeBDNQJ4_pBjE26Q,1,1,0,0
VaKXUpmWTTWDKbpJ3aQdMw,2,1,0,0
MXWSSx_MvmxvptXRHUnAbg,1,1,1,1
p5PRvPUhJrA-QHhm5xOU7Q,1,1,0,0
zd6mwM53f1E5OG4sPzP74Q,1,1,0,0
mx6YUarYRhXxUqXiJ6mbIQ,0,0,0,0
6-lmL3sC-axuh8y1SPSiqg,1,1,0,0
cPaXllVOblQn3kHQ8olDsw,2,1,1,0
Q2KN94tNrtldyr_1flHPdQ,1,1,0,0
CtZ3HujCLTChyoad_L-nHA,1,1,0,1
p9azPSLFqqVXMLxezgWxyQ,2,0,0,0
Nsi49BE_XsjJ0oOXwhH8hA,1,1,0,0
EUQoB_ph7_xIyj7JZGI3bg,2,1,0,1
npoCLZID4WNKV5RtJijAKg,2,1,1,0
mkceCArNe87jwSdLfsslXg,3,0,0,0
9MK66QkfnTp6BxZudH9wxg,2,1,1,0
len2nrEtgD9bjnoYSyLPjA,2,1,0,1
fZDNuuFSnCtcXI3_RAFcSQ,2,1,0,1
1Epby_tsFDci4sP0Nbjwsw,1,1,0,0
L7EWjxpoyRYAbQABWnCGbw,2,1,1,0
aMR9D5NnpQ3rjtxXt8ZBpw,2,1,1,0
9ET_RUNztevq4_OLAX80Gg,4,1,0,0
2aIgbnGUg8VC0u9iXO-wnQ,2,1,1,0
YX0L4eC69rH_0S4DT2u6Pw,0,1,0,0
vUi2syg5ECIg8vxCATAhzg,1,1,1,1
s-9ZfWtECJLMnND12t6RMA,2,0,0,0
0EpnzIpeFvhISkxMTIv9WA,2,1,1,0
jz9tXNe5O06MTe2UdnaalA,0,1,0,0
sba0fwlKAZFGWWtsf5Jbwg,2,1,1,1
bwFxrxHrz9I36awGc-yjjw,3,1,0,0
2p346MdyPISpZ2k-h0GSqg,1,0,0,0
AkpuhGyLAxhD_sLMQv3kOg,4,0,0,1
xYdhpC7fPowmzJnKJY_4FA,1,1,0,1
217u7Wad7y90x4el26-TIw,1,1,1,0
R_6ZdYGyq7W1EE2fXML30w,1,1,1,1
7xp3zCEMWtGKQUD_YNbUhw,1,1,1,1
P9KhwXBuHkJEif6TTJsGuQ,2,1,0,1
7HUEqrj4aa_u3kl-o-e9_Q,2,1,0,0
5KHvSQ9D85ZfBiTXQig4bg,1,1,0,0
NtII1vBcP1CiAs54kY1JQw,2,1,0,0
6XnA2qGD60dPYCs88WlDXg,1,1,0,0
LIjLOrzL6Lbb_axlF2-9Iw,1,1,0,0
fzfbN0UZPtricqlB_Cy27A,2,1,1,0
9EkpAzQGQuIguaV12Zxn-A,1,1,0,0
6u-x45q0ETB7SQTAAuKSHw,2,1,0,1
Ekxhn3gyMfoXslnVxhZn3w,1,1,0,0
TokUo_IctQ_z9sZWP5zxZA,2,1,0,0
vEX-H92z50_krgEUQzrYfQ,1,1,0,0
e1jI2-vU1fd4UKpyogtxuA,1,1,0,0
c7aifX_T8ztb35YlL-pcuw,2,1,0,0
hHDJkwr0JEzHV2aYWxQfdw,2,1,0,0
W4Opw1Y_j2nS0r1qoPqpPQ,2,1,1,0
N7yuiiu8jhQ-Fl9Npflreg,2,1,0,0
BcuhtgjiuWreCWQSL4bTEw,0,0,0,0
invcm-tJDiT_tbUcn4C-lQ,1,1,0,0
NcrasPRJ3xm0K7JPxLFBGA,1,1,0,0
G5YM5jbCTAFE2IDGNRjYnQ,0,1,0,0
UESdOMLsXn_7WcwOZt7I3A,2,1,0,1
LnRn6ECHdqTeoFF0c8FKYw,2,1,0,0
qftPq-opqmbs1BKtRj3SgA,0,1,1,0
1s28O8UuTAmJb5IDz3MY3w,1,1,0,0
odlM0YsqEuZ_3kW44A4h_w,2,1,0,1
k9b96JXlNewj36ddrce9Jw,1,1,0,1
Y0NkII8gne1QEJbUCBi2tg,2,1,1,0
SSCgpKNpco3l-YZ2MC-lMw,1,1,0,0
fJ43QHYmFf_EbfHqI97ptQ,1,1,0,1
c-fOJM0NzMx1ACV9PPZNhg,1,1,0,1
_T7f2wUgNlJqxsR-cR89SQ,4,0,0,0
8daYfiveM0sOGT3v3zgihA,2,1,0,0
BedDWXrINOyEjP8NTXoQ-Q,2,1,0,1
NaZVUOzqk5b-l0mlki-9Og,1,1,1,0
CZhc8YXdFLhAI4ViC2ERTg,2,1,0,1
tcgmfbWugkHI3FRrjlH6lQ,2,1,0,1
YtUaJkgKc1pucwdSq_DQeQ,2,1,0,1
Be9hkCoOJZB7pUxvjkPBNQ,2,1,0,0
cA5DOLBmD_XoNmgj7e3caA,2,1,0,1
zvOy4znhODeXleiublTsRg,2,1,0,1
OFnDWBP8iXxgeBrfHA5fRA,2,1,1,0
_28WWtPWNYlxzl-GY9Gvog,2,1,0,0
YrHVGQ8_Dcs5xCe78CvGmA,1,1,0,1
mxtMK3cHhtvYGcI1nozpWA,2,1,1,0
VNNCmRTGq4QOT0uHdWVQmA,2,1,0,0
luf0E5FPY-hv-uceL8QtBA,2,1,0,1
GmgAToSKHnnB3BUtp9eQzw,2,1,0,1
uMYy0jgZjtDMLr8WrN2sOA,0,0,0,0
lQ8GWMudJwXHJYxCXza5Ag,0,0,0,0
s9Xme3zGwJtId5_6YonmhA,2,1,0,0
GKEl7LNGUqJiQWNQ0vpH8Q,2,1,0,1
EXXz3TFM_KvYsifHYQrGcw,3,0,0,0
pCVQq3jzfrT2CNHAIMMy0g,2,1,0,1
M9JK-o1Zn-lLP-CrrBghWg,0,0,0,0
RLvyPLb8uNeHW6mli1yOZA,1,1,0,0
kyJaqGToSG0p9w5GmnLLCQ,2,1,0,0
BZInFfFFCne6n3zmzg8zzA,2,1,0,0
kngIF45nfGkNdoFEbFdZ-A,3,0,0,0
Ou8cirGJDYrwOeOpZposBQ,2,1,1,1
XczlQNshayG-GCciSEYKvA,0,1,0,0
KKoHxrnuZg-qdm-OMpTJPg,0,0,0,0
etGW0g4oIABVeC4Sk5YBDQ,1,1,0,0
z2CVPfaG8C_rydUZCcsqbw,1,1,0,0
Ax1DHVBCpaBpViUvSwDdSg,1,1,0,0
ueoRWPGrSoZizl1ngBghqg,2,1,1,1
RETMZPZ-oF-ncO-0IRPfOA,2,1,0,0
wcR9Vbwn2EmlSeV7uBUIsA,2,1,0,1
8wtvEINXRj1_aqosW5axWg,1,1,1,0
qjcxNsGEcFn8Eh4IPjURoQ,2,1,1,0
dd3GZs6zW2t7BM0cbxAzvg,3,0,0,0
OKUr2j1XwSwrCAiXzX5oFw,2,1,1,0
uPa5hrWmHm0n1l4MSyVMGQ,3,0,0,0
Cs8YvyehNELsgOsf5Us4Dg,2,0,0,0
-3iE3lPp18Tn2ixqIRJB_w,0,1,0,1
dmTP4Am6wKrxwHrBdmFsQA,1,1,0,0
9LNs7rIaRngiI57TEfSYiQ,2,1,1,0
0wW9PasC8pw8SY7rlY3ZKw,2,1,0,0
ukcwpK5MSuZgrCmQRz6Qmw,2,1,1,0
E3JyyBNcZD9re_yiVOgaVg,2,1,1,0
s2X_2ri_9Krm0xuciKCR-Q,3,1,0,0
P3Wk4UFYZnPa75nCDfk87w,1,1,0,0
1DHPkjDwHBguDZo_HR_ymw,2,0,0,0
IOwTrStIy6NinyquhBrLZQ,2,1,0,0
BWS7gSVFPTbQw_FQXzO4og,1,1,0,0
DFb1yJLwBx5M48mP4jhAOQ,2,1,0,0
OFDywi_l7ox0745bvPhZBQ,2,1,0,0
T0lKnGKXkhWepAQaj7pOCA,2,1,1,0
xHBSMycXDJJ3sB0IF6BJDw,1,1,0,1
diY31IEunbV8MfDh81FS1A,1,1,0,0
8hkmqeUI8UbxIq7Aabv4Gg,0,0,0,0
zjvnqTjBp56NhMp1GrlO5g,2,1,1,1
lFva3eDk1GRvJAWKknQKig,2,1,0,0
qNFHmH-qo7Ia2vv0IK72ug,2,1,0,1
BgKZkKE0Xd4Lqd6QMSK14w,2,0,0,1
n0tnioUYabmpBrTwmIq08Q,2,1,0,0
Gh5zgKz5I5aE0qbpP1T9QA,2,1,0,1
NmXB2KhGXHKMCMAKILpCCA,2,0,0,1
BtJQ8pzAmiAmDsytDfxdFA,1,1,0,0
am_CSSt5d7C3pIEjJpXvQw,1,1,0,0
iUQ5hZGhwrg-WPICcbo4IA,1,1,1,0
Fkpl9XOvqp2MXCAXsC-zWw,1,1,0,0
DLwpjhatiSRN7QqZQwokSw,2,1,0,1
Zwrpe8S2VTpfsZ1_4HCMDA,2,1,1,1
km5aBHRss5ir_B0jvEErzQ,2,1,1,1
3GEEy7RP6e4bT4LAiWFMFQ,2,1,1,0
cvdPxYelSnPqecb7FekH_g,0,1,0,0
4Yf6bdaOPPz2TkA-LY91Ig,2,1,0,0
amsvLzfEvCzLwP0MnXAJ1w,1,1,1,1
qsdHK1eQtXmAJNdVJxiC3w,1,1,1,0
iAe3gkuK7SXVay9T5D4OFw,2,1,0,1
-Jo0rJr2mZxBVgaJqDs-TQ,2,1,1,0
vQGZjrDiDBuznOkUevBNzw,0,0,0,0
mNb_kxgc922N4f64tqxxbg,0,1,0,0
82YGtjc5KKikNiqBZ33qzw,2,0,0,0
OJKMb3e1YkfN-qt1e895OQ,0,0,0,0
txu9xTY-ux48HS8m7eUofw,1,1,1,0
gjApIizKmVgkNFMwPyn4uA,0,0,0,0
Xp46hv8TxejNDGbJJ2cfQw,2,1,0,0
8xHBQYM5KbX_e9JDBfzW4w,0,0,0,0
jzt7ypU_l5GpL8JnsluKRA,0,1,0,0
SeMczUVuKhVwruoJfrThtQ,1,1,0,0
_OecgEhpCDj-5qJNP_KlVg,2,1,1,1
F_Oz3d3m3E_8EYO4JVpULA,0,0,0,0
_k-pqsaVgvCfeMJ4AiMaZQ,3,0,0,1
ICC-Xz2oqLHfMti8hRy4NA,2,1,1,0
l7RCvKqA61Jzm98gaqIhvw,2,1,0,1
LA9j7bDQLkDmLspdHwL3Bg,1,1,0,0
6rTzYUGghp3XHPgOGaO8UQ,2,1,0,0
F3tkpZYL76NLOMD_YpmbMA,0,1,0,0
QyvDY1cMrj0EXKUiPs9A4w,2,1,0,1
MxzDRVIeN5JdjdcmTv4Q3Q,0,0,0,0
Vl8PYZKd26DHGSi5rNo5SQ,2,1,0,1
sQMYpoH3d_m0LKpaeRBNRA,2,0,0,1
ELxoOY2F-1jSb8mqyN7Zbg,1,1,0,1
OtAVXleSatkQeZn9Twg4Aw,1,1,0,0
DuGHAH5zngQmzLwMVnpo1g,0,0,0,0
PGde9ygfV_a5oLQDNVedJg,2,1,1,1
cyzOijFJ82cae6qH6L8vuw,2,1,1,0
3sgAIkWMbOb2Z0oEj1mThw,2,1,0,0
G3qjKFza3XCwW7tFRjim8w,1,1,0,1
M2Qdv-0LXV8RUmCH-Qo6xQ,1,1,0,1
d7xjodUIGqFYexZoXEiF4Q,2,1,0,1
fgA9aoU0gNK80hhXhiUpSQ,3,1,0,1
LCf4MZQcwgtniQUJ-MQBZA,2,1,0,0
QnHbzG_oP_llujHJZZ9Q9A,2,0,1,1
Ez19rh3QYscLLueFrStckQ,1,1,0,0
T0NKethAB-FFR05EeZCzuA,1,1,0,0
N0CoaG3cBrTGm2ecLYSzqA,2,1,0,0
szeG61Jn4dFrLqhZy0m_ug,2,1,0,1
Ibmf1PgWn_5oaGQ1kINmTw,2,1,1,1
Xp6ogw-SCNK28s1I0fhUXw,1,1,1,0
zTNFyAXMEkgVP-o_HTC2xw,3,0,0,0
TIP1ZWjhAoJwpsNmpneAiQ,1,1,0,0
OYAx_cY8v-elkMDgADM-jQ,1,1,0,0
2KkTzafNqkEKr5VTjsR3hw,0,0,0,0
DfgZlNgKwBvCpA_0alumXw,2,1,0,1
h51mRPqkuFVk8YN2nY4Img,2,1,1,1
gw_yg7329SgpEvX5sOpwGw,1,1,1,1
GU2zUNDbnn_u46Gz4-qi9A,2,1,1,0
caKRXynM5bY922pGtQhvfQ,1,1,1,0
KpEu3vvj1ruoID0T3lmD4Q,2,0,0,1
VRC7J-ahI4em9ddhihxq5w,2,1,0,0
okX1jSK4-4uPdglVFNYhSw,1,1,0,0
yx4SuEdloQxr5FR4XcNaTg,1,1,0,0
8SWZLawwzqwzbXpGQS7gBw,2,0,0,0
DrdVDtc4YdkE613R3PUgoQ,0,0,0,0
O1iooQB4W8uHKvnyl3ILHw,1,1,0,1
l1SGwoX-qkd17XUNkrvskQ,1,1,0,0
nRZjrWIzqKc26KjpBG0fHg,2,1,0,0
-Bo1rsE6Mfn0wdqnIj3GSA,0,0,0,0
sXKDj1yjfWkwhx5AxrgdBw,1,1,0,1
J8mVsADcV_YvK3Mbw5Zfpg,1,0,0,0
Wo_ZL7I3hS-eW6pJWg1V8A,1,1,0,0
ywtDqnrLeWzG7Q-9ORmSsA,1,1,1,0
A-KVm7iKLOe1X1yAQP13FA,2,1,1,0
y8d90Pt16Nip-B5UXWBP-w,2,1,1,1
lomynsQfC1dALfxyh-x_iA,2,1,0,1
TvAmV2vB4oTsNwGjjM6y3g,1,1,0,0
5KheTjYPu1HcQzQFtm4_vw,2,1,0,0
-KIdCJnkt5N8rnnmWR5MQg,1,1,1,1
cPmThZ7Ugpd8eJnIObOy0Q,2,1,0,1
Rq9sShky3e9itcncUfqD0A,0,0,0,0
AjWFFZN8KwyqJzzi0DyEsw,2,1,0,0
W3ia8dkoGGRYEfFg_BiyPg,1,1,0,1
QJatAcxYgK1Zp9BRZMAx7g,2,1,0,1
G6aNyWVp2UjgKRidP_U2jw,2,1,0,0
Bv5RS9NFbTsk9D7fvYx4Hw,1,1,0,0
LFs5jyYdXlzi0SpAYi1eSA,2,1,1,1
P4MSmTvAVeW3is2RORWosA,1,1,0,0
SMRg_KiTXeUb6xYlB98ocQ,1,0,0,1
HeK37yyPEv8I4MJU2dVh4A,2,1,0,0
Voy_shxcm2YnHQOtfUj1KQ,2,1,0,0
8FUzCm4Q13MJMX7N6ftmQw,1,1,1,0
7yntwIUh2ZEkWGe9Zth7tw,1,1,1,1
tQKRXnzWZllD4M3toa-UaQ,2,1,1,1
APXWKd1N-COyUdncd_FdyQ,2,1,0,1
VLzlbpiKMbTC0iRN6RP72Q,1,1,0,0
PqRfOvjPa0EqbcH4MQY7pw,2,1,1,1
WP2qPWJ4D3zzStq7myUA9A,1,1,0,0
M3tvxyxkgSuZD3vVjlKW-Q,1,1,0,1
6toLWc82vm5t2sJWCkA5IQ,0,1,0,0
lN5TlKIjcQIaOICgLFr-XQ,0,0,0,0
8C4R3FLXERdrMtiD5YdLYA,1,1,0,0
ByFMv3p5X1aNeZhU61rDcA,2,0,0,0
l0WauZ92kRg9bu2oxHj4TQ,2,1,1,1
L6ZPG8lO1tMGmHimSjuEMg,2,1,0,0
QRmXzOeHPhRK-IrCwJVF2g,2,1,0,0
JPfi__QJAaRzmfh5aOyFEw,1,1,0,0
fB-v-caPf0o3eUkp_2ua2Q,0,1,0,0
PxH02Eu2Z4MUycBLU80D8g,2,1,1,1
56z-cq7L0MPE-nU9D-UEyQ,2,1,1,0
KkmPDIWzvwbBpyqOHT6pcQ,3,1,0,0
eahfGaQEkrsOkjyYHAaT-Q,1,1,1,1
umrovy4atXODdOu-DEpkbg,1,1,0,1
iRa-394URsOWGfcFqvm1vw,1,1,0,0
Xqur5VuobC9WW3crdxZPBw,2,1,1,0
nDvSHngXRRju6ib-cHoCkg,0,1,0,0
B_M-U9KIbBka6eMyTvhzAA,1,1,0,0
XX5DlErcTQ8qNb_seI_oBw,1,1,0,0
hl6s4hGsJDcRhHIWrSM-UA,2,1,1,1
EZZjaiV8ik05NUepqdeP2A,1,1,0,0
jrkzgoLCvk_IRw5e-3Zyrw,0,0,0,0
zZkzpVgMP8xaXg3uMscCjQ,2,1,0,1
5KAy9aeb4z2hSrPcMg3K0g,1,0,0,1
cisqOxAgQPjVVr9Yzk8_dw,2,1,0,0
EK38MXW_OsC5CZVvIZodIw,1,1,0,0
vRFYqRz5F41ici5IOO2_pg,1,1,0,0
06PiQOUehVOYtDcZRWrA5A,1,1,0,0
EBnR5M6upBcHfMK4063_Sw,1,1,0,0
jKndHanZV4fygbNHWK5Xnw,1,1,0,1
3z9lFLV0UfcA3eQSAZDwSA,2,1,0,0
bJm67R1YQUNius2OjEQ5rA,1,1,0,0
r05kbKriZ3Z56Nre1WQIDg,2,1,0,0
OOO4iaFaBffyeZjiffJccA,2,1,0,0
5ic8m9PNixMA__h0G4WH5w,1,1,0,0
e7byM17cm_J9ulGHD7Fbdw,1,1,0,0
k4qx8DacgRbM9vpVbWc3zA,2,1,0,1
0k-3oy0FXPR2JU9PP-Gucg,1,1,0,0
E7KK8pYREY0qoKcAEO2XCA,1,1,0,0
4GD8CguXrkwOKi-XxFRESw,0,0,0,0
bo4loBeLwkQqZ7HGrgxXRQ,2,1,0,1
c0LlClom1qONqByoagqPGw,2,1,0,0
5-l_zaYVEG-ft0cwyhWpyA,1,1,0,0
TIUX6_JNKVBSKfdlwdDIBQ,0,0,0,0
ImpkoeCoZBG9XdEmxbdq2w,0,0,0,0
ZB7Vg9gOkgOKg0HImEH0AQ,2,1,0,0
qEmGXOYFR5IhbeVdwWl0Pw,0,0,0,0
w55sCX7ZkLIJNhl_RhwjEg,2,1,0,1
vp77iQDlV1OkbjNhmD-R3Q,1,1,0,0
SMQSeTvs172iOipBRxeS1Q,2,1,1,0
ym5FOqL6tGbgynzwKMHZuw,2,1,1,1
r-wz3rmeNGLBMOqtfXnxog,2,1,0,0
EFTYg_jOPf3abjWIPO92Cg,1,1,0,0
HykZIiaHS35N2c5_QHoClA,1,1,1,1
d6m_X827VcM6ZV5C4yTiHw,2,0,0,0
OWMCp8jmbjouogxcKarQFg,1,1,0,1
uI2lQHqS1Pkh1-EzgeD-ww,1,1,1,0
9NDWU7w-Pau6gZwAxnJucw,3,1,0,0
2skQeu3C36VCiB653MIfrw,2,1,0,0
47wBHgBwQ8_70sjmXow_1g,2,0,0,1
Lpp8IiUVEhJzF4Fb8DkScQ,2,1,1,0
PGRVqqPqR2hIZNRLqlPxag,0,0,0,0
6WRVv6S1IWR0nt4Lr2w7Og,1,1,1,0
S4PgRQ6tw7vyoTl5YynagA,2,1,1,1
XxIKCVdn0SUI_bKyWEM1TQ,2,1,0,0
TFtObYQyEnZ0kpPWOn7YDw,0,0,0,0
6NSltpIpF13-zQElQPWBEQ,0,0,0,1
NYpnwc4yt44SkcBb9dlhtA,2,1,0,0
EYWaN9sLjVYdi7fKIRguVA,1,1,0,0
ZsttjmFUQvZ2KOGyTRy6mQ,1,1,0,0
Yw-aHeYZMWyDA5EZJ902FA,0,1,0,0
vg4ynLZ0yJ89pT4s_CEMzQ,2,1,0,0
jVXa8Qzn5BehtN2iEVJNHw,1,1,0,0
OFw59czUoeeosFMKfRawmg,2,1,0,1
vfyoss5fp967SopQ2Zt-eg,1,1,0,0
aIDCm_31--whoSJl4LhEZA,1,1,0,0
5dSrlAsETYORRe4nYmxDZA,2,1,0,0
g14SuHGkIL-2pSWhRkSSlQ,2,1,1,0
L-_-9JNAb6UDyq7waykX2A,2,1,0,0
kSO4DD-jpf0BOLHuzvtL-w,1,1,0,0
rYI_Dvw8ixOE-Hud-PWzbQ,1,1,1,0
fTtkz2RhWNAp6jKiIzXf_A,1,1,1,0
y-ZZe1dz8AMjiAwNVo3h_A,2,1,1,1
tM_A6uLiKvUCKSdSZxYLYw,1,1,1,0
O9gFYCf_BU56KhLByawYWg,1,1,0,0
14Dl61cUYP6ttjK5TRJ6cA,1,1,0,0
Lq9rYrwvWV5QDBYzq7MGHQ,2,1,0,0
uANuB3YVqjRWychfyhXJvA,2,1,0,1
fN_I3jP7RD2llubTvhXtKQ,2,1,0,1
9GPWnFfwL3teZFax-CPD_A,2,1,0,1
nIwtGMkMyx0elLxVFs1D6A,2,1,0,1
zsQk990PubOHjr1YcLkQFw,1,1,0,0
PP9ZfC_JUufbrPRPHD7FJQ,1,1,0,0
kYli-nDMENotoxZonriBLA,2,1,1,1
FwcIo83tMqzU6COsUHBGAg,2,1,0,1
qNCt4Dx3S0R-n3x39mxxLw,1,0,0,0
kemSq9mBxmPaKHQrUXPJ_g,2,1,1,0
VkECNTcZZ1mdN-VJltJcWA,2,1,1,0
vEHMQwAwbV0n9ZWmk3zWWw,1,1,1,1
pBwOqgpkaDmFUDYX8cbnNQ,1,1,0,0
Pz13Ru_-U4qoZiu89ezVmQ,2,1,1,0
SnRJ97wHYu9An11uzXhIeQ,1,1,0,0
Zp5xil8pC6Bm-fFOWIbh0Q,1,1,1,0
7XiRql62fRgP7RC08FizTA,0,0,0,0
dPxZI9lrKTl5dvFfnb1_Ig,2,1,1,1
qx2mnMgIb9PCx8crz17G9Q,1,1,0,0
zqSfx9k2Pe33UDHmfa_fcg,1,1,1,0
OH3baEaklANPe1farAKgRg,1,1,0,0
KhvwEXKJXRTgcJRNmJNhsA,1,1,1,0
1r9lpt5r9l4uJxLLyt6QBw,1,1,0,0
XVA_j7ACtBZ7vx7Hda6eJw,1,1,1,1
Bv8KaU_LiLm3hso-BTJb2Q,2,1,0,0
sJBem81QF7l_43aF7xtLYQ,1,1,0,0
_Jt9CLSL2sqF-yCNel9D-g,2,1,0,1
ZJ0gQp0fcnIDiZv0m9--Gg,2,1,1,0
L8W83-wPFLMs457cAu60Eg,2,1,0,0
LCb2moBNkcBto_32rmZJ5A,2,1,0,0
YeYtDdGRonHddnviDc1q7g,1,1,1,1
YHubCF0Ua0uC6HC2tm-arQ,2,1,0,0
sjiTzC2aoy13iPuIvk37Ew,1,1,1,0
1PJpo48hSChCbriXEHGSjw,4,0,0,1
aUb0maIrZ-rdnvod1r7Umg,1,1,0,0
2GzQ1Cc7eDWhKrqNAR1kAA,1,1,0,1
vWCQBIuvJS8dkS8WCkZgKQ,1,1,0,0
7UtqNjjd9D6oU7UcT2nxig,1,1,1,0
1SE9f6TEV5XhnTuuK01xwA,2,1,1,0
94p6Q1TWTqoa39RGDdAHgA,0,0,0,0
LoG5XxWmfmTrRtz9k_3zgg,0,1,0,0
XugCgJqRQgNGeiycvTybjA,0,0,0,0
Gz9rje7T6mDoWwH3KFoECQ,0,0,0,0
NYRkbIL7yL7o75-MjhbgWw,1,1,0,0
vn5Ebwy-IdtJ6PQE6y7vaA,1,1,0,0
ueBZ4UoRXdq1eXrlPgnf5A,1,1,1,0
M9aTtOeOIG-EOLeHNgkKfQ,1,1,0,1
gWainRDwQaDg7YRZAaotdw,2,0,0,0
wTjvgkUJMVWrYed9mXdQjg,2,1,0,1
_vvK0PUe7KJtntpRVVAj4Q,1,1,0,1
A6kXV4LPZsPjqWyGU-h_zw,1,1,0,0
OX0T9dWI8b7meu-ljTo22A,1,1,0,1
aE8HsUH-NJC_c_yKbkDhJw,1,1,0,0
NNR0daIlKHTp2yU3F4H36A,2,1,0,1
ILRX01PABfQswTYpJFowTg,2,1,0,0
2xP6Ng5FVqIhnYgFtrQNYQ,1,1,1,0
BvrG8XMpTtlJYWhOCbnpaQ,2,1,0,0
NTtLuuBKpywlyIz6oyd9kg,2,1,0,0
9uRrzqQaq9XwW9lLj7oBxw,2,1,0,0
BuDVheoOrFYF_EomdcUeWQ,1,1,0,0
0XMOCF8omuTYfhkNRz1xMw,0,0,0,0
YXeRxDKwR0EuVKQwvTQVBQ,2,1,1,0
P0k48-YlKuxskB7ys2Ir0A,1,1,1,0
a911y0BuV1rjHXkXlFm3Ig,2,1,1,0
a192hdM0_UVCYLwPJv1Qwg,2,1,0,1
PHUePqpPSSEeD73SuNexLg,0,1,0,0
dlNMXG9-BWsPGom0_lCCNQ,1,1,0,0
gBy6UXTpoSHhW6qd15XU0g,1,1,0,0
KSRBPWOSqxclHkDd23P7CQ,2,1,0,1
GFefOKzqRcUs_HzgpZbdAA,1,0,0,0
OaM2Bjeo2Ftt84ruTrzPNQ,1,1,0,0
F-TlMLvO9VBf42ZLnrI-zw,0,0,1,0
Jlk4tLFXusQ6yWOFffpUfA,2,1,0,1
jrWegacxD7lD1Cp-Kc5m2w,1,1,0,0
PsdWWQE_9GrfmCNfz2yW4g,3,1,0,1
zhB2gbdNbaFwo2nWEArtLA,1,1,0,0
4aCun88uZMOsAoymY5Li3w,0,0,0,0
P8chWEino6rrzPtIdB0XnA,0,0,0,0
9IpKGHaPy3hhXo9g5Bt7lg,2,1,1,0
jaSowNITPRRCYpPb3_pjdA,2,1,0,1
Bz75D7cx4bhHGuwc20IN1A,2,1,0,0
yE2l7iXRntFpULsMlSY-7g,0,0,0,0
LQg6wHIu5SGsWI0U5siclw,2,1,0,1
S9CrHJJnns3cqdGca7mQWQ,1,1,1,0
yaViddk9vxi-7p8DnjoClw,2,1,1,1
u71djaZjecGVU1MqMevQ4g,3,0,0,0
iDv99zgwiLqqaoXV6BLbDw,0,0,0,0
rxU6LyoSNK6Oc9IFhKFWHg,2,1,0,0
31mm5EtlmT4557BTYAFOrA,1,1,0,0
ts_kVtBEAJsdmdoqxRDdRQ,2,1,1,1
6SAfQKe2oM5g_EtcYXyAMg,2,1,1,0
EFKx9EkhhcNCigMN9Cr05g,1,1,0,0
FoKx_RP4kUM-aiGo3wlUUw,2,1,0,0
cB7FhpOwFCn380G6WGpJzw,2,1,0,0
sHnN3JliwVWvGX76Odmlbw,3,0,0,0
h7As2jB8bhfFxCMCvdssWA,1,1,0,0
2Qh4LZbqbQIsonZ68S7_Qw,1,1,0,0
k73FsZGTp2raTD5BA346sg,1,1,0,0
urkODQ1jX0qQzgbqsQjWVQ,2,1,0,1
cjgMpPvY2dgJ3vAq556SiA,2,1,1,0
jyPsc5xUFpVOuuSylPkZdw,2,1,0,0
iIwMJdDuExGrOqkSAyPb9A,1,1,0,0
5AC2yQzEe3iRGrsJ0at-8g,3,0,0,0
fLxn7nVQzESaIqrFLsjEbQ,2,1,0,1
WO1sgbYB6u6VVcvChanp5g,2,1,0,0
CiYLq33nAyghFkUR15pP-Q,1,1,0,1
EZma0I9hSWrCf71YRXSJBA,1,1,0,0
TRjROoIwqKg76ZS53DN-Ww,1,1,0,0
UEmjxMxWPAPbFg1I7Sy-MQ,1,1,0,0
fZIrPIK0RBEN2OzwUhi71Q,2,0,0,0
MM8n7SPaIuMlDGbUM5SZhA,2,0,0,0
tv-WIUQifcp5J9pUKoiE3Q,1,1,0,1
6OftN85zwsd_PRxSYhgQCQ,1,1,0,0
ZDDzKXN_JXe7694zePRuTQ,1,1,1,0
VOAO6ip7GwK4McQZbRa60g,1,1,0,0
aBmuthrQ7yP8cnbgkxU5Ug,2,1,1,1
rQ9zKk0So6EFT5WR1TAzfQ,1,1,0,0
lJpcz-Hv71kbk7bkhZz7FA,1,1,1,0
aNGcHb8rjFFI9nY_fUgImg,2,1,1,1
pNVRNptxW2u_WhQ0Fs-g9A,2,1,1,0
GZ12skjXwuMuH3LidRN-mA,2,1,0,1
cTbFJzHQzFSX-z3JF4abKQ,4,0,0,1
k3SFBSdnsHnEP4-kmsLkSQ,3,1,1,1
q3ilBINLR7KoBBlxSqCvlA,1,1,0,0
YMeONTVyOMn5_3LlkXmdhg,0,1,0,0
TRe0u0yJ4eeEaSzDKQmIDA,1,1,1,1
UFthIIorkchiGj_5ThZ1Uw,2,1,0,1
D9z7LXFn88Fp4nt4ovO1KA,2,1,1,1
mLP2kJvOR0rDvqAe2mhovg,2,1,1,1
5oV7oSbo9h4nzWxNfoLc4A,0,0,0,0
cTJjTKz2huGZ-ElScC2pSw,2,1,0,1
A8Mw21Wxt4Ao-3aA-a5feQ,2,1,0,0
JLS8ZGaxlSWecBveAiq_lw,1,1,0,0
0qet57CmMA5qUm6gPFUTpg,2,1,0,0
xdfGzrJ1mx3mBx6m14Ebhw,1,1,0,0
ZiB6m5-f_RuT5hK3LzmTPg,0,0,0,0
2koVk44qPX7mV8irHO_e3A,2,1,0,0
8_hy-FrbC9zcakjKH_yaXA,2,1,0,0
jaDTCxAGbK3N9XmO5gvhig,1,0,1,1
4FE9FM8uvn9CV76Bxfxogw,1,1,0,1
-zhywnaBiGRNcr6kbDagBQ,1,1,0,1
LH4U1OJuJVxovAAcx2Oi9Q,1,1,1,0
Koofpyww8Y-H9O7vw8mapQ,1,1,0,0
qi3JiaD6bzjsE22HFIrpng,1,1,0,0
XvEvKbOIqbRgpjSFvB_89g,2,1,0,0
SDtIdchX9WpKlH5Yst8kjQ,2,1,1,0
o-_cQmyr78y49wgRLthgew,1,1,0,0
5EicViODfX1qNOIhdb4OzA,2,1,0,0
1CP8aJa8ILlfM5deroar0Q,2,1,0,1
U1ZVgF-kfkvv_rcoe0RglQ,1,1,0,0
09LYxY5D4GcKc0Tvs4K_gw,1,1,0,1
4twpbw7n4DmsLxAm6-sMkg,1,1,0,0
-hzQQ8tbXThpp0k5E_y1Dw,2,1,0,0
269jIQkeE98UJQUeCgQNuQ,3,1,0,1
MsMe7gI4WZf6DjmQKqNweg,1,1,0,1
_mqUzNXs_sJ1EJYgYZYszg,1,1,1,1
H7z0JH-i_KqhrsZhEDBpVA,2,1,0,1
euAfN3ilf8ySF4p9I-xyvg,2,1,1,0
HXCCITejNvcqtjNQRHnMPw,1,1,0,1
KUqInLEY1y7SkyZyDoGn0Q,2,1,0,0
Orgm9nmcClxnAUva4nOKyA,2,1,0,1
Wfl_ch21ojyHsPnkvvnstw,1,1,0,1
eaNenRk_liZBERFFLCXqqQ,2,1,0,0
XTmqUnO9FFbdbE4xL7Vhlw,2,1,0,1
ai8nfTBNvL579cjIuqZajQ,2,1,1,0
obrbOqA5Pxita02b0rcGrg,1,1,1,0
StjUke9uj6T6qB4hpyzMMA,2,1,0,1
ajoqEHnCZTD8-8GqGLq9-Q,2,1,0,1
Jyub3kujlSOTgxwr9wEKFQ,2,1,1,1
ad7lp1JL-gC4d4zDXXNgjg,2,1,1,0
mibbKeg4gbD9O58TCjDWgQ,1,1,0,0
hxEzLvZncAaPyXW_0atsKQ,1,1,0,1
lAR6Lj6-zBxQNqflZt0zTQ,2,1,1,0
f16oe_yaGBh4AFK_mlBabw,1,1,0,1
j3KRVmUKQMcSSxGdDUv9oA,0,1,0,0
PMACs_KByRaEcVUs9jO_Vg,1,1,0,0
qnfFdA-Ij8jpCPk6IV6igg,0,0,0,0
XXXb0ANM2vU37VnAAZvlVQ,1,1,1,0
VRhFa6FzRUaPSayVfdLs4Q,2,1,0,0
ERM603jbIbNqX2c7Ww1Qiw,1,1,0,1
VIxWlFefTnFQPkAvDNURjg,2,1,1,0
Igqp27BP7cm9vUu_WB0gRA,1,1,1,0
XUEqnfbPzMij660Ur-iTwA,0,0,0,0
eWcyXTiaexrkvCc3vlFWKA,2,1,0,0
ugLqbAvBdRDc-gS4hpslXw,2,1,0,0
of4V8nfW7GwJ03tLDdrOlA,2,1,0,0
Yqgyx8SJ5SqFYc-4yH6Z1g,2,1,0,0
PAXyu9k1HeszWOuRCgvcsA,0,0,0,0
zPBccKsIHYtLUGFNYIi8Uw,1,1,0,0
H8umkLwMkM0vP5B8oPiozQ,2,1,0,0
0H0L1HJ9NTdTQYGqY0dcww,2,1,1,0
eS29S_06lvsDW04wVrIVxg,2,1,0,0
8menaxER6kxM_Lyi5tBmSA,1,1,0,0
E91zEYEGcs497aYnQlh2yg,2,1,0,0
Us0VHOegBKE6L4k-xEVxxg,1,1,0,1
bwmO8teAlvjmuIDxhPb44g,0,1,0,0
xs4A6LDWSa1Sll63Ng8WuA,2,1,0,0
7NCpXte7KHtDJctfv6QiPQ,2,1,0,0
B0Lpvte3yC0wRq3ZFBXCUw,1,1,0,0
SjxdlHEREXRcFE8xQCGBpQ,0,0,0,0
Rmw9HB35S9qobQKN6bXgmA,2,1,1,0
v_UM-AW9YYTCbWUNa-w1Gg,2,1,0,0
sXg2NCfiCqK_X_4R5NK_jQ,3,0,0,0
mmZaOPp2BFMmWe6suuJndQ,1,1,0,0
9y1uLUHxZ3m_4KzydQj9YQ,1,1,0,0
47wfOfbWXdaxSCRPWBh8fQ,2,1,0,0
wB2mrl_xHyj55UObucaVRA,1,1,0,1
8wen3QWfwUx0Pr4IlXaGVg,2,0,0,0
ZaMY0vMwnpx-kbAK5ROhHg,1,1,0,1
yw9VoFdKeN0EAerh1VceVQ,2,1,0,0
GkY6UWWn0Fz2ehcuBp66pg,2,1,0,0
m5sGdODCWYVu-bjvqG_OOA,2,1,1,0
aDGp0NnKuVH3_pOCfZwqsA,1,1,1,0
9SaFi9c_imgP8LqeJC1YEA,0,1,0,0
DCneGyZ5H_uxliaMHI0lYg,1,1,1,0
QLU34OSLDiCG7wu6OrjqCw,1,1,0,0
Jm_bARKbaZyzoxatBrmZPQ,2,1,0,1
5mcKhJwQVjZcVncUGl2how,1,1,0,0
ZS4txVWw6N_AM0UEL6MfKQ,1,1,0,0
698nukvxe7mq2Fra5vDikQ,2,1,0,1
tvYID0arhN-shKGUrC1Wsg,3,0,0,1
b4a9xvX1LtwcZx6a5SiFVw,1,1,0,0
e13SEvJud_vgeDR_doL4sQ,2,1,0,0
azciebW9VvZoPDz7rdo3TA,1,1,0,0
G2yY7OdcwX71jCkKP1-Efg,2,0,0,0
DKvvZFdBKwZWA5i562FytQ,0,0,1,0
sCtxuMqfHrcQvSNY1390eQ,2,0,0,1
rIDzNikbeBSR1jbwN-7ydQ,1,1,0,0
3WRvQJS9GIBubGxbHMzX2g,1,1,0,1
d5n_zQMaVZxFKNnS-4ludA,2,1,0,1
BW8xfC2Vxd-DnjB7UNpJ-Q,0,0,0,0
2zSr7jNNWpA-IfD74wOlTA,2,0,0,0
1ofuWPYnHDp01c11BQog9w,2,1,1,0
4P_HNoH4cjoCdPHPb2LTXA,0,0,0,0
me17NOULVwu40AdKGYHIaQ,1,1,1,0
SILSPO3t7JEMJvDjDPTOag,3,1,0,0
Ai4n7V09AEvMHVbY_6bCoA,1,1,0,0
hQtGXpMq4gyRWH4s2iNpUQ,1,1,0,1
sJ8B4Lq6AY-m5dzIbDNgyQ,1,1,0,0
H9tJl_ntsan-YSZElKKK2w,2,1,0,1
HAjZ4ZJrJqtVVyilMYQZzQ,2,1,1,0
_F1_05YYlvePzomZ_NFijA,2,1,1,0
dUN-x3fwRxLmfvn9IUOr6w,2,1,1,0
WWOCqk1Vh605xP-lcb9lhA,2,1,1,1
UqcCjCbN2SIiAGm9YyaNwg,2,1,0,1
fwZzpkSH4ZOJGzDzI2rSaQ,2,1,0,0
3X_u-2o1c-8ERcp7TIE3Cw,0,0,0,0
WuO1CukY0k9neAQsijMYhQ,2,1,0,0
n3wrsVdN4V60jFLxmMqv8g,2,1,0,0
m-xsH8VkcYtTTvp2Fa6Ajw,2,1,0,0
8K5ChNCQj1mD5hXWiU_xpQ,2,1,1,0
dH5tXaMTuyWQ21z53OeqbA,1,1,1,0
WdhQvQbGd2HAiZ2UmlcVGA,2,1,0,1
8L_eeOwZryvlUEO42Zq8nQ,1,1,0,0
3CpkZgNot1KVmKBB-bzojg,2,1,0,1
3Z55ll2Rx43I96aozFG3Eg,2,1,1,0
Rhz38lsptoxX9IWS641LFA,1,1,0,0
1DswS8btQKkWFyTUZlcgCQ,1,1,0,1
sjxNnjKwWn7H6QcsAhhXww,1,1,0,0
0obhg2Jv22z6Mkvl3zGaiQ,1,1,0,1
XAt9Km4EIM6EE7LXwfB2Vg,1,1,0,1
p_V8gH43zZx0Gh_EA__hdg,1,1,0,0
o19vbA9-BuvHXrE4nYJ60A,2,0,0,1
GDaodklIFPCdpjkHlLU2tw,1,1,0,0
fcWkZgmzRsm3H4egzSrV_A,2,1,0,0
gjPRvEiJ2WcUJg7Prv2kQQ,2,1,0,0
RsrVsDtlaFw96UAoWj0HWA,2,1,0,1
hX5DiJqOvIkOhwnQ66nluA,1,1,1,0
NxpaDfYm8OB14Zw9QDFejA,3,1,0,1
HQVzGJRnXnKnbC-7tfx-xg,1,1,0,1
QJAllc88CdYS9m5QMjg5dQ,1,1,0,0
N8jmyJCk-LjO9o1K9UjxNA,2,1,1,1
eduRavkml8awmPachSZXuw,2,1,0,1
h4U3h1RbgLvHl0fKSSUhPA,1,1,0,0
WlTeMP8p3m1b3LxkfBllLQ,1,1,0,1
S_o2Sizjs7xfsEaDfyFm8g,1,1,0,0
Cl-xl1vTUwHeaGgBxzdTRA,2,1,1,0
-aKf_aT5vnmF2XcNKfb0eA,1,0,0,0
3F7fYgrubSCzAQrpBRKMgQ,1,0,0,0
xy1McNUocWlt-8DZ7Ifg9A,2,0,0,0
P3M-rP6CBR0XEHiZee3RnQ,0,1,0,0
JtrBa5-T6QLXv3y5_ACTkg,2,1,0,0
suLXZUWsh53kzoTVnO4gng,1,1,0,1
1PvEnSgdZVZZlH552XUTGg,2,1,0,0
cOinUcaLy9bZyvnTWub96Q,2,1,1,0
dJBUz34x6FixXgq7S4fFLw,0,1,0,0
8gAVn_59kS2IYl0-zH-zJQ,0,0,0,0
lY5qUygrtcv91IZbIRafPA,0,0,0,0
uChTCA6MsLAciDRklpO-Fw,2,1,0,0
FkNJgKjz6Yj-eoi3pPNWFw,2,1,0,0
F1Iw4k5FT5sgp7arme1qeQ,2,1,0,0
pCG8zf1IAnc9NFdPYJKdnQ,1,1,0,0
QjfCmeznfZC9BPowyO4Npw,2,1,1,0
V0GHF8CkhOovDeQKCn7YQg,1,1,0,0
BlLB63mXil3p5dy9K9HyBg,0,0,0,0
biwgibn9S6TmBV0jhBc3dA,1,1,0,1
4oVN8DPTpUF4TySkpOU19Q,2,1,0,0
m6clqfS61oVC8Vv-dbvhKw,2,1,0,0
joKG-MSwMJdR_OFm4J1WTA,2,1,1,0
tJcpzXzykNSLuzWwa1JQUw,1,1,0,1
UMklkuHOy_4VEYoK4HhgeA,0,1,0,0
8F9C5vhDlYphBWELUgLkvQ,1,1,0,1
cz5vz-893D3LNH3TMQYR1w,2,1,1,1
QdcyxgwnOjT4llsLXnEoIA,0,1,0,0
nGjqCFbLPeBJe55Mx-nIEw,1,1,0,0
N5CL5HLS6lyltw-OjjBrOw,2,1,0,1
ifmVI9Hw03jPcb5Vkt3GHw,0,0,0,0
1E1Qp9HWSZmqruir3sTeKw,1,1,0,0
lFxhaA5tyFxKGtLp7yEjNA,2,1,1,1
IBNWrN1k9E0E_bMcRD-GwA,1,1,0,0
rQO6-KfH2B_FxNrs6aIbYg,0,0,0,0
2iWpS2xe9rBaFAv1CJuz3g,0,0,0,0
6l4yIOi0foUw81OacrAZMQ,2,1,1,0
7tqDSf2wJ1BrLDSfhhJitA,1,1,1,0
-Ylpy3VyRWwubf9dysuwjQ,2,1,0,0
zNCGTEwBrmrVLfjxl7LenQ,0,0,0,0
fS3nh8egPi7eIBZi3Y3W7w,2,1,1,0
ExDYoLUru6wMcAmcSYwM3w,1,1,1,0
NuT1ejKruFnBFQWC6Xg82w,2,1,0,0
BpZ7UWjNmJFJlu7m_vS6nw,2,1,0,0
-Bv-HHUs8aHzDrdWcZHn8w,2,1,0,0
J--MCCcCmgJ5xLCzX6ev_g,1,1,0,1
NTwK8NTfzTL2vjz-fn5EeQ,1,1,0,0
m-dhoSt3TrHh2N5yPzYnsg,1,1,0,0
wfS-UneyghH8vd_C1kH2Kw,1,1,0,0
zQ3ipTBmNFQXwwqjw6pEfg,2,1,0,0
bY-4nSmbowNdAdrch0P9Tw,2,0,0,0
JsCKeWHA8n_5mFQ3F6t4UA,2,1,0,0
1UV-aVwRPCGgg5R-HAS6vA,2,1,1,0
ptUbbnxWgfgO9-0dFDnWmA,1,1,0,0
NM3iiGNrwoyNKWXiRT-nKA,2,1,0,1
YrFBrZSOPqR37lQrUG2gGw,2,0,0,0
h7s4MRVvB726jWHCHiQ9kw,3,1,1,0
XvOzizKafffkMuk-tIdNcQ,2,1,1,0
m_rvCLB8j10NeUZPzuK1fA,2,1,1,0
1ZJz840L496LAmQdeDv0WA,1,1,0,1
tK05tv0fKQkhYev9vuHEKg,1,1,0,0
cpT-N40nSB_0U7QREFzCwA,1,1,0,0
WKMaC4BTpHoKZBrZnQe-PQ,2,1,0,0
f4x1YBxkLrZg652xt2KR5g,2,1,0,0
N7XXcXJgHT5JEbTHCst8Zw,2,1,0,0
UCKeRO02Er8AHLWQlQ3IuA,1,1,0,0
UpmAfOoh6WTF9g6AH-6ofA,3,1,0,0
OMRYQihVjqqzjoNoQgyhgQ,1,1,0,0
KfWRe_yMC0tDDGBgoPB37g,1,1,1,0
qpub9UXk8oBJr95oq-MbIg,2,1,0,0
QSCDR9RBTVyTw7p_Nbq1Xg,1,1,0,1
SknYYIK1rBNgYqNl4tYUPA,1,1,0,0
c_P-PDv_1omKKKmeCJxG8w,2,1,0,1
GiLsPCxl7k-PAUS6svOQVQ,1,1,0,0
CGKgDk1f-VAu0BHOivqmLQ,2,1,0,1
ZE6zl8etiSMrPubDF_iLeg,2,1,1,0
9SNebKqP9jtwM7ebzsu3nA,1,1,1,0
4vm2W7J_ztH0vcX4bKfuXw,1,1,1,1
HiqYus6muaBFlZtHhES7XQ,1,1,0,0
ihDGggt-UFXKv0FJLskyDw,1,1,0,0
ktCm0r4-oVIHfjcqB2-tFQ,1,1,1,0
0tnZj3GkhKxPd9hT3HXt5A,1,0,1,0
s7Pj1mNYqRTGNOXLOiBafw,3,1,0,1
YZQVfJOprZIN6eTc8q_C7w,0,1,1,0
CvIcDNGBMQDRfA1zpGmQfg,1,1,0,0
lEaL5O5n9Sni6RiwXv42Ww,0,0,0,0
c2l80imPWR8V6gIEM02XPg,1,1,1,0
2FImjoBv0qvq9NumhcVOyA,2,1,0,0
AfVp8ozD_4maZMos6AC2cQ,0,0,0,0
nLGgJBtMfGv7_juXipXheA,0,0,1,1
A3ZGt3MdwhKMNpi6qNNDMA,2,1,1,1
QylMuwQjVHo5ElzNLw9gpg,2,1,0,0
Oz1Ci9y2MnwYyAjVsoZg5Q,0,0,0,0
G-cbWSrIddcCFUZqRdKvCA,2,1,0,1
rexgHmK0Mvl5l7erXr0zrA,0,1,1,0
QiuTcA0bKQMCyOFBFJZ58w,1,1,0,1
jV1bWfnXOxMN1qnQXWzWsQ,1,1,1,0
QXA7hvR4mhGwwLCNyRRCXg,2,1,0,0
bejxx0XrZ6Ogv-o-3InELA,1,1,0,0
NTQXBbCa5Ugj5lNr6E4J5w,2,1,0,0
roI_tVLjPh_HUDppr69PaA,1,1,0,1
W-LDsxo_4WaFuuyeuJs-Gg,1,1,0,0
BjH8Xepc10i6OhCDQdX6og,3,0,0,0
K5TteBnAfgj18HRnV-Yy4w,2,1,0,1
Xgp67egWT56FmGrULkKOJg,1,1,0,0
IZzJaZWvw-IUrOLkP09JRQ,2,0,0,1
e9gaoUQEws5tmQROZodZMg,2,1,1,0
MiUrif_vYOuITF4ALf7WHA,2,1,0,1
lcsfb0Sz5vzpBVShDsu2gw,2,1,0,0
IvovJ3sfYrjHKH_hS5XrNA,1,1,0,0
PFOPBxMDFZM0vFrI5R8txQ,1,1,0,0
xhCiQt_-pMp1nKDXZ7n7BQ,2,1,1,0
V8HEOhiEUU2i-VHcp_K8lQ,1,1,0,1
ivbMuKOwwX2B70gFggzT-g,2,1,0,0
eDK7ns2bB8pmQCoZMy3Idg,1,1,0,0
F09jtEb9KEph2L7Pbji5QQ,1,1,0,0
ELt26I6N0VqVywR5J4TMlw,2,1,1,0
-oOKqZbYDt08zaWWyLZNIw,1,1,1,0
QUJqxy__Mbs-vhK4o9k8pQ,3,1,0,0
xhXZYjdlV_f7eklYZs5vcQ,1,1,0,0
02EYqwh47uVxOaOKrnx8SQ,2,1,0,0
nry8dee2hjMyY3odd0AUZw,0,0,0,0
6TSpAuUdmo2UEn9emgd8xg,2,1,0,1
UQ_6a5c1k_7FI_SEaWYbQg,0,1,0,0
HqyAd-xCZxnJb3IlHCfL9w,1,1,0,0
DkttCY9pgiJfpPt7MrB2KA,2,1,0,0
55FnSahXfQoiueQjrKC86w,2,1,0,0
vDFpEElyFDj85owh8Z8aRw,0,0,0,0
OGVyVfc39fnp8neHRoSYhQ,0,1,0,0
3pSUr_cdrphurO6m1HMP9A,2,1,0,0
LWGPEGEa3Oj8avn4nkyXbg,0,0,0,0
cbA8b483BnGjfyYi_aQLYQ,0,1,0,0
93aPUKvmTH0TDIyAeMhRNw,2,1,0,0
Ph-sYohzW3caPk66IHD75g,2,1,1,0
XCUXCTHvY8QVR4xU0DF__w,1,1,0,0
wJhdPi4tvJGV24NXQv3Vnw,2,1,1,1
-QNQ4R1VgRoL4b6lC8Anrg,2,1,0,0
5BYkO6i2QsywbpaMS0vPtA,0,1,1,0
iu-KRfucMNM1j9-EstPGXg,1,1,0,1
pmsGwCJoMjtj-wwP78PIWQ,2,1,1,0
ALonfg58V5r4BOwxiGZcfg,1,1,0,1
Fj7ZQ3N2hGK7C9phNPkGpg,1,1,1,0
c7zntdkvYL8XZrbGiYqLFQ,0,0,0,0
tiQQqJ5ymf_XWzyF9ywArw,2,1,0,0
OtSbxxD-WNzlNQlDGpXFSA,2,1,1,0
0_aeYE2-VbsZts_UpILgDw,2,1,0,1
O5mryZ9DrR_cQXcKGX0qmg,1,1,0,0
48ka6XH8WWANuHwqL2mZUA,1,1,0,0
jEABBfAVPPY0BcVxlRatGg,1,1,0,0
P-nqq5kOv2wV2mB5To5elQ,2,1,0,1
J1KKxEsRWiTqp9-nMCV8Vg,0,0,0,0
2zd-1R3CdnaMDXTAEVa2Qg,1,1,0,0
6HdzmAatFoB8UDep4n9QIw,2,1,0,0
EgGdnaotJpPvxCFyZPJeUw,1,1,1,0
CJKgffwOSqZ7WpKVruA0xQ,2,1,1,1
pCaQATG8E0Fw8RGHLU33Uw,3,1,1,0
0FHfkDxKSeDuyAEeaY6X-Q,2,1,1,1
OYaL_-uxBCgrE94uNQ4VCA,2,1,1,0
Gud0G5LL9vFOOHjvyEIlTQ,1,1,0,0
KlLCJN_KUP9xFQBJYrhgVg,2,1,0,0
UKRuyeUCT4Z10AvTlB9MkQ,1,1,0,0
dHmLezNmX-VW8_Hfryv5tA,1,1,0,1
Td-BWJz63qIsyxWO97Kwug,1,1,0,0
X2Nrv-UvBjgeWKJoeyZp_A,2,1,1,0
MmwKWBBrR0NF05hGBxnWjA,1,1,1,0
ToFm2DhhTdr0Kv0A7Sdj6g,2,1,0,1
--DaPTJW3-tB1vP-PfdTEg,2,1,0,0
sqj18NheItQq-PR9c4uM4g,0,0,1,0
EKeck5myBgPqy2ShyGEjHw,2,1,0,0
LAiBt7LobYM_0_EQrSvK4A,2,0,0,1
IHt79wxZHkD7QSzlDRDivw,1,1,0,0
AF-N6i0XCJRPFFOZKp1Pnw,1,1,0,0
MNaPOkqm2vKeNG8EqkZWCg,2,1,0,0
UGG8EIfEfAIbyGhgLIX7Mw,1,1,0,0
y-Zbg19VSb-k15A_yzruYg,3,0,0,0
zwlgRmJxWkeWUMyLcdJjAg,0,0,0,0
2v-8QQfMLX2PCz-0S6gISQ,2,1,1,0
NvKNe9DnQavC9GstglcBJQ,2,1,0,0
0Q4_ekM2pk7KUmuYwuWDzg,2,1,0,0
v9ZRK2k85eFlZ6rLYVbMqQ,1,1,0,1
ix1F1ekB5RrFG3FRe0_zpA,0,0,0,0
AlfUYJgaZkKb7uTDUMMtLQ,1,1,1,0
aHQOfN-PRlx_4dnJ6fPZXA,1,1,0,0
3iOwOfLC3LPcM6Q6OUQuzA,2,0,0,0
6V_7ldr9tjmet0BdAnC34A,3,0,0,0
ZfYFo-CZoZAB4sGNOyhoIQ,1,1,1,0
LZ6l618KfwyPdPUurMV21Q,0,0,0,0
n4E8ltk6CidI4_9s5STVtA,2,1,0,0
4_Ye_9x3dyMK-cfCBZrBRg,1,1,1,0
NYsh17F0sWm-e7fVdm2CSA,2,0,0,0
e_vguiiAy096g8-e0oQDDg,1,1,1,0
EQysX2BaXjvcQF2DSkjJkg,1,1,0,0
G8SFOD9TKCSic2o0hyKc0Q,3,1,1,0
06MlxbtB4ZYeg_ri02RIAQ,1,1,0,1
RQfxYf32T78vcZ5lORuhAg,1,1,0,1
RaVI3l5uEbH5dD2bJJzObw,2,1,0,0
1pXyaPUXMqZyxW1Ew7BLUg,2,1,1,1
35SEr0cPTuoBJ1DYQ686pA,2,1,0,0
knzoe3kCaoh4gkGwA3l6Aw,2,1,1,0
LWI8ULsw0X1FpInux4Tg5Q,2,1,1,0
cmdi74TvO7ASV9NBfMmkbg,2,0,0,0
YwTtrKCE_9OaMe9xASCOkA,2,1,0,0
dQ8kST_dfWcZVcLlIk7yRA,1,1,0,1
HrXrd_S6cDbSjpsRxIGsog,1,1,1,0
Jjwa-WCK73efAwVZRksWSw,1,1,1,0
iAdj2sx6LHWt6_zM7U3GLw,2,1,1,1
HML9ElO3X20nYOX_l8mwBg,2,1,1,0
JyxHvtj-syke7m9rbza7mA,2,1,0,0
nyZ9-KTtfq_ntD6M1G79iQ,0,0,0,0
UL-FJ_EMbtjfoRNA7id_Ig,3,0,0,0
fxRcHzovnRyWh_WMdQoNOQ,2,1,1,0
QVeAZXzl9i7mdMcxI5DVfw,2,1,0,0
TWPK6FjI-rk-Et_rCWQKCg,2,1,0,0
aNCLPEsrgB_gGwULOpYpqw,2,1,0,0
SJslQXs9j3K6wDixajyp-g,2,1,0,1
HGRPUfppQmMXsfHYdD-AGg,2,1,1,0
r6jbUGiyoN05mZ13apQGgw,2,1,1,1
MDjIylNU6CYq9hR3Qe6hVA,2,1,0,0
MyJBf8vhDN1-7uWy8vrULw,0,0,1,0
qmIHO-6T_KEfPC9jyGDamQ,4,1,0,0
eTSDLmdRkhynYxSQlDqS9g,1,1,0,1
XBIgiDL_sXYOroaX4ULaUw,1,1,0,0
3uC7Lbc3RgUDTWQlBu4PqQ,2,1,0,0
SZD6OTT1cc-ZznfAoyKudw,3,1,0,1
X1r8ugVdi4r6siqkNmIkkg,2,1,0,1
Kdt5XrqARBMIH694fgnyuA,2,1,1,1
waYydA213E6kkvmSMeNoCA,1,1,0,0
bjvjXLLAUIIvUrMb6aU3EQ,1,1,0,0
yFQCdWr_k1pTObzHPGis9Q,2,1,1,0
cr__ihwxDQ7hyq2ZfX172Q,1,1,0,0
TW58a4UkMcksdfQ7znUqsA,2,0,0,0
G6vCAStneBwBlQDE02dHdQ,2,1,0,1
27vF5LESbv4kFQfHZUDCnw,2,1,0,0
qbQ1qZx6eTy7pOOXMBfQNQ,2,1,0,1
vlh_e6Ftu2MyS0K-e-wdYA,1,1,0,0
ruwtUF73lYV-Yjul5AS26A,2,1,0,0
K1qs4e30yoln6scnm-tmyg,1,1,0,1
XMJAeXBHETtUhvldZC52CQ,2,1,0,0
SxvKjtbq5qRlFoXrU8Bo9Q,2,1,1,0
K5dwaEYqQo9aFABraB0o6A,2,1,0,0
YPLJPAHy_byhlrwceIbN9Q,1,1,0,0
dMGT_S059U8hzMWxdf90SQ,2,1,1,1
rT8DwZu7pvuWKRM1nwVuug,1,1,1,0
zmfa8RNxqSuOJ9Nx-CMs_Q,2,1,0,0
Rx_YmoVKPWvzGuFuvd-57w,0,1,0,0
d3FAxA8Su34pGHjaIcl5lw,1,1,0,0
8YjfILsV0xu84t0aTiceig,2,1,0,0
7RidnmyYyH0cfcX2x7buag,2,1,0,1
N8gYomVaiSiss513snlxhg,0,0,0,0
wOw-YvucvqNHDhwltGsNpQ,2,1,0,0
Q7bAF6MrZ8wWfLsxaPl2Yw,1,1,0,0
eAC2IhOVB42IZQZIG2McKg,2,1,0,1
1_qcKXfm8H8zecygxHjeWw,2,1,0,0
PlsMu3_E4NdxJMjcuOHFqw,2,1,0,0
75gAUZTD5RoOLvRb5axJSw,0,0,0,0
u73Cv9yp_gTGNhBvECSJGA,1,1,0,0
6UUBVPqLLHpwLnDSL0jMuw,1,1,0,0
_BAewGvIIzrNJtCzViIvSQ,2,0,0,0
f9cIbhLyBz_qTEfMLfwrrQ,1,1,1,0
AwrmySGcx7_3piUNRLDf3A,1,1,0,0
9gXVNVVXIGZyc-qFj9AVIg,3,0,0,0
EcsUxHW1keLUl5w-3ZEbAw,2,1,1,0
5DC9qePg09CHwAFVmqNjjg,2,1,0,0
xP2zIIqXxW8QNiJqJyE92A,1,1,1,0
RhV7sraRUB3km-gF-tmDow,1,1,0,1
ycAmQ9kRi5iB9OyJONacBQ,1,1,0,0
gaW2yftYku0xmkc9bmCjJg,0,1,1,0
w5-llUi5t59YZRI_dOSi0w,3,0,0,0
wqqpciqva5yN-c72SmvaOw,1,1,0,0
IEZRcxLrnMkc7W3q1i7d9g,2,1,0,0
Eo4s6CmPpEcXCkfg9Zk_EA,0,1,1,0
rVcavfM5BC4tvv9iHBo_CQ,2,0,0,0
EkuSy_kM8dpGrlb2pTxCBw,2,1,0,0
PrFfdw7WuGAnrkyAIzX65g,1,1,1,0
9pBcKw24z9nZiHW7Vx_z8A,1,1,0,0
b0M6rZu3hgCSYs_v6SvP6w,2,1,0,1
OWkS1FXNJbozn-qPg3LWxg,0,1,0,0
UMc0iSJMk5g2Py9AFBJdKQ,2,1,1,0
2mZGnGIMUNRQY3d0hjdAxg,2,1,0,0
pmpJS5skJj14y5brPPI2ew,0,0,0,0
ClWJgVFGN-tAH-M3z3ax9g,2,1,0,0
niqIaJy9UXu-DS7BIUvUoA,1,1,1,1
_Wcp-JfSzhjplX0J1Q_5OA,0,0,0,0
gTlDDzDEHyDQ6iwjNhpI6A,2,1,0,0
cIX8h9_IrzU_-4TGXGM0fQ,2,1,0,1
BSDKbSLFO3CP-uhfcuUCkA,2,1,0,0
ExoqgA3aAz6bYidI0DSQvw,2,1,0,1
909BaH47M7FfjbFniClm6Q,1,1,0,0
5tTKSogU3fWO7TlnYrffbA,1,1,0,0
mrjhrTycW0iLumjMZCfrzw,1,1,0,0
S0kSNTst3TRWn3NbE0eGSA,3,0,0,0
E9IPxXY6pS2gTW2FBkAJmg,2,1,0,1
xjt6w2cNvE44Go-l-rK_6Q,1,0,0,1
r5Ps1Ir6xzJRMLmCWiBXdg,1,1,0,0
ZLcTzccbEoNkp5_EGKMUnQ,2,0,0,1
VC_67dpNS6bDk7qE47Atsg,0,0,0,0
k2b3niokS_tosjah_rzCPw,2,1,1,1
Nv1PVoMJjKSutxCnGRYbnA,1,1,0,0
G12kABl0tfK4ylgj8XF06w,2,1,0,1
7vXmhdqO6aAoZGEVyusk0w,1,1,0,0
-IP0Y1XLcnxb6yfMxPcLfQ,1,1,0,0
fQwB9Z98YEhkJit7c3z51A,3,1,0,0
_VHOD-pcrAZFKNinI7GCUQ,2,1,0,1
4MMPpETGn-3LG5xMpcPO7w,2,1,1,0
olmCDBoMF-EhN8U2livBSg,2,1,1,0
wZ3MABp8WcSHfZrlEQa5dw,1,1,0,1
TdgmUfxEsch8Top9bvb3TA,0,0,0,0
nFesIguvEF_h5h7lNSn__w,2,1,0,0
VIXLJDNszSOfGsU9wbgSWg,2,1,0,0
qLCrPakPU9uArigtDu-KiQ,2,0,0,0
sm-VYzJ-BYaHx2DUeLkLaA,1,1,0,0
bV2ihh1t3cXa4sRaoGCmQg,2,1,1,0
Q_Iia5C2quTUVfE5_8jObw,2,1,0,0
UXFLCGw1yOCajlMONYQM1w,2,0,0,0
Ta_K79yZ7_FLNG4F5Ul1-w,2,1,1,1
ttCvYknuofQcSiDebuR4ZQ,2,1,0,0
zKZc8GwCaKbACaV0HZAmpg,2,1,1,0
U-GOTlu6eiqjQTGkpmskeQ,2,1,1,0
8g5wu4oJx54wpsvdDIas4Q,1,1,0,1
bFiqLXT4M8kYbrTBUzoH-A,2,1,0,0
Ta8nRU_oUzK60HlMWtayEA,2,1,0,0
jnMcI0BOAsPEKMd7EQmDAQ,1,1,1,0
-hq09PjRpGcx4XXhrqh5xw,2,1,0,0
QVcSKzl47nrO_LWFzz5AJQ,0,1,0,0
59c3Cp-p5i18xFCKUuCkFQ,2,1,0,1
fg69aogbeD-GKjmr_4cN4w,2,1,1,1
AurgTYGyCItvvgFp9NQBag,1,1,0,0
G_6iKqKNZUzxttjCp258iw,0,0,0,0
u568p7WFaBC0RCFju9N17Q,1,1,0,0
zrYpLdnGKA_EmOhgRCy_vg,2,1,0,0
OzcvQqt_copeLRCT2OHrfA,1,1,0,1
Hh1I-rRuM1MwpyT0IuvXMw,1,1,0,0
RUd_M7DPJq1I3DPq0oF--w,2,1,0,1
1DjtSWDLN16UTffEEu9V8A,1,1,1,0
3VHJGvjHeEki7Hiyt-Hv5g,1,1,0,1
UMqfeCItzQ2glr4d9apGlA,1,1,0,1
1FH0-rrgqziDLAw0pZD3QQ,1,1,0,1
HJh47HQiP75ePRGg_RawaA,1,1,1,1
4NlY7ECgX8Colkl0mBaaeQ,2,1,1,0
6tFbsJuIarw6vawDOZ9GkA,1,0,0,0
3rb4-io5i9d8jyfkJ5EJ5Q,1,1,0,1
sO2kZPPIlmp-c-APO7xCnw,2,1,0,1
KYPgJdH0KwBIxCcoz_K08Q,2,1,0,0
gEt2b4t34Zz3Q2HzkrT53g,1,1,0,1
Cew9RRnuldbqaL3MW6p1wg,2,1,1,1
Bonny62rswQQ6-sC1DpOrA,2,1,0,1
8ovqtunN8zGdCbYi-MCTAQ,2,1,0,0
Ziqzfvpp2cpZAu0OwjiD5w,0,0,0,0
n8Zqqhff-2cxzWt_nwhU2Q,2,1,0,1
v8eeQFnURqfGRR6Xr9IqCw,1,1,0,0
QnZ7YUoAJNP99oFkS9IpXw,1,1,0,0
OBhTLCsSIMgTgGw2lH76AA,0,0,0,0
M7dW8WCWN7KlcdA2NxaYvg,1,1,0,0
2s1JuKtL1jPzM9Tmg13CLA,1,1,0,0
r0byBoB7y_IH8uicEvyCqQ,2,1,0,1
Rp7ABbhY8kUpgwrzJADnqw,1,1,0,0
dJnF_GUWdoX3tUucpKbYMg,2,1,0,0
84DjKzaR26vphu9fNI9nKg,2,1,0,1
m-cg3stOStMAFEV9-8qnVw,2,1,0,1
6XszstcESgKljj1U11PVDQ,1,1,0,0
v4fuuR7iuyNzPXu_O3jSmA,0,1,0,0
e178giuAicIhb16ymOtiBg,3,1,0,0
4bkscJWTq7mtILrM2lF8yg,0,1,0,0
tFC0oaQO0wpwMIaJyUSsAQ,2,1,0,1
ii8sAGBexBOJoYRFafF9XQ,2,1,0,1
o1zP8fUmWa_uU-JupFlA_Q,1,1,0,1
_BJ2lBc1TWwIfxNzXbaaBA,2,1,1,1
ohEGwJtSqrVd2SD-FKKrUQ,2,1,0,0
l4qomOr-2ZDOjWXSZXpzZg,1,1,0,0
UwZUPI7VAQAZZ0Gv0LV8nw,2,1,0,0
VPO8pBUwYz1u6GoG0d2U-Q,1,1,0,0
5XYR6doRa5Nj1JMfSDei6A,1,1,0,0
l-Cu_WkJt5R1v71ecYeqsA,3,0,0,1
KPPjKg1kV2nzLidTXljQZA,2,0,0,0
60uVlCUiLJvq3xNo_3bhQQ,2,1,1,1
GcJjbY0FNGY1azZ5iFvGIQ,2,1,0,0
0o9imYHyCGVvkR0NyJDCoQ,1,0,0,1
85o8XAZDoPmRqHFhdJLAGg,1,1,0,0
FfHpj1QcW510pA3CS354xw,2,1,0,0
YPK024huhY2np5hJ_5qWCw,1,1,0,0
QnVZwjV7iSAaG4VN9FvXQg,0,0,0,0
e41TP5cXZqSrz50xCBJqZw,2,1,1,0
-AD5PiuJHgdUcAK-Vxao2A,1,1,0,1
LMyeQgw0qO91iCnkltDI4A,1,0,0,0
4cIUCLqLuV2Y1ZlKfjjTPA,3,1,0,1
dThrFTK_bqo1woPvUgY70g,2,1,0,1
HNAH23RNUTTivzhebQTozw,1,1,1,0
yhw2I6Duco2g1XpjaLpzqg,0,0,0,0
swM_9CXxkvxEk3fDkjA6PQ,2,0,0,0
-Bf8BQ3yMk8U2f45r2DRKw,1,1,0,1
eFU7lA-WXAMAEGo0yDrMLQ,0,1,1,0
ebTvBxSStI9Vf5Tpux_X3Q,2,0,0,0
-uy0_2xAj-ocMIUpyRwPjA,2,0,0,1
Nqjig71Pc0hUz5LafqmETw,3,1,0,1
PREGU-o21vxhIgJ8W942sQ,2,1,0,1
MAuSh7NKoT__CQ4BumoayA,2,1,0,0
3sOS8wKatd_Uoa9VEJHhrw,2,1,0,1
zbrFk-4ejesAJD8EwcdHxg,2,1,0,0
G8k2E3oYHHl2o4lNJQwR-g,2,1,0,1
Bh3fRjirjRYDl2tufa42UA,0,0,0,0
yKFx0bW9_buGt9NASTpUaw,1,1,0,0
NAYWVT66t17qenN-YVEeUA,0,0,0,0
wD7Qg9eounsAtUZjlMZOuA,1,1,0,0
LdSQaxwngeZ0zu6zY44aEA,1,0,0,0
XrcB7Of1KfHlkeXYpHLIrw,1,1,0,1
Nso8kLJGYhJSlO1uZFnKvg,1,0,0,0
lzrFRbdvpnLJze9VqJigLw,2,1,1,0
DL7V1_chkWkZtyG4_xNYfw,1,1,0,1
7gF51IdqPFc-BotmeanxKQ,0,0,0,0
44uqXcYp8QMEK0eicwZJhg,2,0,0,0
2HRLi1P5V8-vfOgK5iAYag,0,0,0,0
hmXrKXhcD2n2s6fmb2wRFg,0,0,0,0
ecn5dq7bFA6wCeeNnXxSzw,1,1,0,0
XoOFezxPVlwsNqB2qMlluA,2,1,0,1
2Y-28XrkMeeA4FFvv_73tw,2,1,1,0
EX3wTLh4gOVF7RQ0ulGYPw,2,1,0,1
Okj0YwamsE5mwsfFkQk_jw,2,1,0,1
BSZlx3BkFCeFptrNWdEGJQ,0,1,0,0
7d2LqDc0Cb5dcizil_h34A,2,1,1,0
t41_VSBs7akY2POWNtzqxw,2,1,0,0
Qc0l8rZ3nvrcERitgxu8XA,2,1,0,0
QTVvuhrbBDJfqaTyFOUMkw,2,1,0,0
a1r6nEAb6Va3x5IgIz5kGQ,1,1,0,0
vX5ma5Nwrzqwdz949AmVVg,2,1,0,1
h_hg33vb0OsWsE6T1SHAgw,1,1,0,0
ebVPLAeD7FZ2VzY5ryOCxw,1,1,1,0
1PQzTopufAMDpx0HHBFeRA,2,1,0,0
NDs6xlZesy9xZFt2Lio6XQ,1,1,0,1
uz_pOxt-IForHNBcwUscJw,2,1,0,0
-1m9o3vGRA8IBPNvNqKLmA,4,0,0,0
rSYstCu1yzS6Mu7TWcdqKw,0,1,0,0
D74O-i-iEWo-e5BpwFMcUA,1,1,0,0
aXiXvy5cBMeb6m2j7WFuzg,2,1,0,0
LFGkW2ql8sI3sRH_eI9ZqQ,2,1,0,0
Sm2k1ijcnK17Ro5paN2_qQ,2,1,1,0
RXyM7VrCiEFthJxQ4bGmBg,2,1,0,0
bLIcSIyyAuLTIBIQKRyQUw,1,1,0,1
h28ZxheMQdpqHcAw_ge6gw,3,0,0,0
K0Odlnc5zKdDPwHwvQvEAA,1,1,1,0
spCzs32TMQpRCJbJfArZng,1,1,0,0
57ZBrOAR-KrfMMaHK0tcew,0,0,0,0
SnsZFsVf1tQvBCPmhe8gGw,2,1,0,0
Kxop0nGA-BUrwYD4EGhyPA,1,1,0,0
SwR7N8LjiSb0d4GWCCIKdA,1,1,1,0
ySkrz264l39YRcZ2-48C1g,1,1,0,1
jqp--3Unhkr0a5_ofPWLEw,2,1,1,0
EQG4csNQlVxNL3t3rK8wRA,2,0,0,1
6bYgKI5JaQmS2xDoofS6cQ,1,1,0,0
IJZrpASpveRG_BZAnP_z3w,2,1,1,1
RQTatUj2f9Nz9JViTH4aAQ,3,0,0,1
rK0Sz8xlX-ni_u_K9CQq-g,1,1,0,1
x8Sp-h-oR5WdzoG5WEsHnQ,1,1,0,0
WoXBfzGHcL3x6ME-X06qhA,3,1,0,1
ngdC2c9FFkyepjqJRRcLXw,3,1,0,1
xtJ9ELoKVMbRwZ0ktbVTlA,1,1,0,0
J71vY4KgLxv06FGvcJvt2A,2,1,1,0
blGpsdNSyzIjfzLYILuZmQ,1,1,0,1
lkq6i2x3vUsR7ZNrIFqoIw,2,1,0,0
D9r7Ct5KMMsUppCyvvguwA,2,1,1,0
6NffysI3E7L4kr71dxInIg,2,1,0,0
8SwMaPL6AJIs1ZPSZ3NJ4w,2,1,0,1
VutzmcU-hZt_WfgMkEuiFA,2,1,0,1
-HfeXGN4O83x8P4rZc-_kQ,1,1,0,0
9sTVmRoNEp5qbKkrdzEW8w,0,0,0,0
kXl44keW3wZaJpjEqHk30g,1,1,0,1
kktb-uIc2YjNWOdbW4ktCg,1,1,1,1
M4bCQStEWBOhC-NPojA98g,2,1,1,0
tzKvRnRIemqa727XYV45UA,2,1,1,0
hDL3Q-GNQlOuE04_zWEMJA,2,1,0,0
Qy_tDaVTWlS14fEglzo1Tg,2,1,0,1
MxiIRbKhCgT9Dz0hXg92vw,2,1,0,0
3QRdvd5F6rnKzLLb1mIg6Q,2,1,1,0
XsOIULU2wIJ61MR1TuDnsw,0,0,0,0
mpDcuUs6dB5uBsYVKDWCNQ,0,0,0,0
YyxB3K1ORzc7ChMKgyxm9Q,1,1,0,0
j_FZzis63iDcPAsisgomTg,0,0,0,0
ZobB_ZrgLrxwikCNA6Txxw,0,1,0,0
hgQOESYp7CF4LnNI90XEiw,2,1,0,0
xEpIUFKBHgnq3pXVaxNg3g,1,1,0,0
k-dDZvTeLysoJvjHI-qr9g,1,0,0,0
OlBFLXVJfze2ZZA4UUBS0g,1,1,0,0
7sPNbCx7vGAaH7SbNPZ6oA,2,1,0,1
k5ddmLvAKKw9zSusRPM2cQ,2,0,1,1
sZjy5U0AEXr7r2PZPi5rMQ,2,1,0,0
COV5JzBJD3vEW-Qd86pb_w,1,1,1,0
KuxDPl6UYNLxFChPm0_MNw,2,1,0,1
wb-OCJAuP1upOefBs7xljQ,2,1,0,1
m3W7xvsJMZPL862W8gfPBA,0,0,0,0
kL7u1A1lIsefy_NGYZN9vg,2,1,0,1
ZysmUvp5RtfkNTGcht1CTw,1,1,0,0
x71EvWJDVKZfM-OiYDWZ6A,1,1,0,1
u7E9Qa6CcqbvOy1eTYtc7w,0,1,0,0
3lRXNifVJDgqylwaQEHvGw,2,1,0,0
Orui3Cu-dQKOz1I0lKYEAg,0,1,0,0
cePE3rCuUOVSCCAHSjWxoQ,2,1,1,0
E7wKP-BVnWlxnbQM3StOxg,2,1,0,1
Jol7cXrDmKKmu_V6qp4wMA,1,1,0,0
USMzHt3XL3nPXVVOfRw1-g,2,1,0,0
7_F6dA9xh2lydTtr1LCtIQ,1,1,0,0
1gi5Q-Mcd5SwjLfk_83Zgw,0,0,0,0
RSPEJeFTKs1BsiVgjHp1WQ,2,0,0,1
Fl2yDmC0B0TTVsNixxVXfA,3,1,0,0
ihwYbxAuOntsaKScPxbXOg,2,1,0,0
AWDUtieWMiEY6QDyTC-VYg,2,0,0,0
ITz32TYToQgl1c0F8C63ew,0,1,1,0
9jZ9el4v3gWwV2oc5u5kFQ,2,1,0,0
lJHrUboI-RaAX37vfy98rg,3,0,0,0
BuHbMNbCQzzYi-3Y5w1c4Q,1,1,0,1
jGZRh1xFsy14fec3IG6-Hg,2,1,0,0
niuHdk9fwX0IJG1zMAHcig,1,1,0,0
cccT1HYSn1e4gDbMx9xebA,1,1,0,0
ezFB98nX2V_E0B6HuKHl3A,1,1,0,0
DxzF-hwT3OibWv12hGdkuw,2,1,1,0
ayt1ypmiiNL1OAchhaL2Og,0,0,0,0
XplJHcYSQTFlwv3Rk8WsYw,2,1,0,0
EutYqlTNrWfoW0_zSoD2jQ,0,1,1,0
y8zlR75tcmvkg49dqdLGDg,2,1,0,1
FqviVFdQac_dVwVMrNtGBA,1,1,0,1
8KsMtzkmKgNsiVWyeeYQYw,2,1,0,1
HojKatUfX4UHWaPqtl63NQ,4,0,0,1
0uzQymPVW2l24rpjX9KIBA,1,1,0,0
LN2X2X2PVsd56tqLIEku9Q,1,1,0,0
BLCDcaDMn6vZNhGOvUCzsw,2,1,0,1
5dy8OiWJty9AuxBcBzeBZQ,3,0,0,0
H1ZlF8EkvE5PW_-1BP0nTg,1,1,0,1
oL-TGyXWfpgr2YR0uTc0Zg,1,1,0,0
X2gukm2YYp0kAdoneBfKQQ,1,1,0,0
wFP9QkYF7lxwXa52t_qsXg,0,0,0,0
MJjTgjRZJLnU0VHF1TeMGQ,1,1,0,0
TfabYPasZ1oOMN6JLa-yvw,2,1,1,0
WEwn-xveW2T1dQxuCUd0Sg,1,1,0,0
NhGkSF9UB3hiDKUY9roHBg,1,1,0,0
1WmrBqFd0ZcbuYTOlbHsig,0,1,0,0
JFxSgJXC7siDE4ThlEEzMA,1,1,1,0
XWafv9_J7TUOO4PbEcIFJA,1,1,0,0
FjAfmg6QzXRGEFx8yJ8q7w,1,1,0,1
gCFf_GFUjgCSVcUe9yrphA,1,1,0,0
y2plF1wqtEiOdzArakENfg,1,1,0,0
OETh78qcgDltvHULowwhJg,4,0,0,0
BwuyBsShSQwO3_-SvW6fRA,2,1,1,0
TrBwrc6P_W_XTsphbvuk9g,2,1,0,0
2O_b-IAAW7SoPt__RX1Kww,2,1,0,0
4vTDFobDGaiI-diLF5TKkQ,2,1,1,0
doNFUrUKx99ajM5NI-XdsQ,1,1,1,0
hrrPxT846kLGs7ehEtLmRg,2,1,0,0
qFAw6wHMMcr4ctF-ZdGhEA,2,1,0,0
eefMnLfjlc3I166DyNZjXA,2,0,0,1
utqMwgvfYPlWMaRkX09w1g,1,1,1,1
2vyjdKZJM5fv0v7Iob0FcQ,1,1,0,0
O4d9Cfj4Ta3ZeAQwygKIdA,1,1,0,1
aRRV_ZbRiD65SIi7vAY-iA,2,0,0,0
7xA6iSP0Ndn08tpBFQtUKA,2,1,0,0
nvV8_LQ9JPo-vUdDNiJLeg,1,1,1,0
4U9hnKTGidPKOSu_28m9dA,2,1,0,1
7VWtmHsd4HSNDkF5f5xnng,1,1,0,0
Rr0ZigFhRXjBrvaHo0BTCQ,2,1,0,0
7f7u1SxsbQTaPsHPPMw3bA,2,0,0,0
7K_yGsP6CVy1-hUpQvnQRg,1,1,0,0
IyrDnrvUKpndj5zIv1KvGQ,2,1,0,0
RRw9I8pHt5PzgYGT2QeODw,2,1,0,1
B19KKE75ZxqoR3EDuvA1qw,1,1,0,0
m65oi2C7b1CJM7DaXbFi-g,2,1,0,0
JNOHTwpu7JBgRZuunPQnOg,0,0,0,0
wVnvWvuS7ZZMQwW8uQEcmg,2,1,1,1
GX4C0SDgzuywFbO2W_g1ow,3,1,0,1
Mn6PbumS7GL2v3jPilTaeg,2,1,0,0
KTDDw1gAV4G_YoKOdQ1Ygw,1,1,1,0
wacOylZWqy_w1lG68i39mw,1,1,0,0
LbuG9NOlldEfMkCi9BiVAg,1,1,0,0
qIRqFlmvHDRe7kWBAsuVnQ,2,1,1,0
ERnG-1q3igX3VSgm5uLZ6A,2,1,1,0
-ed0Yc9on37RoIoG2ZgxBA,2,1,0,1
jo4nS-avhKux4IFwFCsrvw,1,1,0,0
wmdHsfoNETnjxVU5pwtlpw,1,1,0,0
RdLgUQf0vOsfYA8t9MRB3A,2,1,0,1
STLglfaKvGbuMHCV5B6jjA,1,1,1,0
m51uL1LZhKYf2y_yG4NEng,2,1,0,0
lZZLmG1ANLq2Yb3KuVA4NA,2,0,0,0
OW8ZTM0Bd6R0BH6u-6Wkag,1,1,0,0
fh7YYXev-keRlts1ISbDNg,0,0,0,0
5B8dlAoL59SjTft330E9cw,1,1,0,0
YM-nYIHd99qUt9n62AxIAg,2,1,1,1
EX_NM_g9zjVa-6hH6HrElw,2,1,0,0
pTbkdBDDKxNVjKUZ_6RAug,2,1,0,0
_-yfxwYmY3RrbJ_BXztrYA,1,1,0,0
de1OhE-0BHuoI9pzXBKxkQ,1,1,0,0
GOKaUf6xskku9-ENc-X28A,0,0,0,0
Vk-TBQwwvC5ehW6iF1_psg,2,1,0,0
jtQqg_96doTihYzLCC3x3A,0,0,0,0
ydM0qCPG1cTZvAguCi2ucA,2,0,0,0
tqumNKvNmeII_DRG6SdRuw,2,1,0,1
R9bFr7dADF2fosWJjgbyWQ,1,1,0,0
qzcX8ekyU0-xEjrGWk3Rbw,2,1,0,1
udrIB4tIAtZQOGAiukQ2Rg,1,1,0,1
Eysh9j6XQXkZoDKETm8Rfw,0,0,0,0
sdl60K7ephAJnkXC5a5u6g,4,0,1,0
tcclqqE4T8XbgS-02vsl6A,2,1,0,1
HxLaiPWJ0YTeqhQerHfcTw,2,1,0,0
AXOvlcEKQKtttJBklX74xA,0,0,0,0
GLObol9ZkKPQOQ1LMsqkew,2,1,0,1
RXESkOgqAYGoujYTqy2KNg,2,0,0,1
xImiQIhC2ZBDEy7LhpQ4nQ,2,1,0,0
im-cUM9qd8FOhIPJujaMtA,2,1,0,0
jWHr_b19C1SjRvfI9jbdmQ,1,1,0,0
3vykxItKNuoeQjoYnATXpQ,1,1,0,0
DqcD3YflYhArFsC4KVUnOw,2,1,1,1
fb3ygmKzuhQx-ONlUJimtg,2,1,0,0
fZM-vnMe00UbFbbo03uSDQ,2,0,0,0
343DKCvz6HzCIep8J7yCwA,1,1,0,0
D35unF350QG06LXDe0Cv-Q,1,1,0,0
iM-sH2Ey0IWbk9Y_FY5rwg,1,1,0,0
hhhHgSaSl6GLtuDoDrMUZQ,2,1,0,1
pnStRO16rw-jXa9S2FQoEg,1,1,0,1
0jtRI7hVMpQHpUVtUy4ITw,2,1,0,0
OgJ0KxwJcJ9R5bUK0ixCbg,2,1,0,1
v-z5Tw5ds2sEvtk3Kj5x4w,2,1,0,0
zbFtY82_ummK4amkT-M04Q,2,1,1,0
QcV8KIPKbGRnWQPql55bKQ,2,1,1,1
v-4N8H5HlDXudGJXwrJHbw,0,0,0,0
Ssa6XY_RdDRRB9wuVIeIWw,2,1,0,1
mB_cI1tCrNxxvr2e2myNrQ,1,1,0,1
nUaLFTfUqVKMFQonsWBnag,2,1,1,0
4Pl-ziYL2oerGyIPlwVdmA,2,1,1,0
SzB85-8tmDEvoapZSDTBkQ,1,1,0,0
bns0V-7B5eAUBQ5qfXL12w,2,1,0,1
PI2Xr6HwQ5nVUauzSqp6lA,0,0,0,0
1JpfQCgLnmz6VU00O1XIPw,1,1,1,1
1QwX7Cgkm6KnlcGNDTh6EQ,3,1,0,1
5ibm7zDgxE7WwDFNaZbdKw,2,1,0,0
Jj8ubiwwuCR-rrhrrjcryw,1,1,0,0
pneBBrIzd3SCbbglYRTBZA,2,0,0,1
PaKG_CtfPbjWQUcdro81rw,3,0,0,0
GdgGAINCqMXqcuKd2nKEBg,1,0,0,0
w737ZnuyX-k0_0J_t0vkmQ,3,0,0,0
-DOE4Qs8IMfgkvshYKfC7w,2,1,1,0
pw167x7bLW5t6N2WHjroZA,3,1,0,1
cVdcHgCBKM5l9KS9sizQag,1,1,0,0
Lfo8OEUIcswnMLIAXpFWYg,1,1,1,0
ot1sUqbDrXEd8BELJZw6IA,2,1,1,0
T6ihfy4SYiF4PvuE6Y0VPA,1,1,0,0
-hnHJQWo2ijb77Yqm6EnOA,1,0,0,0
oZcbn7ENit23xbCsyu9xbA,3,1,0,1
iB1iGtTgr3fucKrT9yxinw,2,1,0,0
-zH9u-R0pGpHbrr0G9sMyg,0,0,0,0
tY_Hmm0rT4sRDL-geEYQmg,2,1,0,0
eavP59x5DOpGwVFhxbG4Cg,2,1,0,0
FnQ-_pGdw11za0LQ_aORxQ,2,1,0,0
76LLUmnfMjBnppNUw0J4fA,0,1,0,0
tnsYhfPdHo-ekvD6GL6B4Q,1,1,0,0
Ww-qDl1G9Kr7igS3ouA_Cw,3,1,0,1
xLy6hAIyfva7fGuRrhI0dg,2,0,0,0
3G4KcScA5srgsg-fAtWs2Q,2,1,0,0
q8zJESZE4ywTGS2pEQIrGQ,2,1,1,0
PZ-LZzSlhSe9utkQYU8pFg,2,1,0,0
SP_YXIEwkFPPl_9anCYmpQ,2,0,0,0
mlHC2XcU9Bows6cnYEmRgg,3,1,0,1
kANF0dbeoW34s2vwh6Umfw,1,1,0,0
jtlAfuINMCYVFpjwMgy2jw,3,1,0,0
bJP4l_BGq2CudEu0m-wNjg,4,0,0,0
1HRSElW1HgBiTtSNrhjMeA,0,0,0,0
IgQ8lSds3AgLFQsYsshUHQ,2,1,1,0
v7ZFEEqJBg_r8NCwHRP_2A,2,0,0,0
111d13yLgIdqvpZekgVnbQ,0,0,0,1
PWjgwphd2prhtqTPWwLbXw,2,1,0,0
rVBPQdeayMYht4Uv_FOLHg,2,1,0,0
eY98EH_PHGnJVaJ7t2UpoQ,1,1,1,0
iyPtSR0s6EkvaQFbdJ_jVA,2,1,0,1
XWa7nXOddOYKxojywngk8w,1,1,1,0
xXtWrRKn8A708BfaNs1nZw,1,1,0,0
KZ9v7M1A5t6OMDghR64_5g,1,1,0,1
wdsGP5rJinx0J5GcGzPQUw,3,0,0,0
SZ5KO1KNiwtrktKo5mpuLA,3,1,0,1
EVC1vn1KQ2uETnTbDWXc5w,0,0,0,0
LEOvXK3lMEfjnex3CPvrng,2,0,0,0
CTN5Z3fs3jFHfyma8XxzVg,1,0,0,1
kExmc2lS8BhFFlh9sjvuSA,2,1,0,1
M4zq737gzO5GqIk91X0CYw,1,1,0,0
pRXgWOIiQPEbosMrylsdLA,2,1,0,1
N-U0o7hIKy3Z6KY_O4RuPg,2,1,0,0
tcT3oHh_dwi_FYhozw3Ibw,2,1,0,1
Iojwvqi475VZ7n27LGfnBw,2,1,0,0
q8MUVVuQpfR6v0HBHmAFxw,2,1,0,1
gFjHMjQXn5pbObxJupiuPA,4,0,0,0
8wpfZ3zJJ8LKO-z6C8hX-A,2,1,0,0
Z3UBeP5EoKIXIDmEdA3JmQ,2,1,0,0
X3s0BN02lS6EigSnJaSyDw,1,1,0,0
q4i-GbjeSp6ucBDXGE9DqA,2,1,1,0
X2qnigcKuTWL7x9fS2ZUdw,2,0,0,0
DZkVWxknDUuWX0-wmtGhQw,1,1,1,0
SGPjYRy6x7R5ZlGa_nrskg,2,1,0,1
MrqG_TzPLMRrob--EHNdOw,2,1,0,0
P-na-PyTJTL-uZ15vEg6zA,1,1,0,1
0txNpCq2YunZSL7jHIiGlA,3,1,0,0
qL2LoSauX4IG2KHtQevFUw,2,1,1,0
fZ5jJ_TOJHeaRi5UBdRvYw,1,1,0,0
JHlliXHouAUSHLtiiMyUqA,0,0,0,0
ZK0Q-hn46I8JrRTleg_dYQ,2,1,1,0
VcZQXpk6vYAXwemOrC9PTw,3,0,0,0
8bZ49zy4KlFVu5teFETYhQ,2,1,1,0
IlEyOZ_6dUuhrDqpMN2GXw,0,0,0,0
amuNjN2yc_0HRgbMH5UlKw,2,1,0,0
e1DfwqDhYQYLKoyHmJu0hQ,1,1,1,0
M5A5r0HbMRfTzidqMKYHfw,1,1,0,1
7A1rTh8gGbJTyCIcbdb6dg,3,0,0,1
W-5cdzVAeRv0EtAeed4tqw,1,1,0,1
I6qFvR-jVDGqDD_iVG38ng,1,1,0,0
2xbxXWeu3tpZEJdGTTGbLg,2,1,0,0
6DWFVwgm3d9jfBUOkJuANQ,2,1,1,0
7vWb1Afpm2arr8NCaE_EyQ,1,0,0,0
yWwIUmeenyAO7nwc7U0U5A,1,1,1,0
ohz8ljVxcZMo2bMGrBZfgw,2,1,1,0
vAbRNF0hJt91oCUpm_sdKw,3,0,0,0
r48H_sNUGmcRGX1LsEc2mg,2,1,0,1
zYzYmPLViy5Q6u7rmL8AYA,3,0,0,0
shSYKGuSzXpctURCR9kCFQ,2,1,0,0
v2UKNMDqWN1UaWlK2Ugx2Q,1,1,0,0
Px6nQ8DtMy6gDylIdPNl8g,2,1,0,0
YL1MmnQXbdqmO5zexUNvlg,1,1,0,0
UVRgPeUS5-pxGVK7OLl0Zw,2,1,0,0
6tl_UiTs8uqZO3iSfdMZmA,2,1,0,1
RiY8R8AKdTTA37UAwvbUXw,3,0,0,1
wWjDMAy3NjpuIN64fASGfQ,1,1,0,1
0tMhUM4FJy-onBd8ppUDng,1,1,0,0
vfqUUh_5KF3R7mz2XiNXGg,2,1,0,0
a7mTbEi2N8Zd-r-8jlReww,2,1,0,0
qaPSbg690KaX5av6xsSV4Q,1,1,0,1
DUeqWfBI90UBR6xSYQO3uw,2,1,0,0
AztVIokc5VtP4m8r6kSnWw,0,1,0,0
6tewQ0ymGsSx56D-B-KPog,1,1,0,0
ZcO6xKyETimcLjAkDiLQPQ,1,1,0,0
kFMEdURGAp4g29oaiF5Hjg,3,0,0,1
Pf8flcMF3hco_rG0EdUGog,1,1,0,0
5yZ1XmDcOEsElDeb9PlPDQ,1,1,0,0
WBaQtymoLPJfxnlBwIViow,2,1,0,0
scoJNOqcw2peNlO31UYTaA,1,1,0,1
tm4MJbmvpT1uKEYHJBYr4Q,0,0,0,0
hXY9Yq0nOLgHsWLbjam--A,4,0,0,1
kVXQmct8R4Ygmk54eF32lw,0,1,0,1
arv3T_av9OoVo3SvxV4TXw,2,1,0,0
uTCOEqjuVAXUOzti5TWj2Q,1,1,1,1
QZCAx1CM8Q5NSTc-8ProOA,1,1,0,1
CNwY37pdEDwLl1ehwog6xg,2,1,0,0
IZI9BdElfGB-WcHpd7Wg7Q,2,1,1,0
wC_uWvRXyWqG6EygMfPhOQ,1,1,1,1
tMYYSWyTppDcF070Hmy-kQ,2,1,0,0
vl_LNtimh_DMxZ1YQfl8aA,2,1,1,1
6G_S11aSDjdYnvqRaF24_w,2,0,0,1
fo_w5L2x00wS4NMHzE8oyg,2,1,0,0
ahbDELrW7CqFbOVePbF5-Q,1,0,0,0
Gv8u5bX_Kd7HG7jkeF_vWA,2,1,0,1
SfP326rcU5sjwGx_dQP2RQ,1,1,0,0
huOYYw8ZgohIxZ6Y3aNOcQ,1,0,0,1
fyJAqmweGm8VXnpU4CWGNw,2,1,0,0
Oyo5CWthu2upxxaf69MfIg,1,1,0,0
W9wFhYz0hj9mQ_5vHfk31A,1,1,0,1
6s7uduX1Q1KSjOKvwxYkRA,2,1,0,0
31BSLQveLV7eeIoWNxhTaw,0,0,0,0
wffN4optBUAy4LVOOPZN7g,2,1,1,0
lSO9qpXaZZWufIZzH5L1IQ,0,0,0,0
4ZNr_HOSCXMCzY4xN4WACA,2,1,0,1
V1wBDq0zqq2dlyQvzD5PaA,2,0,1,1
5gZ4k_mdDOcEmCG4wHVH-g,2,1,0,1
Hbe9EMTwdZruqOEDXXFb5Q,2,1,0,1
5SZe-u0hyquuipQL5lbg_g,2,1,0,0
O6eGmbnnbh0Jq80AAIfzjA,1,1,0,0
Z4BcYjHzz9qXCmhxT6k6nA,2,1,0,1
zkk1ieQQnWtu9TLJukXC0g,2,1,1,0
yHBhLawYmIthUPLbUXK5kw,2,1,0,0
GsXmR2sfhxj1mH18pTwuPw,2,1,0,0
QP2c6C_xk6nSiLgaVuq2hQ,0,0,0,0
jJ2ca6wqp_YwTsdAWzplkQ,1,1,0,1
OfbcjpiiBKf6Bw6W4nlL0A,1,1,0,1
vpoXE7CsEMZNzBMDvkuqHg,2,1,1,0
cbxyYUsJMWk1oEgzfoJ28A,2,1,0,1
I57O9xjahLTtx22El93f4g,1,0,1,1
Pejzx2YgZvywGXJo-thfnw,1,1,1,0
afMwlotE4c2nBLilhaOxhw,2,0,0,0
THOZYeKWKyW_-6U30E1b5w,0,1,1,0
cPWbolWE6ip5SupmfH-nBQ,0,0,0,0
gS9MphCeLc9JzUrEOEA4_Q,1,1,0,0
e59uNE07Gf-yrIl4rX3KZw,2,1,0,1
707ST4xhNavXNvZtEL-RgQ,1,1,0,0
QMI6A2H1N3SwKU69SiASJA,2,1,0,1
RyKFUOBakk8I0K-EKaf33Q,2,1,0,0
NR2-lpZ91nDvP5pfavhtIQ,0,0,0,0
a23aElEgvCFhxdtqdzh7bg,2,1,0,0
_S3w4vjlFUkgx56Ji34Jpw,1,1,0,0
c_iQzwsTDYraPvHSKz88QA,2,1,0,1
ZHSMToFUzdVijeJvrWLNJw,0,0,0,0
Kx7DTzbfY4K-uYJKTibesg,2,1,1,0
RUJfBZJuYEGgKYRW6mIzCQ,1,1,1,1
dhJT_J5UG6erwqYhf9gNyg,2,1,1,0
1Df5WnLX3DqN6ymlhqznaQ,3,1,0,0
LPnGdeEJyMMO02e02PqZBA,3,1,0,0
996axDvF9P8zxB9MJA52Xg,2,0,0,0
O4ucsINTXLJaZ63XcWTsIw,1,1,0,0
7UPTUpex3O1Gav3td7GOEw,2,1,0,0
ogUiKg4hL01zt2o2M5IZ3w,4,0,0,0
02eESJZNF3qigrJ3GNRgIQ,1,1,0,1
ck-5NFpK8CQsUMD4LHaf5w,2,1,0,0
zfNKdsuT7bWWN-f3v5Rj_g,1,1,0,1
qhagbvK-Pv4cGGghJ7gXBA,2,1,0,1
d6BOggptRCZcw7y5SI5Tww,2,1,0,0
74C1z6cqEdvJVgETTcEodw,3,1,0,0
YOZgLDLNLAe2nP1sw5inYw,2,1,1,0
fOFkU3gc9ekFiP9FWRgYTA,1,1,1,0
2k01kgbLdNV9b19GrOqdNA,2,1,1,1
CfQCMOnVIarQCBDBor0mfA,2,1,0,1
h8bJb1dIwPmUGiqstCy7lw,2,1,1,0
DpxYFBHeje5UU-m2i6_KTg,0,0,0,0
VONg0lyHm7fUdARWjkkjCQ,2,1,0,1
klEZ5XCoRd5lwcEwK7cMXQ,2,1,0,0
iByQmTmTdO7hP4n1grSSWQ,2,1,0,0
096iGHoQ-UImxUExuyqlZA,1,1,0,0
wPxQQbwXfqnJEMirpwcPnw,1,1,1,0
5rZxENz57t-SDv1tIS8lOg,1,0,0,1
Vxv2scHFtClsWGuA7jQG-g,1,1,0,1
BS2Y5IZiCOHBebHMEU2dEQ,0,0,0,0
QRAmGlMF7_sLq8YZ_L1POQ,2,0,0,0
f30-DOoIxvoV9btiDvKMTw,2,1,1,1
a6RZ3ampzMPiu0drkw9WWw,2,1,0,1
Yiw2jUJzUdFmglHZgj4RaQ,2,1,0,0
T1XikHI9k4VtoNzQVpIATA,1,1,0,0
_zV-v1iMDIs4bjVuN_fL5A,1,1,1,1
5oVIydJLDwm9chThPU6zIA,2,1,0,0
PlNwT37ZahtL-3GRHQ7mVg,2,1,0,0
F0c5AMuF_w49727bE7xV1w,1,1,0,0
x_L9NCBxx4Mb4cOnnRMibw,1,1,0,0
NOni-U-epTbgsbu7TNjqmg,1,1,0,0
ft5LUuDwmS8ONnI7AooLjQ,0,1,0,1
LVF_M640eZdJN6wX12VrEQ,1,1,0,0
rVdadAcPeUXjcIHxoO8cGQ,2,1,0,1
03DvzzcB5ze7lacYwZbH8A,2,1,0,1
A9qmduhmrTZxSg7uTOnzYg,1,1,0,1
893VryJbZcCm5V9xon_aLA,2,1,0,0
-hXocgx4xqs9dv_l0jiZZg,2,1,0,0
f5sSn5cO4t6mF_mdnzKkyA,1,1,0,0
ewIXHLlaIfp9U3NrsgilVw,3,0,0,1
Wgx9dIK-EPS9xl62fSZlFw,3,0,0,1
VoTi4yVhTVyFdmxUpoyUsg,1,1,0,1
l8zJEkw4cNOcNzaLR_Gctw,1,1,1,0
GjbF1ZEbIpC2KqUbZ7KQWQ,2,1,0,0
zCqpHq-eDSRqXn9VBtoVcQ,2,1,0,0
CCNp1qS8n2gh51X7Wadabw,2,1,0,0
HxOycKEgCl7aXjBsVs0t-w,1,1,0,1
op0GPkK8YtpTQxSq80lEpw,2,1,0,0
a7Zcx-qVTLrMvBaod7MXbw,2,1,0,1
b6IjUr2azLh0AsWDjus4zg,2,0,0,1
oYCx5gO4KkkgYPnglSkk5g,2,1,0,1
dKVwC-UJDFzfOci3xDs0jQ,2,1,0,0
8lZtLSeJVg28Gb75iklmmQ,2,1,1,0
RgDH0NZHGT8i6gdklxp0GQ,0,0,0,0
EXAbfr5PkoRzMqlCb_3ALQ,3,0,0,0
fjta0a2h-LYWOWBgJGVpwg,2,1,1,0
WWZgzuTn1k7Yn9bJ_Pr0Kg,2,1,1,0
-AGdGGCeTS-njB_8GkUmjQ,4,0,0,0
Vl7knG5rR45zT97JdkCmMQ,2,1,1,0
wYFQMJytgwoMuan0Aa4ByA,2,1,0,0
dVz19OnbCfi0pjlSNV0bgQ,2,1,1,0
eLkNF-w5upg3OsQYG-GBRA,1,1,0,0
gpjvSxIQZsgaEqmQ8RUqvw,3,0,0,1
iWScmpipq65WElq9za9RLg,2,0,0,1
JMpATuCfHzeP-DASD7DpXQ,1,0,0,0
LrrJW6ejsVL7hADfFy87Eg,2,1,1,0
NPiLy71qqXzb45k9eQOgCQ,2,1,0,1
Sfc8Haz2Yri8Mo1L0E0TsA,2,1,0,0
BuGweXjpqEo_5ovBHd-7zQ,1,1,0,0
d-McqjAh8i9f23RI_U3Y2A,0,1,0,0
vafLJO0wyb421AlOfxMiig,1,1,0,0
0cITagiY3ytdRh6shZInxw,2,1,1,0
dDYbnQHBi0dqZH2kmiNaSA,1,1,1,0
VADsDteqi8ac5-egcloI3w,4,0,0,0
E1SXF31D-63sBzvCguc0LQ,0,0,0,1
cxnbk6t6L3jnfT5n2Hbl3Q,1,1,0,1
LsaSrbOcV7M24Yc8nemdsA,2,1,0,1
rb6QPjjuogZ9_3S6oGsgGQ,2,1,0,0
_HqZL3gK98-Q4ObAoyM1aw,2,1,0,0
UeyTFWMLCopiZQ9ZIfmXfA,4,0,0,0
FgdglZsn9jkkiuTIPOgaOw,2,1,0,0
xyMZdF9Xh9N6il831_Czsg,2,1,0,1
U_SKqvm-dUtzDIrixCVdLw,0,1,0,0
e9smQsCHC7-ghr_7fWz4Mw,0,1,0,0
m6QREZLAQatX1swZ2FN4hQ,1,1,0,1
TsYqjhDuarNeT1k-mtovww,0,0,0,0
LYWbyu1EQM2o5hwHG5_Ldg,3,1,0,0
KuDmCggBq6zwxc8CSJxLdQ,2,1,0,0
MozU1DoDVybr8QmrAy-XDg,2,0,1,1
1GWSJbsVfKCPXIYPap6nIA,1,0,0,0
z5cpyP28ZvCHxZkLXv0jBg,1,1,0,0
2kpbPYMjEbi-VIJ5mAOX0w,2,1,0,0
cDoo0Pf1d_P79Rq3ZNk-Mw,2,1,1,1
yZsVStKgRul_oNjHsV99LQ,2,1,0,0
CWNMLT-ppaUjLMmrnYDPVg,3,1,0,1
yUO7zPWGbumX42UzjbuBmw,1,1,0,0
uGD4Mml0jqa9cMAKaip44w,3,1,0,1
FKyDrTFQSvbn4KGsRFZYYQ,1,1,0,0
LOX4LFY1qNQWprcomZAgYA,2,0,0,1
yrlxHcc2OzN3-8-nTGzUbQ,2,0,0,0
S5bNE4Pmin8OQUMOFod8bQ,3,0,0,1
NOz8W_cUV3Dw5yLgFkKLGw,2,1,0,1
X29BLACjBhOg_P2USv07dA,2,1,1,0
g9Jw5G3ioagemIUhJ77Gvg,0,0,0,0
rMVi-Vn_mN_X9J1ZSl1lWA,1,1,0,1
VAMOskgqojcYr7aK6zLg-g,2,1,0,0
_HU30V8E6vuENIDsb0r82A,1,1,0,0
j7HO1YeMQGYo3KibMXZ5vg,2,1,0,0
agzQqNikDIfbESdH5_dg2g,2,1,0,0
WbMZHFOOzjmQybWyHdfDxA,2,1,1,1
6z4fp-8YDR1Zh5Y0Ubni8g,2,0,0,0
U1LB3sRMGTu_h7Sf9QdNoA,2,1,0,1
lVfZ2AaYRYHCFenUMQna8g,1,1,0,0
Dvhg57y-SOcKty6WTG1XDw,2,1,0,1
UrV2WIaiFHRI8xxOZ00g0w,2,1,0,1
S_L3qebVFHSAvrGUFcFXpQ,2,1,0,0
WlsMi6UyBz-WvBS9puLZkw,2,1,0,0
hJda5g5v_2rT3D-3mSf7cQ,2,0,0,0
SA7NjDkzdaJxUjKvX9_gpA,1,1,0,0
7yRLFyhvaY5Nck3iSKDmxQ,2,1,1,0
1jasd5ZhHsS8CLGv34YEow,2,1,0,0
35sOd4isS-SJi92Yknn-Xg,3,0,0,1
ujKxpaUmTUVpGRBFSvZfbg,4,0,0,0
oVdcOfPFUHae6vRnAEzFFg,1,1,0,1
mdBaC30kgcWfAyF1O8anOw,2,1,0,0
EN2foh9hQMXvNMtB3pMwmA,2,1,0,0
OKcWglzK8JaFxfNGjq8yGw,0,1,0,0
Md8XLs5FUhSnUodFEVqYWQ,2,1,1,0
as5StqV9pbDhUM0AYP_j9g,1,1,0,0
uKWh_n81PJY7XTjPQib_yw,2,1,0,1
QW0YuA4bhfGjnhNWwiYWsw,0,1,0,0
NZAxQxXH0YkSzPOKd_Nv-w,2,1,0,0
y4GgOCMonFP5G1eZEdbcYg,2,1,1,0
86AlQmjMfkxZgH5UquSOPg,1,1,1,1
23Dg53bT4WIJDK26WPR7vQ,2,1,0,1
7Q6pUSru5DYRwYo5U3Xjxw,1,1,1,0
fBtegqjUf8PxjlbxGZxPNg,1,0,0,0
Exk-3-8qD_tSXTER85BN8Q,2,1,0,1
OasYaKjMTdFFQdepjtDFpA,3,0,0,1
6LkNSA3b3dufG5_dKfEQdQ,2,1,0,1
3Z2H8TFW5OTubRrwkRejpw,1,1,1,1
uAPMb111euz5jJF8_VeO2A,2,1,0,0
5pmZjodq-9PZ0gDn5epHVw,3,0,0,0
izMVaoWC6BLx_yKMiy8Tpw,1,1,0,0
vLO7WdSy53qYHXl_PiRf1w,2,1,0,0
t8rluekhg8LVJXwbTYaZVQ,1,1,0,0
gaSP19bI-CJZ-yRA4lvoUw,2,1,1,0
fu8ZdJMcX6GSVf3BbWOsgg,2,1,0,1
fSLRuSJgb3QKS-Ef88kUEg,2,1,0,0
YBE7FO11s32f6BEpTAJ5Rw,2,1,0,1
mGjyaCZUVvFhO8nolbDdnQ,2,0,0,0
BmgfYQ3tpRKnT9H9WvjL_g,2,1,0,0
mGkVxLpndvodT92iRvbLyQ,2,1,0,1
XmdJO7O0hrtlLwAQdibm4Q,0,1,0,0
V4Ml-Urzen74dieQD-QeKw,2,1,0,1
qGf8uO6fgStaTTbIchVUDw,3,0,0,1
A6Nn0-08lHPPC7kWtSVcQQ,2,1,1,0
rvnTFEq7R2ZHg0_CYbBNFw,3,0,0,0
fNldo9xOxo-av2_1Q4U9JQ,2,1,0,0
2QcPbyRAw79poY9OKP3hfg,1,1,0,0
RjTfTN8kzIS7hefp-A4pDg,2,1,1,0
afc3QwjxDI79Rglr5jYqMA,1,1,0,0
RU2VtVZG8to-XVEHD-2qag,2,1,0,1
BrMqGmsqIqa_Qjyk4EiFGA,1,1,1,0
Ke0nQzmHSGTdSqmagaNr4Q,1,1,0,1
Ao2V326FZWP4MCsTwUUTNw,2,1,0,0
OFacUbdk0t-GJ83GQ83LOw,1,1,0,1
qgng2rCxAPJr2YQZZp2mdg,2,1,0,1
lKFSRJ5tC0OIETgpzTB5kg,0,0,0,0
v2xh5qtrlRJSU3OnixJH2g,2,1,0,0
Vm_xCBVn_Tu9P8an8N0vNQ,2,1,1,0
VbrGaAmb4CJOL5oLsj2VsA,0,0,0,0
BYYTKKHMGoTPjILP-WMpFw,1,1,0,0
jzveTy7ogH7cg9axZ78ENg,2,1,0,0
pgbVuDaki1bJs670eKF3qQ,1,1,0,0
kBRJd804JAu7BDn6pnqGMA,1,0,0,1
pvzJ4ViI8bCgBnAAosLpFA,1,1,0,0
88yIboxl9p7sPy9ifh_s4A,1,1,0,1
xVlj8zOeyGMXpZpdbJj7Rw,2,1,0,0
DiCMYxT69I22-1nfsvYAJQ,2,1,0,0
GNFshyv_WUtCsq_D__pZ8A,0,0,0,0
60k9jrzsQ-uO8dlQuUIjQg,1,1,0,0
mf6GyH6IAscWorW9IpTjXg,0,1,1,0
TffDDLGfej2dqD9LPEuArQ,2,1,0,1
O9J0XoJR16wWbSZpXs9Uwg,2,0,0,0
FooKqQJ3UnsIG2slFPuLRA,2,1,0,0
pJdPcHkqtaLF47pS0LxdYQ,2,1,0,1
3WwyJXS5i0K9pjTDpxu65A,2,0,0,0
cIWlTjt5HlWQ02mUZIz3Ng,2,1,0,0
h36qA5gnNTgByhxWx1aH-Q,2,1,1,0
1Q_VjzXaq8Ad4rvSVOWpcg,2,1,0,1
vzrcPqSdRY41GoO5DR5pYA,2,1,0,1
EwqExeH9wkG3NaUHV-OtBQ,2,1,0,0
eMmIawsYRgi0S_4dBsOPoA,1,1,0,0
pTJ8f4AfUW6uwKGdawLcfg,2,1,0,0
O7UMzd3i-Zk8dMeyY9ZwoA,1,0,0,0
fvDF6pqWKRaQIZPNYaX2TA,1,1,0,0
tHaySMUc5u2a_71vfZG-0A,2,1,0,0
XmZX5wwhmL6Cfz0vBs0lxQ,2,1,0,1
pBartPeLXbTAxoOOqp7HZg,1,1,0,0
WvLnXAR4GrTYaT4LIcyuvQ,0,1,0,0
XRtelzecxvhGtG4h7Xdxsw,2,0,0,0
RBAcL6hg2yoaTRv0kKUjPA,2,1,0,0
LYrjbwffP5X1QJ4DpxNGrQ,0,0,0,0
dZVMp70AuSa4dQPvx3J4ow,2,1,0,1
Ls1NqcogI-szYoQ7tLh4Og,2,1,0,1
M5Nvx_jkTf56Ne7tuXgCLQ,0,0,0,0
WY630Bgo202sOpiT57EN5g,2,1,1,0
36PyJL7VPM6Xd6agqXj5RQ,1,1,1,0
PBZyumZ_0vSijc2zODdqgQ,1,1,1,0
TTFW5vD2i3ylvWaLpv4l6g,2,1,1,0
s-p2hqOR47ffQKYzZtMV-A,1,1,0,0
2GQ0DbNf7Wkhws7kFiU_Qw,1,1,0,1
TkrydveE1Laf_LHoKFALNw,2,1,0,0
09RUPz3SuUMtha65nUH3_g,1,1,1,0
6xgcHeLad-VaoTIQewK84A,4,0,0,0
Q7YfGjBcFFpy3FUMOw7GLw,2,1,1,0
yRftS_7lFj4_YJ5L071buA,2,1,0,0
6a7zecn8W8r9dDWwQVb6aA,2,1,0,1
xjYAqZKDP3xnWOeJ4FGs_A,2,0,0,0
kIrjc7PrdoSpEubQ_aszdw,2,1,0,0
JzNkCTqm4ukh4djWRNd2rg,1,1,0,1
zz3CqZhNx2rQ_Yp6zHze-A,2,1,0,0
CINuanTB3t119JypJq0DTw,2,1,0,0
Kx0MUrNQ737s-VVElk6Vig,1,1,1,0
FT99KLluYZA7vFZEIypIwQ,2,0,0,0
pKiSzUlBBRNEdTML24piXA,2,1,0,1
wVnTsX7yDWI7pjED4xa9Dg,2,1,1,1
hG7GPagUoqCHLowKzlR3kA,2,1,1,0
dm6sO_Y8JdKTE1ZM955yug,2,1,0,0
e-YnECeZNt8ngm0tu4X9mQ,2,0,0,0
y71Xmo4Bs5QLNv_6zFl98A,1,1,0,1
wtcMoqKiaxkFPZj0BC9jlw,2,1,1,0
7QlInB8xw9rLL85yFRq9gg,2,1,1,0
iUGdlpOMN8f0PTydikdxyw,1,1,0,1
07gh-AImcEcWQ2bew-jprg,2,0,0,0
ugmEOPSDyuKST64jXHZtVA,1,1,0,0
tU99Fl1_3HQV2Ww6-XxWkQ,1,0,0,1
7NaoYUOJ3HAPKMt3aF91hw,2,1,0,1
D0_3XMsE6ipom_sXxKrQ4w,2,1,1,0
WJWFSF3o83yl2jHDKbScJg,2,0,0,0
QH1lePb3lwTKRF_OXH_6uw,2,1,0,1
qgEKyJfuL5LBA6D3V9nR9g,2,1,0,0
RmGjo_2kT5wDVoqJb_IDCg,2,0,0,0
R1dqoMfSnPiG9kbLMaXlVQ,2,1,1,0
glkEaoxbewiSMBiXs945JA,2,1,0,1
yG2PdMFn6y3QDw4Uq4b5lg,2,1,0,0
y-ytZFbfRWvYma9P4g7AYA,1,1,0,0
liCPyfxs-CYXAV_zAmB9dw,2,1,0,1
VZIolawmWugA7wH9rfyAWQ,0,0,0,0
o1Pjim5n8xJjjAE_v4RiHA,1,1,0,1
hKQe1UsEbeo-qM1Vc8m23g,0,0,0,0
UoPOED2pSAQjf4Gz4gYtqw,1,1,0,0
FhzGEjtX4ieb2BzpKy_hGQ,2,1,0,0
odf2aSA95Hm-bYSXLfl3BQ,2,1,0,0
feXaud0exONNXlUu1m9DZg,1,1,0,1
y2QENZ0Rre4EOveD0iFpBQ,1,1,0,0
gE07l6v5mp5TPM4awcm5Xg,1,0,0,1
-uqIK0vIzD_7PrnCgwhlHA,2,1,0,0
yQfiIg-HDflMzBKOfyTqQA,0,0,0,0
b0Bkd9tpoglbQsaw_NYHwA,0,1,0,0
DZN44_XFktITlIUec4H69w,1,1,0,1
9toB8IcyYEGFCDY_kPk_GQ,2,1,1,0
Avh4vPVXkYPcHEbRs1ZdBQ,2,1,0,0
xrt83taykZS48LB21yOB9w,0,0,0,0
rifLWKQUwANsYNMbndjYww,1,1,1,0
5Mp-PD_CUaPoJr6CP-WBdA,1,1,0,0
a_nrM7aMl9vNnT5hYWXR1g,2,1,0,1
Hr-3nCQLKOYN6qTLtbOmcg,2,1,1,0
B4uCwftCK0GMXvYYwr0lUw,2,1,0,1
biSsdqExmdvIKiFuowOadg,2,1,0,1
mlNHAQR3UhowDDYdJF5w9w,4,0,0,0
-neR3eix6EOSoRyFMWonxQ,0,0,0,0
6tCMxC7Etf--WYEd-EiprA,1,1,1,0
Q30rJrC9Q3uvYfmyKdAnZA,2,1,1,1
L-zHt7gZITG1z8l7TZ4dUg,2,1,0,1
H-3l48X4ANDJeok4OxS2Vw,1,1,0,1
V_kUalXREclnHWjWr5GUNw,2,1,0,0
IeXVSmtOx0-kntCM_ZX0Zw,0,0,0,0
qhJ4GDULYbdb_sctDgbZgw,2,0,0,1
wVwdD_h_hJqXw0sQRzWSyA,0,0,0,0
S2xTkWVTQb6Pw9R8Hic14w,1,0,1,0
KaUB34enSO-stij40-n9dQ,2,1,0,0
BAgrtfTrTrRw9F1HiZBJcQ,2,1,1,0
Vlg8fVcmr6uzSLQF7SaDGg,2,1,0,1
BTtw9tkW4fw41L4s_PasrA,1,1,0,0
gf46U12A1oIIpq2sNt_PGg,3,0,0,0
ojI96R363pDCrdIlhVKTvQ,2,1,0,1
5BPv_vAnRp5EKdmacqvrLw,2,1,1,1
xqNpOnxY0XzdnUE4sjmg0w,1,1,1,0
aFzKjg_Q_k8w5Rjh0x8yVQ,1,1,0,0
zXO__HLv4CqHJ7LJNUOc2A,1,1,1,1
eVNc3F0Xlc7vkYC3C5jjdg,2,1,1,1
msJmDVMEd2fOnO5GEuWsoA,2,1,1,1
URf61OrDNrpWICL3XHXvmA,2,1,0,1
-BmqghX1sv7sgsxOIS2yAg,1,1,0,0
AUZQbqGldMpNURXCh-UuUQ,2,1,0,0
2gzB4EE7B_QEFWZtJTG4dA,2,1,0,1
B44Cx8VNrRlrgdfXHuaq-w,1,1,0,1
jxV-rtwx1GtpMlMV6d7D4Q,2,1,1,0
54WM5coZonA0izd2y04p_A,2,1,0,0
OyTSs71uXNDeC14zsPA5jw,1,1,0,0
jmRm2wfniXivveq4yI_ADw,2,1,0,1
PiGd6nJRhbU3s7nP7XOE0g,2,0,0,1
Pwb0tGwDCa-Z7Eg2zqfhXg,2,1,1,1
ns-s43oyaaXN0_lzmrgggw,4,0,0,1
UZDoRmJzWquqy7jstth1FA,0,1,0,0
hh-N1r9O1JpvzGw1mp0bKw,2,1,1,1
fx7HMO3eIoopvrteM-dtSw,1,1,0,0
Cw6gO0e4jno_ZpyG_PyBww,2,1,0,0
ydtCK4_pL7LRr85RDow3mg,1,1,0,0
dWQIQe1JfqXG5Uxk5Yj5Gw,0,1,1,0
-Du1WSRseqUXbCt_K-D-ww,1,1,0,0
ezrNxiPJUYLJpDtTQyj9eA,1,1,0,0
yfXk-WRkDUn0W_dAT1Pn0Q,1,1,0,0
U5zf1i_WzinhXLZH7X-N-Q,2,1,1,0
YF4QJ_j-PM7cMZja6K1MwQ,3,0,0,1
UKYB8n3U-hkvd5-UoqUPpQ,1,1,0,0
JA5GJINnaQQxKfoTUOBAOQ,1,1,0,0
3mpBYH3k_lfzycajGtkggQ,2,1,0,0
0Hy2VE9tqTo4QbovMz3xrQ,1,1,0,1
ruH7MFlSuDua1SuxupNgMw,2,1,0,0
IsIKU8ndr3aU5sFTb4LuPA,2,0,0,1
sS_orgHuBAFDDZ-MifJCYw,1,0,0,0
oacm52KPpEpOBf_M2sARLA,1,1,1,1
JMq8vAXtgqPKkjIGJfg2Pg,2,1,1,1
wHxe_D6_MPhMLNuHVLMIqQ,1,1,0,0
Ufa7MJ3yDDIMFkYctnhT8Q,1,0,0,0
kLw_FmSiEqYH-MtFhDIUFQ,2,1,0,1
OF-mx8RSCB0K_XwY1iJjRw,2,1,1,1
o9thrb4UrI4NJ6CGOAXb5g,1,1,0,0
khdG2uVwuYPRC2mYp3Nm_w,0,0,0,0
CrM_FY9NIoDWudQYHlO7UQ,1,1,0,0
lqEbAO2I1q4ttg2LvMStqQ,2,1,0,0
11y02mqvQyJf0R8LImw3xA,0,0,0,0
DIB8aZ0EVaPnbpU27-lEsA,1,1,0,0
ANfmkeFbBgNRc4AN1bpFaw,0,0,0,0
qLEShJZktG253dxYTG5jYA,1,0,0,0
2mI0FdapwN54m2NBI21G-g,2,1,1,0
ZxR9HNk0b7ZIq8kMiDEIDw,2,1,0,1
kNTOkEtBVW14RpFEUREzEw,2,1,0,1
WhYep5bRqXpaejOTH6ukbw,1,1,0,0
YDZRlB762hEebm2OyZISiQ,1,1,1,1
a_ZMv-iiPD7m8ffY9M2d7g,1,1,0,0
E_wLJ3w5QTMN_Bz3O99ZYQ,1,1,0,0
kK584Af-ny3m--9SIsrFhQ,2,1,0,0
9pAjLSoHs95m5D3nP3nY5Q,1,1,0,0
oC_DakWWVF2rgjA4dl1hTQ,1,1,0,0
JyOyefWjFt0q9KSu-IO6Kw,2,1,0,1
mAplaiZdCO9mN-lXXTeU5Q,1,1,1,1
S4xzKrDov_QbC5zNyTOEyw,2,0,0,1
6WCEHKWrvHUxlrGhqGm1og,1,1,0,1
WP0M2cpWzhsMwk7kPtreRA,2,1,1,1
5JxlZaqCnk1MnbgRirs40Q,2,1,0,0
5EgDTPJNZsmbMG52ixnMXA,2,1,1,0
kN3k8ssOs1Bo7xTtQkpBDg,2,1,1,1
9u0bZOv8a91ASs-WldDhIA,2,1,0,1
7rpa12_EX3A-hyGtrv8o3A,2,0,0,1
2xhizW22zt1gwBjc9wwEKQ,2,1,1,0
MiJ9gWnTexnHS2Vnv0RS1A,2,1,1,0
Mr-r_r8qCnr9LMnazT0rhA,2,1,0,1
WnUttoJffplgWaQGR2J2Xw,2,1,0,0
pN0PjAqqMI6uIk9x2e85Jw,1,1,1,0
h5TdULM3nc6IoqY4yOdZqg,2,1,0,0
W7RSjR3JoIMWxW1AeZH9ng,2,0,0,0
Tu2ZBTfEQGUjnpl0o38lDg,1,1,0,0
1idRJwqXxxmgSyQRKag4KQ,4,0,0,0
zV38gkkEeJ4cVRlSWWQTfQ,2,1,0,0
uJgxCC03SWlwAkttc4exJQ,2,0,0,0
86stmK3Vm2f5W6PdyvuLrQ,2,1,0,0
qDguZjZSYPOzq-je_EqO3w,2,1,0,1
ElFjivhz41XfFiOogtTCvg,2,1,1,1
4EcKw-nLolAnCyy_ntQkaA,2,1,0,0
7FLmfV1Ena0xE0Ew82C2Xg,1,1,0,0
U8ou87Xc3MWiDnmGB3U6mg,2,1,0,1
ApGoh8IzayBp0bnNZ3WDQQ,2,1,0,0
I3lHQQ7CbN75JJCkkAqphQ,3,1,0,0
Z2QohwGZOSqutdlU2xDWJw,0,0,0,0
IeFP8v2JyUCoIfzvsyGBgA,2,1,0,0
WDKTg468bkRPW0LqbAZfmg,2,1,0,1
VYUBY9SLdrvaajeX8i3kCA,1,1,1,0
uRSPHDMBtYedbBbbHd3gOA,3,0,0,0
WvcM5J7FyArSo2cio8Bduw,2,1,0,1
YO5DrWneHLevfnNnCzOcIg,1,1,0,0
in0ZHvYxzW479icf6-o5Og,2,1,1,1
m95VdOb99apWMFlP5iBFMA,2,1,0,0
u7ObTG7tOuLn_kEXXKY8NQ,1,1,1,1
7c8wPuPOKK2ggE7jz5uC-A,3,0,0,0
LP6qd2sUvDcL2LoQjULk3g,0,1,0,1
LAn2cS9zOX54OPtj8W97XQ,2,1,0,0
ZMHejhR3yoFzR-RSJmxwgw,3,0,0,0
PZsHMiTYy8BDWZNBZKLDxg,3,0,0,1
OZN43HzSTJVKBAKXmXxAjw,2,1,0,1
6O6brIANtDgUlex_HdWJ7g,0,1,0,0
4hG2j_ibsNblDgqei05U_g,3,1,0,0
Fejwokv8mYx1B4R0Z8KiBA,2,1,1,0
YkAcruXbhN6sHDXn0jcySw,1,1,0,1
V8qX2nhSmuf-CR_cQPqeNA,1,0,0,0
d46IlWJKA0RSoWwKlH9glA,2,1,1,1
V9eIbZwaOJ7YeMy5bPVm6w,1,1,0,0
it60dV3uk53njDZi8Yq2Sg,2,1,0,1
QsR8rb9ZVAgssdOat1KgxQ,2,1,0,0
LHdAcNfH3UoMqDL5I-sIEQ,1,1,0,0
9vMQMbmfXl1qC8iJECEWjw,1,1,0,0
GamiKM6IQmrohug1QpiINA,2,1,1,0
stbX9rtRIpDF-VymOwHJ8w,3,1,0,1
8S0WItfiVK24ys48FhcSsg,1,1,0,1
fh2orgchOaQk7jQn9Kk6Vg,1,1,0,0
ZyHdmeEnucnlMlK2Yk8fUQ,2,1,0,0
ZuZxDPtDsh-nmbLebRC8iA,1,1,0,0
3k9treY8PmsZ42bKmuICgA,2,1,0,0
f2cLqQutMDaxEsZGtk9TWw,3,0,0,0
SU56w479vUfFHsvmvQIf7A,2,1,1,0
nemcwBBzPuTbP9oKF9t_Jw,2,1,0,0
fhvLEIKdL8Xw3ZKrHCPcpA,2,1,1,1
SZpzMUdhh1xu2qlegzSyLg,2,1,0,1
VIP5_HoBm98wcJPwz0lZjg,2,1,1,1
fifthifEi1jTy4Uu7XLcpQ,1,1,0,0
ASdkR68GWVdt6rQsiZAN5w,2,1,0,1
Tts6148XS4zIMpWPq3dmAA,1,1,1,0
uxM2hXYkS9kr-DiQN2lB5g,3,0,0,0
6Toez65egZSMV1iohQWGIQ,2,1,0,0
ykbE9NjULx_byOnNtXJilw,2,1,0,0
H4OS3reuHtgzFMacqHXniA,1,1,0,1
9YXlC5iEl9RvgYxO4SDKhQ,1,1,0,1
ILpHHOfCvUa8MnaqELX-YA,4,0,0,0
B_mwPtFC_uVeZDnPyN0epg,2,1,1,1
TWLis660xBybfjuixYkPbg,1,1,0,0
ypFzLKsbvM-HjTfMQKQkSQ,1,0,0,1
Q-uKlL1dEX8CBISwGAXDrw,2,0,0,1
zLi7QpWq01lxPUxnscRp8g,1,1,0,0
vGDhK2Lc4Np5iZYZ7FG0QA,1,1,0,0
Gk_KLfwb0GMgKDrP8_0kqg,2,1,0,1
zcpfOE1tBET_5YUjq8y11g,2,1,1,0
hB52ZG3dkHKfz1D9aYu19g,2,1,0,0
A49jCMzZXswmSAZqZUAi8Q,2,1,0,0
8-VY_11PIV6lPZThsVPhtw,3,1,0,0
c56XijYc2vT3YWhtXkPJaw,2,1,0,1
Ul0xEMKGW3A8T2XFNWeAeA,2,1,0,0
Pueu_ofuGNpX2dRf-GHt_A,2,0,0,1
fOzVez6UBi9LPIcC8OJFew,1,1,1,0
D6wPh8EcJqiL3Tbc4iP1ug,2,0,0,0
uKlkVuZ5F8QoGbgVQKqH1A,2,1,0,0
KcM3gCTvHp0Bgkdj0IF-8A,2,1,1,0
6sOBPz69VLgIvNAY7dowOg,1,1,0,0
z26ZG4Zv6P1itMq4VC5zGQ,2,1,0,1
t72DAe7q5iaQLlQrdgpaFQ,1,1,0,1
nsEO3MRzYLKfgtID7gvArw,2,1,0,1
mIZRTk10-YmWRVaxhC1hjg,1,1,0,1
RE4QDOrYgLYsj2TgygjyyA,2,1,0,1
kVuJH7wGrhgmCz3LI4uL3Q,1,1,0,0
fJETfN5aByPwhhwEAtmbJQ,2,1,0,1
9QtHDX71JnaQbmzWWVbi-A,2,0,0,0
FI6XxleZ6Z1xJ9BS4zLKgQ,1,0,0,0
rsWSdtHfGDT5thc7aDN6PA,2,0,0,0
Ejs--ofQoRyAtfRdUFuFhA,3,0,0,0
pjqBTbUN124b9s9Uiw_FYw,1,1,1,0
w5LUtmw4G1KD7qAntqGd9w,1,1,0,0
WNSdjFgR3vjeDQl7rKEGNg,1,0,1,0
gTKeGz7nHb0Qz-6CrFs7jA,1,1,0,0
Jx1q_S8-T4RXuhf7P_ZuIQ,2,0,0,0
jnroKk9qi0FR2bFSkxYZNg,2,1,0,0
_DLxHAqZtGCeNFp6a692Cg,1,1,0,1
2Wzet4CPV0glZYXqFGyqyg,3,0,0,1
GCen6oV-_6PfMP_uKN-dZw,2,1,1,1
lgThAiX5kMvSxizl2tQ1hA,1,1,0,0
uNA3OAcroBXuxZuGDlqLhA,1,1,0,1
U_1uPKky-ocxGBvLpkMFOQ,0,0,0,0
vwo-VW7Bha4XP7evUqP4bQ,1,1,1,1
PtgnA4sg9xBk_DfZ2qaOdA,2,1,0,1
aLSMyYyPEuKaDrrTrwYOEg,2,1,1,0
lTAkpHvhy7Z3mBjFODbXpA,2,1,0,1
zt9RLUIU32fZYOBh2L0NNQ,2,1,0,0
679eSYC15Sc17TN9Djj8sg,2,1,0,1
PzEhfwOztHKYYv_NPok2WQ,2,1,0,0
YeCZ17qKPRHg_UUBoZ8CEQ,0,0,0,0
5vwA-2fU7A_QY7MqLeHQCg,3,0,0,0
GtE6tgTAYGtnxJohmpukRw,2,1,0,1
oQylTvXwGIkKFdCjmafKVg,2,1,0,1
rt_G6R4Y4HwUPmIzKJ_dTw,1,1,0,0
fxoKYMF5V87rea7Os368Qg,2,1,0,0
OIB6OB9cgNMh_Q5y5pSKHw,2,1,0,0
ZMIcuo-aQja0ITk4-TU8Jg,2,1,1,0
v1uIObWcfiQiyr4EmtAixw,2,1,0,0
HsgHgxT2vMnqd3cgPvnitQ,2,1,0,1
jNhxnj9j_spThcSzJMaeTw,1,1,0,0
LH-DYCy9v3kM4JRtpcquxw,2,1,0,0
ro6zuUVw5rNUMLjAw4C5sw,2,0,0,0
zvtkeghW0Px5HY9QkJ4INw,1,1,1,0
Cx5oz2bHHa62W248CR1B4w,1,1,0,0
CJxRsR81ETN4QXQyB3YjQQ,1,1,0,1
1DaqBYCDuBwooGNPRv4--g,2,0,0,1
G1mPdGpIEr4UequrK94LNA,1,1,0,1
KDoeU7uY1v9VMNOsBvGdIA,0,0,0,0
O0cb3rSoCscpBtLfLFvatg,1,1,0,1
Q-nziRgGBgPnJA0k90mwpw,2,0,0,0
2tC8oReqFUT0_uVQ3kHePA,1,1,0,1
bQ_wtZvMb__OhprY5bF9aQ,2,1,1,1
4AODBYlS9wIBL1aPFJo1Tg,2,1,0,0
FOw8d87D581CltNjk6t52g,1,0,0,0
Zv77o3aDuNDY0t3fCU2ebQ,2,1,0,0
V_KBvMXyBjvLH3rYcn-eXw,1,1,0,1
dF47LvoipaCACkZ4LAnBMQ,2,1,0,1
nyM76RUyFzekHHmYEU-KBQ,2,1,0,0
xRaHt2GknSD7yermc-fxYQ,2,1,0,0
yKuAM6kL5sSKtfoe9a3GpQ,1,1,0,0
0HwrX6P6lh92F0f-A_QzjA,2,1,0,1
D4mjIxNRmC7ZTlLFVxSyuQ,2,0,0,0
cS4yqCzFV0719CU_1b0IqQ,2,1,1,0
rrCwnfPc_Z-fCdtpyMUWIQ,2,1,1,0
z7Sg-WFc9Y1s-07Cb6-WZQ,2,1,0,0
VJJveoWmlHroqnRR18K7sA,1,1,0,1
Thx8WO-qqYJmEKssu4g9SA,2,1,0,0
QLsi9HiQCuWvnGayRTgO0A,0,1,0,0
fIC9tXNgCfKCncoIujZC6w,0,0,0,0
PGzprYh4koGuKUH_jJa2oA,1,1,0,0
AyXxQqNAeToBTL-M5TWWxA,1,0,0,0
3Cu-af4en3uWCrAkkqfiHQ,0,0,0,0
TgTxNRu2N4GymtmurKi77g,2,1,1,0
Z7wRR6quxlX3A7zSAceVyQ,2,1,0,0
cjN5hZuQvZqvceFgRWxcWQ,1,1,0,1
9N_5ggeHPuWxDLb-cCkcTg,2,1,0,0
1u7fJVL82JEznv76noobVQ,0,0,0,0
DQO_c9osfJDgbJ0_WdygLg,2,0,0,0
li5_YJhPbd4NKym2ThmY7Q,1,1,1,0
pxex7bDovzCSHJKTu_hPJg,0,1,0,1
CXFARDJEpOreI9Xyxzl8Yw,1,1,0,0
T-wer_1iIXs692gYrTriDg,1,1,0,0
GtSIihHmey3GLUD3-Hk4yw,1,1,0,0
k06XtKFh2TLkWNLhBzmshQ,2,1,0,1
o10HWCwBFbptlbIxgL4T5Q,2,1,0,0
XnkzlWMTCTIvxt6anMZ4Qg,2,1,0,0
4Oz6H1NehcouJfJ3uJMb1g,0,0,0,0
BflNpVLfFQujE5uBHUgcFg,0,0,0,0
YunsfM_RlOAGClNM_lZFvQ,1,1,0,0
87llFIHPxwvqmvOVLlMi6A,2,0,0,0
SaTA8vxwlX-IYKRRRQbxFw,1,1,1,0
jtQARsP6P-LbkyjbO1qNGg,2,1,0,0
uGW5mFIm62PFF8bpk0wiMg,2,1,0,0
sAng75j1Sz4up4Z4ckYmyA,2,1,1,0
iHQoddqWSJxh61Xp2srj1g,1,0,0,0
X8afgZvsbep5QUosmDy50Q,1,1,0,1
pY3iKymBYYfdM_ijlylpgQ,1,1,1,0
k1q9f7aJ2TsoSbeA8Qm1aA,2,1,0,0
7Q3POwUj0u168Qp4c8gCog,4,0,0,0
Eqg8L6QtKUfaOsZGMJ6N-A,1,1,1,0
LrxDRg8SQdgHMoz3TSAYFg,2,1,1,0
eUjDWzbQ6eLZy0uELEOa9Q,3,0,0,1
s7QogEr22M2VclZ3jO789g,1,0,0,0
Cgd-CnFBImf38ypxOMfErA,0,0,0,0
PYIk6aWfw8B8bO1mTn2rpQ,4,0,0,1
aDYj8TDy9NtG6q8GEBD8jA,2,1,1,0
Seq3iuRR5vThdVeXDc6Dnw,1,1,0,0
I5T7rAAENTTMHJtjGqB2-w,2,0,0,0
MvqcAg955cxkeoM6EZ3C6g,0,0,0,0
hk7BUC8zi7xXPo2GGU4v7w,3,0,0,0
irDgKDkvrma1jFN_mRgQ_g,1,1,0,1
E_cMkVDGE4jpL_ixIxJXUw,2,1,1,1
mu1eSL6FyJrGAFxwa-geNQ,3,0,0,0
jvSaFzdXn9mtY-emdaoCSw,1,1,0,0
Lqp3uwGJU6CHyys-eerMmQ,1,1,0,0
drz03b9SK0s_yr3vEjmjDw,0,1,1,1
OedNdVrDavAlUBV7d9oKXw,3,0,0,0
u4in1KQSQthNHcpDMjC1bw,0,0,0,0
wqaLf9ShvoJxr7NScUrUFg,1,1,0,0
SEvUFPydtLJ5eExD32Agxg,2,1,0,0
gJpe4zhZV9ajKJyX5yN85A,0,1,0,0
K0bATHPukH_xjjphVhNGjg,1,1,0,0
Sa4-TzGkHKzCA99ZdkPJYA,1,1,0,0
PMDlKLd0Mxj0ngCpuUmE5Q,2,1,0,1
bfp51Aaft7T3M9gQnVsI_g,3,0,0,0
WrHu03srbhJAw6bnTIixdw,2,1,0,0
RV51zDQvtmjMqhtw8wy1lQ,1,1,0,0
2mfBO8iZ5E_ULmcxEXqOrw,4,0,0,0
N3a59jUQWg-BgrO3udd-zg,3,1,0,0
IfUkm42SB9D0m_ZbkQ711A,1,1,0,1
QaRXXPfmcLmrPmLB2DKO3A,2,1,0,0
vT0O9YgLNfNncSZbKRW_xA,1,0,0,0
z6ttWFTaktvILeMYGNZPtw,1,1,0,1
O5Z9pd-aqjp6A1K6w0dXSw,1,1,0,1
UfJX3SnU5l6Z6tuuMieFnA,0,1,0,0
R_nykJJfrfcfeF4Pof34nA,0,0,0,0
7Zt5xgAmPjpc5yfyC9mHYQ,2,1,0,0
_k9XuYMkS3zwm87CCUjCoQ,0,0,0,0
30xoqX9VRA_hH5x1QgONEA,1,1,1,1
yzfp-WYIfcwRwcuMc6Uelw,1,1,0,0
MohTx0z3LnzAnr0bIsstHQ,2,1,1,0
Przkeh1xJn-xwJWK95ceUw,2,1,0,1
MtHqRoJW81oJ0hzVieqsDQ,1,0,0,0
9kCG5bJ3fT7gR29Gw1suiQ,1,1,0,0
q7hgincxO4YwDPVcIzWPbg,1,1,0,0
YkWT4n-pPDlPJKfkfXVL1w,4,0,0,0
VGqzcHo_IJgRT0UV4oI52g,2,1,0,0
bxLmrsMdjAyz8QEqWml1CA,2,1,0,0
D3fDbyPWUrgTarW6fIv-Kg,2,1,0,0
rdBt-0Mu1r-zHUywpppYwA,2,1,0,1
1Tak6Q-IlkDrdmLwrEZeSg,2,1,0,0
z-5YXiSmZchuoANnqfp1vg,2,1,1,1
mpTdK7oheF6grPRigiTJKg,0,1,1,0
Er8lBoKdYofhheu0Di93fw,1,1,0,0
diosugZoYfZtzNhClRC6LA,1,1,1,0
oyCRc4Zs2RkKOHy9IAa3wg,2,1,0,1
dWrezcuIAO-Ckx1W0gu5jg,2,1,1,0
FOMPEDx1Y4yw8Zyeww9zJQ,0,0,0,0
QOmojzu24dTI2coPjOtu2Q,1,1,1,1
m_CqRpEZ2XDH3fp-KFAycQ,2,1,0,0
sWNKunkQ8o_zoD2nv7eFeQ,2,1,0,1
RnxOmwWVsJC87ztJPrHsig,1,1,0,0
ON1okhu0z6jtCSOzt1Y01w,2,1,1,0
KBP7x08WfD__BUoE4kY0lg,1,1,0,1
IIN-zsEasYKm5gd_OClSYg,2,1,0,0
pQ4K6ZXC2vGsatT5Xw3ILw,2,1,0,0
PVVb9lGS00W2GoCfBb9o4g,1,1,0,1
y6Dih1p0JqNuyfw9dQJ8_g,1,1,0,0
cXy1NKi1cdsidlaT6dDFKw,3,0,0,1
zSwcoOLMLuTho6ZpCZrQwg,2,1,0,1
xyrQByVfX47bstcmP_k1BA,2,1,0,0
vnCU8LWS1xMfm-94Ojwzmw,1,1,1,0
df5IJWW0-C4AJDCS9AwtbQ,2,1,0,0
SpiM8OA4rCqH-NsgSGTCrw,1,1,0,0
ijg7qQCYnhUWBd5JUxbfvA,2,1,0,0
f0EH8nEFjQomm7bkCcmCSQ,2,0,0,0
EFHpf_-SPzShCYiS-nMPWw,1,1,1,0
g7bVip6ncXJC5xzkQMjohQ,2,1,1,0
fuBpjG-lsD94_BdpjHxbuQ,2,1,0,0
6z3cgIE9dJ01wUm43f0yBQ,1,1,0,0
gV9qWwd4eU8GffyuvQ4hwg,2,1,1,0
TtBNeqXSRh37VD-pW_VbAw,1,1,0,0
28TtvOd1npZQ-tH7Hm432w,2,1,0,1
1dFh7yxHwFzjscCQgDYv1g,2,1,0,0
Gx7QwMumpIEw9q2G0JGi8A,1,1,0,0
LV-oONzEA22qiBEFK1sckA,4,0,0,0
bIV_3C8_deLgAxulAH0RhA,1,0,0,0
K1WGxpKx1OoI0N1I6LRsyA,1,1,1,0
SfzMd1bA1g5XDtPgyTD8ew,1,1,0,1
25qudn87oiNYg8jnoi4d1A,2,1,0,1
hdnrqrYJE1RkoUH4MFq3Ag,2,1,0,1
4SWvg1C5AOryih9WZFXpQg,1,1,0,0
glTBzDHv9wNhEsZa4bQrOA,3,0,0,0
a68CnDqn_6qKfplDjQdN_g,2,1,1,1
sLEIfWO9OEmVkIJ99oVP2w,1,1,0,0
pNSHrFBlwWgTY9es9sdEWA,1,1,0,1
EpqlqXSjtoKhc-dNft0_ug,2,1,0,0
b9kQOV8VK_ecGYVoIQiHrg,0,0,0,0
S6GcR_UsJhVkNoypqfx7Lw,2,1,0,0
RSEWEofaXj5W29C-WuFq4Q,1,1,0,1
h_RvuNomIG_DB5JyAyEsdw,0,0,0,0
JECKrOvqJ_faoW_QxyeEAw,2,1,0,1
ILlebFUb89ZozizpVGeHdQ,2,1,0,1
jIg5HBaYi-xPzYiZabVYsQ,2,0,0,1
E1WG9lbypCMKlKhAjzWRsQ,2,1,0,0
R1PQEK6qvrZVC9qcWfKvDA,1,1,0,1
tBDkO-vfXrXMnLJu2sF0Hw,3,1,0,0
8C56VCsV9s1AZdO0j-WOYA,1,1,0,1
GE0OgaPz42hvKuSLKo42WQ,2,1,0,0
qtc1YZix_5lHBJTZq7DOpA,3,1,0,0
CoACClz2tcPKNhEhkHaauQ,2,1,0,0
PwpSY0vO3XlQXKOuqiqZMQ,3,1,0,1
l4E8kiB13FWV1p_rGYJLig,2,1,0,0
tpmMELSsUxS2x1FdM6k9nQ,2,0,0,0
Vx-90GpAcH3OAnLmyDHlIQ,2,1,1,0
8MhT3S_iaMzjlZT0sDs2Kg,2,1,0,0
MOTPFzYqWF2OYzJjs1h15Q,0,1,0,0
EaYGALPvXkv1_Kk5ZLpTgg,1,0,0,0
zVpoYRSywKJdDQCFaACy1A,2,1,1,0
nSrLMVCShkos5msyVaQAFg,3,1,0,1
2gZDJ-ek2Urm-vA_xBRfkg,0,1,0,0
VsuUQeZWqlUvYRqOLitGTw,0,0,0,0
2usOOBSDdo2Gx7pd5B4paQ,2,1,0,0
x0ghbO1UjgSsQPvmCEBrZw,3,1,0,1
2LZGeJy8qByYKB71ML-jcw,2,1,0,0
cwr3rAT9uMVOU1CXGuOnCw,2,1,1,0
DEdB-wkPV1QzcSFMTTYl-w,1,1,1,0
crPt12dF0zMQiZ_nUAQvLg,2,1,1,1
vQ58sP3oipv3n5eGQHcnGg,3,1,0,0
DgnIqlqYXdeg0UtSRaKcLQ,2,1,1,1
8b4amK9y5miP6-UzfH5K0A,4,0,0,0
vxSpI-KRCvAthJ-WVgiFNA,0,1,0,0
vOpZ0a5f-FUyU_29X7dttA,2,1,1,0
Hza9Lq1vqA4yTElotZVTDA,1,1,1,0
ts4oBmF0ObxMcBb7Rm3tSA,2,1,0,0
HiqnSQ3R9QGU7Ug_mo7b0w,2,1,0,0
_YzvyyudPRtIZkWE1Jmt_g,1,0,0,0
SRUHJIKqhvKu2BFDTSoPww,2,1,1,0
6NdKvr-FCkb22oG-KOFnbg,2,1,1,0
CISwejdbG96MIv1nndQ3Ng,2,1,0,0
JJbuI-4R8yzllBIwjKafjg,2,1,0,1
6--gCQ9zYrIMW-VsOM7XdQ,2,1,1,1
E2inSSpEOeOnC1reFPC2-w,2,1,1,0
OLG7Gou8kmTLxogtJyP6ZQ,1,1,0,0
hHtmzOwkdNj93QnKaUr5og,2,1,0,0
r7p-8e89IVunsNElJRjFBQ,1,1,0,0
XT_ylW8v79TN1RWzHV0EjQ,2,1,0,0
xrSKXZ5j1j-RFd5tShBd5w,2,0,0,0
ps8lgiZlaV3pir3T0qVOyg,1,1,0,1
-PRTv5z2N687DEyW0Fkcww,1,1,0,0
2KooqK40Nd80sgIPE2ScyA,2,1,1,1
8oSNaQnLGfbFC0uyRUjfCA,2,1,0,0
SrLV2Ymn39DZsKjyYHdaBA,2,0,0,1
Fyuotg1ShiQZLtV5Dmjakg,2,1,1,0
P9IA7UuzjzmdBMsdDDhtsg,2,1,0,0
ii_OxGUbtwd3S0RUW9OTvA,1,1,0,1
WTyohERz470hlBtcQ6HtiA,2,0,0,0
5OZS7Sz7oX6XBL7KZE0G1Q,2,1,0,0
Qg4Ou9YwqXf10zxQGrw0sA,3,0,0,1
T8koXEIE3oSKbClme8o9Pw,3,0,0,0
Vl0k94KCzxAxRf-hnPvB1A,2,1,1,0
PtJebh1NRehS1xbFL5mS1Q,0,1,1,1
Z-y_2gkGo8DmXxwWspWORQ,2,0,0,0
QfPspHUnywGU-6PImG_y1Q,2,1,0,0
pGXxLgzrGOIN44w_eb_E2g,0,1,0,0
QSJstyODnh3mtBMvkvvzzg,1,1,0,0
bGoGHSWHvhftHMWWxQXYbw,2,1,0,1
gzOjboYojl0RfUDiETdGXA,2,1,0,1
3q8MtOEIJ6nC7kVv_8Mfgw,3,0,0,1
pmJqSsCfgbo3TxPWpQNLIw,2,1,0,0
HNQzTcyaW3PwJ2oC8vKWHw,1,1,0,1
zbZX8D5sd9XZa6l6fQDN1A,1,1,0,0
qParPpAesanzrvjhFV0PdQ,1,1,0,0
uP_mkj1Z3aQ3MY2oNgId3Q,1,1,1,1
gMUAn6xcuE-TbY1seFw_Ww,1,1,1,0
8aRk2nVmVvhfNFW9TcsUfA,2,1,0,0
JmpKrJdlATqWQJ2WRmZqBw,1,1,0,0
h3BoyKFgStjnBeKO-wLmIg,1,1,1,0
F_8NT3JiAW9d5DvAJCltQg,1,0,0,0
2GtIC6u4hVneccWfTlOxHQ,2,1,0,1
RvXLcPXhEsHSKzcmBA3d5g,2,1,1,0
ZONtqsnEl47Zn2NunJYHIg,2,1,0,0
E4_lj6bfeoAuAonAt_HQ9g,1,1,1,0
meG2hlQPCfeZ-JdvoG297g,0,0,0,0
aLaIaJM9LsETSRPV1pllhg,1,1,0,0
q0oPX1DXW86QytTvvrD9MA,2,1,1,0
avpF0bQMLX3sfSxrLtcc5Q,2,0,0,1
eoGAZLu8HQXxCNJC86uPcQ,2,1,0,0
_DuPG5sSEwZcgfjdndQc4A,2,1,0,0
dfRAK2mgdHbL2_YsFqtCdQ,1,0,0,0
oXBe3xObDQ0HLr8Ie2F6WQ,1,1,0,0
suNSq8Bs2vsN1nHlOULNog,1,1,0,0
gT-LT06uNhzO-5pP_kpqIg,2,1,1,0
ry-FLqYclt7okJbdYcmOhw,1,0,0,0
AOuutv1P01CW07qmzpj9vA,1,1,1,0
UscHTL4dosXCsya15keQqQ,0,1,0,0
MnagM9zYrvAssGpmAiFq2A,2,0,0,0
_-VLl6JjZ7av3MwzjpHilQ,1,0,0,0
yUqJReOv26454QkjGz37Yw,2,1,0,0
MTNDAZ5PrnflhmdyKqVJ8w,0,1,0,0
gqqHdBJqOVHDMy3jAdSkmw,2,1,0,0
uBCRRQJ4ukFaE_UyY6T1uQ,3,0,0,0
SN6mvy2vbXL0F_CYFkx8zg,2,1,0,1
HuWUIXfaXt9hcP5MKG-Qyg,2,1,1,0
uyTmKmwtGf-vZ5nYZXWimQ,2,1,1,0
4KtHdcaZgJNZvbRgs5edKQ,1,1,0,0
6AYMdVnWkFWTk1uEHGUmZg,2,0,0,0
w2LGE0kHQQv6v0LmJtcfhw,1,1,1,1
uROK_uSad5_WbKlTyKPMOA,2,1,0,1
MnbFtG0a7gQplkSfk_oqjw,1,1,1,0
An_U8woQkFVsMqVblkImZQ,2,1,0,0
8kMq3UEGOTlOI-lmClK1Qw,2,1,0,0
bvGdqJ-SeGdIHX-HEabwlg,2,1,0,1
jfOT9OY8Bgy98Kd2YPy3YQ,1,1,1,0
jJcg-kE3q3FylJhewFcNQA,2,1,0,0
500mXn_L5a4MI9GrOXvTeQ,2,0,0,1
J6z4W7v727W1pX4-cRnMYw,0,0,0,0
U-mOmCETChBXaMWku22K0w,2,0,0,0
GwL-0GiPGlVdiM3JxfwJ5g,2,1,0,0
IRH3mIW2q6J2CR5EoCQ5iA,1,1,1,0
yDKmcWQ_Zycr4ekLV4CqFg,0,0,0,0
BmyRJmbVm4jGlkXg4ncLJQ,2,1,0,1
uCO6aHdTqWwcPAU7bYih3Q,0,1,1,0
HRAJCzcUUE3k_7lwKcyiGA,1,1,0,1
EGGdngbmVn-MA7i-6qrprw,3,0,0,0
KpgqaCEqXmxSc4ejb29KHw,2,0,0,0
luA4TisE8sFgAwtagXHZ4w,2,0,0,1
QCbptr697vAb630rIq9gUQ,3,0,0,0
ptaEu7aKv1ThePlTk6fyAA,1,1,0,1
Fy5D1YcWiGUl7ZelcOiLdQ,1,1,0,0
biepWr2CGkkit6zNFt2Dpw,2,1,0,0
gTlKDwjfiNvCc5mnl8p1NQ,2,1,0,1
iVxtmA5K0YHUVqeYuZ41KQ,2,1,1,0
M_iUHrH9Q-nFz4h57hKgRQ,0,0,0,0
AueEbb9kao4lt6CYt06hqw,2,1,0,1
fNJRiDAT6Qy9PQ3nqA_L9g,2,0,0,0
G5gkRgTMqN0iIpyoW6oTYg,2,1,1,0
ZTCKRVCjdcb2eS_-260O2A,2,1,1,0
QZFIdWmIWzL_3QNE6Qq10A,1,1,1,1
F4VS-6xnpDoNBRGPoLrtjA,2,1,0,0
IQnUxhO7oieEP7-5ZVJ4uA,2,1,1,0
lN-rsmIZPpaF6rF8WNPzdw,3,0,0,0
Z6t15TXGlVh3-2ClZunCgg,1,1,0,0
JG26f5Ppxvmz1EP6nh2WkQ,2,0,0,0
J_PAsINZhwL6J9aV2CZrfw,2,1,0,1
1OJUGceftGbvw2ke2LigpA,2,1,0,0
w_A1qFeQ3vOl7o4kdBxPXA,2,1,0,0
5JcSbOoUIRF82qaTh7GB0w,2,1,0,0
pTW2TYYRNXn-jPn7GWn_1Q,2,1,0,0
d-bPDQLvb1O7vm_dER7RTQ,3,0,0,0
e9q0RPoKoja0C4Q_a6cnZA,1,1,0,1
6Na0jTJjX5GQY_ZJ53G02A,1,1,1,0
S9Mq_9OmsL-_azC4Kczl4w,2,1,0,0
Jkjq2-DybUZdF0RWY8_cZg,2,1,1,0
mSbRhODRzl51Qu8Hv6zZew,1,1,0,0
3lRFcrfR3IrSAQJtrnn80A,1,1,1,0
Iq4NUW8He1gUWQMV-Fj20g,2,1,1,0
GMefGnN17POrLde1PPBzNg,2,1,0,0
IWGS0FIr9RsrbK_cuqCYYw,1,1,0,0
Oh62VtPS3Jj9e6CNRxJh5w,2,1,0,0
XiVHxG2nUSp_bn4dBbs4Cg,0,0,0,0
Gb0aWCdd39TmImy2ZTlwUw,2,1,0,0
hxBuRtfp1Te_dyyio4UdkA,1,1,0,0
SCNlX_q7vVRkoR1OgNpyPg,1,1,0,1
lyTIuSgPdyRMx3l7xPzl3A,2,1,0,1
D1BrHyiZON7u_ef-qt4_Uw,2,1,0,0
jWUShkhq7Fe3OKr3NvQecQ,1,1,1,1
LbYPVZX8vXq1lKY9pEN74Q,2,1,0,0
U3D3yO7bGVqIOOPnqHhuWA,2,1,0,0
bFFqpUl8Ix7CYPem9CxpFg,2,1,0,1
leZNWLccyBaXpPIRPK_lsA,1,1,0,1
AMTNJbYbu0OMMAkx4meQxw,4,0,0,0
AiLlU89krS-2QG5bO5dcjw,1,1,1,0
td-NOo-k4xhfVmO5X92uAg,1,1,1,0
BWm-6W3k2cTYWW6Fs5MNtA,1,1,1,0
FDpHB2ran-gABhOmMCOEvw,2,1,0,0
RJOFGZZf3ho04ku0fcFRdA,2,1,1,0
aJK0MWXKgXIgQUCM9fqSJQ,2,1,1,0
MhKxvS4skMg_-SLRCy4n0Q,1,1,0,1
qFa3wuZ7ij2lh2CKW4ZzyA,2,1,1,0
VOLVoQjKICQ8b6DjrUvGWg,1,1,1,0
MMvrkQsrZJviAz2sLd_voQ,1,1,0,0
TSHrEyqHJbBbjmnwwmEN8w,3,1,1,0
wgN6K4bQh1c_TNDkJ4BbcA,2,0,0,0
vJIuDBdu01vCA8y1fwR1OQ,0,0,0,0
7HN_DGWi4E76cP7aR-YbPw,1,1,0,1
IMIVelJKQ5fuqyFMFbzK-w,2,1,1,0
yTWSFoGjkK6pl7kJm8f0Dg,2,1,1,1
Sv1XtPN-utoenqdIn9ZMyQ,1,1,0,0
w1gAEE4anHxNNZtJoJOTUg,2,1,0,0
htgL0zTIAekQpaWVBQcCWA,1,1,1,1
F2FtgThyVbp93N-OmHtbOg,3,1,0,0
bS1gW0hb-iyb4vr2anSGsw,3,1,1,0
aD-YA02i2xAqLBDon1tzIQ,3,1,1,1
fdLR0YxQUHuxxA-GkkHqPA,1,1,1,0
GwNHbifUGWXRT6vYvfkKew,1,1,0,0
_Fuf_7YczZoJhWHkjsi7hQ,1,1,0,0
u2OWmQOVGFBF_jVwuiIveA,3,0,0,0
Licd1Zdur5G4PCdzJ5bl2g,2,0,0,1
vROhHLGsyLh9oC9GNXJBfQ,1,1,1,0
p8qk36_xEXhICe91tfUpPA,2,1,0,1
jGg91M4iJ9CUgdq6cO5sNw,3,1,0,0
jXDmospZoZ6Z0WAC_x-jxQ,2,1,0,0
17YCQTKmq4D5sMMaY1EbqQ,3,1,0,1
I6GLAm1eJw8d38OYuUHJ-Q,0,0,0,0
bZj4UqBD4chWAvytPKGALA,1,1,0,1
zTqG5kphUBoFEApnPqeGjA,2,1,0,0
32JWhoH-Kiu1wRFTvHvW9Q,1,1,0,0
09a8Mrd3STr4AxokKgbZHA,3,1,0,0
vugrV0cSoUGfS1Ef_mF7nQ,1,1,0,0
A5BiIK444PBb6FMOIxeEVg,2,0,0,0
_fynxUO7Vykq1XHGYyIoKQ,2,1,0,0
DTrcSHhz3W7yCkRoZC9xYw,2,1,0,0
UGhkyixEmvmh5chgb4VshA,1,1,0,0
8nne2Ju1jpdpYRbUdExpZw,1,1,0,0
CyKi4WgsRNpp3jgsxBEcDg,1,1,1,0
KlLivbkatzoYKelYI-E-AA,3,1,0,0
RIeKxxqlpvN7xKy9OWtIPA,2,1,1,0
AqWBhU6SM7n6iY_q6o46Tw,2,1,0,0
sIr0Wp13Z_MqwgcNvF-5ew,3,1,0,0
SWA4f1pfpWLIVTxWnsCM4g,2,1,1,0
KVsv8wRGnLX8QWoNZKNMQA,4,0,0,0
SyZrGn035h1QgA9CY0eq2Q,1,0,0,0
OfLdWSqZ4HM_-B5khUtS8w,1,1,1,1
3num8fBJ9Z0T_HfshUNcrA,3,0,0,1
vvUgEPZBRQLUt08FxawJnA,2,1,0,0
lAXl6dzbwJjnGcptldaOBw,2,1,0,1
eDn45jTzYgCXhG4a_1wykQ,2,1,0,1
2lPLbTenaBH3SGHgpwM54A,1,1,0,0
HVd-eGWTnjNYPpgqKt7dCg,2,1,0,1
emwtizy_UAmUjcNP88I0Tw,1,1,1,1
ueZc78i4FHSRnCRUqVyivQ,1,1,0,1
S8_W8gxq1I5r61iiy_Xt0w,2,1,0,0
E9K1wSwr-3y7TIaVaoa-9g,1,1,0,0
BGK5N70oRV_o6RK7tDnlkw,2,1,0,0
RZjCS8U_UuZaAmo5YawkOg,1,1,0,0
K_URSTcq_chiWPcMpuo3Qw,2,1,0,0
kwpeH_YdxHcv2au4RiXgXA,0,1,0,0
r7UZDbth0NtbZDJKq1-JyQ,2,1,0,0
GrR5CHz1Wvys6GSWtTup7Q,1,1,0,0
UVqqsfogFwG_llByAzUQQg,2,1,1,1
DR0iJomEwOItwYmuUTCdLw,2,1,0,0
DcyeRzICLrMkrPpJDzjQ6Q,0,1,0,1
EHIUp6lUabQCtQ4SVZitQw,2,1,1,0
4gtPPwx8fBWJ9FGtQqQA0Q,2,1,0,0
E_zCBN_7a03PMVGHVM2Q0Q,0,0,1,0
co40Xq-xDDC6ogEjFUM1Sw,2,1,1,0
wlcHT4d52xh52ZsIxxuGFg,1,1,0,0
fYjSmncFNMdDdBK3uJpKEQ,2,1,0,0
3dG81ZT3TjPdRARfClWMkw,2,1,0,1
FeC5DeqINOSr37y5TABnKA,2,1,0,0
PBYDlb88SAWHiQgqJJ67hQ,2,0,0,0
haOul3OT2DSGwZ04OTVyqg,2,1,0,1
kuvBnJc3bllm2xpuleezIw,1,0,0,0
FYmWvvhqptkmJ1zOFQhukg,2,1,1,0
aYKicBsSzLKr76_bvsURZA,2,0,0,0
W4PkdKcGXYM3Njo_Y9pPHg,1,1,1,0
wT1mRdUeZRNgMB81s3dJDw,3,1,1,1
_fSjAxxzMNa9CTZMpoYifA,2,0,0,0
sETpHfJy4dmbawM5iYNTrg,2,1,0,0
zWo2a6QPIuC-sSJURJ02Hw,1,1,0,0
on1g_ar-lFK84__LmCWAfQ,2,1,1,1
fE-dFRyFWP4ZiijhCEMxIg,1,1,0,1
mJIFTLej9b4rhMlGrW_S_Q,1,1,0,0
5x2dxg4LD0jgSBypGrUePw,2,0,0,0
cOJ1uIVIHCiefUyWG2wDfw,2,1,1,1
Xensz-o7iwV1jDhYCP8SBw,2,1,0,0
RPlH6XiYLo5sz_nBB7hMvw,2,1,0,1
vOUIiRfyA9jtra7Hez6mpg,2,1,0,1
HCsceGqc3Y3SiUxcpzNuDA,1,1,0,1
miLGfOp3gvO2y3nMv--1Qg,2,1,0,0
pxuklyPyDzYNxDndthhVew,1,1,0,1
oXozyDYGP0GhwBxVIP-NZg,1,1,0,1
IVAI4jFwRANbNCST-yhAHQ,2,1,0,1
q9duLwWQtP7nCJi4bgutUQ,2,1,0,1
iceT7n8OG14nLIGQt3lK8A,2,1,1,1
JJhnw7WJDuMHtK5i30EpGQ,1,1,0,1
-a6tEeSq2YJyJNqq6TyMlA,2,1,0,0
nbTwuhnXEyQRzPIAfGNS8w,1,1,0,0
u-hO4f4EK-riKNJbkxZW0Q,1,1,1,0
MgbjD3OrQpFRIop1jQ9NvA,2,0,0,0
6cL9Z4CY8_jZt0WOqnRJOg,2,1,0,1
vzjmi_Cxom5b1OVQC3B6MA,1,1,0,0
KbNmZoTFUm22rIWSJe6cEQ,2,1,0,0
171c2z28JaSYQtWimiZ62A,2,1,1,0
Xe0ITIe5yBCaxGdLx-FaiQ,3,0,0,0
UGdWxNc3QKOoOkQziZj_6Q,2,1,1,0
SmC81VivEYb_ykiek_p1kA,2,0,0,0
7XRbA_t8UNxMHkdslLd5Tw,2,1,0,0
1Jm-fFPCAD-ZGM2J4HACXA,2,0,0,0
bhqOSajw2x1NLQxijsDVcg,2,1,0,0
V9klA6JGT6Fz2UpVP_7sBw,2,0,0,0
qCZrKe8igS10txtGW3ZV1Q,1,0,0,1
KoqiR3YN3mhbyuUWYIhuIw,1,1,0,0
0a1BBSewiusfCalA9UVEYA,0,1,0,1
xR7t4xCYRYEe1RjpYjBbkw,2,1,0,0
lF796nJ9sIcIFlpIWHvAlg,1,1,1,1
rWkQMRI6PRo5woBaxGD68g,1,0,0,0
RqTCCfUQJh_OpWwgOVWiDw,1,1,0,0
Uvl6FkQv4x2KPEGot_kTzw,2,0,0,1
mX-c2m8zSQkRqVAnFCwcig,1,1,1,0
G1XEyjiV7QThOgSrHaDcRg,1,1,0,0
L23nB3EiC0OSfP8792Bk-Q,1,1,0,1
Bo6JrUUD7aIyjhmaz9M9kw,2,1,1,0
p_uGLv1QXHBrwya6meztxw,3,0,0,1
GwKFPfQA5kYcVSnPBpjtzg,3,1,0,1
p3r4Urvv_ztuHuHB9FnQdw,1,1,0,0
YRFDHOBOwt2WMR85r7Gzog,0,0,0,0
YnrJNjZsLIhvldYHtkxKrA,2,1,0,0
FLHTWU3KVMz7qSH4yYsKPA,1,1,1,1
jlMmivEPoYhIxxIqkb1SAg,2,1,0,0
HPIuW67C3FJrTsPs9RCkuA,1,1,0,1
D9iGotN_nI8MCzVpISep9w,1,1,0,0
w6dNSvbLNdYkwp1xwYj6Pg,1,1,0,1
aHGMuoyQH_33pVwr0rPsmg,1,1,0,1
j5wcbhFqxEF-YtayK2fTjQ,1,1,1,1
pnh3Tfk_hJIraCEZwbhSTA,0,0,0,1
MPTdfNA9ZyoEYw2vgbJWLw,2,1,0,1
PjhIQJf2dbdLxgnFrAUaNw,2,1,0,1
fskIA-YRflPnwHWL7Q8bLg,2,1,0,1
9KzLFQrA_tSBGVDNeZrB8Q,1,1,0,0
LwXo16VrGPhhOWc_Wj7ifw,1,1,1,0
KdBFybvUi0P6wPvustHB-w,2,1,0,0
Z7nGSKvjmHNRkXtoMxA3Jw,2,1,0,0
AgumeejSSVoJ0Bdr5Iguww,1,1,0,0
TrGBHqHVzJM5tk2C1D1ctQ,1,1,1,0
_XM07jbQGliVPwnAfyyGUA,2,1,1,0
eEJo-37wnSEXk9vvac7nOQ,2,0,0,0
6n_MDeYxU1ihB38be9TkVA,2,1,1,0
8JjMwVXIyfv4P0awqAqQgw,3,0,0,0
MZwBo-3MTbxTln2YmyqOHQ,2,1,0,0
N_cCvYUP0dQeLKflgoUrXQ,1,1,1,1
SDNa5bY5c3j4OsBdxeAwPA,1,1,0,1
1J7B86tBk2nIzWMoGFSq0w,2,1,0,0
UlrFQOGWpxftcpLXEQR0UA,2,1,0,0
UEuvtQTKNS0w53oJTrwS2Q,1,1,1,1
ExdH6J3FohY-gDMGBaRJ1g,1,0,0,0
s9n4QJcwjmKAtncXTq35fw,1,1,0,1
G-LwYGh6NdXKjqCKKSxQfw,2,0,0,1
SXJEPy7Sye3wCsfxOxANuQ,3,1,1,0
gm8BAH6eZrDkJv0CCas0Bg,2,0,0,1
CbpQD3NxSEoN4v7VDXYHAA,1,1,0,1
Nm-5ylHYI20vvK9u6-SKXw,1,1,0,1
QB2ms88sgl6-up8P7xdHhg,0,0,0,0
zg5rJfgT4jhzg1d6r2twnA,2,1,0,0
Qme4ZWzZEdZUwnpo-sPPIw,1,1,1,0
c0F2t2j9MJ2gUBUPky-dqw,2,1,0,1
kBIF4PFTbaf7s8sx8buREg,1,1,1,1
hRZadfm7OEOzk0qjuk8BXg,2,1,0,1
lF5m5NQePUtZidiRzNOVNQ,1,1,0,0
r8WvwxtzK2QAMAciMANz6w,1,1,0,0
wY3pB0uJCRk2Qvvvso8DjA,4,0,0,0
-mhBbHbh5T_hxKZUYfdexw,0,0,1,0
45asFhMTFuAUtG_rjPhkkQ,2,1,0,0
Veh0kB2ErSaKsH5v6o7nwQ,2,1,1,0
z4_Aut97zxHEen9LXYJ9Ig,2,1,0,1
OPSNdO3LNPMt7qz1MNb42g,2,1,1,0
UmJU-v1Hoh8myeQmCwFI2A,1,1,0,1
hmIafR83qNeL-IqojCyQzg,2,1,0,0
w19nAzC69-AppXp8psaFFg,2,0,0,0
_uudqocL6XhyDWbrdK1BMg,1,0,0,0
56I5SEOCqOuY-Qc0XBnvjQ,0,0,0,0
bPcqucuuClxYrIM8xWoArg,2,1,0,1
pR-2JcFQfm9g7hO-BShFsw,0,0,0,0
fd0xELX7-1qth_yFl7Q9UQ,1,1,0,1
UyqTejAN7cA91XRAvjg4Rg,3,0,0,0
gE9ieXzYlVKZq-n2ddKIyg,1,0,0,0
5RQ6ENVWSmgmzFxmUGWQ9Q,2,1,0,0
vjhB95c5nOXflNoyq_jKzw,2,1,0,1
gZ9xYxJpBi0Rovw4rTbl5Q,2,1,0,1
EIb85lCA6HMzxdsacYtjGA,1,1,1,0
AoGCnRtwifZ2gTGHtg8KTw,2,1,0,0
CuR4Xxu_aHrYD0IGGRdm5Q,3,0,0,1
Jzz-ZLXsd2ClSn6UyFcbpw,1,1,0,0
lQ9VmIWvM6v-rONPkYX8aQ,4,0,0,0
1cl8ti5S8cJLHGetUe_s6w,0,1,0,0
vAUEebTSlyYVTO7SgyT4cg,2,1,0,0
z3g1OUxDfBTniZFO5BGj0Q,1,1,0,0
hrKpyKLTfSXHiNtuj1T_HA,2,1,0,1
Wf5C8Amv_SlhoYE3_W66WQ,2,1,1,0
8ypWUSZLMVYqFXkb37o3rA,2,1,1,1
AadEy0OQLhRhyR25xQSBqA,0,0,0,0
gvSn76jIWco_sDxp6090og,2,1,0,0
yj-abQ_WQakkBcbIaEmHOg,1,1,0,0
D_Hwxo6zhVHJTtOGJ7pGhw,2,1,0,0
WtLUaAAZyD6vyFXO3xLrsw,2,1,0,1
CjQvM7br7cAhn6N8O8fdVA,2,1,0,1
raciFGOzIYTVUwt54iZH9g,2,0,0,1
SLg1Azq0kePm0ZWnIkHhhg,2,1,1,0
kmPZPIbulnOv3Btg9YGWrA,2,0,0,0
O0T7V0MP9HLaLxLzaKFPgA,2,1,1,0
oh43pPg1tblUzUiBbpSPQg,2,1,0,0
iRBv2GlTHj6qJm45tQA8zw,2,0,0,0
ikR7b7j-Dw8VOEztNT4oLw,1,1,0,0
qIPgQSnQLWUnG_DuVyZbZA,1,1,0,0
T7YqBNASs4gNUsooLzzbuw,3,1,0,1
Yjh34Vnh2iAomURQoCjHhg,2,1,0,1
4tckq6rjAryEKG2XXJ1YVA,1,1,0,0
nnQDIQ2FM4EfJW76IbmjfQ,1,1,0,0
TUMMUJ_W3JqPpfU_D_Hscg,1,1,0,0
vpDutYDhh3UTBl9W1fgM6Q,2,1,0,0
KhYA1VGwy1naIiIAvPfolw,1,1,1,0
JEYeBsODrUfUlZ3H8GOocw,2,1,1,0
z9SjyM0Ixr1ud8zI7Y93-A,1,1,0,0
P2k0pcg7Q1LjfENOpoNQsg,2,1,0,0
VVvJ9tX9uwl07GRnVIX5SA,1,1,1,1
8EZ3V_eRfhTRCjpdTD2tug,1,1,0,1
YZ4P5I-OsQxVVoTENo1OAg,1,1,1,1
j-6MgWWlotFZAQ23LZrTPQ,2,1,0,1
lKIDHvxHpyhruR_J9P42wg,1,1,1,1
1skTxDMBQSpElbLfhBgmVQ,1,1,1,0
zibTVHwQMACJCP5pjRUupQ,1,1,0,0
ZDdEtIFhLsoydDvB8joYrA,1,1,1,0
h9dkFKgCTKBFnFQ8p_Tycg,1,1,0,1
DuzxF9yWIxYqt4jDKw_bbA,2,1,0,1
Cduw9GWnZ_ZvsACVVrlkEA,1,1,0,0
yP8jTCU6L9T1ZseLvcskYg,1,1,0,0
pM1XQqVX-oudcm4nnvvQfA,1,1,1,0
LRG2U-tPfwnbBRQUYZfcjA,1,1,0,1
OJ0Bx1A-lqpgZ57C8bs49Q,2,1,0,0
C14bjKs2rJhRDnKu7ZSSIg,2,1,0,0
oByMSv0dwOfHsGfjj0oZxg,1,1,0,0
I_aIzz-3iKA3o7G6S4A30w,3,0,0,0
h_PKFKAnrjiEy-jvF0Gv7A,2,0,0,1
wwjkBRfPIzyP9pvi94cH8A,2,1,1,1
x-hm5s-hYAiebmoDdDYrYw,2,1,0,1
ltaa_wp7afYDaOwCpWHoLQ,2,1,0,1
sq_N-Ml5toHVKOYXs3nuFw,2,1,1,0
n8oJTalfZMLL3ruzz6Yj0g,0,0,0,0
mqIpIqxnT7f94eilrNkZOw,1,1,0,1
icTMQrn3BYeSfBrxQZN6Bg,2,1,0,0
J0ET9_Zvh10E02BrEN74iw,3,1,0,0
U5P2sECeftfwaHos6h-2kQ,2,1,0,0
-lrxtiCaTdCJ9h7uMndsUQ,2,1,1,1
7DqKUoRBvjr6_CA5vSEPBw,0,1,0,0
ckDYUwoG2WVsF3UCZLItLg,1,1,0,0
7vl54MQuqZQlNj4IYakwVg,2,1,0,0
xWeUlwx1eiZjyME5p93x_A,2,1,0,1
Vv3jTDk4epPDr0oBTMZ4dQ,2,1,0,0
BFZ4mqQ3hRKxzbdOU2Nrqw,1,1,0,0
1Qv_c1bCllShH1QrbmlH2Q,0,0,0,0
LI2gZ017EM3_5gy8Z1QR9w,3,0,0,1
CKKm7cPJWioJw3-6Glsqkw,2,1,0,1
JccZKQS8-5Oikp0u30zZ8g,3,1,0,0
BxCzy1WOVxOrr_G7V4BIvg,2,1,0,1
_GKMtL4zFOlNc0U3gljT0w,2,1,0,1
8LPSNhBdfQ3NT9u7roObVg,3,1,1,0
gpflXHwzORmGqJNgkKtkEA,1,1,0,0
mElsJdTjWv9a5b6Ti8L9Pw,2,0,0,0
oAbPUdAp-7HgJ9hHkanAbA,2,1,0,0
bK_eTLw_uEuEyMzdZlKN6A,3,0,0,0
ktcMeKIoDA0Dk11Wcpx9xg,2,1,0,1
4NxIM5xpIEem1IkEkz2I7Q,2,1,1,0
dU7SLTS6_HWo1YPHZ4DmOw,3,0,0,1
205IU_t4t0kzCfHN06fyKg,2,0,0,1
ES8JP18I4sz72HEAWjk_KQ,3,1,0,1
WoiF62tItSFtgO6gLrj_Hg,2,0,0,1
EWfR5lG8YnVObAhC9Ve0mA,1,1,0,1
emIpCWPxCdyuGtjVIK0LEg,1,1,0,0
DjlSMGIeQNq3huXiBpFhUA,1,1,0,0
ze-oUTIq7vY8hWxiUAzqng,0,1,0,1
q4i-kcryM2X8VXWQcGbiSw,1,1,1,0
zew94PCbpWKFTldA04Wx8w,3,0,0,0
DvXpWBz5_-hZQuvu-RnSwQ,2,1,1,1
cQQbBa_Ls6Gr7Prv-qeZXw,0,1,0,0
CDsYDpAcfDE_81OHRjVIHQ,1,1,0,0
cW-guonyUbsjZ7b7tXauHw,2,1,0,0
PFltMxuCOombEvD86sVujQ,2,1,0,0
2MMRdPAQDI_6VYQUdIjSzg,2,0,0,0
S8H-VShWsIUqyPoqI5Rvbw,1,1,1,0
Dk2oQ6iurbZsSxPIrk6KVw,1,1,0,0
rElVzlHf_zxWeOCj8Vj_iw,2,1,0,0
oKCzSZV0JkKsJenyaEfk4w,1,1,0,0
Kbba1E_X0cQNEYVA_bPQog,2,0,0,1
9Z2k1hsQgM7bjWtJgD1lbA,2,1,1,0
PjtX-5vSTBVyWfMREX8bRA,1,1,0,0
SXfb2X6nTPC-IPhPiIi4Ww,1,1,1,1
UiBRXZKRV9EpU9EpERZIFw,1,1,1,1
3_A59jPniLD5ViVuKMYpJw,1,1,0,1
sVr_5-H0emPH9BcCiwG8xA,2,1,0,0
IxaZ_fO1nQfaDqnOXfi0nw,1,1,0,0
VINE7iA13oerzpSvnh40Pg,2,1,0,1
BwBhT_Y39Sbe0GsNuyfiRA,1,1,0,0
nTSGUY0QJtmsb6QM2Ei61w,1,1,0,0
Grr2wJ3nYD_7qUyespDglA,1,1,0,0
c-uuAPbSpRGR0vPUHlRQRw,3,1,0,0
pLWt3bWwQ9NPvk_xv8Dzgg,2,0,0,0
osJfovV0FGBDo4n7eD4-AQ,1,1,1,0
hEnk2705PElURhKwgV4yaw,2,1,0,0
7obotzA7aLL9kAUIUWQcJg,1,1,1,0
kUUBBLBHCasOl2a5nW9nAw,1,0,0,1
sJjawlWJe1x5SaccDzfUZA,2,1,0,0
GY5v_jZFuFGRyqqY4xEN7g,2,1,0,0
r2qLNZaYTZKjvVXfXB1BLQ,2,1,0,0
jIn4HPCS6fKywg2curShWQ,1,1,0,0
8hAGLM_ZQa4CFhzvVcLczQ,2,0,0,0
I7OoXce8vwFcaIeyxaTK_A,2,1,0,0
v7bSnWkzUgJxc1jt75oOtA,0,1,0,0
01cFftHZc98jNJfJrLEJ5g,2,1,1,0
t_HhQtNpKvgQrSLvK0eUEA,2,0,0,0
X-V0cWAHI-cw5b0P3WtXZQ,1,1,0,0
YH3CqDfef3eB-K_L7Mg-5g,1,1,0,0
gKR0FrVpKklV3SC-gvQRCg,2,1,0,0
iYqdskuBP-CVnj6Mh4Mkzg,2,1,0,0
05k2a3qWUEGzW6FYMFMfaA,2,0,0,0
0aDCv4zPhzy7RklHDrnKQg,1,0,0,0
0If0W5y2M__8j0Xjlwuk0g,3,0,0,0
YacxbXstfITuEDmlQIjyVg,2,1,0,1
G3u4eA85qY8t3LWtiU27qQ,0,1,0,0
ZRZlPFSn782DbSSXPb-i3w,2,0,0,0
Dnn7JsdmvJ0_spWu9wo2kg,1,1,0,0
eUlZN4agALWmDSqCh9x_mw,3,0,0,1
P5sVXhK7pjLo7Ov_TBC5Aw,1,1,0,1
zy-JsMCeTlY71akNeBuLvg,1,0,0,0
cbq_hs6zYd7tfWI6EnG_0g,0,0,0,0
UNbuNOnps5MdKIIAdm00NQ,3,1,0,0
OuetgAKs90ce74ojny3nMw,2,1,0,0
Auj0qSYqgt-T5Gd0HhA2Rw,1,1,0,0
lfgTv3MpQr9vIp79zuhAfg,2,1,0,0
MAu-MslTY63t9LDV0Pe8UA,2,1,1,0
Lbiz5nIQTn3i7jSlJhLMAg,2,1,0,1
BvV9SSaQhC4fvpC3XyQjjA,1,1,0,0
ALp--wAIVL4qQfCANn3ffw,2,1,1,1
jpWqSZkUu8HccObeWLrgIA,1,1,1,0
D7BsSthpHkUjyIlJHX9v6g,1,1,0,0
idPAwtnvruaB7YivrvFbzA,1,1,0,0
c7wwhjj0kmmDvEssl6qJ0Q,2,1,0,0
1ePxLE7eU4kRoags_ytAAg,1,1,0,1
6lpBxSRXScCHnOsOvLWS9A,2,1,1,1
0fdi2Y8RLbnLP9Cvwq7utw,1,0,0,0
I5RoKagQjGYCWgY4_fK_rQ,2,1,1,0
BBwOjZlqBv9lJptG2UD67Q,1,1,1,0
SnOVk0WN4BpW9NonUjcuew,2,1,0,0
ee2oE4eBA_M5Zi4X7p5WyA,2,0,0,0
PbTh7aX0_yyaXFOXAlhI4A,2,1,0,1
fRyHe8SUsZ3kNZbbn2P2GQ,1,0,0,1
4tKDQ_jEcIKLMoJIo26AQg,1,1,0,0
cI7k9zqs_pl3byUDE4cpdA,2,1,1,0
0ahghcpWQVkm4lEFwx-peA,2,1,0,0
xU_QqrlaxXlf2SKoNIaGpg,2,1,0,1
mwERWE8IqgcmPHg3cpCfNA,1,1,1,0
ASxoWbHKUWBZLh2rWysLcw,2,1,1,0
GH5gbLHw05toW6ePNIUzTw,1,1,1,0
SMUEM_BxyRP31kMQNTX7bg,1,1,0,0
QJR4qBUHegWEozSQrGmBPw,3,1,0,1
_TlhZftKs1aXCYX1rLWAGw,1,0,0,0
_ZSCWjiYNPjnteZDo-AZOg,2,0,0,0
goihA0c0gTfhNKmgBOHYBA,2,0,0,0
1PFg5TTddZiTmkBq0RuqzQ,1,1,1,0
n7f2q_-4iOO5N7FWEwInAQ,0,1,0,1
PS6MUV_adG5JH3SZ4e_sCQ,2,1,1,1
dtA3cJ5s_gqRoHbDEDiWYg,2,1,0,1
fYZa6ZbE64ZbFqEU55kRDw,2,1,1,0
ZAu2dg-4mwCy20biGgmV1A,2,1,0,0
5aiXnA_xSCGAQIzA1Ad0rQ,1,1,0,0
wZm86tTEhbWv3hek3iprZw,1,0,0,0
kWkW6vVePpBox_fKfGgPjQ,2,1,0,0
1EtVh_Q4fBQTDKAT_mDdOw,1,1,0,0
l67K0a5x2q_01-l4708L4w,1,0,0,0
HJFKqzhV4n4ZWepneOzFhQ,1,1,0,1
avnIYScsA-gUHZxIn9JfzQ,2,1,0,0
FrXqoFcQqh0UYCvHQTfu-w,1,1,0,0
LdFkSl9OGzSi6LaIoYlVwQ,2,0,0,0
arzicWkekowFIyFAVU2tUw,3,1,1,1
UNCGZu8sPnPdZSV9CaWMnw,0,1,0,0
IbiPt7jzF8Wsu82nHXaJPA,2,1,0,0
8Q6jl7OW8DZzwANggDspcw,2,1,0,1
bWKvYA16me11_2Ws2sLRww,2,1,0,0
l0rCp89DvD39-2BhErhyQw,2,1,1,1
08AqwKb4NlV43qCYLuiVIQ,3,0,0,0
0C46YhAdmNrNiUAmAq6W0g,2,0,0,0
zV_9MraCltzUgNFdiXq7gg,2,1,0,0
WOsRtTQ0a2yPexo9cNcAYA,2,0,0,0
cw8oFCL0BxCQCwwAr8DOOw,2,1,0,1
LLLB4141aGIgzyMsMg_joA,2,1,0,0
TgjpcqIhZ4ONmp1AaxDLPQ,2,1,0,0
NWlNMG_eBIvDjCcHK46eDQ,2,1,0,1
ZE1n6H-4qgq_7z67qa4yUA,2,1,0,0
tZnSodhPwNr4bzrwJ1CSbw,2,1,0,1
0r9NuzpFE6l0hwVAJDnhVg,2,1,1,0
akySq01rZ2PRBBrafMfLuw,4,0,0,0
z9RSunhJggXQW5C4R36hkw,2,1,0,0
vtBtIV_23V95SwIDvj_OyA,2,1,0,1
H7kqQYQsIRtAVbr70ptKnA,2,1,0,0
BxF7p8LSgchlUTYhNAXQyA,2,1,0,0
X7_lItAV8ND1boXI5ZP4Vw,1,1,1,0
zzvlwkcNR1CCqOPXwuvz2A,2,1,1,0
y4N-fSlQDx2wRU51l0z7ZQ,2,1,1,0
se_K9gbKMAECYVnE_0hc_w,1,1,0,0
CVRTly4ag_q5ua0R3iqrVw,2,1,0,0
Qic_L9ru9dJqPoLXW6T7yA,2,1,1,0
t7Zsr25NK1NlXbS_2CYc1Q,1,0,0,0
ZjvT0ANOkZT8XXPrUxBMCg,0,0,0,0
4YxFjoS28WzggYyDxGkKBg,1,1,0,1
oyPvqoQhsdkfUeHtdPD7BQ,1,1,1,1
5R0kCSZkk_005LvnIONJbw,2,1,0,0
Nxm2hcwZv4T6XVc8ScR2-A,2,1,0,0
XVseYWpl0pFWgFybZEpKug,1,1,0,1
_CgBou-sE-UW2j4otiKtlw,1,1,0,1
-Y9woV5m-KaTzu9VpirYyg,1,1,1,1
iOa9y4U4HfwXLn8J95L7GA,0,0,0,0
VghejSa_mjn-W7BfGQsDtA,4,0,0,0
w55JY2w3ZhTh4hZxAPWTzw,3,0,0,0
1aj4TG0eFq6NaPBKk6bK7Q,2,1,0,1
1kLBRbYQRJN7SQXLF98RKA,2,1,0,0
kownTVHHvOKawjjmO_WkJw,2,1,0,0
L_GiRGKnEUMW56cRskf5Mw,2,1,1,1
9B9rmmyvI7uWx9C_BFU59A,0,0,0,0
K5Ex8diP6rIh8P16D8KHVA,2,1,0,1
AS-WRS4sUuVuu6ErCIetXg,2,1,0,0
8Ahmk-vBrOn47BRmjDGvMg,2,1,0,1
XtE_J8DZXgjFbW1xVkqmUw,2,1,0,0
S6185mqOFmxuPiezVnSJfQ,1,0,1,0
VCzxfiTZP66V71j4r1ZKxA,1,1,0,0
TwVFGd4kan9K6ptwGaZdOQ,2,1,0,0
IF9C_h3NONhXZ7bbyhtnxA,2,1,1,0
3c6U5CdxsN_6Gpc6dqTylg,1,1,0,0
T311gNM0HGVindTO9Wpb-g,2,1,1,0
aXnWWp6Reaep4-0iKWlYHQ,1,1,1,0
MT-uG_MfMSJK5U7s_rL5Vw,1,1,1,0
2OFWvbHVwvnva7GxP4wHQg,2,1,0,0
ALU2waeVNN_X70sIhqOTig,0,0,0,0
U1RvFnS-j6ItZ8VJGyncog,3,1,0,1
Fgt70HjHhw5IVYNYulsAng,0,0,0,0
41b2SLmjLcxTGLVRxASiDA,3,0,0,1
rk1qMV30IgioAzoLL8_kKw,1,1,0,1
9Auncrq-xGueTzgkGO1AkA,2,1,1,0
55D6thr9kwf-1wWQroLBKQ,0,0,0,0
gJ7WFBtT3uSkI5eP9NlKrQ,1,1,1,0
2aPbaa0FFbN9AdPtxHqbVg,1,0,0,0
A8yIKHSI5LFYZ6_H8dZBcg,2,1,0,0
y_JUlNQB45XhhJj1jAn4ag,3,1,0,1
1_vpfu3RxcnX5z54vmnOMg,1,1,1,0
Q-cV5tDErkUbUefrzDa7Aw,2,1,0,0
hD4nmY8c9FRsBNzN1QjObQ,0,0,0,0
UmOXUUbw-76FIPNsE3EoeA,2,1,1,0
oB2_XXYG9c8bgJL9sFP3DQ,1,1,0,1
jQNvRWCrB1t66mF861F8Lw,2,1,0,1
oD6-YmPo5xDR8XrDF9gbZQ,2,0,0,0
-q6tWH0IvXGtZx6U5E_9yg,2,1,0,0
-hn7E7b3VwRjwhNEDgmGIQ,1,1,0,1
-JKp9ykFyhswkIQ6XhhJOQ,2,1,0,0
9JTkh1D7u9fRBohglQRL0w,2,0,0,0
vvA99tqHFMVgHnB7WmhO1w,1,1,0,0
WJ3QwG9YKvkVkAy-CgZy4g,2,0,0,1
pjoVN4XV_QDWoASXsOCZ5Q,1,0,0,0
eeTQZt5aLtPjBrnPvR1tiQ,1,1,0,0
JcWzvvDWh4RY04tvm1LQzA,2,1,0,0
wOYcVJCjl9F7EKOe-Vpezg,2,1,0,0
ZVJThf69z1Fu-CYm69_xDA,2,1,0,0
UHVeLqYpNLJp5mw_vnQnRQ,1,1,0,0
z9SkYzD6RkmsdDw1qq3uXA,2,1,1,0
Oc8uGKe_Eg4vdECgWWKRKQ,2,0,0,1
oJX6NTUC98eGAQX4Da097A,2,1,0,1
--g-a85VwrdZJNf0R95GcQ,1,1,0,0
HQMMKfEe3lmtLVXhPWKXRw,1,1,0,1
i2O5tXByY_m5cSeV3dKu-w,1,1,1,1
c37cZL9gCjflmYX-rSgUYw,2,0,0,1
eJGxuOdOUuQZO8qDtw-OnQ,2,1,0,0
3_HrWm4qrzTN0gAC_CrfTQ,1,1,0,0
Zuwzb89m5JfOGyPgknSbCQ,2,1,0,1
S-xZzaHeMyMcqf66GAC4wA,0,0,0,0
KjjNv4YFzBFnsBh2ncH1Iw,2,1,1,0
Quhi5MypyLsjF9jjlgmwGg,2,1,1,0
bjkGcXq-mFnQohq9T2mdHQ,3,1,0,0
eOI8wM9EEGzsefVaAF076w,2,1,0,0
8jWuRoHUFCXPdGVIYHTg5g,2,0,0,0
7jOPbfLlwjFgVFrGetZEUQ,0,0,0,0
_bpNAXZqG28e8XplS1wbpw,1,1,0,1
UaVZYgDqNgZf6hX-E6DaWg,0,0,0,0
HcO6gAwDePNiJ-LKeoKYaw,2,1,1,1
bmDUty0odSexELXaEG4ELA,2,1,0,0
xBkivY-RacJHXX6y0-91GA,1,0,0,0
PKNzQKJrl5328yWidZbzpw,2,1,0,1
SdGgFPQrIzFlsrcWQ8MKMA,2,1,0,1
TJ782bOKB4FPl3tYYlaGcg,2,1,1,0
TJseLzjLO8F1Vq79_Obgyg,1,1,0,0
P_OfKffPc3EUSZ44lZKO-Q,1,0,0,0
reBk7BlqFC3eoE695_jlzw,2,1,1,1
n1Ng1q300iLHYZELtOd5FA,4,1,0,1
-TWZ4-AM76pUxPIt47mInw,2,1,0,0
DzshamutZ350laV6Ji9xFQ,2,1,0,0
_IjZMjhkbJZX_-DNRXB01w,0,1,1,0
wcr99sOJjXeAxDNt2fCmbQ,1,1,0,0
c75jLTjlgA9q3gImLEGT6w,1,0,0,0
y35FkLcNKlGt23tRwI8VoQ,2,1,0,1
_vZ7bHaGCjllogiZ7RH17w,3,1,0,1
OChz_kwP0OUkx2qh_n9I7w,1,1,0,0
lpBXeNXqfKsNE8NY0aEEcg,0,0,0,0
PelnfQ7PxGeW2J43OwnQ_w,1,1,1,1
zHqydarL53YWMjuC0UglSA,1,1,1,0
LJM2jAOEnCIV2RqtC23ApA,1,1,0,0
mRcsvDT_Tt2dfu5yNNj2Kg,2,1,1,0
UQTKPKEzm6513DknF7Scqg,2,1,1,0
-cxD1NimFldATDUsN-oa3A,2,1,0,0
UcUEUd7a-vnHk14HcVgpDg,2,0,0,1
ngRLl-vKZxkA2VLQvTFuCg,2,1,1,0
-wcyWzSRk0KtYNzrMrLXHQ,2,1,1,0
wWFvHY9YVWtyfCsDO8jQiQ,1,1,0,1
DoNotFHCBORJodPsW-7KAg,2,1,0,0
jSqfGuZXwcKBMWV71y11Tg,1,1,0,0
s8VFOdwpqiwuOVBTurD-Fg,2,1,0,0
MAhuHiUpN403DsDDqdyabA,1,1,1,0
3Alq2Er28QVsdxGJlQgVkg,1,1,0,1
-CZwX0Fy14DGCY_2aFkhKg,1,1,0,0
rdZ6xVABSoOVeAIiCaEj4w,2,1,0,0
9qAGif3XfRlJ83GJBbDNOQ,1,1,0,0
5BIikD_FpW-k8QJsxeQhZA,1,1,1,0
49YU3rvCpen841tnpsEVqQ,0,0,0,0
f5xWoqdRa5E0LF9fANwwsA,1,0,0,0
F8NPhGJMLrZv5R3LysyO4Q,2,1,0,1
qEneEkjgJp8pLty7dIy_YA,2,1,0,0
5O2Gk2Kg3QpKHmcNTCmBuw,0,0,0,0
gC817zVyUFrY-eMY95Bejw,3,1,0,1
klddGAcNIpE_aB5sd1hNXw,2,1,0,0
uyTHJd8s12u8kQBEpCyxuA,2,1,0,0
2lCjKqGK2s4FrJVPjJK1fg,1,1,0,0
sE5VWCcRZ_jzbmOdXEIj8w,2,1,0,0
TolwZ3L28or4E8SVTZUf6Q,2,1,1,1
etJG8LKDELzRNOBtCokYbA,1,1,0,0
-HXOZtMZWtTtzBcEswNZ8w,2,1,0,0
K_sbl7yJnDE-zqkGB7NxeA,2,1,0,0
dYQaLCEog1QpQShowSVZig,1,1,1,0
8ySvFNHBGHnVaQ3XwOuFqg,1,1,1,0
dhoyGQK6mEZG2gnlm9iz5w,2,1,1,0
005XmZKuJZuNbl5tGXc5SA,2,1,0,0
Q-HDnjHCywb65thAB-f0nw,1,1,1,0
Yp1mu3l4Z8rdgsG3C2AlpA,2,1,0,0
p3XSl1u74coS5KubgE5ZDw,2,1,0,0
w0ArxcJ0XsyK1ZwrIf3gpA,1,1,0,0
VqTSCejV20R5BCIbe-ORUA,1,1,0,0
mjZVeJ7GSe_LI0XA0RqGZQ,0,1,0,0
6c7DPOemJyPfDdKQ-Wfgmg,1,1,0,0
zd4UKCoCc6P1305dummwyQ,2,1,0,0
WqXrmUVy5Ay3Scn4GPM9Ug,2,1,0,1
qA4MWdUmaXYkrZ223cFfFA,3,0,0,0
L9hxsakFxY315yPqCZL-zQ,2,1,0,1
M1hEQVMiND1rbiT8mo2j0g,2,1,0,1
1k53JbU9dNU0NvyBYKLhNw,1,1,0,0
Wq0cWwBkapXOUP5QPV034Q,2,1,0,1
U-Uj13i0RkwgZ8e7I4Lf8w,1,1,0,0
RUjqcyk4gieSbL94YMMThw,2,1,0,0
iuaFpqtQOMgX5y56lIUrxg,2,1,1,1
-YGePLsJ2pYccR3oaeCSAw,2,1,0,0
dpVMSMJjJtwhO_Zvugc5_w,1,1,1,0
E8ugJa02FVCgfnjqV817iw,1,1,0,0
7S5iOI5Xb9cTUQLmBwCeXw,2,1,1,1
uR31VDHTAY37HtCDYr1q9g,0,1,0,0
I2nw7LGLSHN4uUgnHO5H7A,3,0,0,0
QTZdKevSqb4KkWwRy-Qqrg,2,1,0,1
eElL38lXVVxkPr5f12wrLA,2,1,1,0
4I-DntICTD2ykxPN4NOJ4g,2,1,0,1
uMOOP1DtKAAAiAtkyidDWA,1,1,1,1
qeAiqiHROF-jZJDKX7v0Gg,4,0,0,0
hITV6BrT2ak7nFHhJ_v11g,2,1,0,1
SwlY-14bP08sG248yfoBgQ,2,1,0,1
uEMrBEw8En3yEzquXqeEuw,1,1,0,0
_w4Ph3uyYd6nKtxt_Gp9Iw,0,1,1,1
o4mLcNcURwn-uXXC8_mouw,2,1,0,1
tjHhb6lrJdOryY5Ao4pHOg,1,1,1,1
KfyHN1LYS32ZPZ2AaGZZfg,1,1,1,0
cM4R0NNWdS2NSZga7bxCRQ,1,1,0,0
mjABbPeuEn8qu9oedw190g,0,0,0,0
BqPDyBgRnvPWCTcMjonnxA,1,1,0,1
YwOmRv_m5leVtJ_HhtiWgw,1,1,0,0
euPGrIZXNhkbNDJe5U5Q1Q,2,1,0,0
IqCvkoDvvImXuzGrpeiDMA,2,1,0,0
dTZZOXlntz3i1gyW0BFp-Q,2,1,1,0
EH-WY1bmJz2yDZROQbNsxA,1,1,0,0
Jky3kVXZJArfGKL5iny22g,2,1,1,1
s4OOk_mXRHVNxWmhZX_rZg,2,1,1,0
rcn2JoLFQhMZeDHfOZiw2w,1,1,1,1
D0TsIM7U5UfvZ8dBdFi4sg,2,1,0,0
qjYhAxibnS2M5IybPd5Yfw,2,1,0,0
i5vy3X8WBjQ-F7P8HqC7KA,1,1,0,0
O85iR6k-pDHpRFwXlppdSw,2,1,0,0
75HVFV2yYaaz0qH_KCgyFQ,2,1,1,0
qTd3WSatW1tlUoUtFB6x2A,2,1,0,0
Ov68TVizW1d2Hqm2M2FKVg,3,0,0,0
0QHMAUi6NdOUZ1ckXq0-sA,2,1,0,0
oENci7xCWGXnwaD06o7fVg,3,1,1,1
pWqtTbQsXMBevsKbyNgPcQ,1,1,0,0
T1-kPPbyO2kDiHVqgikCjQ,2,1,1,0
HUMTJtPm5szkWZE-T24K7g,1,1,0,0
q7OKOkEK-pgAQNjDiVd4bA,2,1,0,0
DoasMy81TR1wYcEmKlGicg,0,0,0,0
xF7jYxQouhX3OWNR8QRDkw,2,1,0,1
tfg08x88Mr4nEr8_bVal7w,2,1,0,0
ten1jIj2JOoQMrl1yCmxFg,1,1,1,0
M3cRrpdpF4TrIIXiD7qRzA,0,0,0,0
e9julbRI_7QEI5WcFqBvYw,1,1,0,1
rUfZp5C_j7NxQZxrjyMrvQ,1,1,0,1
T0ju0drMLfXJPNLnEsEYgw,1,1,1,0
gMwqeg2s0a8JAC5DqSyM2A,3,0,0,0
yCkpp-ItQWo7jjA3ngmX_w,2,1,1,0
I25YFbDL16lVcutPMNIlHA,2,1,0,0
--q7kSBRb0vWC8lSkXFByA,2,1,0,0
VNr74A2-5_oqPN7bObPHuw,2,1,0,0
D0l0u9DCnC62qmXaah4BWg,1,1,1,0
fvlFgK_WD226YJ-ZQkPAOw,2,1,0,0
m9idUZWCBQB_owyaSeO2dw,1,1,0,0
yN1FrEmAH_W3STP4F7d2nQ,1,1,1,0
ILq2TVP7mEJ1E-VoAt1_vw,2,1,1,0
dNqGe41LcgctWZbV5uerog,2,0,0,0
eYzm1jUK0GsI2KOLTt2PbQ,2,1,0,0
uNH6CTVyrLdzf9e2Gw7z5A,1,1,1,0
saWZO6hB4B8P-mIzS1--Xw,2,1,0,1
KhvuMJpYNNySVxsu2o1eqg,2,1,0,1
TWFH4a60FDzA4gy49CCtWg,1,1,0,0
f1aiuS43bRV1sqGTMlLRWQ,2,1,1,0
DuS8fop8yN6Fa_hIFZJVLw,2,1,0,0
Cr4ipI-tr-R8Q0NilkWNkA,4,0,0,1
YBNmWKk0c_yMGGv24gCrXQ,1,1,0,1
japzjLMfmqsGszf2CG1org,1,1,0,0
MWe2RCV1PuH1qoMAELAqxA,2,1,1,0
znH36RmIAI4wcHy9WiEO5Q,2,1,0,1
P8lGz3aiwedtGQWrifuBTA,2,0,0,1
rj5YbrxqvfOVgcrgz98-Nw,0,0,0,0
h-4BCEM4U0SM77G6DnAxJA,2,1,1,0
VYuMUCoN6LWTxM80_itq1Q,2,1,0,1
k-3nsmnnq4cnUutgOVEjaQ,2,1,1,0
dupc1Q5bl1gwTheS1ZqEig,2,1,0,0
gju80t2hbwvCx6-JExZF3g,2,1,0,0
E0zjBNt4_giYtJqUjugskw,1,1,1,0
9B8CwOtI2KHXg1_ONF1feg,2,1,0,0
wEzCHxfm-lHLmb-dVexMuQ,2,1,0,1
xzsmg3U-V3Z6xN8iZNQTJA,1,1,1,1
QkTnoDfl7-cLQEAW9TqMQQ,1,1,0,1
nQjuBVbcRFyX3trnuf_8CQ,2,1,1,0
8gXMT0uoqTnIa9pGy6zF4w,2,0,0,1
foALwGxgEz8bvYw5lLqINQ,2,1,1,1
nj8W3FI5Fwg7TA5duszeGw,2,1,0,0
tsG_3_3wNplQmKnZqRK-VQ,2,1,1,0
Ybre7g_LHQk5004VSM49sg,2,1,0,1
3aKRYHFXMjKiaSAsVH4qiw,3,0,0,0
Nw24O7pZTBKtQ9_DFUiRgA,1,1,0,1
0U0odWV4aGw2k-bIUKhO2w,2,1,0,1
cYCPK6LuvOPnXPoN1zFwJw,1,1,0,0
A-UC_QZwS1_gDB_masfJGA,2,1,0,0
0jQwF4gv9sVV2U53vFyD1g,0,0,0,0
47WDyaBzlYK24wY1m_XnsA,2,1,1,0
5EIuCcoHY2evAhFMBV6G6g,3,1,0,0
7zuWSun5F8Jv2N_IFD_ERg,3,1,0,0
pAIy8b_fW0escRkppyUVEA,2,1,0,0
7jl9EJQCGBiTyXTDXMsRIw,4,0,0,0
W90h9VXUSdRz1_uJhweVPQ,2,1,0,1
wo6LUARwQ5sZI-DI9XOdpw,1,1,1,0
WEpu2goj7QggSgL_nP2EMg,2,1,0,1
fmyo8-JBOu5bjczEsLJyBA,2,1,0,1
AQKOuwrOCacAhd-jfFMABA,2,1,1,0
sYNizmTwXOxHYQbBuSs5Tw,3,1,0,0
2F0RzCAek1z-ATKV1tl6DA,1,0,0,0
tTGzLJGAceB1-fYjyjo5Eg,1,1,1,1
NwLIEaqEz-9kcHkseLsfiQ,1,1,1,0
SAgIMviDgYVUrKCx0IQwXA,2,1,0,1
a2fqQVxtFGc-bjKQ3BXItA,2,1,0,0
kihL3ob1VOlAaGNeJ0fClw,2,0,0,0
hPtLBHnfTjIefcnwZh48jA,2,1,0,1
yB6EN23QuMuzHyobJ6pBbg,1,0,0,1
0lxyY2bwmpde2QHcnh8fZQ,1,0,0,0
MInyfmBxVMieJPfMLbvP1g,2,0,0,0
f_ODjmy-gv0VfGFFAq0mKQ,1,1,0,0
IKmJzb67sLsaKa8PnCdl1w,1,1,0,0
fDpiXePaeKqbOfoxXxUKyw,2,1,1,0
310Eyru1zsZ9K7BA-bgPQw,2,1,0,0
zdgCHBcjb45p8N6k2x8kwQ,0,1,0,0
Y4nw_rZUPGw-aRdx6kv4kA,2,1,0,0
smdGDx5PS2Nt67FXYAQSUA,1,1,0,0
wf-Uj0LIfPhVSbxlmPcUqw,2,1,0,0
CIu7ybFJhERiWzugrkPb8g,4,0,0,0
FHcYehsC09G-0HPo2-yj-Q,0,1,1,1
KPfZzVRrJim0wooCLF3r1w,0,0,0,0
TYHklMdUVKhZD4dkCfn2tA,3,1,0,0
eViin_sKOZiPYiUNH3gngg,1,1,0,0
m-tOkwXdW0r4u_NG8w_ZXA,1,1,1,0
fKAYcxoqblhyUIm7GTQMCA,2,0,0,0
hx3tN7p4OC_apCEohO6-fQ,2,0,0,1
LwQB9H3jZ9wTk24Lr-AnZQ,3,0,0,0
XVj_qD6hz4OJprt1bOAjWA,2,0,0,1
HBZd08iiOuIdZHyt4mRSSQ,1,1,0,1
SXAXzOwp0I2wiA1V3iMtbg,2,1,1,0
OY2B-RrWWc_5WEz2Ba19HA,3,0,0,0
NFOj3uboFzeNF5X-dWUd_w,2,1,0,0
U8ixm-xr4QLjyD5L38ooAA,1,1,0,0
RpcERS2lOcIjlGWvn9vJtA,2,1,0,0
S4ZfnsNo-Iim82uamtxKog,2,1,0,1
x92zW5kEvGajc72sPYEBqg,0,0,0,0
hJgAUo66s6v0ndqeMdW2mw,2,0,0,1
64ZUb-llBHrnOcN_o1wA_A,2,1,1,0
XpzJ4BX0ZgGBxCua7hHy1A,1,1,0,0
u4ihxqmtr1X230QA9ElJgg,2,1,1,0
XmBsvLh_4a7K6CgAfougMw,2,1,0,0
aHpsw58YOeHnoQt8Vn5O2w,0,0,0,0
02zH3RnRvBWfMoBUqtzfsg,2,1,1,1
nbVtxapTeq5HELUeNRgc6w,2,1,1,0
tRYeAFJOwnDbSMWyXKkRnw,2,1,1,1
Q8kpdYu_CO6FNP0brTz98w,1,1,0,0
uKsOd2O_VoFvmYop0ryYcQ,1,1,0,0
_auK-UNLBIxhWLRIviLiEg,0,0,0,0
IGePH01LGmub7Au3V-aeuQ,1,1,1,0
XRYBvFFBNOUZT5NFqyS53g,2,1,1,0
6tR7FLJkwlDspVxsfrMulQ,1,1,0,0
Gn06kr2XLQo_sIxzGkjIGg,1,1,0,0
Ir_g86baDH8Xpzuuf5aC2w,2,1,0,0
VM8LZTKqtprMEs0h3CDOXA,1,1,1,1
C47xNSByH-2k7WbX9Yx6kw,1,1,0,0
p0CsAuiW9KCW_ySDNNRW1w,3,1,1,1
EluIN94_26TTrTdtGI2aBQ,2,1,1,0
IYeVJn_RUfyjxfRpD7QzMw,2,1,0,1
U8rsbHtpV60h8USOL-kaLg,3,0,0,0
ABtCLFoIEH26T2Ij-FQjag,1,1,0,0
xDj6VQrMtbKrz8NSkJv_XA,2,1,1,1
f5IN-6LowoYpxDeQwb0dow,2,1,0,0
pRlO48w4GkWEPEYIH2tHsw,2,1,0,1
zs682_KLZ6bwPEgk0OvAyA,2,0,0,1
Uw-kIS3HTuAohfg0edQZ3Q,2,1,0,1
uJTG4mzj2IY0lgNrHJUXXA,2,1,0,0
PeLzCf2_GZlNZns2PLBueA,1,1,1,0
LcvYvogGv-VBZvV57HhY5Q,0,1,0,0
ONFRwi5zzcqDkFKkbF1Fgg,3,1,0,1
qRwkGEVwxrqL92rQAAlt8Q,2,1,0,1
MIVw2q74xy140VpbR8jBWg,1,1,0,1
aObwBM6rLOd9gbj36ghwzA,1,1,0,1
9pWzjhdrPgsZEmF7-QOaIQ,1,1,0,0
3n86SpBQ0COOW_2sDRStoQ,1,1,0,1
4enw_5SjmPuVpxg8MhbPBw,2,1,1,0
N5ODTHBMLxTYZndi-ftTFg,4,0,0,0
jUnS8REftaFlO9hPdHS1ug,1,0,0,0
HV2vPReKp0n0E6zgjsu4Mg,1,1,0,0
l_aHtzAhgpG9h9tZdTEklg,1,1,0,0
TDtrXAMabVffH1Yf-RLpnQ,1,1,1,0
xS23bEVhZ0u8BBh1V-QeCQ,3,0,0,0
d-wvSnFt6JAZBzqMiGpvyQ,2,1,0,0
RS8bUYCttrW7__dy4tDMlg,1,1,0,0
54wCYFNFs1jh3mx6cS4sSg,2,1,0,0
_R76PYZqTRvw840SP6s5GA,1,1,1,1
d8LRNKz3_Cc5MlEQGWZ5Ag,2,1,0,1
wHpu1yWAs4LOWwzwkG8KXA,1,1,0,1
Wwtm3govfxBQ040LKYQDeg,1,1,0,1
v2p2jQ-FAse_FQI0LSh1pg,1,1,1,1
ucv_SCACwuW4wEOudO_xyg,2,1,0,0
iZJ5pdY558VodrEumGyVug,1,1,0,0
YEVN6-6z7PL5cDeWx9I8OQ,1,0,0,0
gKPGer8_b532vRzEjsXQxA,2,1,0,1
X1Y2II3AYdoxa70nTTfUPQ,2,1,0,0
lPaMg95YRXAqiKMsfXsuEA,2,0,0,1
_-mGxo3NxooLN7DQWlvTYA,2,1,0,0
Y3zHWwGWjkdbCPGR7pF6tQ,2,0,0,0
zjZbVmI5FGQflHL6rRMxoA,2,1,0,0
TXCARn0fvOFoydARXEeaJg,1,1,0,1
d0hNEjOl56Q8NNnYmdBLQA,2,1,1,1
oYWixgv1kiPV1j02TYzaPA,1,1,1,0
m3A-UM3XRo8Jql7Sq8Vhow,1,0,0,0
XbAxJ1aisp-Br4wgrP2eXQ,2,1,0,0
Qlyo-9TXmyRgXolptGGM2Q,1,1,1,1
hKGP7pJgr-ylL6tSPl8cJQ,0,1,1,0
QPQURPon-Pk8bEJHSGSJFQ,1,1,0,0
-Uix-n4Jqo4W7ERagC5qAA,1,1,0,1
t2XW4Kav5V1L7tFR6SXQcg,2,1,1,0
ZfBKZPd2rdpW19m91YnHXw,0,1,0,0
qmh6zxtJ8C8-YiUPv7ySlw,4,0,0,1
fwMtJhalUmtBZt_K7pzilA,1,1,1,1
1C7mPT-9mFihyZq8-qLxgw,2,1,0,0
-0aIra_B6iALlfqAriBSYA,1,1,0,1
wO_mCbiatcDhjWzsF19GvA,2,1,0,1
1wBKFqiR3vN4-6lmwBGXAQ,1,1,0,0
2b6wzKSliV3hsRkNpHtQOg,2,1,1,0
FMOtcUcyMj4gaLiI6CdjVw,1,1,0,1
khw9md3qjzxLPR938NZu5g,1,0,0,0
2LL-pWxdM_rvnaIpNxezsQ,1,1,0,1
-G7bby_wc7qEKTV31ufDcA,2,1,0,0
DnjcJblNc5MxwmGNQBg03Q,2,1,1,0
UrOFpcqH8Lixb2hpeJlX2Q,2,1,0,0
RslaL6v-H9e3o2R-WrJKpA,1,0,0,1
laSyDWzuKb1wo1XWFEUsWQ,2,0,0,1
NvE6OTb24XUIaL33xWGu4Q,0,0,0,0
ni4ppUp4oHq-OSSCgUIGiA,4,0,0,0
ViF5Kd7pBF1JJhlvEy1kpA,2,1,1,1
ze-xCiBLB-QSfNXHiPY5Qw,2,1,1,0
etp05l7Tfewp8AOneTcLYg,2,1,0,1
kKC7UTcHZM3zLfT97x3msg,3,0,0,1
QTH_XGh4rWYdd0fTW-tUDw,1,0,0,0
laH5gNcV5N-3zHuQu-GEBg,1,0,0,1
lweobd-AOEP1lYNTfhuHhQ,2,1,0,0
O7godQv-9pyQJ2JvCMiQjw,1,1,1,0
deD6apEOWlYpqxNcdhkmKA,2,0,0,0
6B-sZzuNYnVz5sk2c4EfHA,2,1,0,0
5nvOrdr-1Du_PvCwaPpmXQ,1,0,0,1
hRHnzrGCVsHItdSsapkyYg,2,1,0,0
GtHu9uGXpn7Jg_Z7vFKZKw,2,1,0,0
PXS-ptzCqz26yG-mfqUWGA,2,1,0,0
xGHm4DZdVjo-fLO0EkRXvQ,2,1,0,0
SN0-O-CuIsyZf3LGZVEUAw,2,1,1,0
5TTeEwec8rsUozt02cRmJQ,0,0,0,0
JTFFtWy_chbsHTs95yD_2Q,2,0,0,0
Ig-ecmGaE1-0AAGut70xTg,1,1,0,0
IoxLILBKAajE9kY5j8F72g,2,1,1,0
ptO-2UMzCfzBqHcV0Fwf8g,2,0,0,0
f_GEK6ol3g5Lrd7kvHuOuw,1,0,0,1
fwXKszT6j_f6pf0tp3MHLw,2,1,0,0
OK_djnmJWmK4G3NMAjGGjg,1,1,0,0
7_mNtOk00fmUKfxqZzqDJQ,1,1,0,0
4SfADHMfFDiiXesW84-v6Q,2,0,0,0
9Z03sjpsyM4aiSSk_yiwNA,2,0,0,0
vjLgZg0DH_9xwcujFNb0pA,1,1,0,1
pIeCFuUn7NWay1Ti0JzHtw,1,1,0,0
UdkQieTHE7zSFvzJkzzEcA,1,1,0,1
Q3BUdZTMw8KRd-3QYtTyAg,1,1,0,0
MpvvsMZOjMME6aMDCnMjQw,2,1,0,1
eU_XJ4uNAlRoH4tNfWtz9g,2,1,0,0
lgk35ph2wALNbHYFDAiV-g,0,1,0,0
6y-z_jGX7PCUubMPFDbxVA,2,1,1,0
V_TxEdzeEs8P5nGPANOY7A,2,1,1,0
OPxWcHK96_cbmiF7legDnA,3,1,0,1
otsjAjxf0PNQ99xcmuj_LA,2,1,0,1
f_E7mOwfpujpndlnX8-O8A,1,1,0,0
WxhdN7jcwZEZ4TDBm554tw,1,0,0,0
tO5Ssb7-hnas2fQQ5bt9IA,1,1,0,0
o0Sf-45xsWv3odbEC1XMbg,1,1,0,0
8JvuhiQWoMJVDVuTtvOnPA,2,1,1,0
sSbhLkw1B58zLeUtv5lpaQ,1,0,0,0
vj9sfEtL_NcYeFmMz-q1Zw,1,1,0,0
5ZQmIhBVOelUScK9UbSUqA,0,1,1,0
m38PfxkTGgINuArSTX16iQ,1,1,1,0
GWNmYFQw3WitfTPt5uGMvQ,1,1,1,0
rC3R1xtjJly5X1-aGeHD5g,2,0,1,0
rCJ6qFo_liwGPzbupkLhhQ,2,1,0,0
GGxRuRw6Xo1Yb4JkgJP_rw,2,1,0,0
HTZ5flpShCjnNA5XdtAVhQ,1,1,0,1
Ae5S7cr7TlRUMLOa6E6f0A,1,1,0,0
QyfX-6jFfINH1MuXS8R6ZA,2,1,1,0
tvlHgHfBsmmNFbnFE06sgA,1,1,0,1
cVlW0omVTRaVJqnT-OBBsQ,2,1,0,1
jq1cO9G62R-CaL6Jq0BcCg,2,1,1,0
JNG9jHOlE4Ilv02Tnlh7YA,0,0,0,0
NYj4iiRyQulshoafgujiSQ,1,1,0,0
dtVXEl_dASB1kn2erejiCw,1,1,0,1
TuA6RNMVHAlqyOKDrgaKPw,3,0,0,0
SZmei3pS7PxeIiPCQ5n3HQ,2,0,1,0
J0PP9Yfzzw4-WyiZQ0JTwA,1,1,0,1
6CPdIWgbsyd0yX_QSInURw,1,1,0,0
fwuWrhPXTrEh1qHWoi_xSw,1,1,0,0
LsWhNrXNB0ADpwivs_TPdA,2,0,1,0
oei8S1ByjcxKvdQkSKL_cw,1,1,0,0
UEMChvOORAC-CWTzyTek8w,2,1,0,0
BSbKXrd41LiCmZ_fEMwrOw,2,1,1,0
u5xy3VHIry2LZ9q9Co-KLA,1,1,0,0
SnMUTGhY2nW2Ldb0QJAjAg,3,0,0,0
mic2Qh5eWrp6ppDwTE6cLQ,1,1,0,0
aTvzqD5Kot4vp3vOnDyrTw,1,1,0,0
1y55p5EUl23naNsoC0clvg,3,0,0,0
KRaxPApQv43oX6Dcv3jKQA,2,1,0,1
33IS-0QBNwRC8cXnHABpbg,3,0,0,1
laGCcj3wFTYrIpE5GH7T0g,1,1,0,0
w3JBz9gLbZ0CKWQM07nONw,2,1,1,1
UfSwz2LHiVu0K6CJJ6-2gg,1,1,1,1
Y1LB0uDuJQ1jP5usRdsZZg,4,1,0,0
bz07FlaDmxHV9ER-cF6XuA,2,1,1,1
_7kVnn5_19ckuFPS9PCrpQ,1,1,0,0
vclxHtRUZja24QFmsXdKTg,0,0,0,0
QGUeajuwtOSegh7JbrbuXA,3,1,0,1
YicI6Q2bPIEHoOD3iA4-XA,3,0,0,1
d47eKkCx3y3N2Eqtzmuc8A,1,1,0,0
5A1N5f6geb_lm79JTysbCw,1,1,1,0
n5boo_3RYE20wWnvH8EQ1A,2,1,0,0
oRPRTwka9rWSxPqmTi4VMA,2,0,0,0
zwmKWhyyV-zejEUbQzBtHw,2,1,1,0
ZBFfY_WLbp19sADTZ_LRMg,2,1,0,0
x3XmzWJUMEPLAvugNqIYQA,2,1,0,0
nl9obkTn1W9-NzjGCEMbPA,1,1,1,1
pooAgpZJn79L7JTgcK-o-Q,2,1,0,0
FoYmJzg64zEhCRNdjCyQLw,2,1,0,0
JWGY2jP95A_AbmdSs6U28Q,1,1,1,0
huRIahYEWMwstF-PbFA3hw,2,1,0,0
IYO3ngRTiHyvVyMdzyb26A,2,1,0,0
vcVsK2qq743JzJ67abICDg,2,1,1,0
5K1MooOvs4A9VXnykGP3UA,3,0,0,1
pCunE3wX3W7LUQHcr17Hxw,2,0,0,0
rAVE9TFlvWqaxi4JU6susw,1,1,1,0
q7iF6omNtpaeBXZscLuBxQ,2,1,0,0
4V_EncSagOpI_0IuS7vURw,1,1,0,0
qugoB-fIL2KxKLg2k2Aunw,2,0,0,0
QAXFkN4iDiC1HUrkOiAAKA,0,0,0,0
2nW_hHaOt0DpsL1lPpuMXA,2,1,0,1
4FC_tTgynakPLLngLkvRSw,2,1,0,0
_rxm3RZlb0reZDzCkKltow,3,0,0,1
3RiFtEJ6AAvS0x_z38HChw,1,1,0,0
THfsY3HTXVVU4NnyK4jvaA,2,1,1,1
FYRVCh_ctzqY1Yj_6hDk7A,2,1,1,1
Fy4AmYaVjiDJBa0-PtJwSQ,2,0,1,0
8oNQ3pomHYT-BeWq_aSWPg,2,1,1,0
Ang2kQwTBd9S4LrhAS2pCA,2,1,1,0
csy-xJWM68SXabizUIhucA,2,1,0,1
n0yMrpye4tLpmaTSzXRGuw,2,1,1,0
BcNOsQA871J2xd5ZemS3WA,2,1,0,0
cRCYeQOWjveBc0-SHwXCPg,1,1,0,1
X6cRW_TVuYhhHx8eaIk8Sw,1,1,0,0
prPOsr3aS9IStGdBil9l5A,2,1,1,0
NqNbndCn38sDawA0dlpk7A,1,1,0,0
UNsvHecpu_sPBeQGFxSCUA,2,1,1,0
CeqWpwHBoaxwRcv5btnv6g,1,1,0,0
q_8XJkJ3U7-pRUU-Ga61uA,2,1,0,0
kYSWogqMiox_R_xib2U_Jg,1,1,1,0
mbOkgswPkYbbIUflogSC9A,2,1,0,0
KBN8wcnBr9KRB4TPa0unsQ,2,1,0,0
e5-fDENYpBTNwX6cHFS3Ag,2,1,0,1
tpesKzKbcPFekdThYZ4UpA,2,1,0,1
VKSQmqWfEJF_mD_aivnv1w,2,1,1,0
PAmyAhNhGII0cfrn4BPOew,1,1,0,0
flpTBKlqPEdyd7gLYurKgA,2,1,0,1
JIG5xGUdWbaaPeo3MDonYg,2,0,0,0
FzY2g1J5IoMGmUDaw4ppFw,2,1,0,0
wx_46jwjuX885DnQWyBCyg,2,0,0,0
xs83mUKES48MPasGXwg-Rg,1,1,0,0
Jk2XwkySutg0glHVcv1_Pw,2,1,0,0
aYyaKWJVJaJ5QSYyRj600A,1,1,0,0
RsQdAT-eFwWpzy0t2SiReQ,2,1,0,1
2xESRiEdjlbRh_uO9LpAJw,2,1,1,0
4VXIS8vpNzEysXZVN5xGDA,2,1,0,0
1XeI5PX5RxvFlaAHBKRUYA,2,1,0,0
Ocquw2_SSDlqwoAhEVek0g,1,1,0,0
oMcKvfNGX2HleFxYg1VGqg,3,1,0,0
o2TP-agarLsLTRXNeqFUeg,2,1,1,0
kNzU-4X8JMRvFdBpRX5NRw,2,1,0,0
SLDnMBbWDge0g74BAy46xQ,2,1,1,1
_3mq1ptgCIwzaIG_P7BV3Q,3,1,0,0
rWxAgLSI0Sk1MCpQGd5HDQ,2,1,1,0
03hgFWEcDg205hOCnswwiQ,2,1,0,1
tA5mqEP68qjbTFK9c14D7A,2,1,0,0
ZDOsy_RDzSz_iEBMak1g8w,2,1,0,0
gZBhQmqZy9aIq3HID8Vjkw,2,0,0,0
8jj6dYkZtxTCsq_Y-C_DtQ,1,1,1,1
sksJyRYw03EGzU7m7kN33w,0,1,0,0
V4E09shHwjNdiclExeiYLg,4,0,0,1
g9iIBuh-g4ld3w3kUWLMqw,2,1,0,1
cXjnotNqhUcAxoSIohPDxA,0,0,0,0
KAmYlUNaGwEpEOLa1KJ33Q,1,1,0,0
B9E9X8mm_k2Ry-lHx9wEDw,1,1,0,1
zWgoKXfq75Zhm8qcu4xPNQ,2,1,1,0
5w6pNMlRCnFSgn--Wp2S9w,2,1,0,1
KxUFP7K7t14XxFsB7gT3kw,2,0,0,1
QWrSZtFD8vRVeXZjInRZ9A,1,0,1,1
DF_w5Hwgi4bLgZH8_6F3cA,1,1,0,0
KQEuEJ80wwPqhRNSI3em4A,2,1,1,0
4iPzHGpt0egdTrwr8CtQpw,0,0,0,0
fJVrLAFaqcvzt1QAw12Uxw,2,1,0,1
3FyoKvUGfKSIun6ZvrEhWQ,3,0,0,0
WwSwuMu_menj4BzTdrKUdQ,2,1,1,1
H3Gastz2T6iiSRGmlbtoXQ,2,1,0,1
ow3oP3cfmhlfmSsGaXe25Q,2,1,0,1
Wlcl0ITWjyhqCiSlPmSAlg,2,1,0,0
88cKxCOOHIonIa44yVPDmQ,2,0,0,0
ULl0tYsqcHe3S-TqKD3mjw,2,1,0,0
1ORcqQT1DUHkKEZr1NpbrA,0,1,0,0
tNP02RaH2XAMs91fj8d-og,2,1,0,1
PF9-QuAKgQce5TSdBZ0dCA,2,1,0,0
J6s9Tn0yOlch5SxjfawvNw,2,1,0,0
ConRV9cNFKbqlIUknjDDsQ,2,1,1,0
tmxFZfbJO0ZF7oYm2B3VMg,1,1,0,1
M6KM77IZG9MWxV8_036iUQ,2,1,0,1
741v9WSq3BceeRyBLCvF9g,4,1,0,0
SnZhLM5l_xonNL6FUNlUhA,2,1,1,0
DO5mQxiBOgHEznosjxvJXw,2,1,0,1
sc-FCrRK6iM28N_N5AKuPw,1,0,0,0
wvZpHPIvpixAEBQ8uT7esw,2,1,0,1
LLCB372xpKhdISrLKU4Vkw,2,0,0,0
-wacMjBR6_gz1AAGlulSDQ,2,0,0,0
dbON86OzaGmMeSVoy-R1qg,1,1,0,0
3zIy2T1bRwxvK-dRmopS_g,2,1,0,0
RF0mZ-IteC1pK3yQ7lTvAg,3,0,0,0
r9pcdBvf2wc6sIZP8DVIIw,2,0,0,0
Koigz4oP9YnHlPhBhqXCxA,1,0,0,0
X_irZWSbhRYz-VbPGMobTA,1,1,0,1
qIbXdUmyiKsSAnsTuIe_1A,1,1,0,0
zJtw9HxZNZSEGcI6ees5fw,2,0,0,0
PfF1y2H7J5QxeQkwr_91xA,1,1,0,0
DW5TmdNGhepqrB0JGHnJ_A,1,1,0,1
deipWwvNQm5DMmfpq9tNoA,2,1,1,1
tZEW8ESjrVmNGXvPnrR97w,2,1,1,0
HroRqAmZWXywHNUCRsaQeg,2,1,1,1
JZG53BQcWVtJIF-gJ5OoJw,3,0,0,1
ESinwiCgoJNG-tMWxVQhqQ,2,1,0,1
CaJ-9PN-W9g6sjyFbB8Kdg,0,1,0,0
9xTx4vWlL2kkhUqNE4QaaQ,2,1,0,1
mAXqIrfPSRcK_CZjWT2bNQ,1,1,0,0
57J9SvZCc1OS96ilcIJJGQ,0,0,0,0
tFDdPju7scd9hiKzMV7fWg,2,1,0,0
YKbJP76PSTRXqTU_GNKoeQ,3,0,0,1
USYuX1n1ySv5kd3Fjs-efw,1,1,0,0
7gIK3en6jVyiColBvlHNPA,1,1,0,0
Utf50fUy63uxWKMLVxMw0A,1,1,0,1
rbDqCV2g23K3ZrTxmgoNBg,3,0,0,0
P15Y-FxUOWjPVTrfiUpugg,2,1,0,0
6oyUUtgIqBEnMnB9B7-O7A,1,1,0,0
usYgG3D5SLGym90zTFG7QA,1,1,0,0
WexIGFr-I6eH4loUY6DILw,1,1,0,1
y6rN3pUCfOkq41_m3Bk2nw,3,0,0,0
cypICd5z6sgWDxrR8ClLsg,0,1,0,0
JDNmbb8tBIjp7UCgZppMvg,0,0,0,1
qy6RM3qsgXTanVH-TlJaXQ,1,1,1,0
ibjoU0b7R3cxGV2Lh4TiFw,2,1,0,1
AfuYockOIOH9WsDJHRvVlA,1,1,0,0
psHBVYCDatdCM_7-K3id3Q,1,1,0,1
z5ilKN0dw-q6GL5ha8jkJg,2,0,0,1
kjgatxWIFRvCOT75IP37qA,0,0,0,0
5GcHJvxiTrIt23gB0qMdjw,1,1,0,0
Mnf10SaW1-8O3zVF_S16Dg,2,0,0,0
xNzD6FRuz3N1uz96d05VEA,1,1,1,0
Tv19MQrLgdsvSG0myMYZBw,1,1,0,0
nQ--EthdNGaIf_nUkBj6Xw,2,1,0,0
Szi29P4JjNiHUgEdaJD77w,1,1,0,0
wpbKGlRAc41Oxh7qFXqO1A,2,1,0,1
drc_lGBhlkWgZrEIX7LGNw,0,1,0,0
ejjrMYFQjsjGYkJCh0PxKg,1,1,0,1
poD7wxQBqPi6FtHq1yPcgA,0,1,0,0
C-u6Ywuq192icOblKm6oKg,2,1,0,0
bw7LEtZ5ozq8qOBA6FowYA,1,1,0,0
l3Fm0PSZrgXww64f4CJs9Q,2,0,0,0
wfmTZp9X_zbPFQlfluX_-w,1,1,1,0
9edQvMDnFQz1--MnDtT88w,2,1,1,1
z2FpSjUPaIdJirVawTdMQA,3,0,0,0
gtVPsVK83JkeyrN1C1ozeQ,1,1,0,0
yJEzyw2jCc_mlHRKpazoTg,1,1,0,0
2Dw0IxKXErYb6apmQ-JtOA,3,1,0,1
RCl46SzAqgAQrXvfHJBDGg,2,1,1,0
Xy74meQwdTnloAAyRC-4cg,2,1,0,1
fpq8H7tPv8gK3me02NASfg,1,1,0,1
gbKBMsduFZl_oBwahocNBg,1,1,0,1
-2TBP3ZGu7M-FmfoNJvbrQ,2,1,1,1
MZjw8RBI7dBC6G7jkQFEmA,1,0,0,1
yhUmRy7x5Zw1XXVhxQ2zQQ,2,1,1,0
zZ628s332l1dlTAcTfNBWA,1,1,0,0
zpXTbidP23E8Yaxyh8c4HA,1,1,0,0
ujOXP2aMdYbUl4qNJrLypg,1,1,0,1
meYcIzHdWHlHzp-xISZzLw,2,1,1,1
R1AVTniig8uZfPy_2ObRQg,1,1,1,1
5MlgZwfmaegOL7_FJ3b7lA,1,1,0,0
0LxAyxAnnCXq3KdLlq-APg,2,1,0,0
aivNhZ9sArYQ2XHfCocHng,1,1,0,0
6ZtGxbWeQPen-ecU4ZBz9w,2,1,0,1
EBI3tqp2NTD6czDmQJObZQ,1,1,0,0
dmO8vPmd3LDuYy-e1yWNeQ,0,0,0,0
CvWSPgrEMDwLMJOrD3WLVQ,2,1,1,0
9RBwYraZjl11Wsw_ObxTHw,2,1,0,0
e1q9kpu9wzyFHLkKegf49w,2,1,1,0
0O3H5plJx-Cq2A80qFVW5w,3,1,0,0
WlBvw6R1Qe2yIaZp-2ilZA,2,1,0,1
21762yRZkQ6H0wZVmTiM9g,2,1,1,1
lIBjDi9b00i1WNCNlI5jzA,1,1,1,0
r4KXghbUeo7mugAzinG9bA,2,1,0,1
1pttL4MkpxOL6Mj2azOjVQ,4,0,0,1
0i9S0BejjRv0ZDwdO9XymA,2,1,1,0
pk8WK6rThM5mDmcILGRh9g,1,1,0,1
9i-yWC0t6NzcDmT1NMKilw,2,1,0,0
vMk2HTGxZ-fGL9FIru9rDA,0,1,1,0
FvC3W9E6rXUYx-cTxbnUiA,2,1,0,1
_flZPT7fynq6WFzWvFOV4g,1,1,0,0
laQ9kmX7ZdKzKdm9Oz0xFw,2,0,0,0
lveadz48Q0_ke_p80D2rhg,2,0,0,0
QeqhqOyAjy2BjmNGm4iGAA,2,1,0,0
h-SX2dxluF4oM_Zxp7eK4Q,1,1,0,0
wejXAyl-ndyVpZx8x7OKpw,2,1,0,0
qSG2fC6tlB701kOxy_3N5w,0,1,0,0
3hp9aQXwomWH-TYbO_IWVg,1,1,0,0
gNg1GXdESMs_ChlZKR7TFQ,1,1,0,0
XDKZX2LBEfGQLXg16tOldg,2,1,1,0
7i0h6EMWLMp2GHHrv8u2eQ,2,1,0,1
BsyNabKZJOVIHWmwUghreg,2,1,1,0
CB4nlzzMxf91Tyte1pf1nw,2,1,0,0
dKON2mm3YfMHgAV3I_TepQ,2,0,0,0
wlY7T5ue3lL8Hcf1r_Ts2A,2,1,1,0
PHmyaQq6rk7VtoNfrcINag,1,1,1,0
MUQS2XkrFl8QxCUHgSIzLA,2,1,0,0
_RxbfEugCvI93ByH2Bg_oA,1,1,1,0
n-UVXXRQNVEiP6CRrmRAzw,2,1,1,0
hKFF8inOc_bK0P7bZBv37g,1,1,0,0
QGAv-8tj5i4m4G-HDMnIbA,2,1,0,0
jl3X1Mq5capOLWGQ6NFJVQ,1,1,1,1
aic7eCND9zYr3O4qwV3-mw,2,1,0,1
DBc9PoMFQW2Vn8Xtrb9TmQ,0,0,0,0
K3wUWHOPhAmIJ5naMVzylA,1,0,1,1
4IXTkqYmAO4XH4nXnwc67w,2,1,0,1
0vJmCY2P5rc37jSMz7Nz3Q,1,1,0,0
LJQCv30PCIpC3FnvHF5mXQ,2,1,0,0
7K6FmmVrwK_CkVMsqhU7bQ,1,1,0,0
C0KQ0fyGfDvKhw1FBgh1fg,2,1,0,0
L6Jnx7zUHDxBZ5e-OYSqLQ,1,1,0,0
ez9y1xXuY-oLRFtfJMopmQ,0,0,0,0
ZQBUBnccfiCzQTrEwNy-xw,3,1,1,0
Qtb4dHWSxOv8RjgBWrzukQ,2,1,0,0
9WAnQD1nj1j3zLZ7ONtvfQ,3,1,0,0
l4idpMNjLXY59NI9np-JOQ,1,1,0,0
gYxnLUnjSEYBduLeYETirA,0,0,0,0
_fHe9-9Ri_6U9XYP-J1JrA,2,0,1,1
_iKCtDTYEUasLkzmhCgv3w,1,1,0,0
3weo8OctYcKoS_AV9OrOgw,2,1,0,0
7sGcBZwkD4yFLiBLS1WKgA,2,1,1,0
nlU0Gp7KCN2hjIzcTdWy0w,2,1,1,1
GcE5UbriBsp8cLYED3UtnA,2,0,0,0
KZEmp6MJQXGLjD1k-tA0Vw,1,1,0,0
3b4efqz06QrLQ_w2xLc4pA,2,1,0,0
Hgo9WB-uyx_iD3Vjk2lZnA,2,0,0,0
ryyptYnhb8n94NnEF_MRnQ,2,1,0,1
mO786Fl-KJV82FrW00RzBw,2,1,1,0
azIZRqX_1qbp0_6GKSgSAA,3,0,0,0
sHUFwooKWk5NcbmVdCub3g,2,1,0,0
NX3HG_RhT6eI78A9ZaVm-A,2,1,0,1
Go7A32yJ0eFXqE_-8Os7EQ,2,1,1,0
R2GxA0LslohJIOEndoFXYw,2,1,0,1
AheA5X4tjY9Amih0yQ8wIw,2,1,0,1
nR8QNgK8pLX2NbDnxNu1tg,4,0,0,0
SLRmGNfCqX3PUyB9CM_zAQ,3,0,0,0
Yh5j6ESKrXBoIuOtLrkBfw,2,1,1,1
-nYB-fMXn2i_hcyQ6lY9oA,0,0,0,0
Eoa7Rcm1QbQSlm189p_-nw,2,1,0,0
ZP5N3k-NidiKb6S7niFdBw,2,1,1,1
4MZF63-pHMaYe-yNmd4aaQ,1,1,0,1
wraKox0MBW_w449VJXVenQ,1,0,0,0
D-3WjP2deTtQr-N_4KVt1A,2,0,0,1
MoaI-2jJCVoiSD0nCi2qdw,2,1,1,0
6Wvn57wjSrVX7gJM37CIZw,2,1,0,0
aJKkhy6o5mEYZHp363NEyw,2,1,0,1
VfaxW4igH57KHsIHR-W7Nw,2,1,0,1
EGI8uU1uf0msVtu8XDrNIw,1,1,0,0
Cu9fWbuFQKwVY13Spe5FiA,1,1,1,0
SIXRLEFJa4ETTrpxCQLUfA,2,1,0,1
ZUZZEQ61ZD826C65SZLAQQ,1,0,0,0
_BCwZIK6GYht9cM-HGLduQ,1,1,0,1
zze6IysT7bJFS8gvi6fZ2A,2,1,0,1
WbQOuI7mVST8XrJotWq9fA,1,1,0,0
NkuLKJJE_KxcxKs8Kj8thQ,2,1,0,0
KwMdV9OLQ8EVs0KaeB5Krg,0,1,0,0
KuIxm6FVNmlvpssWJi9-bA,2,1,1,1
E6Ne9ok_tHvZIeOdWeh40w,2,1,0,1
nGaEPWylUEAiOn5HmY-VYQ,2,1,0,1
phPZ8TqDJE51PRe-rnI3dQ,1,1,0,0
ilKfISetU1EgKMIJj9euAw,1,1,0,0
5UaVi_cwnoAvIBp0g4aF2Q,1,1,0,0
G6nv_1lxkr9XtN2r9ayD8g,2,1,1,0
MKviRVX2QxRgGS6juCEeYg,2,1,1,0
O6yv0NuFPgannTMe0LHZxg,2,1,0,1
Fanu7vgveGy1LyLV8R9aMA,2,1,0,1
iO5bjeXWiu1mOqlevgV73Q,2,0,0,0
VvHehcPhB80njPRrvdBZmg,3,0,0,0
_GwVhLhVF_NkEjdcY0TZ8w,2,1,0,0
o-Lju_Yagb-_slCHWRAv6Q,2,1,0,0
46iq4HvvVEKVjDs6aRc6eA,0,0,0,0
oljOuU-B7XUNQFPBjed2yQ,2,1,0,1
tpZfJdRi64OTBN4g7lRM3Q,0,0,0,0
93Tav1E0v-xVIX62QmGR9A,1,1,0,0
Nzkvuq1-74_B3fSCLE2gkA,1,1,0,0
SyDQXZVP2eRxirFmsD-p1A,2,1,0,0
G_5zQbGAFYYKD7vBEoWByg,1,1,0,0
ljsrEYijtyt6CZIuyyMcnA,1,1,0,0
2GryItAj3e0uOQ5m42-wDg,2,1,0,0
yJR6hSqkeArLl50mLS7kDg,2,1,0,1
w0XjeV4WIUskQy8wwQf40w,2,1,0,1
_yHhs7366m-l1vZO8y6PAA,2,1,1,0
q5iLIKG4Rf8wOTIw6K1n4g,0,0,0,0
nQlMWmJ-Zp3Zcpr4wZoVcw,1,0,1,0
yW38Ves13FyqBXpeBOyb5A,3,1,0,1
ZW5ReCY3B9_TekUYWhr7HA,1,1,0,0
4eqq8XF5H8E9-Q2X2KVbbw,0,1,0,0
l8N9UHVcFmgpJOez8z6rKw,2,1,0,1
-i_WVm2yfuY0lS0zpEl9ZA,2,1,0,0
GnYDf1liO33XKQv6uDiBKw,2,0,0,0
2i961eidnmAsntgJBpqCpA,1,1,1,0
1mkDrJRu3VABKy95gxD-Hg,2,1,0,1
wOk2b8zUHWylJOd6FtNsRw,1,1,0,1
mir6XNWwGueIvagxKAtYeA,1,0,0,1
rGSG7ZJadVZRj4lxPBAn1w,1,1,0,1
BOFvGNX-64B9Qzck1A-FOg,0,0,0,0
6KJIdXznNpUCun0Ky2Ltjg,0,1,0,1
vtq4qWljP-I6owRvihQNsQ,2,1,1,0
rOX0JJqKBGvyFHQUEMLPvQ,3,1,0,1
D05AYYIhdkTN1hk2PwYxJw,1,1,1,0
6JTxM3pZAaiauddFu88VpA,1,1,1,0
wLaY0Tp4P1idAu4NUpdOSA,1,1,0,1
yrJisCzuYB7P602R757mrQ,3,0,1,0
bT4_341jnXmsosok4QRYsQ,1,1,0,0
kcxD07NmyWxAHvrzS7LD8A,0,0,0,0
yJkYsl0hOlG2-ITBe16ZIA,2,1,0,0
a7PQyftj6OURt0f5evJRUg,2,1,0,0
BAJTueyZYX91qWtMzFI2cw,1,1,1,1
uiMEbs0qSKhW55POXan9Sg,2,1,1,1
WzLXKlHrfN2Ml2fKPjyoRA,1,1,1,0
es3Uj0jMtHstkvwNNhihNQ,2,1,1,0
6aDfalYZOkWzwtVRA2wYaA,1,1,0,0
mShOJ9qFk79KnZq7E8k9hQ,2,1,0,1
1FAvxOUOGGyZoYNlAXACag,2,1,0,1
F53MSa5SYzO9BG8c_JhskQ,0,0,0,0
7tVxrQKhAfkGK55bU_ObsA,2,1,0,0
HSumjjzNb_gltxMe4-zd5w,2,1,1,1
03eJ6dfI2P5T-ADdsNpHZg,1,1,0,1
hvqcMFMiCiuW_O2aQM7x5w,2,1,1,1
YhZNYAnifMOmIddWh2YwcQ,2,1,1,1
Nh1pLcq7TWNffAXUFUZSQw,2,1,0,0
joCTjsILsL_gz4JP1xqT8g,1,1,1,0
n_4PTgvjsKc74u8AwXOfAQ,1,1,0,0
L6kFtq-C4dJJZJGk5Q8vRw,1,1,0,1
3G_wGIblXDNRYg4xIe9VZA,2,1,1,0
BwbPzuEuIN_oFmNRJIgHlg,3,1,0,0
GWngEFlr9ixVKetxenafOw,0,1,1,1
miRjsEDy7U1uZvnkZJPHLQ,3,0,0,1
dOKSdB0X4tF2EmgH_RHq0w,2,1,0,0
TMHLATP8gs5FRnL095tpgA,2,1,1,0
znDUBjt-m2qmXi_p3m3rDA,2,1,0,0
98-glq_UhUwYwx9SBVi2_A,1,1,1,1
ugDCPgJUCRuNpHSPsMZwkw,3,1,0,1
grZEbAsZwWA3yJMwDRl0Nw,2,1,0,1
pf3kPNPGA15kggbgL92UXg,2,1,0,0
J9SdJg4aYz9-aRksSlApaA,1,1,0,0
er6OO20_aWhhaVuIABTj2Q,0,0,0,0
xn7cyl7DAwsgf31UJQ0uHA,1,1,0,0
6eUJ3BbrP7tsEKwYhMI4_Q,2,1,1,0
BNubIia7rJAqSRxioUZGxg,1,1,1,0
F6rZDgYtqfjs9sQC6bv81w,2,1,0,0
kIYJfoODzS2PA9VzFxo8DQ,1,1,1,0
TJresValKB2aHcmrwNEskQ,2,1,1,1
q5sa3zjAwIYMAgfPVxOdHw,2,1,0,1
uR2GNRdrkY2KeYggp4bCUg,2,1,0,1
OMemu0U45_lEHmJ0l6AwOg,2,0,0,1
jaUhRm3lXOI_4KIEnLjJzQ,2,1,0,0
9wnopSkB45LeZcpvvzx8cw,1,0,0,0
pDwpui_M8LZ5I6DaXUDVmg,1,1,0,1
iWMtsDAmdGBqiEuTWwiSWA,1,1,0,0
1SlvPOQ39vZa9vyeOTiAUA,1,1,0,0
ug-p2DvXDkPTPOFeHofLsA,2,0,0,0
84ezTxVxTCmI65_UeYRJcA,2,1,1,1
qjLlFfu2pnJ9lVYlj-4QVg,1,1,1,0
E6VoYfE4YDQueOHYpdyQaQ,1,1,0,1
c93AzlUc_j0C-lkWBG92Sw,2,1,0,0
NGZoDem4-cULrT42kzTOXQ,0,0,0,0
pxqP6-_odivOQCVFnuAEyQ,1,1,1,0
PKJgFHlglb9Z2k2UQX3QWw,1,1,0,0
8nWjW3T35-Mw0tcffe1KIg,3,0,0,1
joMyW9KcBEsHJxQuAMulaQ,2,1,0,0
1pVxBFNio5aFS3ryw2xVmw,2,1,0,0
KkRUprt06Jg8ANLIQLPijQ,3,0,0,0
BrvDRqQkoFG3B7szaZsRtg,2,1,1,0
1lRytuj8IdLMHDFl2LetxA,2,1,0,0
OMbjJPku6q8dmkgpXC7vtQ,3,0,0,0
Kt1DBBKtMcVVKxHxvswAHw,2,1,0,0
HpQGK9qazX51JhlWlH76cw,1,1,0,0
zOpfpJ0RcoUU_F9ROiQB_Q,2,0,0,0
K1SzOXV70qDbcq6T64PZsw,2,1,0,0
E759qevG0vnzRCjIHG_G_w,0,1,0,0
pK06Y7dSR3JfqS1DgeSKtw,3,1,0,0
OjApDLQUPV8c_yPCg8xZog,2,1,1,0
KwtpU6g7vy7UwM7c11hteQ,2,1,0,0
brMQVzeWvX4gwiJbLC5fEg,2,0,0,0
1Iz9OlIJi12jLWrQYoUsAA,2,0,0,1
lpMhUAPJogZWwRgM2HNRJQ,3,1,0,0
27S0qvkcnRpVV8sr8GR7bw,2,0,0,0
kljR-Bg6A3jze9JzBwRhRA,3,1,0,0
Wx0ll2UHZl7NBAOFeL4m0A,2,0,0,0
bncRNcQbyU4-LMwts5WlEw,1,1,0,0
trt4CpseesidBVJGUeLENw,0,0,0,1
T8hVrSofPfRL3ivEav1SuA,1,1,1,0
6vmIqFhuxcY63luwjn72OA,1,1,1,0
kGVAle6VpDvZHlEeTB2WhA,1,1,1,0
r3jpH6ZuCQY3o1yBuJ67PQ,2,0,0,0
PNwE5JX3M6qw8BjyQO-IDg,2,1,1,0
khylDqXpc2hTpuEQ154ZNw,2,1,1,1
Yu6KH1rZRsZNzjpKimWmgQ,1,1,0,0
bUnm0-YK5HicLzkvMWwqjQ,2,0,0,1
W3h2jT0S-0986_B-ETFKmA,1,1,0,0
WEPqQjRGviPyCKEmPhALSw,2,1,0,1
jCpB1D_Hsc_dlF0ErNO-7w,2,0,0,0
zMDYrtWiQjR5odg-6Gf6kQ,2,0,0,0
NE596RKQomLvdrWiM9DYWg,2,1,0,0
wYrkCpUlxhb89nnNGUX4AA,2,1,0,0
uBZjhmmqzIwxdTeIKopCEg,1,1,1,0
31cOttU_tML5b6eLLXZfsQ,2,1,0,0
YWb6neVgYW-EEY43cIDY5g,2,1,0,1
xl5_NW2JBleYameeEIocFQ,1,0,1,0
P3wlOGHlptCaTeuCxDK8vQ,2,1,0,0
XdhJ7PjfMjBmZwvKikWlkA,1,1,1,0
UzaJ5PagEYgWkWPDxpY2qQ,1,1,0,0
cRQCPnhzfgFaiJUCWWAI5A,0,1,0,0
LmXxzIkRDzAiVPztnkBb_w,2,1,0,0
cyNk6uAjh4Kl99z4NvjBjA,2,1,1,0
pPOENKpvVc_3zSjEhfqCWw,1,1,0,0
_YRVlJmnsTxwUrMgjIGCQA,2,1,0,0
bIkFvvNaJEF3Io50VPQueg,2,1,1,0
8pLlsYgvrC5SJL1Con8FYw,2,0,0,1
fNsZkEyCXuDVWjUz_xq8yw,2,0,0,0
xoMs0UD4vyu1vzdXKr9nng,1,1,0,0
kxlBJj6zXKeWJPq4FqyIUA,2,1,1,0
HdcgC-etrewgDnJCPntC5g,3,0,0,1
8SbEkKl-h0MOZWPmq1gwCg,1,1,1,0
ro4h-3oXNxk4KLa6__jV5Q,2,1,1,0
ntfDRwVlUb3nmWdMdPjq0Q,2,1,0,0
r6apfvgfl9lCFEjpnXnnxg,2,1,1,1
0S2fiheNzQLDSCs89Kmgnw,1,1,0,0
_yGc7ca7SxPKMG6VjMVAbg,2,1,0,0
-JfncbVURtvuzBbof40o1w,2,1,0,0
_I_N5HrVTXwJLuuuFoUjhA,2,1,1,1
n_1qPw-qNfERiIxbOoVvMg,3,1,0,0
eQF5Pjd52vmKsMfRvI1Cyg,0,1,1,0
XUB8hp83Wv6AXou544uIlQ,1,1,0,0
zLcarNPsB3Z2olCEjwbLuQ,1,1,0,1
Gda4SfsyvOKC0cZkXEjTzg,1,1,0,0
RncIql4WBvbJBMed8x3F_A,3,1,0,0
mAMWh1htdpk4jYJ6vOvM4g,2,1,1,1
An5srxEwSWXdm0AvlYMLCQ,2,1,1,0
XDO88u3vWV64uekyHQUjCw,1,1,0,1
QcpalLGkXwofyrWaIJNXVA,2,0,0,0
V6C5-6pIz_IXXpPpDuq8cA,2,1,0,0
7yYAZkauGHWfVGprjsTFeQ,1,1,1,0
uxPTFOMq9srmo54phvy6Xw,3,0,0,1
YR3wQodRZuBK24kLLAtaRA,1,1,0,0
wQ9_9QDNw3OPUo55sJUr9A,2,1,0,0
3Pa3Y_3rjpjvMfYZLqBPpw,2,1,0,0
_nUQ_iT_JEdkMN7c-wqkBQ,2,1,0,1
lPK3iqwVwFPOMswRrejwZQ,2,0,0,0
ky8BMyjQm83cqq9fx_Rn3w,1,1,0,0
AIMffDJ5PtTU9BrEDce0ZQ,2,1,0,0
aPXqM0otWirctn5d4HkTNQ,1,0,0,0
Q47FjaMLjI3v6yo-PHIebQ,1,0,0,0
W3glSnEBN3--cPX-2aQkvg,1,1,1,1
CWhCFNnV60zdQo4c1GBWOA,2,1,0,0
TEwdAxcVKUzcG9pWl05BKw,3,1,0,0
mQtExAMAHjgudejnAMbb0Q,3,0,0,0
BSziytE1kGwE_6Qt4gkaVw,2,1,0,0
0DQ31asd4IeOTI7dkZ3OXQ,0,1,0,0
ec9mv9cUMObXqyh3yjgIbA,2,1,0,0
bo0pXRc-eTsXMw1P175xKw,2,0,0,0
0PlZmy62LZmy5mA2BE6znw,2,0,0,0
siG1NvTQrnJ9OT-FPAx4WA,2,1,0,1
WPQEzolKWpB_zOx-iexoBA,1,1,1,0
9oAPccHCF0Ke1MTDNfAfbA,1,1,0,0
PRX9qEFyFlhySEyuVMtgiQ,1,1,0,0
dja9beNvdd_SmXxn8At5aQ,2,1,0,1
KXITXbKuE60WSUDs7NZVLQ,3,1,0,0
2mkbLBBTzJedr0rTLGPTrw,2,1,1,0
1AYcrBPjJdwcYUivLj8lDg,1,1,1,1
7RxLuzAsfKbgzCheEDXfnw,2,0,0,1
rATlMkHZdcwqQ12aIWg10w,1,1,0,0
npl_nPP1zSV2p8ILIFVJEg,1,1,0,0
LHB8MqbGAr9o0bIHErr8Gw,2,1,0,0
iKMLsX1Je7P3wAOEc9scDg,3,0,0,1
R6jpwPBe9edy0P64uyaLKA,2,1,0,0
z3abN49dQaUftXb60y9LtA,1,1,0,0
JNyho2P0jSk-0T30T3A0OQ,1,1,0,1
KDdu9HDswaJYExaGDuzRjQ,1,1,1,0
jAsvKe4-SteA-ZgyfVPoTQ,2,1,0,0
XvpfU1FpZ8CNP1_gH67ZyQ,2,1,1,1
W1l-NeA3WwguTPSF0RsqNA,0,1,0,0
4TmoHYdiBGJQ6x49bf-ZuA,3,1,1,0
8U2qB5NmJ0VeyPY3P1AzSw,1,1,0,0
k5jh4JYOr3mEJ3UqmhROmw,4,0,0,0
0ydy2fdDg6kpGy1dbnHYsQ,2,1,0,1
x84c7qW3iiHTSZZzZMlP1g,2,1,1,0
W_qjGgy4LsEQnKKjIscDNg,2,1,0,1
z3UY-ohjuIsyVmy69GGVhw,2,0,0,0
ZUkUaGAbswsvFri2EfHFMQ,2,1,0,1
OQknXfMqo6izK9baqpfinA,2,0,0,0
WukGQeRaSEW0VlWvLvBZ9Q,2,1,0,0
3MmNFU-6po5M4hKRnQZusw,2,1,0,1
0-CXwwVL-u0tc0FOuSExWQ,1,1,0,0
wJ1wSsWDKA9AJw__2x8Ajw,1,1,0,0
83FpEL18pfKyr1Rx1tj5ug,1,1,0,1
YWaiNzAOM7XePbUT0cdcaA,2,1,0,1
CVi0C-ojhjjzhRFF1KWktQ,3,1,0,0
UUfioP3G4Qowm0x2HQlPtA,1,1,0,1
ygW1BY7co1ioTKmeWzJt-Q,1,1,0,1
uRn3CpBkl_Em8hcKXSkTEA,0,0,0,0
pDMndNQyFDXL1y88MPDA3Q,1,0,0,0
US8OeYEp9e4O24BpUBo3RQ,2,0,0,0
mBU4G-eh-GN2Tp1X-uLb3A,3,0,0,1
aervNtqzrKf0CGrFo4xfKw,2,1,0,1
OV8FLyjA5Ox827E-RKPi4g,0,0,0,0
gom1QA1JiSCsE_lhCYjz0A,1,1,0,1
h1xcdc6sPss8vkt8HFJEXA,2,1,0,1
eyOiUX4YWj0rocM4II2U7w,2,1,0,0
z0u9j-KiHhVudHi0hs19GQ,2,1,0,1
lVaHDON2mxLr5mneUnawKg,2,1,0,0
QF2P3oJqCJC9z0TPDDFVxw,1,1,0,1
MVnTomh3k3nLOFl74XEJRw,2,1,1,1
6c2Xxt3DCXdvd3wc8vj7-w,0,1,0,0
9CYZaEbU3KjdLFMkKbUXVw,2,0,0,1
H49HnyOQZHJSCV6FtIcM8w,2,1,1,0
slguVsd_fIXyTkYQXNmANw,2,1,0,0
8SyAXNW8OK9LtiRsIqlUhw,1,1,0,0
aEj74jHPbM3LN-p_DSyMDw,1,1,1,1
UjXAQonb3Yoes27vF4meRw,2,0,0,0
9apCvu75wELDFia_usTjlg,2,1,0,0
aQojV_Rap30A1SB7x31XCQ,2,0,0,1
CS3zMyq39AuGnOQO9RYLGw,2,1,0,0
JiLSzIsXDXGZbR8OdwIYmw,1,1,0,0
XcgLpUOMkK2PoaUmieHR6A,2,1,1,0
0vDqYiaVnr0q7TaFv73gtw,2,1,1,0
24Sp27fzzXJrQdJhW2_mGA,0,0,0,0
ZaIzVnhaV0ZBSoEwz8Rbvg,2,1,0,1
YiuI4YHJnrl9898gE50_ow,2,1,0,1
IwMhD-JhfhEY_nk963h7Vw,2,1,0,1
N4VPkAMdjKf3rLG7MyE6tQ,2,1,0,0
AT1bODcrWTKTRNZKRxO-cA,2,1,1,0
XmlWSizK65GHqF8O6o8H4Q,0,1,0,0
XNAjBwDNbaU_tlOxzR1aUQ,2,1,1,1
zHmLmqgXgwSKI5_-m_IY7g,0,0,0,0
RYGTF_2UlcdwDYZqL8duQQ,2,0,0,0
SOdUBqnffVgJP-Wvxli58Q,4,0,0,0
UNHvM2pc7AQBL22BhakNlA,2,1,0,1
TitFO00SLVY6-d4B1r53iQ,1,1,0,1
eISyaSdeTWQA2z9k-r_F4Q,2,1,0,0
cl52HltTt7tV5o6ANZq8OQ,2,1,0,1
1LM9PRDlmBpIgBKdAAWIZA,1,1,0,1
79e4GUc_y2A5Cn3z1lNERw,2,1,1,0
fjvBTHjluJ_mo9BeHcHoBw,2,1,0,0
ObCV8RUxYqJfnwh7uZGMww,0,1,1,0
zwddv6HjTjDx9fOr3MFtwQ,2,0,0,0
wCtU6XrWlz_BVPESKvIekQ,2,1,0,0
h5qBxa_L-pIdNSOBQxTNGQ,2,1,1,0
a10L-RnQaAcnbbU8VVAAow,1,0,0,0
6UjC8B-WvhsuiTrIeVqHnA,1,1,0,0
Gra55w4glYeli9KmK_Id8w,2,1,1,1
sIw0l34tfVuXGJx7sMK8LA,2,1,0,1
v2JEHCnrk1sE1Yd3gRmNwQ,1,1,0,0
JXTlt-mRrQoE2_gfijhp4g,2,1,0,0
b_hWBsHyvcEORbyMclneZg,2,0,0,0
ZOyBejO3lpOTx5CKQuyr_g,3,0,0,1
6yynJxXqG8x9k9wrSvLAEw,2,1,0,0
F5jwXCeAqHzs-c87sps5gg,2,1,0,0
I6IOs1NVUf3d2OQB4TyKSw,1,1,1,0
1GulRRJaDG5SD5DfITqg-w,1,1,1,0
IfmSqAJ6_IeE1ffQ2AcxsQ,1,1,1,0
NOfbzTpQ7hrt6ZbJVeXUUw,2,1,0,1
Y7JOip5LLaXc007OqkCg7g,1,1,0,0
NbZ8kFxUrvAwHzo74r4fuQ,2,1,0,1
jwYHfF3Hjppvo38BDEblBQ,1,1,0,0
TZRqye930EVpJQOnAjkpSw,1,1,0,1
ikQ7dbYDkTtg78Y5Y1DByA,2,1,1,1
tgjbQEtZ_bvQBJOlfiK1OA,3,1,0,1
WcbWMC4EpGJa-x7Ig3MQLg,1,1,0,0
4izLezuABxOQUylmVenjHw,3,1,0,0
_niSQeYPBawz3rubX7UxPQ,2,1,0,1
VtdFuMJ77JNGL49S1sVMUA,1,0,0,1
45F5VaVlvrrtFikPa2v-tQ,1,1,0,0
1jNteKQ2JuF6Sk1SI9X23Q,2,1,0,1
0MQpSRqp6tegDHFJthKF5Q,1,1,0,0
v1vcs-uSAQcjTFsHxS1dug,2,1,0,0
V2k5pgUvgm1rTWjlYI5HbQ,2,1,0,0
K0hMvHZ3pgJkmwJmHG26Gw,2,0,0,1
nxzqOt8sABsgf53c4CgMqg,4,0,0,1
5wFIiyjn7-UDd62mPSNOcw,1,1,0,0
roMIrAUtgNgBVb6kbYMRHQ,2,1,1,0
403dr0KtTbRibcWEA7h0WA,2,0,1,0
vdOf_NWsct8jr4qYKoE_iw,2,1,0,0
CfnTcXZDaXFbkojRZrFCgg,1,1,0,0
MuvdGQx_cIn5I_vitUP-JQ,2,1,0,0
DJcvnN7BCiqOUAra35xYuA,2,1,0,1
ji_kJnCofRtBV550AeXBxg,1,1,0,0
46JVW4pwLDRIye4gYJboSw,3,0,0,1
-FHjXYCSizyNgUv-EXn6Yg,1,1,0,0
9Rs7n2LbINBN8kLbScjhmA,2,0,0,0
3X7dy9FD3fQ8fQ-WBBzDMw,2,0,0,0
-vb_yx5QnIhpXUIdPVD2og,1,1,1,0
F-256nqXyfo91fev3ZES1A,2,1,0,1
xCmWITdnLPx0wmK9p6t6hw,1,0,0,0
ytk8XVFegCSdSBXLDZutpw,2,1,0,0
VXIOTZb0vghuj9t7YSDWLA,1,1,0,1
VntjrwqcYS2WPKWjurzf9Q,3,1,0,0
ziiVVWwlQbvk6fqvPt-RsA,1,1,0,0
iOTh1kL-UixifUBgn2-E2A,1,1,1,0
IHLWV3wACiH54VQuEfcEWQ,1,0,0,0
4cTawmoz0rrw3cl1fJd6eQ,1,1,0,1
5GzRZv5OAZfODFMDpebNqw,2,1,1,0
eJ0b0sZNrVV9Jy2NOgdUfg,3,0,0,0
FlaKnTMLBE_pzRYHjXTOLg,1,1,0,0
VPy6caA99Yh32k8ED6WaCw,2,1,0,0
4iLbq_AUiWtsSKHFpG5cbQ,1,0,0,0
a3APDveO8DSEIp7o1f24hw,2,1,0,0
YJlVKAH80iptMCsN6TZevA,1,1,0,0
iYRAuwz8GfnDoteJNdyUXQ,2,1,0,0
LsXnqT4WACxF9XyWCu48Nw,1,1,1,0
CXxJkD62XtDrt3pRYNDspg,2,1,0,0
ZebnMoRwFEWqQjd6kjxCpA,1,0,0,0
t58AtYOZqw9BlDdZHUrZbA,2,1,0,0
RDQpH7J6PBpVzE9pNDKcoA,1,1,0,0
GdmBrEHLmudD81Lvxawt9A,2,1,0,0
6bDpJirSVqt-NXz04vJ8ug,2,1,0,0
dAQySRBaGOo8GNYsGaQy8Q,2,1,1,1
FLMxWQO-ckCQmGZhU9OQgw,2,0,0,0
ENplmnTDn6Xpbt548yAtZQ,3,1,0,0
8tPZJ5XSBb2jTcxsytpCyw,2,1,0,1
uoQXj3BpxKsWyeO7mmcbPw,2,1,0,0
1ThbwFVBL9YA2oOM11iO7g,3,1,0,0
8qAtou9A4ksXGkjyLibWDg,2,0,0,0
4phaS0fEhzivVQ-Jyv1Azg,0,0,0,0
Axd4Ggd3H9dLAWD__UHYVQ,1,1,0,0
vyeQzjZFx6KoL2pJBQ2QFA,2,1,0,1
hr_lJ5EtUy2U-I9cNQegyg,2,1,0,1
ki8DalibpkEUDbWjQnJ5WA,1,1,1,0
3BAcvsVdl3-rKk8pzw7ZKw,2,1,0,0
sYKB4nITCLLFcCZPn3QECQ,2,1,0,0
nupAsas-_hc8225O_5APMQ,2,1,0,0
qpMCsG9yZGEKHQPIb8n2oA,1,0,0,1
uROK7Qw2-54oLn69gPHveA,1,1,0,1
8E6Cu9E0gCg6FgffWXl8mA,3,0,0,0
45IHzSJj49HJn32G3j6H_A,0,0,0,0
Opxi_-aCcn6S-dj7JzRE2Q,1,0,0,0
ho5ClDsYijmOJy9OSUx8UA,1,1,0,0
L3yqbETHG6F7jt9kIOyDfw,1,1,0,0
WCW9a5AfUlyx98Ul-hRMHg,1,1,0,0
qJItiYJ1vh7F_MvC5E2bWQ,1,1,0,0
Ea04rGA3H-ZqY1nHLpI2FQ,1,1,0,0
7bu2uAAFUxKnAaZr0vTvlg,2,0,0,1
lf-knzhWrrzumHIEoBntxg,1,1,1,0
ZxbUza8_Y17R18WcWehCmw,2,1,1,0
wQKMfDjt2IDgZVtIPc7F5g,2,1,0,0
Kbnet8BjbZpXoR_q7JLZPA,1,1,0,0
Ou8pYS24azDWG0ru_vUcqg,2,0,0,0
PytxYN64H5Mn-PRSEymb4A,1,1,0,1
dqO24yvvHJc5jgHm3LcliA,2,1,0,0
AH-ZCxeQe8CrygDreDFCGQ,2,1,0,1
OPDaiIcc_hpD6qVtIjo_6w,1,1,1,1
QOlGFm6M_33fzGgQ5I-Kgg,1,1,1,1
Ehl4wwFZnB6WhiHt-0tIwA,3,1,0,1
hJkGfdNlHTfqFTeZ1xkjrw,2,0,0,0
dKqPHZ2VWqMdiAMH1GQJbA,2,1,0,0
6WE1SLCq_gUzJGQpglYM9A,2,1,1,0
Yh18ij9FW0ZkpWuFJnb8Xg,2,1,0,1
tg2f6RBsi3memqM-Yb2gUg,2,1,0,0
s6WtB9ua3yf5HrZ16CmmwA,2,1,0,0
ntdNvA7W_rPoIcdPIZjHTg,1,1,1,1
IRdrwXUFvnmYfUkKSjzQGw,1,1,0,0
k4jX-Xe9dFu2pmdnlrcwgA,1,1,1,1
TgbzzpwFaTIXNgwwI1ih1w,2,0,0,0
G9Cz2lUnLxv1cj6fnv73XA,2,1,0,0
btlcOEyAw_vwwba_J9OSfQ,1,1,0,1
MohKYQNpUVYFAeTkOwvUrg,2,1,0,0
5JY1b7iEWEQTAofZDS6EeQ,1,1,0,0
QJ6GXAAMkgCZPF0bZk0xLw,1,1,0,0
s4sr0anCKMyQw53xNv6DQA,2,1,0,1
0_MI3uzOP0MMPNSfj5zB-g,2,1,1,0
PelhNV5WsvEJjhUShubLvQ,1,1,0,1
f51YniULra1Fz01jwILh8Q,2,1,0,1
JnKzrXKxY1cThJ0vNk-4pA,2,1,1,0
HXJLOVSnv6X_b3mEQYWhEA,0,1,1,0
OeBbc-LqnAPhYmJw5gzBww,2,1,1,1
EH6syFxDg7SXPrsqyg-DGw,1,0,0,0
YxRu2ISrpSs7p4lxgWuu7w,2,0,0,0
IxImEiJocfQHMl_xphWYag,2,1,1,0
GuiGKSh3_Z-V8L79McM5Ow,2,1,0,1
V2nl8PxQmMD_ecLpjD2sUw,2,1,0,1
Pg7DrmU-OjuRGLVR7jVHRg,2,1,0,1
6EVBc9kdc3Hd8KZkLVPnGA,1,1,0,0
cbm9sq6Wis6T_WmbiFy8Ag,1,1,0,0
Ce7Zwkwqtvnrr_c1U30ZWA,2,1,0,0
yLtdSJ4BzKFFBc-J9nM7yQ,1,1,0,1
umlqVAh7P7BcNu--BFq5ow,1,1,0,0
hcvrYfF45o2QlAmJ4iixiA,2,1,0,1
FcvWRrwhjIqktji6iLpaUA,2,1,0,1
WGmMEWmievG-DqD_Ix5KMg,2,0,0,0
whQhqC_8aTc_LFYmxWThkQ,2,1,0,0
JdbYyxufvaU6uwmNg0EqhQ,1,1,1,1
v7In1lSZCIiku3o0yIXIRQ,2,1,1,0
8aPTNdySQ2ipjWtCJG0vnw,4,1,0,1
zLdqJBlLgGN-EI_TzUXWNQ,2,1,0,0
kcF-en40P3J9L8nLy5lKqQ,2,1,0,1
3ZS3n0RNlm-DB0Ue8yf43Q,2,1,0,1
-n8PaipyFGNUJE4xlnrOAg,1,1,0,1
W8D-GbPDFCWkZpdlQoYH0g,2,1,1,1
ocUYyjvsF9cRMilKuNxulA,2,1,0,0
CixUHFjnRbetktdgb6lv1A,1,1,1,0
DsMIfKq8pZgcgcrryHDKRA,1,0,1,0
IbOrNwCdMTd-eicZ9B2CiA,2,1,1,0
gfos-L-4tZ7TKektSglXcQ,1,0,0,1
sTZla2pB_nYR0Vg1nBj4Mg,2,1,0,0
33yClygMVQZb5y9WgOCHLA,1,1,0,0
BqGM1NCltdaweP_WB1Klhg,2,1,0,1
8Z9kijurkcRurq3q3w7fPQ,1,1,0,1
cSUWEbmMyJAv87Yd9LnvUA,1,1,1,0
OG88JYN1t41_qqREXq3VIA,2,0,0,0
NomhqkaMIm2o8XvGGiP-8w,2,1,0,1
9erZGKcy5FmPVAsSVsFmpA,2,1,0,1
m1kkkR41zP9gW13eh6ga5A,2,1,0,0
Lj-lAWgaFbvFYZ7QSubq6g,2,1,1,0
iUbDIvZ0FuATXmnCkk0KeQ,1,1,0,0
ZB4ViCkUyJ4j-cJjOQ-N4A,2,1,0,0
1Lei3h8xpwqX4-PzP41QbQ,1,1,0,0
tgndyfvC3iSW9l-Vxu67Fg,1,1,0,1
6rjqU2x9A6BErUxh6THz6A,1,0,0,0
0VmSXsq7i-0F0eCwN1wAxA,1,1,0,0
kAyzCnimBg3rjhlWnYyH3g,2,1,0,0
1Lm1euBdgzxuPGjJbHTudg,2,0,0,0
q0Yj68PIi5ebK5Foycs-HA,2,1,1,1
fe-4Pw_7ZDrU1oJO12faPw,0,0,0,0
fVx43mUNg0JkVVpElFtrVw,2,0,0,1
y8JvM_qahiCA12shK5vPJQ,2,1,0,0
RfniramWeD6QY-2WsKAhvg,2,1,0,0
MdjIl105vqCYUGKFSUVytA,3,0,0,1
YHN7wVaOFp9wkl_w7NXLXw,0,0,1,0
rROU_Ogow8clmVgIQyqs-w,0,0,0,0
jgtEoeE2uoA27J_UvbE20g,1,1,1,0
uKnQQDArO9bu4tAbGZ4epw,1,1,0,0
rXxMU6X4diiI0kWYBgDwRQ,1,1,0,1
MlbLCm2hfzIKc2JS1Hgwew,1,1,0,0
3gx5DQhVrXLFAlkEliTYfw,2,1,0,0
zI-CqEm-qmkTY3WdhPlXgQ,1,1,0,0
JRoJwJkO-VtBFngswsIhgw,2,1,1,0
sdXhQco_76dRejNaxfgacQ,2,1,1,1
kfo1hXvNtGGThfrZGaWtVw,2,1,0,1
NG67x-DL7a1-ea_RC5Vjmg,2,1,1,1
-W1bYeAk18xShlb6_Yb2Ig,2,1,0,1
FJzOM4aF4y3XcX0N6zoORA,2,1,0,1
3m5Bh1AoDIDY4OwNadqSnw,0,0,1,1
-dgUbX_lFqklJuf29A7piQ,2,1,1,1
JoNfuzEnzWXIqqEoBdExjQ,2,1,0,0
McZz8few5LqWF37KZTK_QA,2,1,0,0
9c-JiFCUpA2Y6yZlBlS7xg,2,1,1,0
J8ehGrOQvdUr_CS73uxfGw,0,1,0,0
-v1nIoXU1jh5aLet3EAYhg,2,1,0,0
xOhrSum1TFNPvpw-MEgtQg,1,1,0,0
5YKsKS3nzdkwu37ORT9oiQ,2,1,0,1
G3rk0dDROzpDdTugsnSDTw,2,1,0,1
StSCYcx3VhHnm4k9lxn9Kw,2,0,0,0
Wppq3ceZDMNCr24X4i-kfw,2,1,0,1
pXQV_vlMtQt---3W_do9Zg,2,1,1,0
VgGQnOwE3KxWErwtcG2KHw,2,0,0,0
r32Lb8K6hXQnT3zrkP4FsA,0,0,0,0
_hML_SleB40KkUrMHOZ_-Q,3,0,0,0
SFT8rW3yzDpAJTT25msYOQ,2,1,0,0
IPyrraIafBs8afeVMGmfCQ,1,1,1,0
w-ADkvhj2reSoONd_UXa4g,1,1,1,0
5aRyuqJZSGp1fNXHQHMLjg,1,1,1,1
toToUz3HgJjEinwD8_3dGQ,1,0,0,1
IP-q2lMq654sboZLwzYaig,1,1,0,0
rhgD-j_jWwwqd94lvA-ZpA,1,1,0,0
jXHz9eKcRuukkqJDI-cSig,1,1,0,0
f6zeoU1Juox3_SFOQz7UEQ,0,0,1,0
vSDnolQA4rYI4QFqaMZa-A,2,1,0,0
nGRLE7HPCHnIlbHwk3vZCQ,2,0,0,1
4klmo_xFoMHjPR-HgdFDgQ,2,1,0,0
B7XwqO9Lbzq-VtOiRobfCg,2,1,0,0
4EamFDy9YmSTVPZShGhNyA,0,1,1,0
tNky09c0HBYiHxizht0gCQ,1,1,0,1
vMqUZEaqALd6Q9b4lO-62g,1,1,0,0
awAxthsSo0Y8KBQXJhNxvQ,1,1,0,0
lYlVsbhDrglWDdhh7OTM2w,1,1,1,1
DsNyZcMu2f66WYaZ78EPTg,1,0,0,0
A-7Ye-fovEITMB0aUuEJ0g,2,1,0,0
aAbL_y05zPWaIrT1QtDWxw,2,1,0,1
SMwXru_Ga-oFyNbA6YVuSQ,2,1,1,0
PSUOncuqfqHulYj_fusthw,2,1,0,0
j9aqbEbdSw3JUDTAFKfNrw,0,0,0,0
hDnNHSd6XG4hHTnAn2kSKg,2,1,0,0
rvxpYoiNldD6R9kwXoC7Rg,0,1,0,0
7tUmASg6tOmh_DcIz2R7SQ,2,1,0,0
oreF3CPWsX2lHq0V4AZQKg,1,1,0,0
9Na9bDNBwcNgfy18sEHLXA,4,0,0,0
0zb1wdN4YN_ti87B_JIseg,1,0,0,0
BkvUOO79b7wdTjWGYo1pqg,3,0,0,0
Q_Gjsbu6hsCWTY9nay4Wrg,1,1,0,1
e53Fsnz4uf6seDeU7Q328g,1,1,0,0
4ugJ4F8jDJ9-2dEiZ47wLg,3,0,0,0
hJ2ijTY5NopOSlitox7txQ,1,1,1,0
Qc_lVQyMonRhejPp3Ua5SA,2,1,0,0
kFCi8RAzDwVBlwlF5E3z6Q,1,1,1,1
8JtnbHflEazfcLPd9ZjhnA,1,1,0,1
DXWnAkolXRYXP-fearRfmw,2,1,1,0
uNjoyF_qlLqOSEEYVpTkLg,2,1,1,0
J0rx5BsejdRTXU8UB-MJSA,1,1,1,1
inuW6Gl02Mf8G5RRk39_lw,2,1,0,0
gpyNcwOZhz3FUsjhgU30hQ,1,1,0,0
JUnRWQhMKAr7-thch2NiCA,2,1,0,1
opwxvFwYTppE0JgfM4FBlw,1,1,1,0
ASJnzKDBspQLeDhWNxZURg,2,1,1,0
hVVi6XHWC-7RVZOvK1WpOw,1,1,0,0
VtwFvXkAIIPo-lU21AVTgg,2,1,0,0
LtSJn2xwn6ykQBpGBw2WyQ,2,1,1,0
N1XwkreWIROD2QKhb9qeHg,2,0,0,0
i45pTXGFF9Kqz2JqKttt5w,2,1,0,0
li6HgKl6mEhZpdMgAIQoOQ,1,1,0,1
DbzavCeQ6UJKDVN6LSoheA,0,0,0,0
qfLwyF-xr3Xpfo94-jcfdQ,2,0,0,0
7oEKIG7d1ttPRejppZ3WIA,2,0,0,0
t5SXjiQlp-0ctHzYES2Juw,2,1,0,0
gWlasTc2Af0VV24mCR1tWg,1,1,0,0
3rDzxvhe5CFzeWjvLj92pw,1,1,1,0
Nm6j_BNOFLiO_wRjPF9GBg,2,1,1,0
PRWWp5PnE35i05SVamSV-g,2,1,0,1
Cw7jwVBAahxMNcE_KijLWQ,1,1,0,0
ye0-f9tgMC2UFyraGcJWLQ,2,1,0,1
1Fa_brd85F_-gXYP45GpsA,2,1,0,1
UD3G6VlGBJ1GxKaKVtB-8A,2,0,0,1
izucdKmWkOyOsEqZE5sYFg,1,1,0,0
563hfz-EY18-XHCxwT8nJA,0,0,0,0
m4pZSpO8v84IlsGjqHXBaQ,2,0,0,0
Ue2BCaKfXUWPdZ-VysN1tQ,0,0,0,0
BnNCSJO2NDvjqJVWp2EeBQ,0,0,0,0
KBKE7XTLLe2uUqmzuYUyHQ,2,1,1,0
b2E_ahQNhMBu7soQIG2Gow,2,0,0,1
bzUSbd9YLoK3egnTkXFd1Q,1,1,1,0
L_gl5gnEMxvADScorL-2Hw,2,1,0,0
10cjlsUzS8rAKMjdEWbxvA,2,1,0,0
rLMsz9ams_xrlX_weejhtQ,2,1,1,0
MYPrlbdx2-QLWdxVSBUTkQ,0,0,0,0
gYBnDrFYK375skI4XeeiEQ,2,1,0,0
_0F_C1e5Mdt5msBCXeSMyg,2,0,0,0
yZweDoo2mcHxjojylN58OA,4,1,1,0
cQ5flA0MB40EKI78rtrNlg,2,1,1,0
1DkpdmcxLCRXAdEi6TdOFw,2,1,0,0
LiXy4KBs7opABuCaHRqrhA,3,1,0,0
nK7JeIqdBli3umEhBIh33g,2,0,0,1
PaQ1345Hm9dW6f07TkyvUQ,1,1,0,0
Ku3ME-bW3zINVJiP9zkOEg,2,1,1,0
BO-E8cdAJI9-T439MhZcmA,2,1,0,0
cSSgeQQOz2modfT7zTHJHQ,2,1,0,1
FjHGjWZ6EAEioQWBUp7WZA,2,1,1,0
lSsuhdM4-Awp3m6-PSrMmg,1,1,0,0
9Y0dDkFEe_spzPqccq2hIw,0,0,0,0
8z5yR4GrOmdhy9RvNt_Djg,1,1,0,1
Y9kXVlU4xPfSZvkZH6C_2Q,2,1,1,0
vCx6uieEF0W0mKFK4sT3Yg,2,1,0,1
6_KCUxu2kOgP-pRnSNXG8Q,2,1,0,0
CIxdc0XIFOf2NyuZga8x1Q,2,1,0,1
RURVQ6SHxguDrNL1AKz2ew,3,0,0,1
IebS6p5BNr8Qc3k7e9AmRQ,1,1,0,1
1tJdRIuyH9UY_35yfn_uyg,1,1,0,0
yytJVxoRhTiYdd8s4vg1Bg,1,1,0,0
Ej_5JlAQ2He6NBu_PSygGA,2,1,0,0
MrU-vfQCbSUCroFbxk5p4A,1,1,1,0
CYWRPE-1IHPBb-zfFO6KRg,2,1,1,1
M_1E7QGHH684tevoesrQkQ,1,1,1,0
hlT80WkPUW5Vby5UlC0wmg,2,1,1,0
Q6Lp73mfUnb7_DVkbzijYA,2,1,0,1
dqXWQSaNMKf9fimx_AT31w,2,0,0,1
F2stHNlACvDpciiueiTOSA,2,0,0,0
sdKB_8mv4f0Vd4GKfQmqBQ,1,1,0,1
bPvDb51FWLK05nTYdd3ugg,3,0,0,1
lnZKSuiE8c8_zYaLTZacmQ,0,0,0,0
ojQJWz5U_UHZV3h4oGc0XQ,1,1,0,0
JA-O7eaQ_Mkuzu4ctzEzfg,2,1,1,1
LAAl7t-Ma93BkRzSPDqvgw,1,1,0,1
M2PjfyxzzfkCtRv7AJjXRg,1,1,0,1
IAqyeVG1ZMrv7hiV3FAB6Q,1,1,0,0
NI0CofjIlWO4XwpGbLL6Tg,3,0,0,0
qKn9nynsVYIST8rf6tEFRQ,2,1,1,0
Ums3gaP2qM3W1XcA5r6SsQ,1,1,0,0
yrZrnWdBR4pE21vcgv8KHw,2,1,1,1
w6zW6gIyg1sI5V6Wag_SYg,2,1,1,0
a3mJdNVP-ve3l3z9LRJXQQ,2,1,1,1
6Hj4AQ5DDGf7tsVk6LscLQ,3,1,0,1
nmwyeH2Y_rylXRzqUJEO8w,2,1,0,1
6VpnffnKD9w4JIMIfbG0hA,2,1,0,0
p6cPotjmAeI-o66BcKIoLQ,2,1,0,0
0CwhlQzyXG_7RqEu-2pMSQ,2,0,0,0
-o0xWAEO-C2oqlyt9TO8qg,3,1,0,1
rqWsS6QJKweNBsC6wZgUjA,1,1,0,0
nRsBQYkrsNQ_q78HTefNVQ,2,1,1,0
fmamlcEQx8CtwexhSrmOPA,2,1,0,0
TxJmy66PFBM7w5DdpOXrNg,0,0,0,0
iVCx91Wrn-CjpxJAyLHPxg,2,0,0,1
M9Y5pCkLFz9RTzPMndo15A,3,0,0,0
vh3ymzbLEkqPHw0-IouMEw,1,1,0,0
h_2g_jwHQV-IN2SfunXGLQ,1,1,1,0
uX9ZVa3k3-6Xf8mAU6aOiQ,2,1,0,0
OiqDNSdnchr8zQhiMSInLQ,2,1,0,0
6NrvGGPrLlPWIu7h0OVhVA,1,1,1,0
jhjmgnCYsTpIe-XOMZR-vA,2,0,0,0
2Mp53KxlGeZJkodTuqpVow,2,1,0,0
e0HvYAL3vCH145vb0B_H5w,1,1,0,1
ubt9YKL8nT-1WMu2QLxuNg,1,1,0,0
wMiGwn4qPvEN17CaQ3Zi4g,2,1,0,0
Ik3CEeFyMFDnqrhc30NubQ,2,0,0,0
sXb10GDdCLxS16iTrEzqOg,2,0,0,0
tq_hA-LBU_NJLmXq-yVw9A,2,1,1,0
Ass2GxaD7nTes1-jSY3IVA,0,0,0,0
d_jxInosU_3cAYI0qi34UA,2,1,0,0
fuVrRQa9HRR6x1s0j4S3SQ,1,0,0,0
cyV6Y8eOgpDTtdJQnB6FaA,2,0,0,0
1nhf9BPXOBFBkbRkpsFaxA,3,1,0,1
tPThFZp-wOIct9orErmaLQ,2,1,1,0
FcNtrDGaWmkDzlHaq9F1UQ,2,1,1,1
FDxnnImJ-Q0CXRwGVJ1gig,3,1,0,0
bHm6xdi4RaeaHFyww3d98w,1,1,0,0
jhsDAgEu0SsLk_INH1zbww,3,0,0,0
_Aj02-sb1QDNIVXK64qTVw,1,1,0,0
FTUkGtUgd38pOx71SaVovg,1,1,0,1
yaWLdpQTShR4fZcAjssKMQ,1,1,0,0
y74H_27Vje2rM7s_xJch5w,2,1,0,1
IcRLhuxPHnyxW8bJ2llueQ,1,0,0,0
N-EA6G39XHc1RqF-4jAABg,2,1,0,1
fLxoqLMlbtrFKhvfxRGzMg,1,1,0,1
WK542yG4t2PUvaBOkjcwNA,2,0,0,0
cOWXtCz7F9GQhPIks8gm6Q,2,1,0,1
yBfNLAYCaPE4QlejNCWrDg,1,1,0,0
_rA40C78qQgsFv8wFOQqgA,1,1,0,0
p5M402O3fIalAGNii3fx3w,3,0,0,0
HJMFCfgp8fbey-sCi9vGPw,1,1,0,0
EEePiBwchl-TIBVcTdE0RA,1,1,0,0
OZC42gnhlJ_auXduDRfMoQ,2,1,0,1
nqTvE7ivdU23oUWdI01tOA,2,1,0,0
D_5II-fYES91wP0gV8AJuw,2,1,0,1
WvbXPy4kmPh2ysKwytwztQ,1,1,0,0
R70Fs60Tp4rS6QjZjOrvZA,2,0,0,0
l1104J5-U2nGGcuiG5xadQ,1,0,0,0
r3Px2dU0JatrrBBV66bBnA,1,0,0,0
aE3xZDupKTiBVQiqahTLxQ,2,1,1,0
hjk3ox7w1akbEuOgTJ03Bw,2,1,0,1
0xdpv5CPpbUUch7JKBG98Q,3,0,0,0
GRAO7h1dc7qTDub4JQIDCA,0,1,0,0
wyPkRQg3F5Yz2WqRFax7-g,2,1,0,0
pF2qDNLaZYMaLFHkdNJJhA,1,1,1,1
522GgMvOvzaKCEX6BfAtvg,2,1,1,0
C1JNZrYl3H-YzF1dys9SoQ,2,1,1,0
LGNvGY5UxlP1GUnv5Uni9Q,2,1,0,0
TZ0ETV0XkYZbR4EZ5Bka_g,0,0,0,0
dizXpumQ-R5Py87nNUFy8A,1,1,1,1
ySHeT6Y6HuCxYoe27swKrw,2,1,0,0
DDW3jj5vSNO5nlR1BX5dSg,2,1,1,0
_aIQsyaRn7CJh8gWSbuJgA,2,1,0,0
U4H4vWjfmhFBC9vzH1HH9A,2,1,1,0
ErTtxbBD7kpkg2szhhyMwQ,2,1,1,0
Av8dB9NTFsNOWqrcBJd9Xw,2,1,0,0
lkJOUKrZwme0SmLakU5h_A,1,1,0,1
KmrSAy80bJQHQ2Z9oQ5xTA,2,1,0,0
nD3FyISCri8uLP0NJY5CZA,2,1,1,0
5jYYHTRka2SMS7zBOuN9RA,2,1,0,1
8945PbOxSjb6hwHdVWWUIw,2,1,1,0
w4QcDDG4mYyCg48BYE_Frg,2,1,0,1
M9FwJOGNL3UDo_TQHsBVSQ,1,1,0,0
Fq6tvdwtKV7Kk3_33oONQQ,1,1,0,0
t7pWS0oxwjoZpT-fwQQCiA,2,0,0,0
f5DD_VW9YipLr7fvIOY9Eg,1,1,0,0
Y40U2KXA3v-N_h-9F8Y_aQ,3,0,0,0
InfzHR1oZYwn1qell8_4CQ,2,1,1,0
3HS2__ozuvgbEn-MSyVzQQ,0,0,0,0
T6pK1xHcv3OPVnAJk3eKLw,1,1,1,0
IVjtjke9NC9jukMMjWXRww,3,0,0,1
LIjlU7K-0SPXPtYFQiXamQ,0,1,0,0
NPDSmud-5U5qDUanVKgimA,2,1,0,0
M22sRJrQqttne1au0uruow,0,0,0,0
AdrHuOKie8YMO2Yo9Wqrag,1,1,0,0
5dDp6TU1hkkcBYpxrpNjPw,3,1,0,0
qd6bzLnddkogYbVj7SfcBg,1,1,0,0
hb2u9dUQkbWYIHhXCiFsrg,1,1,0,0
RtmqWtkMBoX732QcxA2m0w,0,0,0,0
BhUDq-HSrqMFfR03V2FoQQ,1,1,0,0
lYsq47uDzdjYUGtyUq8aaQ,2,1,0,1
SK3EYfvBgBJV6594FMDsDg,0,0,0,0
TEqsEqIRFSQdDm8jwPHdkw,1,1,0,0
PCdQZQFvcjeiiXW_W0HBKA,1,0,0,0
NNi2hh7l5-fhjM3sF-ykxA,1,1,0,1
Ms_el67lrNsKBmdEXVxl6Q,1,1,1,0
wjkoCcNqpWrJRvCz5MxIIA,1,1,0,0
sCxrjkhpj2MIrUtgh-64Mw,1,1,0,0
cXdQ3H0GqcIzRgrvBEaBxw,1,1,1,0
iQfcSQ_MNtJ3NyQJIbpvTg,0,0,0,0
0keht9nVTliinChbGWWkkg,3,1,0,1
yzJwp-t1wNBtCV8yNEh6fg,1,1,1,0
aA9U8Jxfx68A_rZeLlkTWQ,2,1,0,1
-xSlD0TO9FA-q4VpTirWUQ,2,1,1,1
INRkSdAPW2WUjVSdEPZa8A,2,1,1,0
NmOBomyz63TP9Nn2q4Z1rg,4,1,0,1
s5uf2Rzd36XXJXlWYIb40g,2,1,0,0
8pO590eqmSe9iLVc-d183g,3,1,1,0
2zzRaxhpouEjGaDh9R6meA,2,0,0,1
dmog-O0IX8HYa_WA0bkVPg,2,0,0,1
3te8dGIvzz5V5_kMIr6-Dg,1,1,0,0
01Ov9eDxKRY5k6ImMdiWLQ,2,1,0,0
JFfZDmNAoa_MHG16K2BY6A,3,0,0,1
zqQ9yqNh0EtCIXATGlBS0A,2,0,0,0
I-KFzdnJcqbUHOAdO2I7Ig,2,1,0,1
Ne-DWlUDdqIGwkK2iZgUOA,1,1,1,0
jqv3JbLv6K9Sgukf5fijOw,2,1,0,1
X8lqAVOWrTih72sEEIEPSw,4,1,0,0
Wq2nC9nCTLFIARjKmrtOYg,1,1,0,0
3QzPhQ3ltbon0-1gC7Q18Q,1,0,0,1
tUiJdFccD4DaEZOZS-IhmQ,2,1,0,1
eCJDiRPoSuA0bsb7F1gNUA,1,1,1,0
rntzNd_3Cnr_-hIhxZGXXg,1,1,0,0
mfcPR3V14i-GgkLlVtnNfw,2,1,0,1
uWWqoGI4LqyhA88_lMiqmQ,1,1,1,0
Wioq6qPtllKPXPkStKbWFw,1,1,0,0
YV2nmpd7dz6VJiLQqBkECg,1,1,0,0
47Ce56CE_NnzdmCozdMQng,1,1,0,0
zmRsSI7-Xozx3hqqJn1QNg,4,0,0,1
ug37mkQLQ-5LttHpMr28IQ,1,1,0,0
rSiSZlTzHi4Ox_rFHe9CdA,1,1,0,0
02GctEso08hyhQpkqOftsw,1,1,0,0
y8S8Ff33VKPdRNMFjrJLYA,2,1,0,1
1g29d62cEojB-7mX7p8AzQ,2,1,0,1
Lih3sCWBJRgrsERRO6--Yg,2,1,0,1
PsYU8cEDE3oewzKCyVt5bw,2,1,1,0
6TLIuls4SiG9VFf2U42p1A,1,1,0,0
9wjTzw8bEYOTQJk41V8WQw,1,0,0,0
1mSAHgRm_sbDslTgeId2Mg,1,1,0,1
mORvJviGBgbJ5Woui-FcOA,0,0,0,0
YNHvFEvp9VDNwX5VhRanYQ,2,1,1,1
vCD4a4nLeafjsNImVrCKXg,2,1,0,1
vmLlWppJJ1isNOtNcxAqjA,1,1,0,1
xYXXe5tikoTEH-g1O0uUdQ,3,1,0,1
UPs9WWUl7PLZrCPKbC8NbA,1,1,0,0
bAPjkuNJ67j2F4C5HQQHhQ,2,1,1,0
H6DSoGPuc-iXAwZ_DZJ0Bg,2,1,0,0
5EvUIR4IzCWUOm0PsUZXjA,1,0,0,0
YAiHkQAQ9sm23V1CyNT2zQ,2,1,0,1
6FBfKOQ2UDoorQMKKPMENw,2,0,0,0
GuMwlyen4iXke5IWi7HPiA,0,1,0,0
go-Hd5oJqHIayG9V2T6I3w,2,1,1,0
pOJMqoyWtOVxtjB_dakVzw,1,1,0,0
JL7ixh7_RGGRunHm9_ebJw,2,1,1,1
1zrCYNcoBRO0ePhfuNyoCQ,1,1,1,0
wVsyfuWkYs0np4or31_j1w,3,0,0,0
uXIuRu-BANuzBkzKtu3XnA,2,1,0,0
6UqOXFic_vu2JLGuu8YD6A,1,0,0,0
L_gUuC0u7lVSl6OtUSMl-w,2,1,1,0
_fwWavAVMwH5u9K0K-PoQg,2,1,1,0
AH0S8pIC160m-vtfbUwA3g,1,1,0,0
bRltkvksGMMisHTgtlv-yg,0,0,0,0
ZRe7iIrIRDMMWhrcieMsiQ,1,0,0,0
V0XliXHVng0w1YLq-hUJNg,0,1,1,0
C7X8VCpbBwTP2lFR354EIA,2,1,0,1
PFPUMF38-lraKzLcTiz5gQ,2,1,0,1
nSVmtXY0euDxcWXo6Pu8XQ,0,0,0,0
KPLFg6jWMXmRv5Dh1TKG6A,2,1,0,1
dVQFNgVlnxgitEXDQR7tfA,2,1,0,0
hzZjYhV25DuehpK1-pak1g,3,1,1,1
VlnOGlkwsWaWqyzDxvMMMA,1,1,1,0
bKbYRUZKDYonSPOjzchJJg,1,1,0,0
HfoKnfxqmKb-X-96S8T10A,2,1,1,0
qbNlcvt5Z1KGbzlw_LqaIA,1,1,0,0
PyHMu_9XyUDveR_82WzR2Q,1,1,0,0
HX0QhTVWztcawNof0KUhgQ,2,1,0,0
tEfmHuo_dNanyTaC5PyoOQ,3,0,0,1
alFchsneD8P49cy7aL_TMA,2,1,0,0
yVmJdzstj6fQf7DyObvB7A,2,1,1,0
WTbT0t3BDM_3FYSh2aowgA,1,0,0,0
bNO_c8Gka2Rkwaub3qVAMQ,2,1,1,1
KgcYY4NPJIqx-z5VJ1mKRA,2,1,0,1
iomyYWs9m6-SucLAcY3WTg,3,0,0,1
VZOQ2-cUP8bfCn7Q7ix9HQ,2,1,0,1
z01_gDUfmedOuX2UZYF33w,1,1,0,0
hjjJFekF7f3j9Ayy1KPjzg,1,0,0,1
QpmotuTsf_nHT8RKViFMPQ,2,1,0,0
8w02J5_vrUUFn8gZhtOxHQ,0,0,0,0
qNRU64OOQjrhQMolOqhSmg,1,1,0,0
2WjghzMpdgTTQfEM2kFb8A,3,1,0,1
ZnUBkQrpRQDk_Y0hPtlgNw,1,1,1,0
364hhL5st0LV16UcBHRJ3A,2,0,0,0
9cM7MCXiHuosXpD-z-ozZQ,2,1,0,1
r-Vzn1yEA1IWjkvTdvUXDQ,2,1,0,0
p6pQDhvxLIP7xRIQ_HVR-w,1,1,1,0
lKizOgdtB18KR5D8kKm9-Q,2,0,0,1
yJdFEd5AlF1mXKXApDkGXg,1,1,0,0
s11Ym0QX2Am2uwtnyou4GA,2,0,0,0
_S9wayPpSGUthFzBJ-IVYQ,1,1,0,1
ZF6jtYU3t6Srs3GBtabh_A,1,1,0,1
7s8ripk5sBM4psK_Za5GyQ,2,1,1,0
_j750dvyAFCkd0OzPOV09Q,2,1,0,0
ei7S4WnSWzu18XwE8PDOtg,2,1,0,0
tvu6MBZKZKHz17cbF1zIZA,2,1,0,0
D8sk6LZlp2P9FFh_mk9q7g,1,1,0,0
WRkyYsX0h1_PJxyu3TS8ZA,0,0,0,0
vmJekvxsAV8dCEO4MGO4sg,1,0,0,0
uwTzA758DKewtUJMe-C1fA,1,1,1,0
SRCepG6PbMvwKcfIUjk8bQ,1,1,1,0
M28FGxlpihDrbPCuTfUB6w,2,1,1,1
KOAYl73BQ-2tQe0Q-SA9jQ,3,1,0,0
J7EUrh1q3lgENaoTrHZl_w,2,1,0,1
39rjgt5MpEACNzyFnUmyaQ,2,1,0,0
uz77ng57t-sFnEjKbTAPrQ,2,0,0,0
lTeu5RyJDQwR3-iQ0iLXjw,2,1,0,0
krf5clVkTK7ROdvp1PCsSg,2,1,0,0
89Nhx37ddA8isjGnOQaGVw,2,1,0,0
nSOgxiB_jd-4lhfdpBYFiA,2,1,0,0
4jW0WayNHn1BDLYn7JbL_Q,1,1,1,0
77KuSFMOXqRGqcV9NJjzDA,1,1,1,0
CNrbvdH2DsnWOu9vHxiKAQ,2,1,0,0
swKVh4wvxruGL5cm8kq-4g,2,1,0,0
bizdJ-aiyYd2aBVa_f1RXA,2,1,0,1
iyoym9B8gU_YPXSb3m31LA,2,1,0,0
InDH4ZQ_byiQ5PyaqgHI8Q,2,1,0,0
TTpgjbrSyxwHHzE5bIF-Rw,2,1,0,0
M8jzd1hpwI8p0JqcBCINZw,2,0,0,1
Bk7MkkqXlEpeQvpjTCx0Yg,1,1,1,1
aMWcnH5b5_B2tlquZnLBHw,1,1,0,0
kHImmakLajiL6wYOBg55uQ,0,1,1,1
d9A5lhFHOBvEw-BxSYnWOA,1,1,1,0
2EY3L3lUFUBWu-4uVgzgqw,1,1,0,0
il0KaZSBr4df20vEU-QZ0Q,0,0,0,0
B-_lsTh8uZx98Fe_esk1aw,3,0,0,0
so0r9bIwUeguiAWOe4uuSA,1,1,1,0
JPjckeTpc-Y4dXEPS17JiA,0,1,1,0
_L5M_qDbdfpy6ryCDJjlmg,0,0,0,0
jiebXm8vAI3xJPG7nj23HQ,2,1,1,1
i3agjxn_g8U3Agev8_ys1w,2,1,0,1
fUKi8LlQhzsGntuZjfvLWg,2,1,0,1
lylSHoRLfD5bc_DBUvZiOQ,2,1,0,0
FsRiu6oYrHB9CXve9j5nnw,2,1,1,1
m3XyLvnOVvt-jECDnEWuwA,2,1,0,0
7NTq15OzsVcDuceKuusvBw,2,0,0,1
1MrSwj8i2VEBHdp3IsWCpQ,2,1,1,1
J7duBvni2oJVVGQxX0fJ0Q,0,0,0,0
7lvogweL-b7av26TUOCf4w,2,1,1,1
Tqk-TtGw0YjT_SrxsCPMxw,1,1,0,1
pMAZ2aDXn3DaTHWrVo3CSA,2,1,0,1
9AI96ikMEJv7e0WIfz0mjw,1,1,0,0
S2tS29tQqXPrLWP3iIxEsw,2,1,0,0
VAhDMG64OqR3WNODHMhMtg,2,1,0,0
Erf_MwkL0Gls3tCJvz41-A,2,1,1,1
V4Ts6soin8p_WF2O-kqMRg,2,1,1,0
lUWMoJevKKYCejEKII7tdA,1,1,0,0
jWv5GUtEp30OD5L5C8c2DQ,1,1,0,0
hl0b5B_I5xdNYC_w4Ut4ew,1,1,0,0
0AQnRQw34IQW9-1gJkYnMA,2,1,0,1
1dI4oRq8wQrMs15nnj9TLA,1,1,0,0
fBgUT-V7F66kNOkv56fCnA,1,1,0,0
k-kYbovXIa8CenGs0Tr3Rw,1,1,0,1
pwXkM4yHrcojgnx2qJQt7A,2,1,1,0
aMT1FXZvm2_bmJT6QoLV8A,2,1,1,0
3X-SMnyYq77IYEnyCp-TtQ,2,0,0,0
m8oxuFlS2KbhXR0bRKucMA,2,1,0,1
A2Hj_dI1zPdBS4PJeN2FvQ,1,1,0,0
-59dl6bXMKpmv38TosZJlg,0,0,0,0
soKqQLWJz9RnHKQ0OF910g,2,1,0,0
8wDBrUPxtr94ThJQ6WjD3A,1,0,0,0
pcG0vJiTtDcTb0y3pKFUZQ,2,1,1,1
XlUuMGMvkzy_QLAUTEe-fw,2,1,0,0
eTt2dhbn-s2hXAelg93yPQ,1,1,0,0
FDVsDjkHWfDYAqgKdMsD9A,2,1,1,0
tfrO7U7RtBPBISfuKYeOUg,1,1,0,1
jG46RAFm2kWshUIZ4HoJtg,2,1,0,0
fnIYKuME5bdxjifvHbP45Q,1,1,0,0
A2Zg1TiCgcO-ww2gZA_gOQ,0,0,0,0
tt1ERGD9RSfQIwX2ANyJ1g,1,1,0,1
IZaBSFnjwomvTDs7gRoCLA,1,1,0,0
glVCZzuFSnf24UGYsOl2Vw,2,1,0,0
oNZgQTBzazjS6JQBvmE_HA,2,1,1,1
_AiqOS8io_reYZri1OeP1g,1,1,0,0
6MhY_9EkUkKCvvN8rzXZzg,1,1,0,0
ZhvYzRAjoQYW8ONFRg1tlg,2,1,0,0
NUpRBNSWuhRQ2tze3-A-Ng,2,0,0,0
DeI4KqEeWy0cTdh7Wy5_RA,2,1,0,0
DmAKN7KxGLFXGqAk23EDHg,1,1,0,0
Mbcjfix9W-7SJXG25q5CPw,0,1,0,0
GQxpWDw3MuCwAMV9BA-62w,1,1,0,1
9avLLw9uke50m8qO9doyMQ,1,1,0,0
wAgQDIQ0rznXc_N8XG8RPQ,1,1,0,1
AOzTlFAnIvuv2Hj_gnepsw,1,1,0,0
T66oqkB_Bllsl0bz9Objdg,2,0,0,0
Dcu698L9WArPRc9mAYrAzA,2,1,0,0
npu6Q4RgP8hy0xIyS3wJGw,0,1,0,0
SSbfgPK3Wa24svQty7QWSg,1,1,1,0
gtWaCpu7mgRR-839S9oGBQ,2,1,0,0
wo5r_5DGI0vSJTKBTxo5Bw,2,1,0,0
ae1UMj40ITqSYa5MQM8zTA,3,0,0,0
aQFXeuyxTF9xIeytWtrYKA,1,1,0,0
fSFzgt_QzJRUN0qNzTAwig,2,0,0,0
PLQl-y06iPOEaqsy_nx-Eg,2,1,1,1
K--ma2GS7bg1W96edq3V9g,1,1,1,0
8sQqyTN7PzxbKJ2Az4R5ig,0,0,0,0
Jqq2XanLzqc3T8GS8Eo1EA,1,1,0,0
P9srGF_edclaYfYZjy_kgg,1,1,1,0
lbpr7FMsWJNcaOQDHW9Qng,1,1,1,1
j1yBqI57HIyVP_e1N374cQ,2,0,0,0
vfPfk_eY1s6NzDMVjA_h6w,2,1,1,0
3TintmVPo4Xu2drJ_iRpRQ,2,1,0,1
fAUfD8euC65DUoUgvcwwKw,0,0,0,0
av5C53NPx8Z2s34T0g1QbA,0,0,0,0
qpq8KuMyPSwraUFfRVOMQg,2,1,0,0
UcaLZaIwz5P0PXRT15AdeA,2,1,0,1
CuSXvUwz5k-LEuLN0jbBZA,2,0,0,1
aKpFO1C0-1MlirhCffUt-w,0,0,0,0
fhNf_sg-XzZ3e7HEVGuOZg,2,1,0,0
G80cs2ZxLzjUkMutWdXU1w,2,0,0,0
y43u5SPsQ3coLrIFi6hTeA,2,0,0,1
8v1nk5EcCyEKK61ohAh5Og,2,1,0,1
d3olNIBeuH4Eeqc3mkX8LA,1,1,0,0
C_6viXfXuKxYLXjRmWutvg,1,1,1,1
-3VEk6j5XnEnOOthoY2jYQ,1,1,0,0
mactLKv5GEgj6FdsYkdLVQ,1,1,0,0
52p6b51oPNIwWBXuvIao1A,0,1,1,1
3nR6c2dXJNrjQEC65Vy_3A,1,1,0,0
-zo0R_6vW6JlJeoX2GHA-w,2,1,0,1
A7jbtXYFAZhErOW7xIQinA,2,1,0,0
YrnJeuFJIm-G6osP1hbgKQ,2,1,0,0
uYJ9m7nwPfOYmIMI5dJDPg,0,1,0,0
OOUs6sCYjz68mb5sENgLkA,1,0,0,0
sHXIiGercy22UVpwMMmYng,2,1,0,1
azzs6H7CcIHt_acKJF6UfQ,2,1,0,0
JgaQFKxW-Bnfc7r5EJZhSQ,2,1,0,1
ux6ZekIlKJbJUKWRe7RjUQ,2,1,0,0
SmizR7MLt-558FJJQRBBoQ,2,0,0,1
jZVqBJhpmBwUKsfAEnvjcQ,1,1,0,1
o3e-gnS2ogbczPy6sHUHSg,3,0,0,0
d_z8xew4Le3l9nc832rDpg,2,0,0,0
01Gav7vnilRwSVm3WwkAtA,2,0,0,0
tJzf6H1dkuUbL-t8bzL3dw,2,0,0,0
3xO9ktZQVOkK6u6i2IVNCw,2,0,0,0
sw0qwXeGfKEw13xUfRPm2A,1,1,0,0
ndH2LFHRKxM1RWHmtvZdOA,2,1,0,1
S_HGcJXKZ9_RSasDW_xivg,2,1,0,0
NA0kabFgJySn6g6JxlCvPw,2,1,0,0
W7VT58CFyAxm_y6oUHgI2A,1,1,0,0
L92FWHOSZVuk8wjTloCigQ,2,1,0,0
BdDshFHVrqHEFZqClPSkqw,2,1,0,1
w_PVPmGVxQvgeweuFEsrTQ,3,0,1,0
e8t4epymmaQSdb1szLbTTQ,2,1,0,0
JS24kvJ0I5fWWEuplEiZjg,1,1,0,1
CFGmRESf9QajghUrc__akg,1,1,0,1
ClhtMU28MYuf7CAtmkIDCg,0,0,0,0
gKm9tqQe88l-L9RnEyr9hg,1,1,0,0
-e_UQJVTzIPweX4TcPUYVw,2,1,0,1
HiCNLB9cCWVHnbzHeN2daA,2,1,1,1
astpBnUjzZEQEAvgn_113Q,2,0,0,0
loSgYD9dHOsjjm7QCly5qw,2,1,0,0
bDtsc7WTwEJZFuvjXy8wng,3,1,0,0
gAt8Vbrf4FiLqLIhkA4bZg,3,0,0,1
4E309lwPu65lXyaeuLRETQ,1,0,0,0
HGitzBs7x_fUvdTtrTacXg,4,0,0,0
dK9aepfn_fmKa1wCGxIUkQ,2,1,0,0
xAg2w4pxJURbB2edAg2wMQ,2,1,0,1
H3sjiaSQuqT9bfIkj-JMsg,1,0,0,0
B_eq-9vINgR0m1PwgUp5aw,3,0,0,1
Yea_hg7GjYfOOzMeBSUNjg,1,1,0,0
c79drEBxcX3LsiK6AFgGew,1,1,0,0
3bd0CTqaBAu28vJKOxdkkA,2,1,0,0
ZkJRO4nYlINnXpNlR-jN6A,1,1,1,0
m4_qthbDlYptibVQ1SCvNA,1,1,0,1
YmY9lwUzXtT9b56AWe03zQ,1,1,1,0
rCijkoXaqx3DwL-Qp_Vy7A,2,1,0,1
spnbqpkQsY79i5dL5qiRUg,2,1,0,0
_8VkSb_Mryb6bHQxSWB7Pg,2,1,0,0
UutHMmZx1CQcjiyfmVa_7g,2,1,1,1
x6PA-2j7LpZAYFo2VojmQQ,2,1,1,1
kQGw66MGiK4mIXfV_kVZTA,2,0,0,0
OyiOg9GYKzHI19EbnWqL8A,2,1,0,1
TAFRSKLcv56376KyBXr2BA,2,1,0,1
EjYGxyksao-Jhw86tIAiYQ,1,1,0,0
qR_7AxFKqasD9fiF17152g,3,1,0,0
ZOmf-3NN4Z59b2Fw6VAM7g,2,1,1,0
g6w4kX7tvCqGKAxr07aBQA,2,1,0,0
ZL_EMDDN4QQ8tm6oXduArg,2,1,1,1
maLlY0JVsUfHNK6-RUrG4g,1,1,1,1
SXV_yKYUAFvQJirAhF0tWQ,2,1,1,1
EeOaQqMBor02Mb5k_9IurA,2,1,0,1
NUjvyCh_0L5BJsdYf_JtfQ,1,1,0,1
UWuB3vikQmf0-x2ZXjxdmg,1,1,1,1
4Lh1lZXTf0EoNqdzT60GPQ,2,1,0,1
JTgu-UYrJuYlwmwXUu4ADw,2,1,0,1
pnuvweJUwuXr_E2BfoBHdA,1,1,1,0
1JgaRBX0oiRsvEhHF3ZMjw,1,1,1,1
npWsKb9Z7IBxAmKPwGO3zQ,1,1,1,1
akhMwlK3WO74eYFlw6f4oA,1,1,0,0
lNmUmSwZtD0JMR5wln8DTQ,2,1,0,1
0JmCGyAqAK_yVEuZ0ts16w,2,1,0,0
NCgcMdtJxtFVv2VrlGUsHQ,2,1,0,1
KBA0yGsblufetQgs6Sm_nQ,2,1,0,0
tAKeTTlnuo4boI1f1oulAQ,2,1,0,1
Tf299O_MA5NFrgqagutOjw,2,1,1,0
rYG3Bbsf3u2P4N4ZxQXyKw,2,1,0,0
qeFE3hKVFsvBTV-geLSszg,2,1,1,1
DvY_J2gFxudK9HC8kjI3NA,2,1,1,1
_05kkfNQcAsj8eh-9wzI4w,2,1,1,0
vsprMws280jndHH-ZKwdcQ,1,1,1,0
OdkdPXjzrSvx5XW2t4pS2A,1,1,0,0
E58e6-o5SVlyaIRLVlOeCg,4,0,0,0
Gkhi0IkGAIls6YgXBSdZqQ,1,1,0,0
dGu3jGAYoxG1fIZrY-5RZA,1,1,1,0
AFjol4dWf-zYb9mz9j7gPw,0,0,0,0
VbFGfmrl0VtXc10vKpj5aw,2,1,0,0
zCpFWnrtttP7vKZIuyClVA,1,1,0,0
UkkIsIYoO0xF2LoysO_upA,3,1,0,1
PYJKieI6iNYdcNbAwdhTPw,2,1,0,1
5zpAZqSrsdltaduk67jOow,2,1,0,0
UpnKwbOmB1Navg3WareTZA,2,1,0,0
PG9I7ZfeXV4UKVXo-yciLw,2,0,0,1
pYHRclA6yhiFVWsALkcZeQ,2,1,0,1
AlcYus9YbpE5L4y8QhbZ_Q,2,1,0,0
BKS84YsIa29AgW9uPGgdcw,2,1,1,0
q6LaVR4FlIyRC9yWIW5IXg,2,1,0,0
mp-PSmM2ZN2vYBUVUFnMbw,2,1,0,0
4t1_aIBiQcZY65MqUlAucA,1,1,0,0
Ksz-HV_hafeeEQe9Zaos_Q,1,1,0,0
-Ag1PS0_G0yGxLWv_pULiA,1,1,1,0
KsNZgnE0tFblW4Rfu72mZg,1,1,1,0
BEFzTuJZ4i-Ai_Xkm29g6w,2,0,0,0
4QA_ouM1caNWoKuFiXFTcg,1,1,0,0
mLDpnm8UQRVNXmQa1u1-Uw,0,0,0,0
KWTv8elo9HiN9sIKvN0_bQ,1,1,1,1
s8z8r0MN7S6OzfGld-cEdw,4,1,0,0
TvX_DivZScuFUqUigzgBFg,2,1,0,0
VsHhy9ixEze-AxNYt6UxLA,2,1,0,1
RWYQMss0RzbtDGGwRI3iaQ,3,0,0,0
-9NsB0DPOp1fG5FvE3iAcg,0,1,0,0
VYNriOotbFZ7Qj_6jwUB5g,2,1,0,0
ZBkLGYOvUlmmQvkvp7AHHA,2,1,0,0
XsDDwNOBlRQNF8x7oi0Hjw,2,1,0,0
Hc7tNpMVe-SIsLaUbNvtTw,3,1,0,0
txOOuDuj6m2fW-ietZRw0w,1,1,0,1
gJoI01JRcTXCkgPNthLVBg,2,0,0,0
ud4410hDak6LxcXzCOy1kw,1,1,1,1
yGCrsq0AYI8WN7goMVLHJA,1,1,0,1
fATMnKxmcjsREwh-UH0jnw,1,1,0,0
ziGwa9EEOHMaPWbdp8tSDg,1,1,0,0
QmTXU7IM8RRjULQw4Kb4ig,0,0,0,0
Ggtj_CDWYGzJD6xD_m6DYw,3,0,0,1
cAtaU6ZjkyJKvuFeJj-6-A,2,0,0,1
3-SRpK7tywhjeA_WQ_Z9_g,0,0,0,0
kZEz0x4wI6R9pdklX22MDA,2,1,0,1
mjTmGk-ETEdOX4CVNz1Gxw,0,0,0,0
WnFu6PRFGYKWV_y94CYyUg,3,0,0,0
ma-tkTi2fhkCAXBpMyxpwg,2,1,0,0
Gf-LNRph_6DML9SB7nkjtw,1,1,0,0
JsAjP49bCk9KjJmmmjyM4w,1,1,0,1
fDigIWxeiP8PnzemBKpHcw,1,1,0,0
zsLKMCnwK_NmZJkI7TJk1A,0,0,0,0
INuaxyGB7eE_6xMtYUersg,1,1,0,1
bipVXy6DVI0xJaXscBwdXQ,1,1,1,1
oiknQaNH9cGC6UBWC8S_Zg,2,0,0,0
LCpGMz2nj7q1nBupLAZUxQ,2,0,0,0
aPSRMtV2V7MPXi6DU_UlRA,2,1,1,1
CBAnjb88MojpentaNPQWVA,1,1,0,0
38fDU-Bh7eD2oETpF24pAA,2,1,1,1
DQLhafBySo3p2EJudn-7WA,2,1,0,0
ALwfJk1g56dz8ehgYJNrdg,1,1,1,1
SirdHmqK0LDKDQvJBYVLsA,2,1,0,1
Vg882kGIzNZdz3CFpTQBBA,1,1,1,0
cJMgxJ_GDg0a1KEkXPVaug,2,0,0,0
nuRLQaPYbH6raFgSv-C_8g,2,1,0,0
lr_czwJLinqGYf-rxkXFmg,3,1,0,1
2EG3Bf77vr0avHVnlmd03g,2,1,0,0
WRrceQnznqiBVOanZEosqA,2,0,0,0
47JJtwt6vhyYa5Z-mAFv7A,2,1,0,1
-FveSBaantlFExq__ESLcw,0,0,0,0
DBZi_5z5hx69AI7YPhs49Q,1,1,0,0
8Qs6f026h6sU6MAzL7JJjg,1,1,0,0
kqZwCJyVXZl9OHDbr2a4Fg,1,1,0,1
cLUoCKZGS8IJDStYsAA3Xw,2,1,0,1
Ot2CsUQWX7bG55Rq_3v5Kg,1,1,0,0
ylwIzIHOjk5ECMoD6Af-cg,2,1,1,1
9Jc3W0aR9Xf2gcHI0rEXsw,2,1,0,0
ow5ku7hfMqU94mylTd3WlQ,1,1,0,1
-u0rjFgBL33tgSl-zTn85g,0,0,0,0
zNAWd2LyP1kcoHZeXRmZ5w,1,1,0,0
WH6TE8U3B5BLRU2Ih4b4mw,2,1,0,1
g1j8COaztNostGlxssCCVA,1,1,0,1
aaKBdwiII2LXlWAqu6AK1g,0,1,1,0
CgnHLwWbteqb8qxcZgBLyw,2,1,1,0
yRqMaiW2BQNG-mo-9pljnA,0,1,1,1
dIqMQYs6tmowQUygS8sQ6A,1,1,0,1
EyF0Rvfh6H_V5A-bacbaKg,1,1,0,0
wn8GoBxm82O3Mt7xRnKLbQ,2,1,0,1
mJHoOJH10A-cjtRdQCV6ow,2,1,0,0
zm_lSDYuHdRyzc3c3eCayQ,1,1,0,1
AqKWtFTREQ_PFSYiIWnBgw,1,1,0,0
Auky7_gMsUdB91V0EAgbhA,2,1,0,1
z0aWOd6qb3pUy3wwfkKR4g,0,1,1,0
CcvALKrGiibvix6MuHtAng,2,1,0,1
h7vh4Ai3-W4e1sMKhJUNQw,2,1,0,0
zCaczzZnQUiduNNFvLa0Gg,0,0,0,0
Cv6U-7HrrkKuh-_ec7EktQ,1,1,0,1
2_aYWG3cVnAXH6yHzGu05Q,1,1,0,0
GtX-vWZHiGly1OI-Rgq42A,2,0,0,0
JGM-SxW_vayu0fBch-U2FQ,1,1,1,0
GWCd4xlTdOwcaaSSu9b9XQ,1,1,1,0
5O7qB4gNmr3NgdYAuYbP4Q,2,1,1,0
vtkJXE_Vdz27rWm6mfAw6Q,2,1,0,0
0Ovh4Vn9ntMt5Ara-ZP2sA,2,1,0,1
GD99qIgZ-QeIY4thevw9Iw,2,1,0,1
y1AM7MeCN3HaS7SHnxcBfQ,3,1,0,0
liGn7sPOvUuy3kcwbhRkbA,2,1,0,0
vgkAu9BO8h7oorDWZziMXA,2,1,0,0
lGTZWahMoXRpGoftnt-T0w,2,1,0,0
qeQDbldV5n-wUu9zflp01w,1,1,0,1
OT5Zx-54Y_sPoMOWEDidsw,2,1,0,1
Qf7x_9ATlcm-thjdxOWJ4A,2,1,1,0
WS9BUR9E1I6JIIP_OTDkLg,2,1,0,0
Y8PJQkkql6V2tQEvO0xbQw,1,1,0,0
lM406tzHK0HlKtyQxz85EA,0,1,0,0
qpfCMda5NPEL-CBh1Vhw1Q,1,1,1,1
s2VCc-MhUURSn1tWBPVunA,1,1,0,0
FFHumlHPngG8fqq3wnqqcA,1,1,1,0
JJzAOl3kQLfhOzB_vjf3FQ,2,1,0,0
QuIHYWB9l3NtyWETwwpCaQ,1,1,0,1
ZTBAuu455gxqwMOe1OgA6g,1,0,0,0
spvjNOYeR7sFX6yTgP21og,2,1,0,1
GHwn0lza-JdaETNbOw98oA,1,0,0,0
rdifwelsxkuUf-tw2O4o1g,1,1,1,1
yt_TdU-EpniHcEh8Sxi1bw,2,0,0,0
1MQ-rCO-U4swt-A7oPwg3w,2,0,0,0
-LyGT6bztmvWd3_pa93YDg,2,1,0,0
Wl8i136FAmPmwTsDr4Eqzw,1,1,0,0
lpcniW0cBbQMSmksTrD_2Q,4,1,0,0
-zRDLAmg2h9uKpNY0OYdVQ,1,1,1,0
GdE5ZF7XMDyjwBVB_5qszA,2,1,1,1
P_ilOWgHj2DMSSZSDtvzbg,2,0,0,1
bHi2caO6sa5opgxM4a6OKQ,2,1,0,0
1zFQymM2ll0lpBmHMch-QA,2,1,0,1
y5fwt6pAKnvYOSn-xOUepA,2,0,0,1
JpPguWEzvNATjUJ48xCj8g,2,1,1,0
7WM7pwCwsn81yG4FgqFG3w,3,1,1,0
k5azd7T8eqESrOP9TkBjOw,2,0,0,1
yoQziUwhIFsKGNTOvpzsDQ,2,1,0,1
B9hP01A7AT4tQXv_nRozQw,1,1,0,0
8ciT6qjI18x9EPtOb-gqYQ,3,0,0,1
ocXPQsWEpC0KF6tZezEBpA,2,1,0,0
keBXqRRumQA-A5m4K7Zq5w,1,1,0,0
61pecmfztHO2SLs-WRkwVg,1,1,0,0
cIP1xI6j2wykUyHG0FOEsg,3,1,0,0
rZy_R2plYStLFyZR92WNZw,1,1,0,0
3AR0coEEReWxcbMxgS2DQg,1,1,0,1
v_OLzcpFA7vgVp30vxv2uQ,4,0,0,0
PlMJAouo0D0ZXHkCDj6eeg,2,1,0,0
3uew567ia84Jw0WmER7IiQ,0,1,0,0
zO2558leuUH9jeEs_8hfOQ,2,1,1,0
k2H--NUMZUivgm_McnVKzw,1,1,0,0
8_mXYs-ZOqDGS7ifAjaocA,2,1,0,0
MED1yEJMNSdwVMZG8e4Diw,3,0,0,1
HUwzarG0givckxXWTF5lIQ,2,1,0,0
Upy7hkpIACL8-GvBGa2FSg,1,1,1,1
7T7IaK6WGQccQS0UjJmmmQ,1,1,1,0
f4-sGXl7M2nQexKHJQQPNw,0,0,0,0
stZKe2beZX6Og1GtScYteg,2,1,1,0
hAoYfMzVhIKu-k-w-ExnWA,2,1,1,1
XTSqlsyCiSJRVW095PwXSw,0,1,0,1
eLTPBSiovhvWPMhnGK1ndQ,1,1,0,1
h2RbC1Lu20L1GHim_p24WQ,1,1,0,0
ZtEdhtbmBEoZN--g2h2mxA,1,1,0,0
LkMtMHVetws5_7QfRjPtlg,2,0,0,0
eFSX9UV5TSIbJMl7e0wpww,1,1,0,0
l9bKROPyMVm5cfQXPX09ng,2,1,0,0
juhlDDR-L_TgSPU5FVHIpQ,0,0,0,0
qqKenRVi95OsoOvc8xJyfg,0,1,0,0
X5ktZZOu3lcsb_XaJ-7NtA,2,1,1,1
pdeTqMHy2YUkFzWxvP1huw,1,1,0,1
HZ1nss1kZrSMLSRQEo2vkQ,2,1,0,0
JcsZvx-4yovFgCXOfd6KMg,1,1,0,0
ONeWWLO5lUiyTr3roQxN_Q,1,1,0,1
3IwCop28R1_L5jMv6AkL8Q,2,1,0,0
VjLwITncAngZjGnOL0prCA,2,1,0,0
pvcEAF7v6heTC0aFXogHYA,2,1,1,0
bxf23qlvFaEdm-MHC_0imA,1,1,0,0
JC7HF7jRVqULhTOTE2n6ug,4,1,0,0
-MmAW2x9vMGuhVcALU7QRw,0,0,0,0
-HVFJ-fD12z1evEExDPZ_A,1,1,0,0
d9-cB0XbM6NGW_-7DxDE3g,1,1,0,0
aVEFnVrZ_zw3X6A6k90P7Q,2,1,0,0
xzF47YDO44Dv5sa5bedPdg,2,1,0,0
wYEAocX0vkcGN-i5rSszrg,2,1,0,0
u8NZ-A_3mfYwKXo9KB2EKQ,1,1,0,0
ZrL5p18qbu-Ep9zU4YoEtw,4,1,1,1
b-wEkSnjS9VSSymJI7Z_5A,2,1,0,0
4DklwIICXplmiG22PGt5Yw,1,1,0,0
I3s2O5sWde89hTK5wLEsUw,2,0,0,0
BXx77WXfoAQaJnQuHquhCw,2,1,0,1
0xzmIBsJQc5eUNLucFrZ0Q,3,1,0,0
Tw1CgJ8MHax1orR3gBJl7g,2,0,0,0
NYpmDzwzAQyv0gQG5gBKbw,2,1,0,0
yHGE1n4R5ysN548RAe1-DA,1,1,0,0
9_P2oM43QIRze2VJpw_dHw,2,0,1,0
LUYnsuCLOSk39P2yfaTJIA,3,1,1,0
EbSX56Nddv-AcYlt58m0kg,2,1,1,0
dQsKVABQ750EIIoqWMSy8A,1,0,0,0
dwehZNFdzIMvOAKK7PsZqg,0,1,0,0
ERDYAPWmfzW3crptSbR3AA,1,1,0,0
j84mrl1I2c6mU4ltS3ofGQ,1,1,0,0
JsAR0hNX-5zA-CMsYW4NLQ,1,1,1,1
jEeJJdDhb8yOk9a-ggEhOw,2,1,0,0
wFnMOhf51su_yIcHWdCeLw,2,1,0,1
DPA9MQKkCqT0qnevsG740A,2,1,0,0
OqWYJ_GYHnJFpple7dUBrQ,1,1,0,0
88YhJ1Dfh8Y3uD7YoAxfHw,1,1,1,0
v2-3bnrCOjEdkJx9oQ012w,2,1,0,1
xHNLor7CQxwg__q3AV6org,2,0,0,0
gJm6XxUQ7uHlrh8Y8fRiuw,1,1,1,0
COq9tlt6lPGUiMbEpHmv_w,1,1,0,1
v-RQugtZbhnINBqrIZ9l9A,1,1,1,1
Mw1Q04VtMm3vG3pBByXRtQ,1,1,0,0
wgxQ7rnkLHcjITD3j6B_OA,2,1,0,0
yB2brwHDNOwaeazrq_dHLA,2,1,0,0
u3wBdbVJXkXA7VUpz_YuEQ,2,1,0,0
r1rphnWWkqUBqCFlGSMl9Q,2,1,1,0
sN-EtbzAnEI9ilHruasd9w,2,1,1,1
_PQ1cKw_ZtKrXNxCMgIeYA,2,1,0,1
l2J-R5MjzFTgj06dkSoyQg,1,1,0,0
CvGfyePXPjKt3btUj1h9uQ,1,1,0,0
6MIWAI3CX2HfGZhmWPHcDw,2,1,0,1
eof2qa2Eqws645CPu6GvLw,0,0,0,0
b13pUQ9-zPZtQd-9V6mFug,1,1,1,0
mRgTkfoI3L-89a0oNMGAOA,4,1,0,0
ls3r7doDW0p65cwMWxEIdQ,2,1,0,0
WiqmuzPxWGiWDPxdSuVCXw,1,1,0,1
ZtdCS8XjmL4P6BvMOIQWag,2,1,0,1
46F4FywjDlqMiHG57NF7eg,2,1,0,0
KdGkP141oR20eclgA_VFwg,2,0,0,0
QyFciCaAJkniP506PP43ng,1,1,1,0
62HlThvB9Rm2QFu_OdXe7w,2,1,0,1
he-JIuJSUxnrr04iyycH6A,1,1,0,0
lt-_7GYVeurDgLZhstRkJw,1,1,0,0
Nh2fgoaTl3TMP8OBoOOFEA,2,0,0,0
bQBgNy86IIJaBpaQLxq_0Q,2,1,1,0
jZLFHdhD7XDeUT6KZZp8Qw,2,1,0,0
gRdBkmXdRqUzDMkcMtt7rQ,1,1,0,0
QOE93SXgKd8EsaUT-DaXhA,1,1,0,1
VIDVASjenNoR2UHEo9oQug,1,1,0,1
2sdU3Fq3Wv2XQycJoJQArg,2,1,0,0
G7FRxL25QFiuVxUeTmKXjQ,0,0,0,0
TBOKIAMxv0OHKJbarNvSeg,2,1,0,0
G54fcIaoI89tc6X285suRA,2,1,1,0
vJYTDv0wOM5GlWc5cBkDYQ,0,0,0,0
wGwib7KvPzs5_6aPCk_Fzw,2,1,0,0
RAU2fPJ852Z241SXP-Wfew,1,1,0,1
_W-qUlstqSuWZzvIOxTEXw,3,0,0,1
HVzH8CO3e1-tjr97cF_8LA,2,1,0,1
cKIbCC5OVmrHIh8PawlI6g,2,1,0,1
JDhptB4mdm8ktmyB74NnXw,1,1,1,0
aBji25npHv54Y5WJiBXX_w,1,1,1,0
Fh97xI2CMySZnT1hCNpWPQ,1,1,1,0
bT8rUptbdDGVwdTIMYz8Ow,1,0,0,0
fB4cb6uvz-QngtYP0fbfAw,2,1,0,0
RgYglE1ins04INwpa-4Fqw,0,1,1,0
I5CKfLZ-hxriv5IzHLvNGQ,2,1,0,0
kBAsDEH8iQ5Gzj5kQiy2_w,2,1,0,0
1yAbNyUgJhOjCz9EcOCWdA,2,1,0,0
NoSj3hV8Rlz_gUsOL4_EjQ,2,0,0,0
d4bVdEDwxmyB0M-w5vNNPg,3,1,0,0
ykWgO5-yOUMYRkx0NlU18A,1,1,0,0
q9GRVuEPoFhvA3NoscW0ow,2,1,0,1
f0FQ8tQDZr6Z2osI-MtWWg,1,1,0,0
y_3Csg19MnwCX8M_aMgMHA,1,1,0,0
EwUM6gGMBhrjOef0wmqKJQ,1,1,0,1
MFgm3Hc-348wR9xfKP_Zdw,1,1,1,0
fr6ojHDZYrpUQl7kVGuVJQ,1,1,0,0
AedKwfr0VdNj7Xmx70GW6g,2,1,0,0
VvYRWkQ7u1vVHJYjLhkRlQ,1,1,0,0
CrwL7Y-jdzno4mmV7CN67A,1,1,0,0
Ommd1rfNPVKPL0KIfl75lQ,1,1,0,0
FdrZJQL_FYKqR96L05gzcg,1,1,0,1
3GFwQiMc4UB5rMSi4HPy-A,0,1,0,0
ZQn1OQUuDMBG6wd9LLe81g,0,1,1,0
YFEwCxc-9WRRVGgRv_-p7Q,2,1,0,1
J-sDzMdEiKouFILDeV8iyA,2,1,0,0
r7teFFSvlb8VioRRbHCP-A,0,1,1,1
BYQ6Wfh4hhKKLI71qhDWIw,2,0,0,0
OmgxgqtB7L4UEUXNi5X3Qw,1,1,1,1
l5NUIeAo6Fk-Vx4nm3Xqfg,2,1,1,0
XUXczemir5J6L72pd2LLTQ,1,1,0,1
HyN6Aj7xcGnIewNwaUko_g,2,0,0,1
ZZxgrXYDC6RIPrWCl9kdjA,2,1,0,1
9WuE4W8bEcVX9ZDn1PygfA,1,1,1,0
f_MsP_ohwcNvHk6qGv5CdA,1,1,0,1
bfmz_fm-9yvcAU29k9CD2g,1,1,0,0
wi0nS1khzy4iLUGwgRUkcQ,2,1,0,1
BuF6wbOCTZ14AuA8x0sGFA,2,1,0,0
EbP8eduNl-aEy2UVfs3zJA,4,0,0,0
5pxRAyPz1PrW2amW7yYaxA,1,1,0,0
ZgrKt3GU8vYyeE7pqSUkkQ,0,1,0,0
v-EcHg9QafgFVsDQDe4EKw,1,1,1,1
j3gHxxRLQP9LI10dyFBPIQ,3,0,0,0
U4ZvCExEi8Chtzu9IVrkCg,1,1,1,0
4LXZzgsrM1ZyS_-uB9Od2Q,2,1,1,1
Vq36oaAd0wljJtRj8cgU3w,2,0,0,1
aJGwNNWwM19OuvAvK4AKZQ,1,1,0,1
CMdfStxi0thj-ZLa8qD3hQ,1,1,0,0
lkHSRUAv1Jv-U4F8ayzk0A,2,1,0,0
nzUvzv8fOuEioaOlL1G2uw,2,1,0,0
whlf80TxfwYCPSMqmXXpjA,3,1,1,0
rp5RXEpoAj-k3c4_QP6LMQ,1,1,0,0
etguV_MsaalPtAIy999gPQ,0,1,0,1
hU6sN5r6vayqm_RMgvPGOQ,2,1,0,1
ZrXYLXcEcDvYYBErmafobg,2,1,0,0
U3wxnGKk2H4uhBkRmXWGZA,2,1,0,1
LjZ_JdhxSzzCdTqisU_Law,1,1,0,0
uaCYXxCsZSD3KMg8XiOdwg,2,1,1,0
1nTMWMa6v-eBKkPYA3gxkQ,2,1,0,0
0XZkaHXjxHAhJc_jPtoJCA,3,0,0,0
Yv2hfGhK4-6tkwpmMCOgSw,2,1,0,1
5kIHNfjP2oWvEm3oI5wVeg,1,1,0,0
-nTx2BHQsQvSTC9IuTdfmw,2,1,1,0
VFVyecs0nMFA4xizXkzvKA,2,1,0,0
F8xyyUMEU7s98zLhviR5gg,1,1,1,1
dqLo6yZ7NMyV35ldGJHdzw,0,0,0,1
pUUgVNS5nBSoCJsBa3fDGw,2,1,0,0
78TC3sZSYBzBsSJ0z5pyhw,3,0,0,0
gV63aLTQ06Nff0GzJ0tcUA,4,0,0,0
C0ezXYj8RkVaplq66n-TeQ,2,1,0,0
0ifI4JjTKcgfBSQiAnMmsQ,2,1,0,1
pHA8wyVcrkhI4wQ3mt6NHw,1,1,1,1
KrcXBdIlqJ4tiaWNqketug,2,1,0,0
SHwTgg47dInOoT3awbvrRw,0,1,0,0
uhb7nSskHRm5RFbGkGlGwQ,1,1,0,0
JOf872M0OWxX18qp9fTfAQ,3,0,0,0
yP3tjunvqenEiKSZb9mwmA,3,0,0,1
rFs8owHtutwwlqpU9pPIsQ,1,1,1,0
7BZ2NdkysVLgWScSEvhILQ,2,1,0,0
YIbsxjyP2jNzoH9RlxaSYA,1,1,1,1
SrCJQDmIRGxXll9d_RkR3A,2,1,0,0
Cww83XXwbBABUbeCGSKWRQ,2,1,0,1
P4Plzlfm4uJjNmH3wY4W1Q,1,1,0,1
e9qJuXOJx4siAYd_G9THFw,1,1,0,0
ifRadEJatro2aQWaQH4kAw,2,1,0,1
Rlifs7gFkxroy5NzMiHY0Q,2,1,0,0
QTSCFDPcuROE8UCvGS8Fiw,2,1,1,1
7aAg0v3vOw3N3KRNlS1_tg,1,1,0,1
mYsswaRTS-5NFUifYCW0-Q,2,1,0,0
Ndozr_--5-wzyDJ2T7TfpQ,2,1,0,0
_fTBHNW58xuw0MMbgZTz9w,2,1,0,0
ogNJTdKs3YG0wlxjWfa_-A,1,1,1,0
9X67qSbHnfYgx_Df1zZFnA,1,1,1,0
wyP3MWt3Y1BHZbgz7QyOTw,2,1,0,0
2j5hnwYzS-YLJn6IFqloCw,1,1,1,0
v414rGFU9GX0wpcNXLbXOQ,0,1,0,0
IhZnvcmy_3qewjaFT_CImA,2,1,0,0
6HTqJSuWOBV6CSE5W8X7aw,2,0,0,1
OaO_5YeBF9xBXmcgG1t0WA,2,0,0,0
7xXaO9deBDh_dd0JQjA-Qg,2,1,0,0
1jpYP-JNOEYCMIzP4OlGuQ,1,1,0,1
6md5a6HzI8oKkBTaOecygg,3,0,0,0
8yjGIa9pv2AWaWqxlt4DDA,2,0,0,1
95HYvw-Mo6cUR3QN0SjQtA,0,0,0,0
SHtvOqudT3zlOdCnZjrXzQ,1,1,1,0
ltl1WFdxYcyKOCnV6llQjw,1,1,0,0
3m2XZFVraCiqjgLxHi5MdA,3,1,0,0
uQbMjWAS5HFCA3e86V-rng,2,1,1,0
FZQ3O3sxICy1HaJLhPbGYA,2,0,0,0
LKeKUAHG-efbhckXsV8iKw,1,0,0,1
jvwzhzA9vsfJHCdlbLkHZw,2,1,1,0
Ct5bB61mRmHUdXhqL3rm0A,1,1,1,0
LC7sXugc_BkKuZa2ghUhkQ,2,1,0,0
mXuxTKtDR49msFrNGXUaTw,2,1,0,1
sYx7UnIj_iP3QwqJoVq-Pg,2,1,1,0
0MVUQtakauK3qKqfIcQWiQ,1,1,1,0
FcEpsffXdHAr7_D8V5kCGw,1,1,0,0
2Xc6cpbFM6bqKkgz6bV9kQ,2,1,0,0
o0CSAXG2N7zYJW1AlZoKAQ,2,1,0,0
iLPDJsSBF5n_YGBJu3bgOQ,2,1,0,1
Va-VdrGmGiqJ4KfLnCk6Yg,1,1,0,1
ROAhwL6lyogjyD3BdmFzYA,1,1,1,0
WleVOQ9YhBYl4SWrlsLDhA,1,1,0,0
qx8TQlxpEmFrQuNLel4d-Q,0,0,0,0
fewQMEWjE3IjW_knrKs-tw,2,1,0,0
8WtBDVQLRtnI1_yhmzT16g,1,0,0,0
-xbQQR_ydEJGqYzHSF4DnQ,2,1,1,0
GqWBT6OcQ9FXTyQ3eegpZg,1,1,0,1
rHEVabJ7O0ztH6f7wgoO_g,2,1,0,0
4YPytg3JVO-vlzx4tBFHbA,4,0,0,1
-9u2uFwhlj3Yq4mG5IweoA,2,1,1,0
DftK-qzebIR829HozNYfgQ,2,1,1,0
QfD_KzfBGRZ1OLu1Vs1rrA,2,0,0,0
kZVFHKfAEXgysJdyOkJ3EA,0,1,0,0
1baM3j-bqzUJaqRM2z2PtA,2,1,0,0
hCeDhb2p5L7Nkvgn7WeRCw,1,1,0,0
QFD-feElC5BnA4fbuChtIg,2,1,0,0
BjRi5W4tESsLRwVb85GIMQ,1,1,0,0
kYtk8YSBtSuwXcvfoRMyoA,1,1,0,0
qyOALwyMLbXKSt38glZ7yg,1,1,1,1
UNA1y10Lbi0O3_KT8LMtaA,1,1,0,0
kCmUTthR2Z7O7wtUqZGXug,2,0,0,0
jzK6cm6mSG8wjJWbAqwVbw,1,1,0,1
lMvz9E-JO3pajoTLAh6O6w,1,1,0,1
eo0kCynPIkYJL7WnsqFPQA,1,0,0,0
Gt-T8XbgbvFw5KeLpmnSLg,2,1,0,1
jsOGd-P1BfoUY40yY5l59A,1,1,1,0
qeE4XzK6hut5OShMy4wZqA,1,1,0,1
dpcGWwukG1bW4lUhbxhviA,1,1,1,0
drrTCw8cVmda9BZ5HjEiOQ,2,0,0,0
lLj9ULb01sNIYDbYbeUqhA,1,1,0,0
mr4FiPaXTWlJ3qGzp4-7Yg,3,0,0,0
idcJ81Duz_UXM_y21DbPvg,1,1,1,0
dPWgvF0SjDRTd2r3hYDTWQ,2,1,0,1
X-jY75pXPS-qFp8gRBPaqw,2,1,0,0
JcylKmZDMVfI-2_NDo5obg,1,1,0,0
v2o2rsEDfXVCtmMGa8gPBw,2,1,1,1
xiyIDRoyNb5ymi9SGQJs3g,2,1,0,1
-P8dGzSVhJi-5oZ-8U2y0w,2,0,0,0
OkVMClUyAyi46B_cCib4ow,0,0,0,0
41bFOgvQ1ca7YTaI7OtnCA,2,1,1,0
E7zuWvHH3XoVKJE8yEGIyw,2,1,1,1
Pw810UknCf7fhjNIUSrVyg,0,0,0,0
f5AenP5rsrnLo9tKtenIew,1,1,1,0
4v5ZLpmNn13Mze1w_XfWHw,2,1,0,1
kYATtIsqVEoawS47UcSlDA,1,1,0,1
0IbboCQAEQlROAv5PKKO_Q,1,1,0,0
_ixV2SWDy7w8jzEAHp85qA,2,1,0,0
mls_XAqNbqgGHvaXvNcFyg,0,0,0,0
LZSyWy4IHgXg6QhW2jrBlw,2,1,0,0
U-zsJM-VN89i3PbaIbKmJw,2,1,0,0
AxeQEz3-s9_1TyIo-G7UQw,2,1,1,0
eJCDUkFa7wl-BHYKZzaTMQ,2,1,0,1
DKMW5M-VI8QKA9YFuBvWtA,2,1,0,1
IsGsZ95WHORUYy7vM_JYAw,1,1,0,0
G2unb0jq9lTutaVS9r1Jyw,2,1,0,1
PPubJ0Nre_VIody7aj_ALg,1,1,0,0
1V-mRUpVnIRq6GYymT_uyw,1,1,0,0
qdFDQXLgADqmWKEdlojM9Q,2,1,0,0
4AyecI5Hs16pk-bVej-CJQ,2,1,1,0
_8yxceldCT7oe0wJC-yDPA,2,1,1,0
zCtKMafESu__tsn3Ur_TqA,0,0,0,0
kblOOOjQ_36RL-r8yjse4w,2,1,0,0
igU-mCXzyn-gmwSzJgeMEQ,1,1,0,0
qHFlEo7ZfsBQrDr7rkIJAQ,2,1,0,0
s4iKGMZeL5Rf-L3yA7l4UA,2,1,1,0
IR21NrXBSkOXSntPKtgEZg,2,1,0,0
N-cHjphzli3QGGiSosfLgg,4,1,0,1
FclR3tCyp3wPCZoxHXn_jQ,1,1,0,0
0URIvKxCNT-AVgtdYFAX8w,2,1,0,1
I2eDD2DK0TjgntEK0KzIbg,1,1,0,0
fo7dUMSGvbBn3aa2df_KqA,1,1,0,0
GzFwOScz1yTkoQWxlxI2hw,0,1,0,1
HJ6SjCczEIYQr9hR2lv00A,1,1,1,1
Ysz-Xvo6QT9oaQDH4ephlw,2,1,0,0
acvmtF41s5Qa1ZNadUV0Dw,1,1,0,1
69SHzcXpZCuLwCG1X4l4_Q,4,0,0,0
8fjF2NIPSM0Ar1hed2tdog,2,1,1,0
hSVaGIZzNCReeua-nDHLiw,1,1,1,1
v38zwJvJiLv-yC7uEhhcKA,1,1,1,0
ykKzoxBpRmYBTyW6NXxUqQ,1,1,0,1
ewkZj2cKq5wBB2TOqj8Mug,3,1,0,1
iQJ0IvKNbOh_6DSkUCv9dQ,3,0,0,0
L6RxkP8dneVGelDLUhjCug,1,1,0,0
rZwq4LBO0p9m9zJ2zSEKNQ,2,1,0,1
9Uju4PPwIKNrBUOfsjBbkw,1,1,0,1
5D42Nmr2ikqFuj3O-lKRYg,0,1,0,0
5D2lHX9z-psWbH5Dm0aZxQ,2,1,1,1
BxwUDCVbBH0supUQ1wNslw,2,0,0,1
BS0GcQ1kUag8YJ2qcBH2lQ,3,0,0,1
nJZK82jCm45_cJflW_pMKw,2,1,1,1
YLzQJESNAPjizXMQu4FlPg,0,0,0,0
jspgVJaiyobeUq6EMhmO-w,2,0,0,0
pgvv3Fi0HiD0ateqLcqyZQ,1,1,0,1
awvm-GLlweg1HgjaR9ltRg,0,1,0,0
IycHntUVv2kyIo7w9FJWlA,1,1,0,1
h84tU6REsM1VzyUCP0Ss7Q,1,1,0,1
KskYqH1Bi7Z_61pH6Om8pg,2,1,0,0
8yuiiWDfq3yJI6qpa99A1w,0,0,0,0
G-O_a7168Id7E0wIgHKtVw,1,1,0,0
2BbFeotL85cIaBjSq1SWiA,2,1,0,1
vWHKGoI4YnH1_Bju6Fm1OA,2,0,0,1
nDSNoz5PBwn0djGqrppj2g,2,0,1,0
y-jepn_1nL1OipL7lNnRMA,3,0,0,0
XmgdFa3G_CZVfjtQEJMZfQ,2,1,1,1
-ilCufjKjeswCLyIrCtuqQ,2,1,0,0
9tKSEjLCJowSkxze0NiFig,1,1,0,1
_3lIBvmGuRzry5FNN1WprA,2,1,1,0
k0ZUrpL789RZb1QuaE8_Uw,2,1,1,0
GWva6TXiI4ZYejGTx4gqiQ,2,1,0,1
TOCxDNKKG83sCrO76-ym0Q,2,1,0,0
wmw_A_-1kFHPkzSBdsul8w,2,1,0,0
SWS5gooAPjG3BITQyNj_Qg,1,1,0,1
QxtvTC-i4kX1raUXCuaxbg,0,0,0,0
ygJshif4VuxL1ijnRJnuYA,2,1,0,0
deI84pfI76aKNBckQBPwhA,2,0,0,0
Zqf9RJexzqqynVAR4WHEFg,2,1,0,0
CrfANiUEzY0ZkvhQmtDiSA,2,1,0,0
B_SA4Ulz2_pLpbS8qHZkwA,1,1,1,0
hXPUQ_LixjhuUiD33mN6Vg,2,1,0,0
pbMrG6pc-dh5yePwYRNa2A,1,1,1,0
QxByT5k1Og8LgddjHI9kag,2,1,1,0
Y07qIurPKiUJDnTZWxZN2A,2,0,0,0
4pUsOe7T7FHFRPhKAa-M0Q,2,0,1,0
JwtQWW1C_y6GhLQzNghrOw,4,0,0,0
l1GJnB9TJgGgEeI4at1M0A,1,1,0,0
oCAX3BQqnesqxSEvYw6s2g,2,0,0,1
PVveyZsT6nwhRZIncbrWww,1,1,0,0
D1J0-sFI1ul-9l3CwjvvwA,1,1,0,1
_HVZ1V8IDa49MWdejx9BbA,1,1,0,0
rU3gQnwoCx_bjDJEsxathA,2,1,1,1
y_aqDIAW9Nv0E7OI8tnPZQ,2,1,0,0
PXjFfAdj7ZJ6M5Rm19lw3w,1,1,1,0
G9r8bucB5qq4kEflGukyTQ,0,0,0,0
iaYDke1_HXaJMoT3JvYzig,2,0,0,0
ebYONOzrccwssIuAbY1B7w,3,0,0,0
g7EMn2tfrmAKBW9rQQeeEw,0,0,0,0
4-YKQyhDR2bZ26AYgZ7aFg,1,1,0,0
ahfAFuFHO9tfFkoBIkVdmg,2,1,0,1
9ybyFfpTnecSJzg8cbtzRg,4,1,1,1
7W8NfY5eKYxrLtfbpkWouA,1,1,0,0
NMTiQ74472-sQFPK9aITNw,3,0,0,0
-LVpf-mKjrWT51JgCY3gRQ,1,1,0,1
YZHOLWQ36dbDwI78pRmaTw,1,1,0,0
86d1M8MMrb94n5djgKWqEQ,2,1,1,1
rAge1m9u3SmuY0-KrQCAUw,1,1,0,0
ckrkcoE4yxEJwj2o65MP_g,1,0,0,0
HiUSB5_OqtN_DKJST3JZmw,3,0,0,0
QdbwZGnBWdkdN2XAG7rwLA,2,0,0,0
v9jNkOIBfP4aW2ru50Rn-A,2,1,0,0
9G4CrXWWkpbUyptP8iochg,2,1,0,1
X3zFSrTdOXZ2ZXFLrETyIw,1,1,1,0
yIiply1esvaWxY36vdh3wA,2,1,0,1
656XUeBmMzyvU62yYHptxQ,0,0,0,0
R1IeUbdKFS0aC1QZDT1_Dw,1,1,0,0
W7fgRvyxdjr9v4YXLinZtQ,1,1,0,0
owfd8FWiwn2zxITgYmtaaA,2,0,0,0
IR8AucYNTmHPxkENK9q_nw,2,1,0,0
Ic8re_L0sDJkj3kwDTkahg,4,1,0,0
HORILLsQHEMc5o9bIoDJMA,1,1,0,0
tyCOrWRRqrg6sym4lKkVZg,1,1,0,0
RcEKCs4v_gj2uN3YHcCkKw,1,1,0,0
ogVW7IF0oC-YEQA_fdSPLQ,2,1,0,0
bcpCJ7q9_HXO53eaeuIZrw,1,0,0,0
SsNwqMQl0tQrZ5MvBVnceA,1,1,0,0
38k_heLKR2J5P7JKV2AonQ,1,1,0,0
n8XlV8E3BUBBF1gCe6mvEg,2,1,0,1
0eZHVYDyACtVVOIgoBlV3g,1,1,0,0
tuv-XKXejzGNzkRqNFCKiQ,1,1,0,1
jfUarAupxK2BwoYj8hjQVw,1,1,1,1
w2H8483LFXrth8X-cpku0Q,2,1,0,0
vBdlvaFFlRpmeNxIQbrpnw,2,1,0,1
xGsMUrCRZImNks421EDyEg,2,1,0,0
wxB_hjDMc_-TFMdQqAUYdA,2,1,1,0
yX0pOWG_Be9TjGnm0aihVA,2,1,0,1
C7XmsCURQH6XIpkXpkxLhQ,1,0,0,1
PbNKg8t_VNKzxPKydtkFDg,1,1,0,1
c0ZerP3dvw3x2IWXzNKDyQ,1,1,0,0
0V1cInGtsWicRkgoNx7imQ,3,1,1,0
2cUWtkuu5ylH1dOvYguk1Q,0,1,0,0
qW670GkK3WdOr3gQWpUegA,1,1,0,0
1muT5zEqoC4qp9ms08qJtQ,2,1,0,1
E35tgfjzj5P5PV_w7Kgu8w,1,1,0,0
jjgXp3WDOdna6B-jg2aPDA,3,0,0,0
Cr066pnTj0ioEMZRTHgMOw,2,1,1,1
ERX_Dz1prKPk_qXtFhUsAA,2,1,1,0
UvF68aNDfzCWQbxO6-647g,1,1,0,0
BN_GVKaX0jnaVI4Ar1iV2w,2,1,0,0
coBLz73uWQp1gbMQGkvM3g,2,1,0,1
R83kD9NnaSjb9j3TrrZfOA,0,0,0,0
EhK37wNBtzk64S8kksL9Og,2,1,0,1
95TwO5NbFeH7Kz7_OYr1Ig,1,1,1,0
a6asAPtLHfWG871UBizACw,2,1,1,0
s12oLxflAR5DEObZd0VASg,3,1,0,1
VOm_VVok4zS_tfFaz6GQlg,2,0,0,0
MDSQf7tnGLjeOcujX5DjHA,1,1,0,0
VEcI0bURmJtf0B9UPSEMDA,1,1,1,0
q_6nESzuHPGpS-6Q0hCeww,1,1,1,0
lAUFPjJPgoiIxrv71nVZ2w,1,1,0,0
IhsCjWwPeG7_vhy3YPEBKw,1,1,0,1
t3DvBmKaRrUzh5TZ0WC3Aw,2,1,1,0
xWvs1-iNlJtw3NTyWl2BbA,2,1,0,0
DC7cbTCfkNmAaTmYDpV38w,1,1,0,0
YhCAJ8acd1X7GkCHPhD8Xw,2,1,0,0
OAmRh1fSiTgtR1e0D4JsVQ,0,0,0,0
L-flftwvkRtuglXENo47AQ,1,1,0,0
vAuzGR-ufeLu3Y_U5UlO_w,2,1,1,0
NkcT0GT7Xt2mtvIgHSxOcw,1,1,1,0
-0RRiWDtfnS16AKCtfvBZg,0,1,0,0
tnZ_qZtKcrCWXA8XUMRF-Q,1,1,0,0
B3GjNu23NqsbGnhcth_MNw,1,1,1,0
dn_ipqbm7_jUz5X3rDez_A,2,1,0,1
g-hiWN6W8JvLxXUL9W3CqA,2,0,0,0
hswjarHSdQwN8Tk8TC5tEw,2,1,0,0
mXtcO2phv1wYcI_OhL6D9g,1,1,1,0
S6TP_aHo6d7AkkBBKe249A,2,1,0,1
eOxixaXxmFjCxdlrG1-B1A,2,1,1,0
-8JaNeG3etLgOVyg2gOIiA,2,1,0,0
MrjrxvceYEo0QPobfkp19w,0,0,0,0
7KZbZZtATEZEPvqwNjq7Sw,0,1,0,0
1LCjdiV8mdcAChsANnTrLw,2,1,0,0
L4pcTSCkh1YmAXhAAggWKA,0,1,1,0
RVt3dKDevhEs0gVMYeL6_w,1,1,1,1
O1RT7gIIFGwGE9OKS7dotA,0,1,1,0
TZM4eiv3CtR9CBPtknXgDw,2,0,0,0
G_ixz-lp77f8zY5jghbFdQ,2,1,0,1
st9MruZ-ETZyg9InSo5B2Q,1,1,0,0
HkLoNKk2aYhuUKgKCNU0tw,1,1,1,1
WehrrRjldUMRyd5CxQ_uTg,2,1,1,1
lRidtP8BPrIy7QvFCWpDpg,2,1,0,1
W6GuGdmaArR98U0y6fvNVQ,1,1,0,1
qIF_4ChsmJkCvqVQv_qi-g,2,1,1,1
MLaUNrBiiBo11RP1kaV8TA,0,0,0,0
lsLelczQjIZLHVt2-e44lA,2,1,0,0
WsJrIGGGo3qqrpneFeHx8g,3,0,0,0
l09JfMeQ6ynYs5MCJtrcmQ,3,1,0,1
zxVw9U56heInhfyprhkxIg,1,1,1,0
j-DYRh_l3sv6MKhfaiidXA,1,0,0,0
ORp9PRTDtalvEGL19Wco-Q,1,1,0,0
9CGmq4GMEyyPTeNflnW0SQ,2,1,0,0
Qz1MaUxveZBh58BIoir2rg,1,1,0,0
ROUjTKM6H56_hJqIDKrjnw,2,1,1,1
1qUzvlZLyT_ELWnIokUTJw,2,1,0,0
lHbFwqgVSaI8ahKL2Ua5dw,2,1,0,0
uTlDVK8-7VwpLhHnCRTCLg,1,1,0,0
H7zOruqfCZlNBnqtotqDEg,3,0,0,1
g57cnMjtoAtH9QYhL2SZog,1,1,1,0
eC_279B9YmCELFykDeKxjQ,2,1,0,1
eNcYNWN1e5zgIwxebVV6PA,2,1,1,0
_gTCSiYSQtRNSTmKiMOe4Q,1,1,0,0
1UdRVfBlE3unETOu7BDCvw,2,1,0,1
9cvNWTKOXRrJDcf8LphP-A,1,1,0,1
jM4Nhkmh1ZjxkFVQVh6shQ,2,1,0,0
muX4qU5C3EgKIHdXjy0UsQ,2,1,0,1
blLNQHrgAKR2md7MMx2pzw,2,1,0,0
wYGILr1x6erxRzWZIZDEvg,1,1,0,0
eRlqiS7yhs7zIsnPLFWFQQ,1,1,0,0
UzeU5WjMdvjnsfTFX8YrRA,0,0,0,0
lUSAupdaVSoEaUO63RdPZA,2,1,1,0
arGniOYnqFcK5ixp-KO9og,2,1,0,0
sV03liLOhDfPft1u3XSR9A,0,0,0,0
7Uti5EeAwm3drG14KVrE3Q,3,0,0,0
Ds7KCTQ4_uN4VCeEiwX7yg,1,1,1,1
mdEkl6kDxMrg-n5s6y6Zhw,2,0,0,0
5EnHfzuyBf03UhJH4E4mAA,2,0,0,0
bw5xERiI3UpiWh2gert3lg,0,1,1,0
6jh0A5KphylHbE5VMJ8zIA,1,1,1,0
ExrZIHEnesi-WH8t0iD-Uw,1,1,0,1
8oOUIbIrscMlf4UOTRn20Q,2,1,1,1
46ud6EO8tIlgnLnhLN2Tvg,2,1,1,1
GHrAwy2r9_JR-1OP9Toeyg,0,1,0,0
CRJGkRhL8maqh9C6_xr2UA,3,1,0,1
tGLz8WfLwSi221wgNh-0qw,2,1,0,1
GjEbrETDJf0KPHQWvWkoqA,2,1,1,1
mQkzRJ2I0LGG6Cv4EbEjEQ,2,1,0,0
PtQsrkpKmRBVRmWjax6eKQ,1,1,0,1
tjYHsz4ydS6GuBSv-uifQA,3,0,0,0
_3IE9guLHvAr-kJpH4Zd7Q,2,1,0,0
dCCMinVIJodrMAB1bbh3DA,2,1,1,0
zGXO7B16FXxjc_P0rst7rg,2,1,0,1
mMCLCMnerDC4zNV8NQ_cag,2,1,1,0
6ATqm_JXesXAdKKjeuQj7w,2,1,0,0
9tjX_OuFofQxLTh9pky8KQ,1,1,0,0
BpUM6tIvWnrZX6sT7aaZKA,1,1,0,0
0kD9yJIB2cmvOh8-WbcO_w,2,1,0,0
7k6uHs6oPyh5AuaqrhC5yw,0,0,1,0
0c6PQILCLwRZ8FIB4AEsGw,1,1,1,0
-Z7Oxv9nuPJI4ov4ufvvdA,1,1,0,0
BjoG1A78mIEl6on-HNSilw,2,1,0,0
7P3Z4HTUM8M8Y9Yw3cc7Pg,1,1,0,1
Jt0RkIIABxK9LbCLvxeSqw,2,0,0,0
3A2qKVdYmiq9Zeq9odGI0A,1,0,0,1
J2nCJBrGn4EQT1abnBHaUQ,2,1,0,0
W0S5mXOSGHUiOAW12MQzbQ,0,0,0,0
_lW7i2zGl54a6XtumbtZFQ,3,1,0,1
k28OVH_iA7vI5dPtfNH2Zw,3,1,0,0
EKnU3om0PXGdkWfGnTM9Zw,3,0,0,0
o3Re9LeqDZvVURFUGndwEg,0,1,0,0
rzV_rHsRdbEtRwCKm8OoIg,1,1,0,1
CdKkdrg0HtwfoHEZyeq1gQ,2,1,1,1
UAEoomKQwpiFhaJSzrboQA,1,1,0,0
aBLQxmSlqkahg0BEokTPKw,1,0,0,0
aXVOrs-vYxokOHFcy4xZHg,2,1,0,0
I8TOosBLYKxZMAYNNyGEyg,1,1,1,0
Ib-WbHVHp_e1PZnU0P6JfQ,2,1,1,0
sV_8f7ChS4m8LxbQo4Nmdg,2,1,0,0
Oh_mShbdmaoRX8iZVdE0vw,2,1,0,1
KwnxHbWO8jw60fnzEawFdw,0,1,0,0
Qw3sC3gKTXDakgGmBZV5HA,4,1,1,1
zOvZaiuzxUBzQE0Uecg-aw,2,1,0,1
s0mv3GYqkoR_BGAlT-4qLQ,2,1,0,0
Z3owSx_4NJerX08DO5FOtA,2,0,0,0
0gEPvzMBpVv6M75cdITSGg,1,1,0,0
pl0KAXaQbYN6B2CV_Y3vnw,1,1,0,0
K99GG6-YZp5JbIe4oPbRsQ,2,1,0,1
4itFChF4I-d2Mkleyh-tvA,0,1,1,1
LLD_tG7_Dyg7AsTJoQ4ZNA,2,1,0,1
ouK0VptyVbggm0Z7CbXjww,2,1,0,0
G8vo5r543nQyTC24VNpBIg,2,1,1,1
EFSrUiPzbKgQd73xru73MQ,1,1,0,0
uz_oEvOowbX8xWEQkGyZxA,2,1,1,0
Ed5EiltgiPVaIKPHILRd8g,2,0,0,0
aIBPN-DjQj0rrPokHWGOaw,2,1,1,0
niKwlIH1RUMUkEGNhkWUTg,2,1,0,1
gKqzpzg2MmINROrgWqalOg,2,1,0,0
Y7u--YGHNRtB4rdWKmP_NQ,0,0,0,0
iu1V76zUh6qcQ0q51TR66Q,2,1,1,0
UKmEEicyPHSiw3Nu-SrLMw,1,1,0,1
_TpHX3oQ_ZXdYiDDhFA3YQ,2,0,0,0
icsmeOong1Ac5AcwKKuqgQ,2,1,0,1
OR4RDOkG3NEvJ-eB9_V_1w,2,1,1,1
Nk88s1VuIfl3O9SFZnonCg,2,0,0,1
k_SfP93Tmlpmx-5OL1JmTg,2,1,1,1
ZNR0dkujYDCLM3CqtI9w8Q,1,1,0,0
7MOYd-vtSgc5ZARyyqC4bA,2,1,0,1
PhdbEJEHGLtKs-nSFM3Kxg,3,1,0,1
BgJNmjmw7YPgcgN9P9G74A,3,0,0,1
zwMg7Qey7suZIw31S3jKmA,2,1,1,0
Jid9PshqheUXFtouXBA7lQ,2,1,0,1
TMqkeXpVZyA124uApAwpFA,2,1,1,0
4MuzCfftvp_QQsHPqri5Rw,2,1,1,1
tDXCckzWdOhz5gwV_REYOQ,3,1,1,0
VxZQKw6fJzJUW14v4dWKXg,2,1,0,0
5aBEf-LO_mic_CMqLLbDaA,3,0,0,0
5X9wKjn8KneOKqemUTjB5A,1,1,0,0
_BkpuQVbJTB6jht1eGvlNw,1,1,1,1
YQYKMPLqJxFzWZlSRTM74w,2,1,0,0
SLD5QYRCOgP2UDscLyrcaw,3,0,0,1
X_qqvaCL9zPxDf_Xp150nQ,0,0,0,0
Ielwatc9VDHFwSAgiK51ww,0,0,0,0
wlQCPszSqUi2xpGqZsWjLA,2,1,0,0
aghOCY7m-I_8tNA9FnRcjg,2,1,1,1
kAVxFHQVEEYMbOI71sMNiA,2,1,1,0
otyRCkvK6Kd8Gt2Va-EzDg,2,1,0,0
AQ-H-lvkoB8DOFYdRmkceA,3,0,0,1
VMXqRzR3-SSVDVcP6VY4ag,2,1,1,0
p7FBqdHN2nzS0S4wGlqanQ,1,1,0,1
26_tunWERRkQBSBwtWoFTQ,2,1,0,0
_HrCJz_uXDumBhdxCrug7Q,2,1,0,0
zblKqBFWq7HMACwacMpzig,2,1,1,0
xHFIFxWvny6CDnKvNk2UKw,1,1,0,0
fwDx6uoM2SWtddARwAds2g,3,1,1,1
oT_0FoEqHRgfn4ht8PWUKg,2,0,0,1
FFdpKTM9_vI0jCs4jdnMgg,1,1,1,0
5PO5ZIHIcaTNIiHNoRKDqg,2,1,0,1
sfGYIlU3ji6V3c0aWyny5A,1,1,0,0
FuNMqkKUGzDnX4XJcJee4Q,1,1,1,0
BcK6nlLOs0RC3hxeVLaNdg,2,0,1,0
DR7KoX4alg12vwIOnKjxbg,3,1,0,0
r68Ug3Hfbfx7D5k8fCgQig,1,0,0,0
WKbfG_4203Kn__5rHFk9Gg,2,1,0,0
t3pKESVSZ34J36XQIsiZ7g,0,1,1,1
hECDS3dN8mDml8CCYN_MaA,0,0,0,0
vFnzV9uy9nEXFQgkSuv_AQ,2,1,0,0
zSicVxnJHV8indit0oFuNw,1,1,1,1
6-AoulGwzWsmUe2IEGq3EA,2,1,1,1
p-w6g8cuQq5PU_4U1XNCzQ,2,1,0,1
1VTezD8PLosh-FeNxSRQ7g,3,0,0,0
TqFqZBdad2N0Kgf-NRKL9g,1,1,1,0
aRnRNzaPcN569Ivta1Vspg,2,0,0,0
H1Mp8I2YuyBe8lFHnRk3iA,3,1,1,0
s5fGo1Nieiy6M-fhk_Ywnw,1,1,0,0
qbC4cfz-ShxEGpLS94Mk7Q,3,1,0,1
iPM85PQMs7QoAxw-Og9ChQ,2,1,0,1
2a2E-Ev1TLw8PP_2auwuIg,2,1,0,1
SaAtDmMKN_B5-8d-n5X86w,1,1,0,0
64dfRmMmUsOdLnkBOtzp4w,2,0,0,0
yXZsCdL22Gsz3saanW48Hw,1,1,1,0
2IJMTf8vmD-OSUHlGiv7hQ,2,1,0,0
ggIWkJtgXHKnhdxRu338AQ,3,1,0,1
8eWFZXk0Fjj2VxcbbG3NDw,1,1,0,0
MsUI2BgJjptqa1YEAqBXuA,2,1,1,1
SLOk1JpV0JQK-MXYroDKYQ,2,1,1,0
xFolFvuHN4P5rVse4y8t4g,0,0,0,0
PhN5_GZxFQBicMp-OFvrBQ,1,1,0,1
F2daTLKFb2-hG5ysrJIQ5Q,2,0,0,0
cQ4R6L475z3Ogkr2-5pKxA,1,1,0,0
2JkwKt66xu1NCA0J1laeig,0,0,0,0
4oQSMGp3RweLCvGWuiZuCQ,2,1,1,0
lcWWUUx0uqVl6at9MHqYJg,2,0,0,0
AECN4Vg8mQJ8enFrnoZtqQ,1,1,0,0
V9bs-9SqhlryOCLy6vk6gg,2,1,0,1
bVnghr_J0iXtAowceuAdlg,0,1,0,0
Fn_Hs7v_nNlWx9jetyszIA,1,1,0,0
fXTDa9gicuZikeemhMwaJw,2,1,0,1
-FlrlELIGmCqdt_JxbdFgg,1,1,0,1
5UvAxXy6BBgyuxv0B3ztjA,2,1,0,0
VNOz_tOw_Hz3FAJeEHb_yg,2,1,0,0
zzzaIBwimxVej4tY6qFOUQ,1,1,0,0
cLL_FCIItPh1DH-h78cb4w,2,1,0,0
-A9sm-E6uQxWTJ_MuyOzFw,2,1,0,1
wRKYLXr9z--kt96ELXzv1Q,2,1,0,1
M1UOR0wrQQqrJ6LVJepZcA,1,1,0,0
o8FqONzkV3NcdzEiJpc0qg,2,1,0,0
VXWCXy_wYgg5sbcz0kx_Qw,2,0,0,0
bKkQI4pxnTPKWw3sI6fJ2w,1,1,1,0
fiFNpXVk4OkW76vzDtL7JQ,1,1,1,0
InM2Vg5TS3_VOOmGW3vGuQ,3,0,0,0
QteCo1aukiNRZsXLCYHCXw,2,1,1,0
I1Y_Nal9YsnSPvvXb47Ofw,3,1,0,1
eFsfPHkGGycHXCTyV8uFcg,1,1,0,1
E8xez_0iwqV88w5NKxeK3A,2,1,0,1
_tINCWlo445Mh69IUtE1LA,2,1,1,0
2QbWs3zL31_pRN2xo3obwA,0,0,0,0
5FFZ8_mhlf4O8g84cjl9og,1,1,1,0
CZ1ENA7FLjJpMAi2WlTmhw,2,1,0,0
o_c82LAuEV5Yr30Xp2NveA,1,1,0,0
sCpa9e3HOSPuOlZUIVTWKQ,1,1,0,0
VD0zZKG_ZEz_VYlKLtu9Zg,2,1,0,1
tRdVEMAtQRdz-Cgw-ff4-A,1,1,1,1
kpv7LVLJrbawoXOJNAnd0w,2,1,0,1
_kB1BSKQ5lRzhvcmCY7E0Q,1,1,1,1
6oLnLmdo9FhuAeR-vLQ4tg,2,1,0,0
N_AKBS5GxZsSe9ofWkHsIQ,3,0,0,0
hLRorEsACIyya9gA9C3BdQ,4,0,0,0
q4v-I9j1v7WqtxR12uEMxQ,2,1,0,1
4HeS4zlbf-IbwEItbrISlw,2,1,0,0
4ZB0RpAhXl9zhjKYRxpJgw,2,1,0,1
24f5ie972m_bYpirVW-dZA,2,1,1,0
US0ZdkGe5Fv1lLczbKYJoA,2,0,0,0
7IkSGKKiWhfkXQBCT8EOgA,2,1,0,1
pEFO_hU3DNA61XnIpVGkJQ,1,1,1,1
BB5mMNFN7jc5XibQQxDPiQ,1,1,0,0
hkbZCioL7TkHLZuTXf-5fQ,1,1,0,0
zfUQa2aPEoPjWLkvCfDhtg,2,1,1,1
G2i46bMQIk1Lv9erfUhMiA,2,1,0,1
TP7M7iU9yNVn9uvTe6ml_Q,2,1,0,0
o_PJyAnngdzxpC5WDyqtyA,1,1,1,1
SZxNQQiFzvS9qgodVWNcog,1,1,0,1
qc764RiIDhpPB_fHROMjZw,0,1,1,0
HVK_m2JUL24hV-w5q_d2Rg,2,1,0,0
VSy3WK0pRM_r4qgEtkj8Og,2,1,0,1
JuMtRdolJCRXZDvA-1Thwg,2,1,0,1
G9-O-eRMtgsw_pfWXVCEfQ,2,1,0,0
rN-YjZLZifa6lIfcaWrulA,2,1,0,0
z9_vbTmxItQ_qUn0mo-Nyw,1,0,0,1
q7V6RJnQoUa3AL87AN3Riw,1,1,0,1
D-4QZecSy-O6wFoDY87rKA,1,1,0,1
5hKB0y9eyLVj9iSF0vVXpQ,2,1,0,1
h3dgByW8kZF3ylAmdLTzBg,2,0,0,0
fP8JqPAVh9MQ2OIlfvsKnw,1,1,0,0
3l5TusofKjr8rk6-DDtuoQ,2,1,0,1
f8eILbFbyPxMN-Jri4CsmQ,3,1,0,1
pWWOMySjSIhCBdmIXHePtg,2,1,1,0
E-3LCDxXg8ojxDe4c7VZ1g,2,1,0,0
kUntNQ5P9IrRzEoHdRxV-w,2,1,1,1
6MpOzb5ImLdDXHsn4HwI-Q,2,1,0,1
4eiQMRAP1eDWNK1QMpzT5w,4,1,1,0
YeKw_NtI8E0iUfNbrk5nhw,1,1,1,0
1_XieTGcu829D7eN_cHiow,1,1,0,0
WZkBbxwAR2fZWVIo8zKtnw,1,1,0,0
7kO8bObVGFa-T3mj6PVYsg,1,1,1,1
DOr4OZIpgrk8VKFxeVaWdA,1,1,0,0
h_-KUSA612pFEIGC_dCsKQ,1,1,0,1
6E6-PZpjz98jlbOs_a3Jtg,3,1,0,0
IaDZzKbU-5qyU2wVxukLiQ,2,1,1,1
zPxNDf1iKsDGGpkM44HKxA,2,0,0,0
NrJSy3dgcXErFtOKGREmnw,2,1,0,1
TFybLreUjQyx0zLq5tW7VA,2,1,0,0
GPFfDayKFotxiSxf0T3FBA,2,0,0,0
SipHumArj5ZIIpltsWwQpQ,2,1,0,0
ZzK2myEzK5aRrwOBUExLxg,2,1,0,1
UlyCnc4_Suu2DSqYQSwkqQ,2,1,0,0
d4iX947_lcV0jWHprdMKYA,2,1,0,1
dIYsRb9Qy09-Fgn4uOfuRw,2,0,0,0
kjx0Zq21nF9aAK9wpGkmng,1,1,0,0
12f7GOkkC0GZRMif-fidhQ,2,1,0,0
pr4ZaLR1Zxi7InMCPYMm-A,2,1,0,1
ANSdwcG2_tH5iHdOpokVpQ,2,1,0,0
k128j06GAIQVd0hJ6R7Ajg,2,1,0,0
jrpqddzMsp6_2mkwpr6X8Q,1,1,1,0
kZ-ytO1SysT7mWchxwguZw,1,1,1,0
PYfewaNPrfF3BDAVEqvR7A,2,1,0,1
LJyt1WlDeKWspiqljzIg7w,2,0,0,0
sjmXmCXAvvNDVTTKuXKuJw,3,0,0,0
b24sTA2JkHB4joNlNkBkfQ,2,1,0,0
nwJtSIitg8wvlU9fKxLe6g,2,1,0,0
0qPNeqLuKE88rKbIbSZDpg,2,1,1,1
7qc4FTqDmES4GUPFZYkwwg,2,1,0,0
I6u-OhmI_IUltexEOSCKzg,1,1,0,0
BoofbNU85LCG3pm9vpzk1A,1,1,1,1
htzEunw0vAJRdHS-vJnJdQ,2,1,0,0
5id6Wu6n07N2lIklMAorEw,1,1,0,0
1LdvubOnn7Uf_xDpc5JcMA,1,0,0,0
7cGiBx1s4W5GHC1SbAsmGA,2,1,1,0
AX18390RcUvxaJOCtQFSjw,2,1,1,0
v44bpuCu4vM4AmD0_2K1QQ,1,1,0,0
j_prxgHnMvuRdrGjAI9qXQ,2,1,0,0
8NQNJZgL5bshPkGzQ76SDQ,2,1,0,1
hDzUXPiU85z0YujIIEy06w,2,1,0,1
BCORM4dEleJXnyPXoaH3HQ,2,1,1,0
ECVjFbvnzXs2LV7u3wi0vw,1,0,0,0
adTbcC7JgvzYg7AD_Ga-rg,1,1,0,0
ShUREGiU1IjHuPYq4jVvng,3,0,0,0
U4ncU-YfIipnTetJDZLGlw,1,1,0,0
sJ7Z2pgCtm6Uz0ddFAiLlw,1,1,0,0
CtMm2IFhdiCJwGa-5E4pyQ,0,1,1,0
JWDiG0nSsM7GQ9QFRTxU9w,2,1,0,1
FrT9Ij-uK4yjesnIoGSJrw,2,1,0,1
eVsO9Bx4-fty-uTzWdZKHg,1,1,0,0
LPOTimIWWQg7GTfwgZqnXg,1,1,1,0
l9FErvgeBk1arsR9ZG3PwQ,1,1,0,0
iSC_NslJHJTtwoaKn6kggw,1,1,0,0
UwENDj5udMTGAvKKU4jhdA,2,1,1,0
yiKd42V_SoI_08DL62twDQ,1,1,0,0
gU8H-yYJEByT7b8ZvHs16g,1,1,1,1
ypYuEglLHDHR1cyG305TwQ,0,0,0,0
h5pqhSb74UeLNkv534m5Hg,2,1,0,0
wTMuxPmQtSALOoQiNq6dnw,0,1,1,0
2d9RbgRtHJyTRzY99GBNOQ,2,1,0,0
O5vhV8rQi8Vr4TY4vKHsKA,3,0,0,1
zZHKHyz079fgX3sMskDKSg,2,1,1,0
ncp05QXrDbNfDfvakM21xw,1,1,0,1
GdtufwkV4ctdhPsmb3ZCLA,2,1,0,0
oZLJaa78pf-FhlmjUqOpCQ,0,1,0,0
EGzsR_Tyd0QOaZ6g7wPl-w,1,1,1,0
QEKDNfkK1Dx32m0Quv5WZQ,1,1,0,0
EkOqxlglUpw9YUdnTbbJKg,2,1,1,1
lTWlfVXsqNLUKXO07E8mtQ,2,1,1,0
pwhGl5xuPlR1FWnm6YMJlw,1,1,1,0
Me5FHm24cY34eDD2P0QmUw,1,1,0,1
s7LncUuPc9yaZ7wDsIALGg,2,1,0,0
nGCKQlzat6nEKTImlpg_hg,2,1,0,0
40AZvMTzJ6jmjw9-H2H6hw,2,1,0,0
OaCjJLSklg-YJ_WEqgCqRw,2,1,1,1
u8xCk_KNQJ-mVzi0PTWMGA,0,0,0,0
zHs5jZqZJBBt-JizAKktpA,1,1,0,1
sDXuFZjYR3FJgJ74MtecVw,1,1,1,0
n1kiEJzNkjGHae4hgbr_ZQ,2,0,0,0
ZkBliepoBME9_04bGYnAGw,1,1,0,0
-L88B-PrtzwujhLuYc2k_g,2,1,0,1
TYGVaav4hWZioQlk9Ig78A,2,1,1,1
sNCVfhG0V3JoCGcKynESrg,2,1,0,0
YpSOCqnpn-ceZOfg4MY2GQ,1,1,0,0
mCZFMBcuNvqUWgcxPr_SHQ,1,1,0,0
A9IUE1W6TfVXfSC6LkrWCw,1,1,0,0
rqS1ywhjBrxJrVNri7pfXA,1,1,0,1
JVxsZRI5XX9611xg5qzTrg,1,1,0,0
cUHPc4rW6qi3yTBPdQDCKw,2,1,0,0
RQu_Bv7EFf5NKMnh_3E7Ag,2,1,0,1
sHFGkdx1ARhPT0efU70urA,3,1,0,0
5nie8WoCB-MpEYT5uE6t4A,3,1,1,0
FcFGlIay8nvaP3U8A64UGg,1,1,0,1
kS8NRZolSG7aR_vfz_8fYQ,1,1,0,0
vw97r9Y_11MsgPz2rwCBXQ,2,1,0,1
gUjohbxvaPoHrw41FwkVOA,3,0,0,0
F32DomX99ciCXRoxJ6poyw,1,1,0,0
p50v2vZMfRblLeFbdVcASA,2,1,0,0
tMarodKyazxpPk5G0Uv7DA,3,1,0,0
_tWzGYtWJsPL657zfzvkTg,2,0,0,1
CF2HAEZwaqpMqqHtC5c9tw,2,1,0,1
ZjdcfPbkBVtMnXm8jLSV_A,1,1,1,0
1RFIVcZYV77tGIwVVGGClw,2,1,0,0
QyOX8xqlG1iXxl60kN6s9A,2,1,0,1
sF7md_NdYUzXLl5ZtwwC4g,2,1,0,0
8cusyHsqMhNAsrNSMpzB1A,2,1,0,0
qTN1OdhcXc6GdlpoFLezvQ,2,1,0,0
fmgGNZyZfeCU8fug5LnpjQ,2,1,0,1
kdnIIKSd3NY3Eo22MXK8Xg,2,1,0,0
g3wJ3T0ksO4xgDS6KIDY1A,2,1,1,0
Zn4zzOZXPSouXKuhYvNlYg,1,1,1,0
bLHFjOO48lftotZ8QylBtw,2,1,0,1
5nqh0BJ3IrvDYpmkBheD4g,2,0,0,0
83Q3Ga7F171gnbeOnbeFYg,1,1,0,1
Jr8OvuZStssBpW8mxsarnw,0,0,1,1
iCtMVLywXMzCQAfMKRSUyg,1,1,0,0
D9bf5U0y_0MnL9wMFc4bKQ,2,0,0,0
TY825Esdt-Z8uktqvQTyqA,2,1,1,0
F3JfTKaytuIXQHwLcQfNug,2,1,0,0
Tz01tl2VlnliktL-Hhc73Q,2,0,0,0
n_tB9glEtBH2oEEICPombw,2,1,0,0
L38gPrqPa4alEwnxoLUdAQ,1,1,0,0
g2K86Bq8Dz-ikGn_yqpwQQ,2,1,0,1
PB7Fc2yCSjrELsrBJWKCSA,1,1,0,1
Dbb5t1K_KXETgon8_W-atA,1,1,1,0
zY_YAwo4On0aqOABS-1cBA,1,1,0,0
LE94B7yvaxh0l_wh_yEpjg,3,1,0,0
nuT8Bgfz7HTJQqbJFddkBw,2,1,0,0
1E1BN1eJQX7j6EdepVxoMQ,1,1,0,0
JJEx5wIqs9iGGATOagE8Sg,0,0,0,0
ifEHr-ZnGFSKgJVsywiAFg,2,1,0,1
h0MNaniQdLa3ZGmXh9DDeQ,1,1,1,0
F_grYTnIPE1_Wwlfvt0J4Q,1,1,0,0
-6mzdR0YjOToJ8E04Y9O0Q,2,1,1,0
F0fEKpTk7gAmuSFI0KW1eQ,3,0,0,0
_70P6YlJVWHQq__6NpIWkA,1,1,0,1
n_a-dQ0mzMxTvP7V8vvTWw,1,0,0,0
4xioa5IWUTYEepxCiqRMtw,1,1,0,0
yGd87bkFijZ6YHrHtW5maA,1,1,1,1
sV0jRnJW3FiWIknm2QhXIw,1,1,1,0
duHFBe87uNSXImQmvBh87Q,1,1,0,0
YoCHE5mfF5EOcaMbMGNNVQ,2,1,0,1
ezFIe-ZDKCl3wXzRjOs-dg,1,1,0,0
hnCd1VSLYdb2-eHO7iB9xQ,2,1,0,0
9EWqMUCkQNfRUELiIEA8Iw,2,1,0,0
WDzU-miZGQMADcWp-BZEoA,2,1,1,0
DC3Uyai-vCCUgMmMvLESlw,2,1,0,0
Y92uJXOUOZn8JvZAffV5mA,0,0,0,0
0_7nMBuDAhs_J_DMuqdsyw,1,1,0,0
l7w26E2L1WQ_iD426tKcnQ,1,1,0,1
NLTfEyC50pz8a29CYRqvtA,2,1,0,0
j-NE_pYsRf7UXCevLc5ugQ,1,1,0,0
_yxPEM0oxih1H0SoHJ-k5w,2,1,1,0
jPvn-C8kNUcyGfjUtOc_oA,3,1,0,1
eoHdUeQDNgQ6WYEnP2aiRw,2,1,0,1
-2hOglg7Lh8ZgclQJ9ba2w,4,0,0,1
4uiijOUDzc-DeIb2XcKW_A,3,0,0,1
izst_6bVxblVj9V3IMlxKA,2,1,1,0
JrWDbaSUYVBuTeELOWmRCQ,0,0,0,0
fEX4-PHpaAJqO2tBtMr9xg,2,0,0,0
svTDpnD6yj77h5iH9lDucw,1,1,1,1
RQnaK9dNidUbLLykykUAYA,2,1,0,0
68jn0s0snbO5dhasLaVvDw,2,1,0,0
hroo5nOO8b9QhHX0GLg7oA,1,1,0,0
Mk_NJdCypVpNe6yGgymkbw,1,1,0,1
a7GomHLPBvkDzmH1D3e8vA,2,1,0,1
Zg15YBP91SbRO_Q03LtjlA,2,1,0,0
HQ9pQM_ue_bMLnkwoSZ80w,0,0,0,0
8Sbs3VDs3KQnawJZR-77MA,1,1,0,0
FCP5hYaTtn6dkpmZ_NTvEw,2,1,0,0
9XLH_grfIYKR7d5ZT9ZX_A,2,0,0,1
lSSUmCtsKU_qYz5NGz979w,1,1,0,0
iw1WJt3wl6-NquZGKVamLw,1,1,0,1
7zqmeEgCPfvbxyaKHli6Dw,1,1,0,1
D7GNmDVby1wAq1XZNmeQZw,2,1,1,0
KRWa12MkvE7sgaEnNhSWtQ,2,1,1,0
D3tXmFzqLD3mGzYnp5vp7w,1,1,0,1
F2ms2jtu6rmgtCNytJ0rkg,2,1,0,0
tj9pFG_hvwP2MvjjT-hEDQ,1,1,1,1
ux6FCssPmLx5LrWzTHvxWg,1,1,0,0
DPVKotGYF7bCbc88hNZTww,2,1,0,0
cW0kFaT9QqotYGGGI3-Btw,1,1,0,1
Y7pvJRbQwxByoZA3CI0ABQ,0,0,0,0
SvW3WsatQWvR8c1iwAD_QA,2,1,0,1
4vwhK3Uxlp2gBtQuP78NOA,1,1,1,0
YDrHSEW-O-XLz4DckcyMzw,1,1,1,0
Meu8JwRliV7-Dva3UQXCSA,2,1,1,1
YH_3Z_-sFoWeG8QiuO1-oA,1,1,0,0
q6DddOoOR2A1_-M2g2PGqA,1,1,0,0
Lft-0Xy72YbwRkn_n5hfXA,2,1,1,0
IkI9yPjx-MRYh-Jh-LqIiQ,2,1,0,1
YB7WIh2S_-nQFAK58a0MlA,0,1,1,0
P8TQOkplgiQDdHRUj-IZRA,2,1,0,1
p3PXnVEnHQJ2hAJyL8DutA,1,0,0,0
urIrpc65a9q1UgendPq0QA,1,1,0,1
WwvSDgFkx3f0piozrdMxtQ,2,1,0,1
U4e-0KtL2aPURQwbefjF3Q,1,1,0,1
RI-E3WWC_KMm27EShF3O8Q,1,1,1,0
KYkUtRB1QKrI6Twov98leA,1,1,0,1
-d1xHUrLRbfJNqd5A_uP6A,1,1,0,0
Bz6UcQZgRkrGtDwcagvt9w,2,1,0,0
vltL2SreTEeAiI4qLWUdnQ,1,1,0,0
kYZJ94hdzbhZIIXhIZU5Dw,2,1,0,0
IGYlCWnhjTg8QHvnaxpagA,2,1,1,1
WaTXG26xbOGffSscvyr-wQ,2,1,1,1
IspcgPcxFqSn1Sb5ll-7ug,2,1,0,0
qVQGfHphxolps16v6g5X-g,2,1,0,0
eoLNHNumSrcNUgDuZh326g,2,1,0,0
SWZ_GqiaAoc4JoUOosF0mg,1,1,1,0
C6gxHfx7g0s1Y6MfDsIvog,0,0,0,0
4Ej5FiDtDluJlz4O6pZkDQ,1,1,1,1
mao3qf0dno6pRvTcDzcX7A,1,0,0,0
zqPAwZbi5rS1dyHrKzDpMg,2,1,0,1
x-gCWVHofOLtiCtXC7y31w,1,1,0,0
sn2tRFq-kIm0Gxiyfa1rPQ,0,0,0,0
ubz4CaZXagQuGv2N9gFAdw,4,0,0,1
W9Bh_7mfuUrEAdQBJMVOvA,2,1,0,0
pPO_UXvffah1uKhMlo9LBw,1,1,0,1
AOEHe6uKrnC_Aje3kT8-7w,2,1,1,0
OIcneOOA3uhODls7ANBsnQ,2,1,0,1
zq34Nb2zekXVI0G5Ip-Y4w,1,1,0,0
ylC-mQfL-eAiuLmAGZrqKw,1,1,0,1
mijapPlo4pea6Bl8faEjyQ,1,1,0,0
kZjVcJ92NOcdFgvfwBFlqA,2,0,0,0
tYWyIOpQLgT3YrwbFkxb1A,0,0,0,0
Mwam4l5sMY3EPkJIKYxPFA,1,1,0,0
bRcEcYr27qNLQwicz8xHug,2,1,0,1
iCBpxwx6kWJRcbVOqXkYyA,3,0,0,1
lD5lowsGjnU71NzA1L3-hA,0,0,0,0
UCpInuKIEWEOu4l2_Ejxsg,1,1,0,0
bmybVhBqZhhYwLND9pMHQw,1,1,0,1
nc2ToNeakcNlFOggSuh0SQ,3,1,0,0
L0LNTAw2QqbPTZNPO49xMA,1,1,0,0
nxbVyDfknWtycymHluAzSA,2,0,1,0
LuZKuFPkQE35MhYmFoL7-g,2,1,0,1
cRTMAbJiyd6xJ9eKj357YQ,1,1,1,1
4MLQG9gKglkALP0EnsEMeA,2,1,1,0
f4KJOcNMUSDGKvqm68CRiA,2,0,0,1
FYWbBFMAoIKuQlbUcBa9Zw,3,1,1,1
PsNvBNvoP5kq4yjjTlYhXw,1,1,0,0
gj7jcal-6RYk1TRjSWAgTg,2,1,0,1
hiydLAE7gWotTslBJYENrg,1,1,0,0
2Y0-nrSZNsLRStyupZgM7g,2,1,0,0
4oVdfmr4wynOMvFy2u-Z3A,3,1,0,1
KUJKytwJrWOonktVWwBykQ,1,1,0,0
CnHMPB1BZL7Nx2OyCsSAVQ,2,1,0,1
VpXXHlKVUr5fDQ6apsCS2w,2,0,1,0
UV2eT3MQre7eWjtsnuiM7g,1,1,0,1
ZGXd87vme_dDVYqr-HpRQQ,1,1,0,0
nllcfGu2ayswvSx2aY3kiA,1,1,0,1
F0QPkgrcXx1xBxXT7Htuhg,3,0,0,0
mbjF4qlWNfmLlhQ6-VowHg,1,1,0,0
8dSKEPQn0pmZEmWTKZI81Q,2,1,0,0
C9xw2AkDMtWMQ3sIDo98aA,2,1,1,1
lX0Ev16NZmRrPbGZi3roEg,2,1,1,0
A8CbZwWOPsd_9wrJlv94Lw,1,0,0,0
lhxG1Jlp4nMpLMoix31OYg,2,1,0,0
ANAGlfG4ELW3jiO62GQ1zw,3,0,0,0
gK_8-iwivfBEuouSWyzMBQ,2,1,0,0
6lJB8vc2zNpHpZLuBxGU5A,1,1,1,0
RCPHBbYAXRghejIdSVW4Rw,1,1,1,1
CH8s9-x2ihaKClSaLkBxYQ,2,1,0,0
flgxUeGy8xctqiykaMVOLA,1,1,0,0
9cL5xdhwARvX69aPvBiaQA,0,1,0,0
9A2quhZLyWk0akUetBd8hQ,1,0,0,0
HDvrgxInBOq6IQNBSo178w,1,1,0,0
ikq8TRpHxGxfBVFpmsnaNQ,1,1,0,0
xSky00fcLmIXizfl84H_aA,1,1,0,0
5OLtY1-xR6LjeH3kJGJ5UA,1,0,0,0
RP6LTJlIYH4dWyCCTexFvw,2,1,0,1
ey3i64kDG-91Zqz6LCH14Q,2,1,0,0
FJx8D4LjgBRAjfOh-hmPGw,0,1,0,0
dzymcj753yVpU7OjjU28kg,1,1,0,0
RNoPER1n3_QoeuJt1K9TkQ,2,1,1,0
CJEh1U0g2A01kjJxikkjIg,2,1,0,0
GDsgQywUMunaLcu0RkotZA,0,1,0,0
eMpn636TN2mukHwwUrEUNA,1,1,1,0
SAEGVsnptCMREqLSiNRX1Q,1,0,0,0
FpLv8vFi-83wqvQqWtKKJw,2,1,1,0
xT05hiYvwETheubPgNw2bQ,0,1,0,0
joykx2LTxkBKvh-fEk4aKw,3,0,0,0
3KrZFsROpOTUdPz8MwXPuA,1,1,0,0
kJAmLFgiIjtjULunpr3NNg,3,1,0,0
BjbR39fp7BnurXAq9gNNEg,1,0,0,0
sJHf_8i4iky2yU4-PS1ksQ,2,1,0,0
Eufhdwi954UY-9MsdHjJKQ,1,1,0,0
nXQWBN0ojBqg_HXh0J2AFA,1,1,0,0
HIcSLdYQlLthOPt218o87g,3,0,0,1
Zrtozs1rdJREGNxFRTcV3Q,1,1,1,1
Zba1miBIyvoryQ2mhX_pOQ,2,1,1,1
KTQHeWmwLxDQEt7GN7n3pA,1,1,0,0
Rqf6LuH8i0Y8UaSgEzsQTg,1,1,1,0
CVNJ5kndABkFtDLr_mrBaA,1,1,0,0
vApuN9VGQysiTeekfpwQjg,1,1,0,0
g8MvjrCima1lt4YHYP32Vw,2,1,1,1
k8YGNHv-wxy37aX6bWJD9g,2,1,1,0
VjvZik_uBJ-UyHdT2PdPPg,1,1,1,1
sgyc0SN3pWJWTYc9w-PVmQ,0,1,1,0
hbuVhfMb8r3kVNZ-thX16g,1,1,1,0
rca1HN4qRsZfmpxmlFWNDQ,1,1,0,0
IKhwrMO42BecLZU4Pdwulw,2,0,0,0
39BNnMLzx0UUwkWKxGeQKA,1,1,0,0
uyUHV6qwFK759E6vlD40Og,2,1,1,0
_U4M_X9y3Jg2092XjuzSkw,1,1,0,1
6I715CbaGgu1Wu16ahmm8A,3,1,0,1
RqPCeq1iFlvEI5oct4BcLQ,1,0,0,1
XlUgRG9zJsqBKpPztvlpYQ,1,0,0,0
l9Aw7C8lltdrktYTM1atWQ,2,1,0,1
E3Me0W-WFP7HuZ3MAV-Hdg,1,1,0,0
5LdRwTB4CDE0reYC8XajLQ,2,1,1,0
0dU5pJcQPObFL1eG8MJWIg,2,1,1,1
xbgOeEIkygVe0xf0fczIFw,3,1,0,0
l2VC3UR7XnIwJwfIj1OPJg,1,1,0,1
o1Y1JV8khAMD3yMUZymr5g,2,1,0,1
dlxY3V2vOEM6CK7LuGqrVQ,2,1,1,0
OE1emTl3wuvxy01ufROBtw,4,0,0,0
UHD-Mpx3hAl4ZRaU1E6-hg,2,1,0,0
BIl12Kgh-3FJMQdQv1H-Ug,3,0,0,0
eaKTE4Yo1dCxI9VLIY6HFg,2,1,0,0
9GLN1xfck07CKfNfejKCwg,2,1,1,0
VmZ6sLWZhdo-EAvz8D5orw,3,0,0,1
Br2gGP58FkogY04rhdcDHQ,2,1,0,0
kurQNrrkwE6F2G99n7noyw,1,1,0,0
piPwB7EvylrVnPZLcwrdNg,2,1,1,0
RG8487-T5dZii3f7APO64w,1,1,0,0
H5M7VSequiTztXXdQLcEEQ,2,1,0,0
b0la3LqC0mIlBVlQDyMyTQ,2,1,1,0
gMvDOj8MZ0ix55AbpbWs9Q,1,1,0,0
AfRHBRIh4ZuwLeoD2qEbbw,2,1,0,1
X8Fd5t3l8ksyacTQDKsUPw,3,0,0,0
zCuFlGmDGFyj3ytMfmnXEw,1,1,0,0
pvYVHQsz2ZsOA508QunKHw,2,1,0,1
gHutuGMMMH-5Qv9DbemLFw,2,1,1,1
JH3zKlfslbSVeA_KsAaRRQ,4,0,0,0
7_QnKvji3SCU98EFhidf8g,2,1,1,0
k4eZPetFVwDhbvLqVnRRQw,2,1,1,1
bQ5VYGpju_cgYdUU1swRcw,0,0,0,0
PwTsXVAm19AZ0jnAyYSvZA,2,1,0,0
a5IOLO2APwxDAyNepO-WWQ,2,1,0,0
nhtl2xdJXIwVlov_9AsAdQ,2,1,1,0
ee5Y3CUhsgCwQIEgXOOixg,1,1,0,0
ybq76JnmovyueBmrxef-aQ,2,1,0,0
BNDhHX-TbsEw5QKJgHB_ag,2,1,1,0
EPKg3b0BK20-VKmzrP2W-A,2,1,0,0
bHqJQxPF-VL95tjAUYtK6w,2,1,1,1
baRd6otoSKiLKexfoyKWbg,1,1,0,0
4dj_57joI0-R9RbJNOTEpw,2,1,0,1
U1vRCl0GoHF2xSb782sciw,2,1,0,0
4jHAt1IJuTbSikhtQrFEEA,0,1,0,1
am4hFy_A4FYe4QzDqk--2g,2,1,0,0
N-FKBizx_wu3L8mvDPfYGw,2,1,1,0
m7u5k3-_6WGOwLaVznCKKQ,1,1,1,0
By2DQwaG2EiOxsuHnS8FoA,3,1,0,1
JEQaPs7jNT1M2os9lJDlUA,2,1,1,1
0X4D58d_nShvVeN5FeYiHA,1,1,1,0
pup46G8qFBG8695RtbQNwA,2,1,0,1
drei9bJ5RWHYrDg2Xo3qpA,1,1,1,0
gloqawubcoXctPYWva6GCw,0,1,0,1
5qdMR7QOcDtxAr92SCuYbA,2,1,0,0
VgMoGrMFmS_6kvsE0Obxbg,4,0,0,0
UurE194rrdpdSllt0cVZxQ,2,1,0,0
cIRZU99i82ReJxCqhgXc5g,1,1,0,0
GgOpPt5p9As4gC1scy6uuQ,2,1,0,0
gi8682T9lHLKHCMF1Li1MQ,1,1,1,0
3JJWG-Eyj-czxaXaE7LVaA,2,1,0,1
e2uWs-oYZ2PB4ybr-UhErQ,1,1,1,0
zKRAIVLNmtLsiqjYT2XAQw,1,1,1,1
Xyaw8gVBFDdn6rp_NtLhnw,2,1,0,0
Z1kqDvTwye4524s7oXOBgQ,1,0,0,0
Me12OazRUDZOuFJ8nbBbCg,1,1,1,0
ct90rEU1YlKgzW7BrfAZTw,2,0,0,1
FNQs47CO7Dd8tVZ1u8aEMw,3,0,0,0
T0Uw6vwwfO3el29wBoDamQ,1,1,0,1
14O6gNqpd3bcnIAHPFT58g,2,1,0,1
UCjp1OeKRQ0lkIhCPjuFBQ,0,1,0,0
cEU4IbCouZ1IFwURJKRJRQ,2,1,0,0
_1wZ4ZbxWA_Qsm1-0UCreA,2,1,0,0
OOWSVT7NL2BlGuQyzHlvCw,2,1,1,0
nubHGTPakh7v6Y_f8lOkbg,2,1,0,0
bxgrZLHU3R3dhDM32VXuGw,2,1,0,0
Bx6mt28dfQxPNMUXF35U_w,2,1,0,0
lDwZKo0usofBTfhYrquhDg,2,1,0,0
xpNnMfnh6pI4q6UAvcBGEA,2,1,0,1
JjEriMCnw5BR_5s-RNy3Ig,2,0,1,1
mzvOKS2QFKGIMFdLusbjQg,1,1,1,0
0BJK4_RQnNiiXJcYPEgG3w,2,1,1,0
THadh2gExZ0AxzcLJbJf9g,1,1,0,1
8E7WPKcrBv3BkiSQkHIYqg,2,0,0,1
G58YATMKnn-M-RUDWg3lxw,2,1,0,0
Q3nButmAU4F-v55S5I3vEw,2,1,0,0
9FPs1mXHZEoEWo3kw9cwGQ,2,1,1,0
djDktbXvOwaJhuk5whLlOQ,1,1,0,0
dtLw0I7LWm1BsFfmweOnag,1,1,0,0
n5KZLOtiJfExtjQOiOmKjQ,0,0,0,0
rH7HQC7_t3hksLUiK-Lj_w,2,1,1,0
an97jMgR4kOHXOPMcboWRw,1,1,0,0
sPzLsm3l1eUPMzz3ZJJu_w,2,1,1,1
9nhUfBLbsT_oLmIhB1jdgw,2,1,1,0
mE-isLpfMbdQpOmb-WWo3w,2,1,0,1
7d4_aSWLjzu9z778ac4g2g,2,0,0,0
QQnEZAmD_ezxMJ8Cavnu3w,2,0,0,0
yKPY_6w7HNb0QhA3DcxvPw,3,0,0,0
61qDFkNrHKzyA9n3dlgcEw,3,0,0,0
e7ii4a_E8lm2uIU2AQrNAg,1,1,0,0
FAORBkeNdPP-qesHHj_5OQ,0,1,0,0
yNBVOKSZN_AIjSJdhF_rqA,1,1,0,0
yqjmmiH_aXsjI-tbpHLpmA,2,1,1,0
eZsvH0PfIlFn-qL486Bj3g,1,1,0,0
A-fl1l8wCu5Kles_TVf5Fg,1,0,0,0
06_bDWrsZkj5l1u1OUZ4Vg,1,1,0,0
_4bbY5joxS7ZM-027Gf6Jw,2,1,0,0
yEgnxd3aUUgUoG7qJiuDlQ,3,1,0,0
kqM_bA4eEAnIMekmyWB5WA,1,1,1,0
Fv621YzHSas5eYM8ppllhQ,1,1,0,0
GUsYtGG557XKlHaMH87erg,1,1,0,1
BQHbrLQVB6l1GqX93JIQ2w,1,1,0,1
NFaVXGofY855SyGs6D3_-Q,2,1,1,1
Zj3hKT7KlKSCAb4XCz4dgQ,2,1,0,0
nj6gbiEInXiKMWhIOvv8og,2,1,0,0
KJvZluqXwIa3H_Glq907vA,1,1,0,0
mfBTgkK84bsYTC8xEkuBMw,1,1,0,0
Cw4CAZ3t7X1S-0svpc4YWQ,2,1,0,1
AVcjW7tFJpfgokgiv32zdQ,1,0,0,0
mr3rQcYBKWu2L6o7qtQ9Wg,2,1,0,1
pnNbaEYMRvR4HPkbR7qn6g,3,1,1,1
foQZ6guS0l49trURKh7vlA,2,1,0,1
pCxzM4yOWyPQwZw11Y34Tw,1,1,1,1
XpOWPMuSNOFveDO8UvnHng,1,1,0,1
95A_eit7YDcEtM7zPO9yHQ,2,1,1,1
_32BDvTLUGkfGzDb1z8Oyg,2,1,1,1
Wo9cgvYy99vKwzfbka-c4A,2,1,0,0
kQyk1RDinqtGUsgfSlXJOQ,1,1,0,0
jnx6lEnHd3SeDNeRn87lvA,1,1,0,0
KpJ651uRlKORbZCvs6x6qQ,3,0,0,1
VLM7QXtwOWn0VZIMSqu5qg,2,1,0,1
h9JtnWjxRaL6tB3zNCkgKA,1,1,0,0
UOJzdIik4wgcy5N96RWtiQ,0,1,0,0
53jjJCXpXSRaHfu_ZJePRA,1,1,0,0
XO28ajVNjXt7MLgWuaDLDQ,2,0,0,0
fFVvaD0xwXdhMlDEx8lOsw,2,0,0,0
ujBk7cdEvo5FkD1e0Gzq1Q,2,1,1,0
LkgqiRF3LaZCVQmDFC0AaA,2,1,0,1
4alx3rj8cMMR2nK7mlf4QQ,0,1,0,0
Q1m3ZAO1t9JRhHK3txhJQw,2,1,1,1
w3oV0d-i7KHJqvS4hKxk5A,2,1,1,0
zYKNDLEExBNKQQrW6vvz_Q,2,1,0,0
9evRrJHVWghiv16EOUg6zA,2,1,1,1
W_CGv14ofrMVatwXtoVMAw,2,1,1,0
tP4bAKEDz8aigXVisQYzog,0,0,0,1
WX92Wz6Bv46VMGMiv21C5w,2,1,0,1
DQ6TonJZAofhwI56FvNjoA,1,1,0,0
7wil6p4K1qgYwA3cTHkz9g,2,1,0,0
zlHSnkKKZLtkaX9CljvryA,2,1,0,0
L0beIaAd-rt_KymBM5sW0Q,2,1,0,0
OYHpqY6-3C-wXR-uPbHhwA,2,1,0,1
dg3Tv10mdBKR6IAVuNV-nQ,1,1,1,0
N8T_eijvaIh4eJ69mBz9FQ,2,1,0,1
ars2tzN-u21FuTwuxAMkVQ,1,1,1,0
AWrcxjvrpfl5IkIev7YaVg,1,1,0,0
CIFjkjllhTPGyx9eWBwJGQ,1,1,1,0
to3oe-3qmAOJ5hE71k0FNg,1,1,1,1
8KEtBCNHvjx3-S5CP7W2Aw,1,1,0,0
DS1JFpefl_EiUDk4phYH4Q,2,1,0,0
ShlPoJpwWCrkUvYy6fUEow,3,1,0,1
U8rorSqaNMqP-SaJY3c0TA,2,1,0,1
QkwLgMNYGz93kwGQJTJAoA,0,1,0,0
XaRLRVEAOwxQjgF1_iU_jQ,2,1,0,0
_qnPCNjDE5AvrCdY_vVpaA,2,1,0,0
SuRxV4YkPsvyyqK57On0rQ,2,1,0,1
4P6hZh7aieaZJXShzP3JQg,1,0,0,0
IFXL6wMLBgBSGSiLBjtViA,2,0,0,0
N8bCOvrGH69jD3-CRc6Fpw,2,1,0,1
x3XQJ3f-UPR24jQ591R-Fw,1,1,0,1
KZvG9gUOMnbCFjzN1JTREQ,3,0,0,1
4aGIU5eD6iTsmNqKVvlLOg,1,1,0,0
RBoVv3PVw3sAA-IfIF0d7Q,1,0,0,0
_EU8Viz7ng9cXNdIjxwNRQ,2,1,0,1
22w9G9E9L_5afa4zP3NITA,2,1,0,0
UUGoM4q4i8rK2CBRS0xDAw,2,1,0,0
wJKTZXmoSO_4oGwbKfF4JQ,2,1,0,0
XbFVHYOv5MjoZcgz32Q19g,1,1,1,1
P7cauct0hk9Q0pcbCV7YBg,0,0,0,0
CNLiKD4dXz3AZk3KKQ65Ng,2,1,0,1
BjLXhrKdB3I3f3ODy0INRw,3,1,0,1
UNRkCTvBprmw7dE7q-Ae_Q,2,1,0,0
D_mVIUu5XyrHz-7U_z_pDg,3,1,0,0
US3auRxD_hqxqBduq9LpXw,2,1,1,1
Ani778by6sGFd-whUdFwCA,2,1,1,0
BHi4nZxX5oYYu175aSY4sw,2,1,1,1
u29lf2yPd-qK5ThAS9FRQQ,2,1,1,0
Q7ckyYqs9wh1gsRhcjEd0Q,2,1,0,1
zZoWJPYXK4AwBh0tn5pmsw,2,1,1,0
mJYzopHZZEXVJJrsue34aQ,2,1,0,0
pKxVsJvj3s9UF1LcnnBrOw,1,1,0,0
1j9BbuiaVYQWyXyUjb3rHg,2,1,0,1
ceh_LqoceQvPkJTHGdnWNg,2,1,0,0
7BK6vckOh2Ywq8ryy8P7Ow,1,1,0,0
Opufpwe4jaf--LtDZ_AHiw,1,1,0,0
kzqx6Z2sse8PV3hVCVEw4g,2,1,0,1
tv4nFQ-1a8Lm9B-tIpBjyg,2,1,0,0
p3JG2He3UptGY0eqc2YX8g,2,1,0,1
mkhjTkDlEqQGP-1IzfyN7g,1,0,0,0
72KojSHoxp8DissRtcXn-g,2,1,1,1
Gow4sblC6N0K2F9cSTn51w,1,1,1,1
aOM158N_28GHq_JJkRD3jQ,0,0,0,0
arKgWnu1uCcQxG0Wvqs7dw,2,1,0,1
Yed9qjV3_HbrhzIIbdHERQ,2,1,1,0
kBfz-4wxdyNb3OOip3e2xw,2,1,0,0
okSpbU86tbKULQtz3vT-Bw,1,1,0,0
OHWebQuqI-AbB00zpLnWDg,2,1,0,0
XP0YZRa6Un25QaOH2g1ivA,2,1,0,1
lvuuyYZ-CzFrg1BLdV2OPw,2,1,0,1
Ej_TupknUGM1f3V5lDc9IA,1,1,0,1
9c3LlXubVkbMwIrS8dIp0Q,2,1,0,1
wvOLhIRGS0rybPuH6PKJWw,0,1,0,0
mS_dBSMFiDJn4UVc0iv6Hg,1,1,1,1
jyZqmlaziZKtPv8AVTzciw,1,1,0,0
hA5XQUJBdAb72yHCponG2g,2,1,1,0
U3Ah385YhvlraXsKcEeZ4g,2,1,0,0
4tiFtmGNFcvKRSPXPVT8Hw,2,1,1,1
XkYZRw7T-LLnNEto8xG5cQ,0,1,0,0
RO1h2JPbvp0QeqSHDJbeKw,2,1,0,0
QnTFXSKoKgwVNwkl1ANTwA,1,1,0,0
JOGxap8yWFhyvai88YVezg,1,1,0,1
GTlqxvQBw13ScKY23T3gDA,3,1,1,0
5EMadlOW4sta6CEtJHf9uQ,3,0,0,0
5Qcp-YbmUYHJ7eIvVDq1Nw,2,1,0,1
RI-dk_hgC_jDMNBKWAy-ww,1,1,0,1
Lq0Nbl3Lnyk7hBsO0H_K9Q,2,0,0,0
lZlaPghRe2Z1EkMUsFKOuw,2,1,0,1
lOYwF4VUJKe2BJ0i7zZeYQ,1,1,0,1
p29R4kMODw155BAEZNtD7A,1,1,0,0
k3usuzYs_UVBkSgUbmthdQ,1,1,1,1
ltGrILPoBdhDPW7puGmI1Q,2,0,0,0
i8K4qY1VA13eWRQ_zbmuTw,0,0,0,0
kywgPe0g6aVoq4VOMRMX1w,2,1,0,0
g9p2Jnqnch_UXBJ9DRpcAw,1,1,0,0
F-KODn514Vqnxr1pkKjN7g,1,0,0,0
KKUfGvyBDVqdZXXqS3uDrw,2,1,0,0
bUxHnRSKgT2iXBUkIrtxtQ,3,0,0,0
s2oTzh21fWMXy4YrSAq_wQ,2,1,0,0
rdecr4xz5BJEs7ZJW01H_w,0,1,0,0
lMPSwfFtsZiNRTiF4wEc-w,1,0,0,1
Rb2s2-2kIvbPXnPEuM_OBg,2,1,0,0
rl0_CZQDJDlXfZiHe9tZ8A,1,1,0,1
hzdFL2bdWohzZ2RM4fiYYQ,2,1,1,0
_t7g5RusswFMlAe01aoj4Q,2,0,0,0
99KYZZWzN2VH5L_w1GjaYw,2,0,1,0
ik0y2ZYiMQBVQsyDDyOzfw,1,0,0,0
bVv7r8emubqxWAnAk3abGw,1,1,1,1
yem1oUuZGl073Dlq_dMKIQ,1,1,0,0
dyEYOzQmtIcP4hXvqrvtdg,2,1,1,0
t7qvPH0G30w6xX5Q4lf8Jw,1,1,1,1
w8RWhhuKxMiFCpvFvIQ3zg,2,1,0,0
4PINzgssH9dDbw36jofi_Q,1,1,1,0
kCxt-d_OJVlWRfwwH4WsHA,0,1,0,0
HoKXKkW8oC9q8XnjKLulRw,3,1,0,1
sHobmDWiTSsRvcE7H4KkgA,2,1,0,0
IenpvHVHL9j7IJhv0Mpaeg,2,1,0,1
cBiLO_HRusHL7D-ZepDlaQ,3,1,0,0
OAtJ992w2v2C8B3bQWhmxQ,2,1,0,1
9N7VAcNFqjHptX3vRWqgnw,2,1,1,0
0LsH3PYy7aemkjgQTI2MVQ,1,1,0,0
p_PAW92e0bw9ROebQxM2SA,0,0,0,0
QMj2_aQU9gh4d6LXzbmDLg,1,1,1,0
lvas_XHTdlLIFOcPZO6cGw,2,1,0,1
t11XP4951u7XmfayZYb5rQ,1,1,0,0
Y0t8cwnPjd33fp6SHkL09A,2,0,0,0
ZcDfZzTQCEKQE2tv9jnd3Q,3,1,1,1
swl9MCD8CU7kbNvn0L4SJg,2,1,0,0
3aKmNE2coy5YLBCIu676og,2,1,0,0
uqbBs0kGXNNtsD2Ql71xlA,1,1,0,0
NRn6yqCq3yAh7NtKBt79xQ,3,0,0,0
You1TBLV0vNLzYddTR_9Ew,1,1,0,1
Ko-GLxKpNikHBABYhEtUjg,2,1,0,1
s2RCw9-DB3r4XyUMxYiOKA,1,1,1,0
Yol50D2sHVAmbBMAKeLMAQ,1,1,1,1
qFm-9Q4BnDSS9eWrCgO3Lw,2,1,0,0
Tf13Wexrt6WmNw-CDW5Gyg,2,1,0,1
7fxebHYUwIF6CakxSr70iQ,4,0,0,0
Bh3duLU3aASnt2TZ97TJnQ,1,1,0,1
fRRgBZGxQ-BeAlJTS4JaWw,1,1,1,0
FdU-T-vgsQtkzivylI9_gw,1,1,0,1
uuGlYAIvYAX1q1KhpY6dtA,3,0,0,0
UZYTFPPJuO2qOP1S2NkAtQ,2,1,0,0
TQFeyV5Ll449uQd3JprHcg,2,1,0,1
k1gDqlaVXilVRE2MxFR3HA,1,1,0,0
Wo6UYwShnJ83ibWSPefSgA,2,1,0,1
cNBTDuIAQkqRLl_OxMl-2w,1,1,0,1
z83HCJLwq6xeohRPYdiebg,2,1,0,0
--SrzpvFLwP_YFwB_Cetow,2,1,0,0
vM92DKxz5XJGm6Q5brHuGA,2,1,1,0
L6bltHzP0PsZSEHDJjfFpA,1,1,0,1
RxZpGcmMmUUlLn8c6RTk8w,1,1,1,0
UTc9QKSXd-UxaDjDIDUmKA,4,0,0,0
LjxuUvIQ-tWNHyGNfJ6UzA,0,0,0,0
cYwJA2A6I12KNkm2rtXd5g,2,1,0,0
anQmOvXPIc-CRlF5uWm3_Q,1,1,0,0
3VuAagJSUzWDgisd4hk1MA,2,1,0,1
AssSdHSVWbPtN8upTLWFVg,2,1,0,1
iTCH7y2KLRMKMxdEkgUK1g,1,1,0,1
ECmphS3zwUcqWhnbhOZoUg,1,0,0,0
1GBdcsUE8d9nYuWqQ1C5ag,1,1,0,0
Kuwf8Xaid8X5DwYZLfObqw,0,0,0,0
ct-giKPfU5KqDSZPblIPiQ,3,1,0,1
zKC3gRFQ8eRU8oRXENAEaA,2,1,0,0
vYeSTLvRuTuWoZV6tmvAxw,2,1,0,1
Hbz1hcWjiUyIaN5dV1sNcQ,1,1,1,1
S3RKq5WDrvUO5ss6I2gNVQ,1,1,1,1
i7__R4dmGUayzNB939Zm0A,2,1,0,0
eH2dLnYL-neGHWntfNrtZA,3,0,0,1
E76_mqFt-ckhIDFvQghf4Q,0,0,0,0
NlGDKsTOLKyHJ0mgS_gWJQ,2,1,0,0
WLEZLUDR8IbSHFBOkm4Drg,1,1,1,0
JsjepOEzsmUwLPR1KG1nDw,2,1,0,0
QB3y9F9SByx_s6oKSTaSsQ,0,1,0,0
gfe0ijslocwd7TnSWpDnWA,1,1,0,0
-153AjTW5luZPK4omEujWA,1,1,0,0
efdfJnWLlfIvPlqSaH5qug,2,1,0,0
Z4xN2eedRYHELXcQEg0c1Q,2,0,0,1
60YMDriyoqeimFOjHXCUoQ,1,1,0,0
t22AMOX1K13PNOKqfQlGpg,1,0,0,0
nTG85iVHPdLFAdjb6JCjig,2,0,0,0
-BS4aZAQm9u41YnB9MUASA,2,1,0,1
BG8lvZoPTrPJqcvTh-ytzg,3,0,0,0
lxPWvoHDxgxBXIwfRjtLwg,2,0,0,0
vtGwb-yl69LT96mHVllWeA,2,1,1,1
OVjBHE9Ic1vNuFJ6oXRq0Q,2,1,0,0
mEEZ18Qh97oa3hyPF62_aA,2,1,1,0
lpG4o7jM0YcLCRvqDBJcxA,1,1,0,0
D55S2yK1sheOVQwZyCMDQg,2,1,0,1
lr--wccUV1nr4qr2aSwhvA,2,1,0,0
voBQ9XUn5KfPb7fvQxbE9w,2,1,1,0
846lAt9k0-jjM8TbBIRAmg,2,1,0,1
HVkHt7Pk8G9958j61B9tPg,2,1,0,0
kWbCj-QDpzV2MieHMrEICw,1,1,0,0
9WeJvvyT-j3btKwvTXyzjw,2,0,0,0
iag9doh7K0fasIUmGnm90g,3,0,0,0
KOPittXGiS_CpoAYdPpqGQ,3,0,0,0
gccBp-vO7G6uiU4_MN8nfw,2,1,0,1
KtByU3UDMR19himevLdzqg,1,1,0,0
7eJGceqlI4c9Yd2uXulBug,0,1,1,0
scVd-lmZCNZHK5W75-4sKQ,1,1,1,0
C2QQN6wmEBSCcohrMP7s5A,2,1,0,0
y4jBVV_r8sVnz0WBEQrvMQ,2,1,0,1
jXo7PMPoST2JGIYQ5nsQ5A,0,0,0,0
9z3fqEeQXfxdF_sqkpPsSA,2,1,1,0
ciTAqVNYy9aSvEuFlS6odQ,1,1,0,1
U1XLS-uQJVnQRvshnvAeXQ,1,1,0,0
TQ-FgDYJbJhIXTvSdv-jUw,2,1,1,1
eznFPTK8qoFLfDr_FZhBpg,1,1,1,0
to2cGMKdaw7ZHbXMzpfhlA,0,0,0,0
TK4nUh28mp1rJAgA3hQCUQ,2,1,0,1
a-LXFw0SswqpJRxfzl9gsw,3,1,0,0
xlhpQvk4BsiQgn8T-KQKDw,2,1,1,0
FmZMn8-sjyTpOX7orjnt-g,2,1,0,0
yS4H1eQBtWLmYlkTKVL6hg,3,1,0,1
NBMCSTtayMJJisWSZ6WuwA,3,1,1,0
Y8LQ_1VLlA9y4zXuKq6B3w,1,0,0,0
XjsCGzq5P1pCiAHotA9HCw,2,1,1,0
ezIJZVDdbfqu3vRGa6-flw,3,1,0,1
KhWl4Mwhm_Oqq0zIIz-0wQ,3,0,0,0
wpkmz67yw3oyXc0ykIslNw,1,1,0,0
UWWBnnlVDW5US-TaIsNoKw,2,1,0,0
OhcrGv96VV8UJgDtfWXdyw,2,1,0,1
sfJb8mHuXRVQIuY7sACqWw,2,1,1,1
cz0p92H17pHM7Dp1xcOU2A,1,1,0,0
bW_HM_al-wWkfIqPzERuAA,2,1,0,0
DPsbhgdHty--Jegj_yNaUQ,2,1,1,0
it1wU0wd2Lk9lCHC1xzoNw,0,0,0,0
Fmij544FE1iOruoxI41kew,1,1,0,1
XKulwXWzC_C1Q4k3qlvi6w,1,1,1,0
TUfb2lH2nwKqu_IyM8wA-A,4,1,0,0
HgL6gGEGoAUBKGrT6BXU4Q,2,1,1,0
vag5v6gS99BbEWK2qX8ICg,0,1,0,0
u2_tsVD586yAzV643YP2eA,1,1,1,1
c6nX38LoVfc6Wf0G8B9nZA,2,0,0,1
bSkY196y6hmpvyvma_5_dA,2,1,0,0
bLCdohUvOM7l1OcXifmblw,3,1,0,1
Ae91-YlrGnHKq7KXD1WDxw,2,1,0,0
9ngsYyYQ1er6jYu8tkdeCA,0,0,0,0
t8CiqHCgnGUVGRrn1QCvzQ,2,0,1,1
hiMdQmnVXgp7DTCCj3pwdA,1,1,0,0
R4iTaNzhvnOpUWPzmTs0ew,0,0,1,0
4OeBE57Hs4WMLOTtT32d1Q,2,1,0,0
UNnYvWgV7D32mHWQfBg2mQ,1,1,0,0
-CbDQXiuKzPQ0_jiUz03aw,2,1,1,0
5Je2-6KDxPQJZdItfo1ngg,1,1,0,0
diw9UvW8mE24RGs-NXB_Tw,2,1,0,1
scKsrUZvS6Po4hk6Khm9bg,1,0,0,0
roCxdzue-nME2akdIRPTfA,2,1,1,1
HWMvxmKDrHtmmcsOmKA8Yg,2,1,1,0
Sy36Js6xGWQqpi9K6nlYgg,3,0,0,0
e49eXgKVuR-lsL0-D4vzDw,2,1,1,1
lf7PP9U5l_x1bbUqa7DIzA,1,0,0,0
jjzOApz6znfsBnmlzPh_tw,1,1,0,0
I2LcbNXGsMb6zxh4-gmVHw,2,1,0,1
E7XMQjuNhU2v31JMwHDciA,1,1,0,0
AHTgvyZf6ivK1FLCmdRbwQ,3,1,0,0
Sn4P9faQE6wZvK-WI4fRHg,2,1,0,0
cOtlHRwW4pDGlp14G0c3kQ,1,1,0,0
sQT0FtN5tpsS3TxBd2FFRw,1,1,0,0
QsMR_Fp9YRtDegThsOgFLA,2,1,0,0
_likkCtISrdc6OnUO6wpCA,1,1,0,1
C9YQJ2eOkNjIRuZmthvyMw,2,1,0,1
1rKyIK79llYBZtAMnLDDUg,2,1,1,0
RHplLLE7fIkNqri3_B22LQ,0,1,0,0
EhdkogSUSDLx5JufCAtm8A,2,1,0,0
VQBOBXLk8f5dxtP1-_yPUw,2,1,0,0
YjXz30NYKCPDEup5Rlpl_A,1,1,1,0
SnpjfcOZyClpdsBDTr7zfg,1,0,0,0
8_7CQB7SzLoN-rOp4Aws0Q,3,1,0,0
q-Mbr_XrA93pQkNaWJ6sMg,1,1,0,1
DPLkYvNHNBEs0teU95Ocfw,1,1,0,0
hx-oJMNnweYqE5ybU8aiSg,1,0,0,0
ui-tH5JiK-y5_tzSuowMDw,0,0,0,0
LXUZjAAMEBKszZLL2ORISg,2,1,0,1
NKoI09Z35Gwn5gdfi5HWNg,2,0,1,0
zpWUBRCgivf1hiR-M5ZePg,2,1,0,0
-1vfRrlnNnNJ5boOVghMPA,2,1,0,0
Lw9EBaDVg5R36dIE6N2oqw,2,1,0,0
zcgArjObRzQRH6MaqTPDmQ,2,0,0,1
XKVWYoKaIR1CEoxMYMFPXw,0,0,0,0
bEZalv7kVGhiCd0WK4uFSw,1,1,0,0
msQ_rbEcX13rGtif3t1BTA,2,1,0,0
Y3iqDos4Uj-EwMfHW_J65A,2,0,0,0
BU67sB_pedm_QsNhISvYIQ,1,1,1,0
7MMhQfuDtRHWtouYFVvxkQ,1,1,0,0
X40jvXRbJERyA6QPHNuL1w,1,0,0,0
hNsRj2nXuALlJS4Op-8MmA,2,1,0,1
RT0xDJ37iN6vq5uSoYJNTw,3,1,0,0
E9Bq0UKtg3tB1yr2QXZ0Dg,2,1,1,1
-FWhwGTP9YsV_5ONgdQ4hg,0,0,0,0
6KpWWM4U8Kro1RX9PMdK7Q,3,0,0,0
kLT6Huss95GiOkNVqnKLEQ,2,1,0,0
9jPb9kD6UBk4aVEgaizaoQ,2,1,0,0
avos1rGg2AqfC72Gl5zS7w,0,0,0,0
wRXv4hipclyIJaHbyDGZrg,2,0,0,0
nY2oBwH3s5sKox1mERIoVQ,2,1,1,1
BxkVct02QHybp54ATZgkUQ,2,0,0,0
TG2t1506rIs1OA1TfH0r6w,2,1,0,1
c-XMctLK6QAy1NjLSkcLRA,2,0,0,0
Q-PdpJJapMuy9jG6ncDI1w,1,0,0,0
CztDemHy1q1f2R3VV9jmvA,2,1,0,0
U3Nkc5DkKNRpBrHmwf4qRA,2,1,0,0
EDX7fE_a9k6f6gku_Xj58g,2,1,0,1
9yxHYyXMHjh7LpoolJiH9w,2,0,0,1
_WfeFadSSoBUgpkvm6XGEg,0,0,0,0
vvc7L68Mu3Fa4OnZ8rviFA,1,1,0,0
69YyslIwQ6bYacxd5A4sGw,2,1,1,0
bM-rAr7gxsxxjD-FlRcIJA,2,1,1,0
OE6y1kddCOo9iQc7RTjTow,1,1,0,0
JAHvhS-EDRxtoArvrpA5JQ,1,1,0,1
6AgvdkMHPvAGpxs7gdx38Q,2,1,0,1
DpgEjiPK53TnHD_34oRugg,1,1,1,0
vf-OLMuP-EB1vlqVGUx4CQ,2,1,0,1
GuLibC35vVqrgXsuZP3-ZQ,2,1,0,0
pgSnP1h1Hg7O4nEGfxVHZw,2,1,0,0
-DrDzpZaMrNnH55ZVyTXRQ,2,1,0,1
IIHpQVCSUmgywdX2cFScHA,2,0,0,0
i_pI9XnOgJ93cq85Ot06OQ,3,1,0,0
AkVPit-bonP9ctXeCSU_sg,2,1,0,1
HusY0jtxYpF9lGUJ92-xDQ,1,1,1,0
wcXqGgZDlnyEyEmtEZ8-zw,1,1,1,0
bz69msmKwRjWQzN-XwyV6Q,2,0,0,1
K2-3hzUtmqK8BWuLAEiauw,1,1,0,1
j-Z_HAev26ZftdErMhIBuA,1,1,1,0
e-F4OrM3O-5gIM_LvhT7Sg,2,1,0,0
3OCooCzHgsS2xHdN-dNVXg,3,1,0,1
qDWMxGmvqYknTk8GOY631A,0,0,0,0
J-WPscvQo_9I3GVWVDjIeA,2,1,0,1
b1HCe64UWc9LA-B6jIZDZw,1,1,0,1
fwNr_6LawnOGByoh97t2qg,3,1,0,0
uFre_WMHGbNC_hCtBwM-dg,2,1,0,0
d7fVRG0FPDqxInq7Mbps3Q,2,1,0,0
GWvFj6hyW8fRzzErIAiDEw,3,0,0,1
v-2vZKrozNOLX3-DsrjnPg,3,1,0,1
eYNZc437KFTHKw6pU8GA7w,2,0,0,0
mPnuIggOiZA91AUW9FcX9g,1,1,0,0
GxzEsd-81hVP6C2h6wMvBw,1,1,0,1
VF-LwjutNE-1pwMyKvYWvw,2,1,0,0
JYtGcfc3iFvwj5Zi4oQg7Q,1,1,0,0
QVzZeu36KN7UNaFY6lBKuQ,1,1,0,0
LqagbpfV0I0ZeanblrrZsA,2,1,0,0
LW_E40HGF5pRSVubshUU_Q,3,1,1,0
ssUwsahbtpqHcGfALOu4cw,2,1,0,0
ze6VwIX5s3ut4n90xCKY2Q,1,1,0,1
61Do3_JKSyzUr3T3nZRROQ,2,1,0,0
9GRbDT8WCtfImKHMn823-A,1,1,0,0
nOkSC1GtMUJ_I70sb0SaeQ,2,1,1,0
cyGpoXCS4RVib3vEDs-iMw,2,1,0,0
OG7cZilFTvZ2YRFRH6ts7Q,0,1,0,0
FIhNVl-AFxrjb1-puoFF_Q,2,1,0,0
uu2v0GUj3D7pXDLiRnmZwA,2,1,0,0
BozDqucrH17LmBsmfOwWkA,1,1,0,0
axThxZtqNnDVo_DWo2lt_g,1,0,0,0
BesWd1a_bPC9-dH0biQJpw,2,1,0,1
eyiH5hSt6_HeuwqMCqYe0A,2,1,0,0
_oKvRJPi7rQViDeCwXF8qw,1,1,0,1
dSjzFrUbIjqlhd2cJp-zSA,2,1,0,1
S9tvVJeZRPHZOQKyKBwMdA,0,0,0,0
y1Er-SodAde9QZIcgFf45g,3,0,0,0
Q3c9S0GOZpuBQkwXeXvo0Q,2,1,0,0
C1aGdueHoFXKcy-yaLoUWw,1,1,1,1
eoBeah3ZXruU1E5Fs1nSaQ,1,1,0,1
Dh6JsWOKQqIjuw4ZPnWkOg,1,1,1,1
OGSWuGLLW_8TBmQ_wWhdEQ,1,1,0,0
d482l58ho0_IMdFkXX1F5Q,3,0,0,0
j-0QQUXuMuowlItX3ekBBQ,1,1,0,0
eGLnLiKt58jHNjGVw149Nw,0,0,0,0
gTp2D6nicDdWjKJH8EI-sA,1,1,0,1
5Zc41a446gV3K_o7CDs69Q,2,0,1,1
PkTs6P-jCeX3IfAyk9OcYw,1,1,1,0
dkCi6pb2tP-BPTGTgv23zw,1,1,0,0
PnUIxpOR7eEY6NYOYQdY9g,1,1,0,1
qymbG4V5vC01eLF6LOZPQQ,1,1,0,1
RodA_gxhr2Mj-pyQAL2RAQ,2,1,0,1
irt97q32ROIgQJOEqseebQ,2,1,0,1
9_Qe_prcp0UzeaMhmdq8-Q,2,1,0,1
mFzIzDJfcZHBpdajg_Em5Q,3,0,0,0
wZCdr3iLTE6aa9kiVxWJWQ,2,1,0,1
5C58ejb2nmJojUFPlvJj2A,2,1,1,1
gK1raTRSGHdVhH9HtjQbGw,1,1,0,1
Q6tqrFKl9lnbhdo95ogSeg,1,1,1,0
IwdnNGKeGzSsswb50fUGEw,1,1,1,1
rgZjPYSdZtS4xSTrx45PLQ,2,1,0,1
RB_nmlTMCS2M06c6wz4ANg,3,1,0,1
6-u0uom4XEt42TfJBnDI8g,2,1,0,1
fy6srT4KpbE7ICBLdypEuQ,2,1,0,1
5o7Fx7Iot-gLKVNegLLw-w,1,1,0,0
24wnyPyir6-Bmv6zq7OXHg,1,1,0,0
7bATb_KMu18aEDcVIowB5g,1,1,1,0
EEu0F38DozQCmhDkh9g6cw,0,1,0,0
hs6q3UzhivmNg_ZVxJMNoQ,2,1,0,0
cilz3zHyydAG2kYjbNdrFg,1,1,0,0
1ZHBhMwi9rdXJ92QPHrWLw,1,1,0,0
IT8fwtWr0J6Axx8HTJ0u2w,2,1,0,1
cd9bU_zxbmb-PU0UJogTcw,2,1,1,1
8VCyDz3DHrlo5TFt8T1x6Q,1,1,1,0
bfR-vJvrjdOJaWsXGJgzPA,2,1,1,0
YUE5S4ReiM4dq9qkKbDMwg,2,1,0,1
KYo0OqRr-q-TM2o66MBJYg,1,1,0,0
FgSFHWxlSDCbmSKmzKCYog,2,1,0,0
hoEZtpjQnBolxSmkrxHpWw,1,1,0,1
OWiKC7bjIvc7L2iIuBsHxw,2,1,0,1
pvQgNYdh37cIiyqt7d08Lg,2,1,0,1
ZaV97nuYxH32bthBIzjgmw,1,1,0,0
Fn20yKQ2Flzt0vuM5xPYvA,4,0,0,0
kaVWvc71cXH9MKuQmDtVUA,2,1,0,0
BpTijSZy7-2SZskFSCVW2g,0,1,0,1
WsOqIVMIVshUis9kUkG0KA,3,0,0,1
a6Sj8jOgM1KW-s3aKLWaKw,2,1,1,0
zZAAiNGU2ySMvAlYbvvchg,2,1,1,1
7aN34Xk5I09sdzZlpyYKhg,0,0,0,0
V6u7__4jbEDOgWR8K6qUSw,0,0,0,0
oiV0qA2M06sXkHJgKVUnpw,2,1,0,1
B8y-FpC2lqNxd8xI7EJzlg,2,1,0,0
RzvbHaDXSQn7d_b5UAFjLQ,0,1,1,1
m-POjqRtpWBcICTo2S5tfQ,2,1,0,0
H2mDO9cvF-WLvyZexCyvZw,4,0,0,1
yEgdNtrIuF5Jf34nIjyKug,1,1,0,0
iWzGOHoi83SXM43LcRS18w,2,1,0,1
s5gkuy9MQfYWzPjt1OWFDQ,2,1,0,0
BGcrYtRjOc6eWtxOpD9cWQ,1,1,0,0
iX0XUpk34WqHfUuLjPhR9g,2,0,0,0
5cbsjFtrntUAeUx51FaFTg,2,1,0,1
6xBgaXrAlH5KMIW-GPSUzQ,2,1,0,0
lJ0_Xl6aDdfvnbTvLIy9Yw,0,1,1,0
YYU_E5ASIuS6HHUu8Kv-Xg,1,1,0,0
ePBGDKArVr5YImZu1QP9rg,2,1,1,0
ewhYqXL8jLrNpwQGnGIhyw,1,1,0,0
HlwbuZnJubtHBfXlxWDXpw,1,1,0,1
uLbwNH4tINbqx_88bFp17Q,2,1,1,1
7OkUKJNJkurXKeixq_ASVA,2,1,1,0
PmLFk1s8pPVNXChqETM4MA,3,0,0,0
WqjHEdAftag4ixm09POepQ,1,1,0,0
YDM2mRIX5vB3feGiKhFk6Q,0,1,0,0
n-5dPbGyziS0SOkVDTquFQ,2,1,1,1
bX0xK2LM1Yz1Gbv0BGlIPA,1,1,0,1
03icrim6SfEQJlejDMbzsA,1,1,0,0
Hz6pXloEBWboBaJuEpk0JQ,3,1,0,0
3-Bm90nXNtwLFyDtlj9olQ,2,1,0,0
ZwRFTD84EUnCFIhp1VoIPQ,2,1,0,0
PmDhZiyiHI6O3RJXXojJcA,0,0,0,1
Z_AwsZrpZ4jFio-j4bMSTw,2,1,0,0
Qihead6oTtWCwde3TBqlGg,2,1,0,0
OfITr0B8bZU3vukSQJIrWQ,2,1,0,1
94EjzQ9cp7iVctFNe0SSsw,1,1,0,0
W8GVfGILy7an385lZSEvSw,1,1,0,0
ziEGXxNH55x7CMi0eAouKg,0,0,0,0
Wd3xGiBYqX_N6wqOAoHsQw,1,1,0,0
Kyl7Iaubsz3vvfykxdcmjA,2,1,0,0
-weah7G6XZrdmE_0scCyig,1,1,0,1
MMkxpsumAUjBspyf9tyMuQ,2,1,1,0
mOF_0nlTRu5NxOu6MsOAQQ,1,1,0,0
o5nPu-ITfZ2OYx-6cU3moQ,1,1,0,1
XUlQ4BVoZH6rnAT40cYGOQ,2,1,0,1
e5tihkSq1-GT3AVA6sIXRA,1,1,0,1
2ZZmVT4Y8Rk3OIzu18PvFQ,1,1,1,0
OFbiUooV4CqLjrvdOBXz-A,3,0,0,1
2wrzJrML4I00e-11UiV4iQ,2,1,1,0
3Zgo3Fi1DayoSkm89NweKA,2,1,0,1
nYzCr8fcJ2ci4aiB1-hB6w,2,1,1,1
uynbRIP4g85lp87xBJUaTg,2,1,1,1
Kl4jN1WUFX67JRE40QVrcg,2,1,0,1
BzqwAx_KlRPAMGXw1xHXag,1,1,1,1
nWMMI1z73AZOCRMSw1b5SA,2,1,0,0
GuvbQ3bCMw6xfUfCQ8N1LA,1,1,0,0
0M7rIhQLKD-j2XSnKgt2ng,1,1,0,0
LmcJuoHqggZj_qAlmqxMEQ,1,0,0,0
gol8tETztQVNcjHW5K-NXA,2,0,0,0
pybIuTluqRhH_BQ3CJHlLw,2,1,1,0
PlBB9x6jpD2LW-3uJfODFA,1,1,0,0
f35DM0RuJ2x9ho6YNA3T-Q,1,1,0,1
2obBIvb5WTZbcErWSqkcOg,2,1,0,0
GsaNBwJycUb6-MuFSYN5BQ,1,1,0,0
mAEDNNfI_ryZcrmIR72QKA,1,1,0,0
gJd1jOcl5FdqY020Q19n6Q,2,1,0,1
ryI7UszOtakwc8goHI3ojA,2,1,1,0
RJETnHYxNV_2iPWDesBFRA,1,1,1,0
6JVaLv8KvOgK24RB7pxUiw,1,1,1,1
m1BL2XSBqnqP1qfmbrKmug,4,0,0,1
KBSCJcWGk9QNPX9MTSlM3Q,2,1,0,0
lCZ1pvgb9i3c2y55XalbhA,0,1,1,0
wlj66szhtfszQUUa7P1_tg,2,1,1,0
BlJsO_Ilm5KzPW8XJdjc8Q,0,0,0,0
XxXJat55Oep1BMzQ9yJJhQ,2,1,0,1
xFX3mg1MGCV9AV45CDd6FA,1,1,0,1
jD4N1xRFZrcSxAfoKEqd6A,4,0,0,0
RGGOEmgtKXXZI91IXHEuIA,2,1,0,1
oaap_zKAxkrlTBwF3onmXw,2,1,0,1
1gHrOMPMmqXxGMMkPOyE0Q,2,1,0,1
_t7gK-Nde9aNV_vf88wi5g,1,1,1,0
pwnz4O5LFxv2OBEy0UCjtw,2,1,0,1
c_ZDTkfDlfzLm0a3osk1ow,2,1,0,0
QJhwQcFKtBn8EahP58nh1w,1,0,0,1
BJRh7_SnU9zK9YzyO6FlHQ,2,1,0,1
ehPtiTNRxZYCv0wjAWMXew,2,1,0,1
lJJbxFNv1MwTx_52Kna9kg,1,1,1,1
Hg3pn4JwDD0Mm_Hxr-at2w,1,0,0,0
mtSPx0N7fVF0NfZ2oCNbeQ,1,0,0,1
yhjyC0C02oC87__hK6nEeA,2,1,1,0
PvAOQjUxoWlWqNbiO2tthQ,1,1,0,0
dy_9OOE9ZhFZo9NTNCffIg,0,1,0,0
S6zeihi74Ntn9pozgBJyHA,1,1,1,0
fxuUGJ6si0QxcRKn_KNkEA,2,1,0,0
M5Ft2YKkh9fFjyUNmAeRGA,1,1,0,0
RkekriZhaIZ7nSJBVept6Q,1,1,0,1
81AxPpmMeowHYMLZ4Acy9A,2,1,1,1
aQUo8irLBywAZN26ln_Q1w,2,1,0,0
-J1MYRIDDiPpLlVbMKLEkw,2,1,0,1
H99aadKfIQ3RZ6joDn7FuQ,0,1,0,0
Q-1JCkmzNBJk6jC7K_AUZA,2,1,0,0
_kdpjoGrIzA64E6aXHA66w,2,1,1,1
Px3xYvClWb-wSjyERBFWNw,2,1,1,1
JAtkdUt_gV1iXjwj9vs_Og,3,0,0,0
oUFPFbvts1U1kgbTm_jJzA,0,1,0,0
-050d_XIor1NpCuWkbIVaQ,1,1,0,0
L3LqWrnVAwMO0Aa4osR33w,3,0,0,0
rs3_0HqWprKDKNB0pY5-UA,0,0,0,0
SLCz2CaXXHJefrB942486w,3,0,0,0
x9XCZXcRwUtTWAGd6MRDmw,2,1,0,1
2lQVNwzNo-SbVD5lXzNnZA,1,1,0,0
b_yZrM3rVQVlifEg5naDpQ,2,0,0,1
yMqvTSsHkovlPHV8nDn0Ng,1,1,0,0
kiU9C58n7dgygdrpjOQXMQ,1,1,0,0
bNn-D4ANDAjArEz1-QaSbw,1,1,0,0
HQBtr9-GtWE566ZoUNf5TA,2,1,0,0
tZZDCsWJ169-DHLjvafA6w,2,1,0,0
PnQqYrNsPtiHvjNqCbDcVw,2,1,0,0
P69Y9eN-tjTU425-1k1smw,2,1,1,1
TRxDx0JhUX49iL-QUHEm0A,2,1,0,0
eyrT84zf4NKs-Zv84O-6DA,2,1,0,0
wltfqot_Et0r-DYaZDxWFA,2,1,0,0
pG90UZcF21ZYvXQbDdkkLg,2,1,0,0
GG4qRCnxiChJTswr602R4g,2,1,0,0
0eJG77JOkyMIBhc4Xbuqfw,2,1,1,0
hFTr6Zi0smtF24xgGCJoEg,2,1,1,0
7FLHJMOYszFPCqK3tg5umA,2,1,1,0
vsGqvLu4OlL2GDmPWSVx_w,1,1,0,1
xEVtgU6QzSR_9Ui4evSZFQ,3,0,0,0
GXdnO7m8X4tjVl7MXHgN4g,2,1,0,0
3sPSc8NBvrkXi7scpRYDLg,2,1,1,0
Af7BsyzsJi_2qPFu_5tsJg,2,1,0,0
knWBvogziOE4f82kmmi0sQ,2,1,1,1
5XejqzaFmtkZMstJS5Iy-w,1,1,0,0
qpqWDf2oLEy2fhhq9sqfNA,2,1,0,0
vKMLrlfff2bpXqx9sWGWsA,1,1,0,0
WOO81gScY3_VpaIfXFAKpw,2,0,0,0
VnIz2QOa4eEm_ViV6ckCZA,1,1,0,0
dui3LMccNE0NRY0M86A5Tg,2,0,0,1
-NNElpPRHRYUD0YHgXtgyQ,1,1,1,0
eMKqAItLbazgUT8xokz7fw,2,1,0,1
cZbqG53WCsEyYHSocNZdLQ,1,1,0,0
1SCETxRnwaYo2aBC3fi4SA,1,1,0,0
rA1WJvN6IULGbM0MTbbaaA,2,1,1,0
3cqB5VOEBP52C9wbC8P-UA,4,1,0,0
FUTubibqsEEMapUlo1OFpg,1,1,0,0
akQhnViFokmD4XMglHmIIw,2,1,0,0
a7q40rE3-0PORdFnFL-1Hg,1,1,0,1
_OAPdOJiAE-8ROsJPVPxYA,2,1,0,0
x_1Yo9ArcbitR6NQC7tOUA,2,1,0,1
CUGswyxGdkcd4IE1oHc80A,2,1,0,1
RoGAy8b2j0Oa7TJgpotM8A,2,1,1,1
8vrzErpjzhDabTWX1ZfOGA,1,1,1,1
ZL0TTcdLwL4tj9rzAnj6ZQ,1,1,1,1
FGVd04t9a6DPUmhnVN0oAg,2,1,1,1
2dUXkonsAdoXKAalTnmlig,1,1,0,0
Nx2qOQBY9QGJnzcuPO9yyw,1,1,0,0
DbK9fyJq4O4zfT1jv6JOhw,1,1,1,0
YTfXZ9tbTBJkWsDI7cMDWQ,2,1,0,0
3qlqzQrwh8hjBltlgFgsJQ,2,1,0,1
yXeduTn7Q7BfNIS6SInpRg,2,0,1,0
eQNApV0-OpYJec3y1OoBvg,2,1,1,1
Mjxv8bMs1mOcuhleCpDWOg,2,1,0,0
LK3HJH9LMAHTlO6U9rae4Q,1,0,0,0
3p-7HlSGbFtZBivfsGmYbA,2,1,1,0
V1DITRxF42tjARULGfG0uA,2,1,1,0
cWGk2R8rNw7-X_DpNaBeCQ,2,1,0,1
HcFNeUjeqzhHw1Lk0FZarg,1,0,0,0
5g6fssi_52emmju-vwPahQ,2,1,0,0
Jx_yt96GM7_teICxgmpxjg,1,0,0,0
-QIQLK8RR6rl7v19cAQQHg,1,1,1,1
qMOyKuyZpFH-Lmszd3Mn-A,2,0,0,0
phIkliecMPMX15TX8t_F1w,2,1,0,0
oWboXKe_xk6Vcr2gBEuxuw,1,1,0,1
BrclERrbZrQNRyBmDGawQQ,0,0,0,0
lH1WyBjyrIlWjYvKmaKctg,2,1,0,0
NjTNB_vzoT0v6bk1S9ZOiA,1,1,0,0
WoqO6D7Yh7Tbowkpb3pz5Q,2,1,1,0
2rVmvJrLP6qv2k13WSLlfg,1,1,1,1
WXzA4jW-E2UtaFd3v86Xfw,1,0,0,1
wIz5nWZ-0LfgAq5N2Nu1dg,1,1,0,0
MfC-gz4G9vs7I2A28ino6Q,1,1,0,0
TeUlBlNYodKBtcL-zc-4pA,4,0,0,1
dAvcyy08flqhFIzOIdg2UA,2,1,0,1
iNlpsHMO9PRltC_EsV_vlA,0,0,0,0
YbynHsi3Nf7YhftGIYm4pw,3,1,0,0
d1pB6SLzLb-4lFq8y5tEnQ,1,1,0,0
ET0E6XneFsguRUzpMXKrag,2,1,0,0
xmWs-su5eB5_57CIw4sqfw,2,1,0,0
uiblCNxg83Q44bA2PYKuYQ,1,1,0,0
w7_1xM_WNf8nh2w-tzfAyQ,1,1,0,1
gTUaz3Wlh8eyQ3s7T-6txw,2,1,0,0
Jr2qi4Nq3xrfNTa_jTVtYg,3,1,0,0
fJAdog4HQMn1AruhiUnX_A,0,0,0,0
QcTTRBfrd0rMzzuCDec_Cw,1,1,1,1
kOt9Ci_i8O6m_aPXN8HXLQ,1,1,0,0
lGy7jJ9oVZUJNkmZj7ewgA,2,1,0,0
7wqVXWxLrjrDC8QGBW5OBg,1,1,0,1
FevycwulBfHEZt77dv2EyA,2,1,0,1
Omn2qqVcTpH9J883EVhQ7g,1,1,0,0
217UagoGgTanLS0kfjYmXA,2,1,0,1
t43XJ7we7RugvqM5ytr_WQ,2,1,1,0
GWaS_XugSFzw1g8SEbpmHQ,2,1,0,0
tsEllPWpgdXv_mdgjSoT0A,2,1,0,0
MP9LqzWeWTuMU4VkZo_M2w,1,0,0,0
HV3Q2JYwK9AvMHPYXcxzag,2,1,0,0
34PMhyoSQHVd4Lr7slzUcA,1,1,0,1
xsFeeqZS6PoVvwseEefzEw,2,1,0,0
H_FkQxifSo13B2FWjhp36g,2,1,0,0
6D_rZE3vtdur2RR_QK0G6Q,2,1,1,0
pSTQPnaee7euEULfDgIDdg,2,1,1,0
GGvjkKM74UnOh2NyvwTLZQ,2,1,0,0
E6CKPADfLBk5Lg6ABxLFMw,2,1,0,1
-Fq75GKdSKwhTVISzyc6rw,2,1,0,1
qEg0K_45TBlzHMOR9GC4Pg,2,1,1,0
ccQhq9pSd_5wj1yMwiM7iA,1,1,0,0
1bxJcRAF-2wDY-QbiTCqPQ,2,1,0,1
_X2GpJvazUrhRUgFn6Y66A,2,1,0,0
16-gsPZnaBJgFi9Le-i27w,3,1,1,1
aKaBouHuC4EgDfo99zr4Fg,1,1,0,1
7BsdthkYwRmJpUX7huwhHA,2,1,0,1
ihKI3k-fnzKERzKq3KOsxA,3,0,0,1
j61zSbBRrNQPG4p-cydSmQ,3,0,0,1
IZ0c8VGiDeURttERwuxuqg,2,0,0,1
o_uE7kjmI2K7dnKZkQoHTQ,1,1,1,1
XGCyy-JNA-nwO3T0lPth9w,2,1,0,1
5jtxiHzuaFLoJxevfJNxRQ,2,1,0,0
Qd3wk-U-QeN4asKBhDaOoA,1,0,0,0
pajul2jeKg4tDBffmnNEDA,2,1,0,0
z2VJoa0l_QGFhl7YqiES6g,2,1,1,1
tLZ_pvZaFlsIy18ssrm-7g,1,1,0,1
RhSi82sDhswGF3MyxCpkUg,2,1,1,0
gGeuQKUBP7zAz2YTqpHHCw,2,1,0,0
WxX-3A9XX-q7JQ6nG2vopA,2,1,0,0
7lEqJZLFLQkjLR7NqI-fSQ,2,1,0,1
4jBn52rNf9CG3uHbFEFaVg,1,0,0,0
raVyoZbWWuN7JcFUdT7k2g,2,1,0,0
UN2MzY7bZUF29gvEcp3oYg,1,1,0,1
AufuW5dGP551XURgXaogQQ,1,1,0,0
z5dE6ACPVnoyOOiAynMhmw,2,1,0,0
H8qpFitIesth86zqR4cwYg,2,1,0,0
VGbXpuXYuo6Lsn8KbuYkhw,2,0,0,0
wj2DUF07FDk9-nTKcoPaPQ,2,1,0,0
XiEtWh17z-_hZQSxwOe-zw,1,1,1,0
hIqq6npOS-mSl58H7uyCkg,2,1,0,0
UmzvnOReOttR3-1CStDxjg,3,1,0,1
m8vYdMqANt1fKA0N9zKrkQ,1,1,0,0
mGRUkg7YO1fWpfYCqNcR-g,2,0,0,0
uy_3-iUSuB-_uYQMQJbOow,2,1,0,0
sZMliOne4mADZ2-CqeanZg,2,1,0,1
pZf3WkFm9x91JWFYh8CLKg,2,1,0,0
KtNPcK6x9Dxj3aYGis5wgg,2,1,0,0
pbnZqw5tHkZZBG5Ryys0yw,1,1,0,0
Ls89UV4aSRE8eW2Pj_LaWg,2,1,0,0
0ueq5zB3NqLbh93KYYNIHQ,2,1,1,0
AS5SU_cEwM-IqmkF7USdQg,2,1,0,0
7usumJrTK_qs2GbSd8zIvg,1,1,1,1
iwh-33qk0BqMcp3qnMLOBg,2,1,0,1
myMxzOD5TkwyiXfkNtKifg,2,1,1,0
Sav4EJZSG7p--09DTHt5mg,1,1,0,0
Rqc_42MJmsoMWNdHi4PFGg,1,1,0,0
1JDRyjdfkE_iSwUGs_ZX1w,2,1,0,1
T6ha3lAVg7mjr6GTnH9V-A,1,1,0,0
tMdgY7Ou4k3bYZZulJCiuQ,2,1,1,1
HBjjGbfBvZ1FU1AaUWyJYQ,2,1,0,0
lGmXgLQklCW0laI5Gdxopw,2,1,1,0
bMTvOepAgtRpD9nrNEy8zA,2,1,0,0
bDnaX6jPdunz3GK63n3T8Q,2,1,1,0
Dfbg3m2ce1VUzJ5i6Z7IuA,1,1,0,0
vRltDI3WRnjBumYzRwJVAg,1,1,1,1
kQ9gVGp5R_jZwLi0-q8PZQ,2,1,0,0
7Dk6AeVwPGLNDTHpa8TxuA,1,1,0,1
VeVjZ8aR_zFEM9jKJuvraw,2,1,1,0
ENaLdbV5Z3ZctxUgQZjwhw,1,1,1,0
GZONBn0K1yp2aaD-l8debQ,2,1,0,1
NKXSQHhg3Lc2I3JiBaXkyg,1,1,0,0
j9qC2kxTFcgApOjQ0kvuVQ,0,1,0,0
20oHNhcUaTuFaek6FFyZEw,3,0,0,1
64_y0ZgHl34uOzHNnSnd1g,1,1,0,1
a6fYAeP1VOBVUeY2SrHaDw,2,0,0,0
i34UEze7MD42sP9T93DQTw,3,1,0,1
jlv_ciZY7y8c6AeAyskF9w,2,0,0,1
Qm2datcYBPXrPATVGFJQfQ,2,1,1,0
Kbm27HFhtj1Twkq01yOlmQ,2,1,0,1
xg6X-QhO5kTv9PtFqJp-OA,1,1,0,0
hkpP3kY_x_zVpVz8gQ0ErA,1,1,0,1
b7aGMB5-BNRtpBn1PkFD6w,2,1,1,0
PZqLTvbh9IV10Q8Efhv2Vw,1,1,0,0
BwrqExMsgZZ6VJnSfEEkdw,2,1,0,0
Ona9aVr6RJRL3xyPNlKSPA,1,1,0,0
xd-AnaGxEMKT2zTEheP6_w,1,1,1,0
5gQhXemXe_dJX3eMRpyfNQ,2,1,0,0
ISeb4rh50T02uADLTok9TA,1,1,1,1
_OTl6V2oUfMMmoDWD2nXVg,2,1,0,0
nvisKK8rLsGonRIvGCttUQ,1,1,0,0
z9YXWQXODDMidKBBdqTEIw,2,1,1,0
zazLy5wo73tr5y9Oxjx36g,2,1,0,0
-cuzw1pcZ_UcdA4Qxc5YYg,1,1,0,0
GG5z1usiYpSMIzG6rJiXag,0,0,0,0
mefhnIriNIEy_DZZLlEfig,2,1,0,1
ZkeSTc4YnNrFVe341b7jZw,1,0,0,0
uPwZUj4Hj-fHz1TU0LJJmQ,1,1,1,1
JLTxzBEW4IrhraaonG-vUw,1,1,0,0
pVntIctjRuspaO_ULf5zOA,2,1,1,1
fDe1ZAfFfeV70ngBdG9gog,2,1,0,0
9cdqvSdtKkrf7p8tnMi7gQ,1,0,0,0
ZXrjQxam_gy9t3SwzzhhJA,2,0,0,1
6uA2uRexFr8kfv7ghzryHg,2,1,1,0
i7VXx6AGmXtujc0kC1mUrw,2,0,0,0
N_1aKgseCRqjBRwIgNOjQw,2,1,0,0
Cjs6QghR-nIninfgAoErvw,2,1,1,0
Q55VH2YHdvX4JHUpWCSKrw,1,1,0,0
I_SW8XCxWtwUfC1ow6QLrw,2,0,0,0
By7P2EBBvhqoSDj8PnQa8g,3,0,0,0
2Yq-Y-tDroP7mdDfcWJLCQ,1,1,0,0
UJewG9UgVXQ7fyP4UHwnxw,1,1,0,1
0LA4HKI7ydji1zwnqDbgnw,2,1,1,0
slCEVhYos8olUoEOPyAEgw,1,1,1,0
HemrOHFWRHP5e6YFftHyGA,1,1,1,0
zY4P1gScsqbo-dd4WGxxtA,2,1,1,0
0BeKOp6cWw4ArB04lnyBYw,1,1,1,0
LCvHBQBxcFm9dyW2uxTO9Q,1,1,0,0
fE9lClW0RtceRnlPsATZww,1,1,1,1
3Fr9RZ8Hfz1iWk51C2RMWg,2,1,1,0
WnwfAkmIWQTZ1d5SAmORKg,1,1,0,0
Z8rT-KsNYYRBVK8j6x35FQ,2,1,0,0
nEmEaEtnkFO7VW25e2ZDsQ,2,1,0,1
OwCviWV-WcPRFcYYesZHiQ,0,0,0,0
1zzzuXq0ov-x0aogiqHl-A,2,1,1,0
GpX1PmgplBrG_DLiJVDC-g,2,1,0,1
SYIVQISajxm2J9lAnMp1RA,2,1,0,0
eW6_05mOgBaqX4OD2oWC_g,2,1,0,1
p4hzwmiBvq3Clj65JyPGSQ,2,1,1,1
ta8x5JgBJnKaDWfYvpEYnw,1,1,0,0
GWm6Da7qib16APWNXcvmSw,2,1,0,1
vZu3xxlMQSqFngDgdFLfXg,2,1,0,1
NJ2Oyy9MH0qxYiLnVHfPiw,1,1,0,0
VKW93Me42ekb8pDJ5skPqQ,1,1,0,0
UXzgjfob4cvZUo1JbiN_GA,2,1,1,0
f6X9MJSsZ0IncUGQBZjKLw,0,0,0,0
oYpwgiJxAN5X0O6pboBfng,2,1,1,0
VgG6x5tfIcPmadoE5FikPw,3,0,0,1
Tl7V8AztDY8s6Jr8yJNKcw,1,1,0,1
SLS_Ld3nVj91JJGks1yOTQ,2,1,0,0
i-LDatuEXFN3EDZK1sgllQ,2,1,1,1
U00_w-9WRddd5R_RGdzA0A,1,1,1,0
_p5oMYHQ4QIOqId1rehUzg,1,1,0,0
NEm4y5UghujKc9FkmPkb2Q,1,0,0,0
kySk5N4-cjGk3ONXu8LQSA,2,0,0,0
kj4xzhQX55ajTFe9DG0YLw,2,1,0,1
nkHaix6KenApS8M-liZsCQ,3,1,0,1
SJU-jRAZS0cXoBGUjX5GUg,2,1,0,0
n8qv-csOJM-0GKAJo1fbAw,2,1,0,0
r69MorklzaPdxGySgNA19g,2,1,1,1
3OC0fQKLoChZz1iWKRg3gg,1,1,0,0
zzsU528uoRB6qZUGhKDa6w,1,0,0,0
tNpjmubdCRNzDznBwjgRHA,0,0,0,0
iYzjrO27y9ew0HgNwYZiUQ,1,1,0,0
WasMhp4Me2pjbWMoKIWDpw,2,1,1,1
ZuYsZvJ5r32Fs70vPXbRgw,3,1,0,1
pIC8VOa9pPvq6JI02DKPlg,1,1,1,1
i5szTj7FUKEkefxR5ID_bQ,1,0,0,0
8qsZdSaHko5D6HfG4rPNUw,2,1,0,0
uBapvMNLJ6dtwJH9HQQamg,1,1,0,1
A2pHOVp0zh7grb1bbZxoBQ,1,1,0,0
_7EsArRtaywrPasvA8ryfg,1,0,0,0
p1INXqHihlSze0V6MYvHMA,1,1,0,0
E8JxHzlUrwio8gxV9k8a9Q,1,1,1,0
gtgwlSNqDAehi723uMdpIg,1,1,0,0
LA9KIu-g3VaoFQsYHL2yRA,1,1,0,0
LUrdDBRqkV2tPj2xnEoG4A,2,1,0,0
RPS0KACAND78Kz1XdQLSeQ,1,1,0,0
bj3z_mBR3bYDE3VwCegusA,2,1,0,1
ZYocFoV0HhWzS_U7R7svqQ,1,1,0,0
2PZYvWDEN9WYhWkuY1JVtQ,1,1,0,0
aVvMVhCSNT3d4W37Ue1aUw,2,1,0,1
Ch4mZlK2e5Ex1jbWPmr9Qw,1,0,0,0
W-YhRJOSezqESSas-oLArw,2,1,0,0
KJsGM_gLm597KEJ95PUfsw,2,0,0,0
I-RWw3LF8DgeUujeDmswnQ,1,1,0,0
CF1mHEifQquzObJFzLHVHQ,1,1,0,1
uATd3sAvreK_x7VuOSWiqQ,2,1,1,0
91GxxEnwkkdmpGXnvCXZzg,2,1,0,0
2xCswTbQwG6CVka0U3XayQ,1,1,0,0
Mpu8IzCGs805YBiwQ9IgFA,2,1,0,0
kpZ2vPjkHfee4pCLC05tfg,3,1,0,1
rP96D-VPC1Tbu50VQ6Y97w,1,1,0,1
JVzuemMrNWGlhTX1XNzSfg,3,1,1,0
k37KspW_nFpvj_XJI50wOQ,0,0,0,0
nFikPH1pjWY1m__4ZNfV9w,1,0,0,1
ZiD-51ZPmx682EItg6Y3jA,1,1,0,0
O0gxkdh1eXMJm-6R7TzYeg,2,1,0,1
NrYq07iiMykxVbNjoXMHDQ,1,1,0,0
mAhu38hHUQyOatamyQsOww,3,1,0,1
1q-0v6rg3X-K6qMj81wt-Q,1,1,1,0
A81a8oV8DAxnGLY2_r8dUQ,1,1,0,0
HnsGCps7TY3vnC7u4xVEew,1,1,0,0
hmUkDAjKxB1et3hVjhw9jg,1,1,0,0
cFpbP3-trTR9q34lOqiIUA,2,1,1,0
KvbvfyI82dJMgo0NZgDgLg,3,0,0,1
hrub8NmZuJM-5vO6Rx6P-Q,2,1,0,0
Xsq8hcTOA89tUSeHUzVovg,0,0,0,0
SGHTKGDcNXwdtw-ZMNbrcg,2,1,1,0
BB7Zk7p76N029MoOkO4FZQ,1,1,1,0
SNkkuchbVtUzCwyENcai_g,1,1,0,0
zC-RnKVTlGEBmzCngDzp0Q,2,1,0,0
3tBRBsiTi6JJz3CJ7DcS_w,2,1,1,0
5aylLvgZVtI8H59uSClfxg,2,1,0,0
u9a_nThKXoF3X5E3xWgnAA,1,1,0,0
qJl8r3R7xqecjNcUkcteRQ,0,0,0,0
8-IjG26VnlXLg1N-0AvHrw,2,1,0,1
B1X-D4mRW3VjNUUolPDItA,1,1,1,0
ZB6Tvc8rhTbWvniKRpe9Fg,2,1,0,1
nY7fbhtSoofHCJ18x0lNhQ,2,1,1,0
gw6aVsdno8U8DEl0F404fg,1,1,1,0
VbuqVOVUT4HYXKI6B_S59A,2,1,0,1
I5zC_Qw8tpAckO5i6KC5dQ,2,0,0,0
WUq7NNgCTaPphTYL6qyEBQ,3,0,0,0
-t2b2DaLhrb2-Ngv8Tvw9w,2,1,1,1
WMJEQ1DoElaxLGTO1X5XVw,2,1,0,1
g-neBWSgkVEKVVUwl3iXwg,0,0,0,0
tybTvXOgkOjeXMFbLcSYJA,1,1,1,0
3j_mvJHnT7nJd7su_7zazw,2,1,0,0
JeuwGHY3knsBKt3KegjqrQ,2,1,0,1
x4mhAhgIVUd205iXMoyzCQ,2,1,0,0
_nmOWqgx_KdLrj5pehDQmg,2,1,0,0
OXVp3FH5EWv6Le6lY009Vg,0,0,0,0
ZxO1vuGoiCzir1r9Ma3BfQ,1,1,1,1
KBQcNy9k9G8_a5WtrVGH8w,2,1,1,0
FAI9pDhZ-Af4OJnhIxdxOA,2,1,1,0
HVyxN-G8NOfUHo2cEnilVw,2,1,0,1
7LURynIRYeS7jcfadeRASg,2,1,1,1
yZV1UkPLnfD-GNpJmIqaoQ,3,0,0,1
JTknlKD6bviJZLngdpbydw,1,0,0,0
96X4OwboB2qCLY7tQ20wMg,2,1,0,0
aYxrzPFKqTyDJQ2iOhN_zg,2,1,0,0
75u8X_saAIETRHgpECi8YA,2,1,0,0
vG_LNiSYMFOijtAsP6s6Ug,2,1,1,0
Xq7EG3ldXwZABDa22BQKAw,2,1,0,0
zw74kL1IvT65yRvNLx5UxA,1,1,0,0
gofm05Jo-OYqjlxuD5BBDw,1,1,1,1
Fv3jcRVP8WBEdTR8E4l1hQ,2,0,0,0
yzmvsG3Vo-2_F3_0wHzJdA,2,1,0,1
DeXwyJFF1ubjyQH7zXPxCg,3,0,0,0
FH4rmSFeBOrt91ji0ZqlRQ,2,1,0,0
DJXZrIi4k1Iyd1mQRwxIMg,1,1,0,1
r1Uj2CHlp0N3U_XKMIk_GA,1,1,1,1
QazkhZQHHpRyT7KRVsPnbg,1,0,0,0
_7qqB7K-Cd2vhb3NEUcdtw,1,1,0,0
xYW8DEHo2-b9UaYfhdzKUA,1,1,0,0
08_PxnpSJO4Rxt05EYaAxg,2,1,0,1
7xGMDGo3m1H40i-QNN7GXg,1,1,1,0
GLTLuTgZ8Pn5j4-aw2GCPQ,2,1,0,0
nDKcQkh8vZkY_u1kyww44g,4,1,0,0
MbhIK-51P6TmHWLLa-n4Sg,3,0,0,0
osVODz4p1KPslQU4cuU1sg,1,1,0,0
jBjksY4ets9gDuGwAGCxYQ,2,0,0,0
vW65SNLam99SyOuVagNuvg,3,1,0,0
ROp3STErzggF5JYZK0jxEA,1,1,0,1
89HTMIo00A8efEF8R8PRzw,1,1,1,1
oPKrcIGMveUao1xoOPW_eQ,3,0,0,0
A2Sq5rBHCvO38tHXqAiAkw,1,1,0,0
omQzbXpCURIShYYeBREO_A,2,0,0,1
7B4ZXiaDDcg04_N1A0DG9A,2,1,0,1
beqqBCKM_4aRPmRzCfk2xA,2,1,0,0
juuv0QPE_MfnVjevQTpCDg,1,1,0,1
wxkGpZEB5_U0hIMeFxL3-A,2,1,1,1
a8PzL5rUpCa8MiQEuLZaOQ,2,1,1,0
h5SORyAizX0G7PDDifdxaw,1,1,1,1
H6TD-Kt1rYZBqzxSyidvFg,2,1,0,0
7jh4nnc_WAN9q20i_uYzhQ,4,1,0,0
tN-UYJf-mAbwGQMdFbbjiw,2,1,0,0
7bkA-nYNZTAAXF9i5-o-Kw,2,1,1,1
BdzJQypceJ5Bam2P7egoiw,2,1,1,0
HWTlnO67ScWmuk9fe3nhsg,0,0,0,0
-UBoEaluaCReqxLRiAxVPg,1,1,0,1
DXJwwkbTLpVKrFw26-8tcQ,1,1,1,0
SbS0cnxFStrlidtwek6b6w,2,1,0,0
GTR39A2jwNIS_NV8q2r_JA,4,0,0,0
499ugPqwBhr-EQYnCuFC0A,1,1,1,0
9xitj8uws6IpbhlxV5tpSQ,2,1,0,0
tuikCn2ljRGN5QHZBnjoqA,2,1,1,0
nfdNvM0HFCDmnJ5eHMnuNg,2,1,0,1
Eox_Qq74oaFZ-YjthpHhBw,2,1,0,1
HpPCtuiaO8Tkc655O6-Wpw,1,1,0,1
9iy6scMRbs5ue41XRLGEkw,3,1,0,1
e_P0OHb-ly0vrWWWFV490g,1,1,0,0
v04EmZIqReWVD_Ri3rofUA,2,1,0,1
9M0cQtHWkLNhGxPYt1qakA,0,1,0,0
3cg4pKBL8DTFXCtZ5y9V4g,2,0,0,0
9cBklDZJZJFGY8_yIpRRHw,3,0,0,0
IQdpwJLi-AdUu_Fh6hTq-g,1,1,0,0
jFVcpqn1Q85AEDGQDv91mg,1,1,0,1
2u58B0ZQBT04hBTTzVmojg,2,1,0,0
WwBadFHFU-81RJAKtTgB_Q,1,1,0,0
S9GLG1MhT2bQEGkAY1yRQQ,2,1,0,1
Yn-8zix5_blucvZo3G8kPw,1,1,0,1
3IWgxsZ8E49hNsY3qSvdZw,1,1,0,1
iS44aNB5h7bkAV3dzm9Fgw,2,1,0,0
d6L5G9cBBYPcrBtYlCLFtg,2,1,0,0
oY2YFT9DXmmGj83O0_jlvw,2,1,0,0
bNXjo8axO89Xp5oiwLzbgw,2,1,1,0
zwGu5H7MnilB9Fw7DZ7kXQ,2,1,0,0
nFPhaD8dn0URgLhqL3sPpQ,1,1,0,0
z-OhppazxWfHnUCzFTKQhw,2,1,0,0
W3cR01oSjxDzaTFlkZsoGw,2,1,0,0
YP800TNLAj0MSMgmplxc_A,2,1,0,0
EIH5pDc75v4haOcww-SEJg,2,1,0,0
9RQznFcE6Mhslaw0WlJ3jA,1,1,1,0
_Y7090jnL5EezPib1ZVF1A,2,1,0,1
0Xr0kte9ADAfZ-GBO-wimg,2,0,0,1
ioEdisf6TTCoUbfQDnUCjA,0,1,0,1
8yY7tAd-qrjC0Ineby0cPA,2,1,0,1
NgSfrxkOFcNtj_-Mvf6jnw,0,0,0,0
7NDpbeFYqQE28wKLBZKGFw,2,1,1,1
aolTlQzu7fMOGtiiEYiX2w,0,0,0,0
pORB098NY_sSKkOQTMQuTQ,1,1,0,0
xgWRBPr3k8iJp10cZE9GHw,1,1,0,0
9wxxjUKdaiWeK0fGxSYhzQ,2,1,0,0
xJ8KByAD9p-laEmW1to_vQ,2,0,0,0
4IZsGR2mSg7jiCKKZ6VZkQ,2,1,0,1
Qfn9qbWKPsfkFZDQzw7kCQ,2,1,0,0
Yh8xSwsPSJgVatvXulmh5g,2,1,1,1
mtH9K4llckL88Ueb2g5OEA,1,1,0,0
NFE_xumAFUYr-eV1mQsgJQ,4,0,0,0
bixMVkra8aJ1zcx026N8Bw,2,1,0,0
FS8uGqtkLVl5P5iPhTAGjQ,1,1,0,0
ahG8XQK5Aj4kMtOrC8zfTA,1,1,0,0
wsZbtXGBb1QwycUppFJoCA,2,1,0,0
e5Qw3r7mkwPLcdDzZzTeew,2,1,0,0
nhfvM5PU9GRx-mCWHrGpMg,1,1,0,0
gQ9qXrLNnowN6YrGhJFTYQ,1,1,0,0
c9lQelobW9IenZJ-_q9uxQ,2,1,0,0
zrQ1zKWC-W2PCvwjBururQ,1,1,1,0
BUcyHikUyo4U12-3RvDKlg,2,1,0,1
rbWL5eZCaHLqhpLd84xwUg,1,1,1,1
Poe4wRP7qagO34HGenYUzw,1,1,0,0
vqv2lIEH4hJN9BbMt2LiWA,1,1,0,1
HaBNgcFkE4GggOoecDaSdA,3,0,0,1
cFzrkYqtFvae7vaZSYMdWg,2,1,1,0
-K82LBrI3H0FVuhTbNDpRA,2,1,0,0
db04aHdl79B5OUo_tknYZw,2,1,0,0
h7d60ALPJ0_PkWNHgzltjQ,2,1,0,1
-C8sSrFqaCxp51pyo-fQLQ,1,1,1,0
CogdxyYsTtyHyTMuj0RgFQ,2,1,0,1
1ziIZL9P77FrsXS4_NMiDQ,0,0,0,0
48xGu1gWXoFyVmi_-yzHQQ,0,1,0,0
WM5lY9Yp9FFr7dsC-5sNYA,1,0,0,0
rSCevr5tQJTxPzMIq3n5Gw,1,1,0,0
JIpkbdQitnD1A5jfyz6xDg,1,1,0,0
sm0stXMEmnR4fjAAVbCYtw,1,1,0,1
EHM1LwTW9Y_dO0UyRI2SZw,0,0,1,0
omcQohJjl8jDIhLo0M6_cA,2,1,0,0
sHsjBV5_kuuC2aU2PuSlUg,2,1,0,0
15_YllaQ7n_DOFTq1v0-lQ,2,1,0,0
cQyeji3UDzBuO_7bq89dFA,2,1,0,1
VF4ehFuQor2T801EdmKweQ,1,1,0,0
FrJX4ifJsTAXAJJq0K7EVg,2,0,0,0
bKQjQxd3KnKT4c9YLWjnFQ,2,1,1,0
ATErtjbLCxEPOD8ICKKr5Q,2,1,0,0
8grTRpmD9JYRPWayoLxg0w,2,1,1,0
WgqccKn-IVKUTakH2SJCKg,1,1,0,1
iJ4uoZkPNJ39Vfh0HirI3w,2,1,0,1
IQ3wDfQYvE7B5Dsq7NArjQ,1,1,0,1
zkuCoXFQOceyNaPJLUDZzA,2,0,0,0
Q-3_XWvNOBlwt1QTrI9A6g,1,1,1,1
INvxViyj-cwOVqHMEM6jvQ,1,0,0,0
Vd0MqEllhqMQmZVDsTTzAg,3,0,0,0
lfXfxBms5z1nwzkxxLFBWg,2,1,0,1
zSZgK7UtuQQLCSEYTeADUg,2,1,0,0
Wyjk6RBeOPQr7td5Tqwksw,2,0,0,0
f11oGgqiYgcAYz1jYqFgSA,3,0,0,1
bTPwIYhcPG_kQGC0YRhC9Q,4,1,0,0
3VvPKmr-6LXJ7aWlFtp4Yg,2,1,1,1
pzvLSUJ8Zp9DkR2YRGY8uw,2,1,0,0
jS6i--1iVudrIZNhKrG6-Q,2,1,0,1
hjDe9ndGEdtUREYUTXvqsQ,1,1,1,0
cE9mrmGoSRTH3FkIS63i-w,2,1,0,1
Ijdoi6pDMK3Burw3TtAOZg,2,1,1,0
HtG4De1Xlv0I4igSgEEEPg,2,1,1,0
dj2XkboYShGM9WvpkayJWA,0,0,0,0
jATVbyYjlmjV4v0z8gXnqw,0,0,0,0
5awZCHIPylSsb1HdwcXEhg,2,1,0,1
9bdVAp-1LlkEKn2eegvCzw,1,1,0,1
TcxgeSBXpc-twKC2-kkuDQ,1,1,1,0
P5BBNzZyMVoeToNsrSkrHA,1,0,0,0
tVzgYjAI1Y_oDHmbJRyxTA,1,1,0,1
V6rzs-QgnuW1CdOn-23nNw,1,1,1,0
wik8LiLFITAiJMuI4mSTAA,2,1,0,1
K4isdrdwV3GbI52Bv2Wq6g,2,1,0,0
x3dYPKifvJoRDYvjJxyZAw,1,1,0,0
IXXZ--J60dbcsWgN8Lq3tw,2,1,0,0
bbzU5h4Fr9zDac1KrS-_2Q,2,1,1,0
Buoax_u7glzilOwKEwGlAQ,1,1,0,0
QcyCiiyGZjVbx0X2_Dc4Cw,1,0,0,0
N_6ct6DK7YYRLfo0GxW_2g,2,1,1,0
AbL1xoa1-RVFZwtAk_oYuw,2,0,0,0
MuQ5FaZT2P6zSRB3YEs3Rg,2,1,0,0
xYonRlhqbwdHLhPs1PLdCg,2,1,1,0
2xlQ1OA8iU2V460CgS37-w,2,1,0,1
4rbGzlSlCaKH1LLUGKaZbQ,1,1,0,0
wcNvlrB5xSxzXex2M3UyvQ,1,1,0,1
yd0g-FRSAdP9YKm7Z8-uUw,2,1,1,0
ZDoXr27YooSll6FTD36RkA,0,1,0,0
s-aGceIVH-XrIWdC4Jkbeg,3,0,0,0
bJjBj7g-Im71HUsi5Yw5Vw,3,0,0,0
eiRH93Z6CbVekyyiE0BZFw,1,1,0,1
2GEr8-FpENQQPdmCrIWMYw,1,1,1,1
aFHhlNjp1nLd-2Ql8cfZkA,2,0,1,0
G9OOkWH5rLHN3DKNPMv1lg,2,1,0,0
Qc-bULSBAyVh_qaKRWkF9A,2,1,0,0
vY8-P5aeFO4xRoH_mUfQ9A,2,1,0,1
sSdHUsUZ4mvkb5ymIOJ_Aw,2,1,0,0
6frPvwX14wDH8jju64ewRg,3,0,0,1
ij7p-hbzxWCPTCj9HA8iwA,1,1,0,1
O4cBsvHWDx5trUYAa890-Q,1,1,0,0
94dJrwA458khavCv5i7gKA,2,1,0,0
1eyfFwXY0NCS7SMXmgl_Dw,2,1,0,1
Fb7QbeQVasGej9GPIL2koA,0,1,0,0
zd4ECvt8bipddRhl6fSi5g,0,0,1,0
rJPIzQ_vfrNtZ5duPoksyg,1,1,0,0
jqUiYSsIHS6Jc1sSsg9d6w,2,1,0,1
cRMC2eQ9CP6ivhEY8EdaGg,1,1,0,0
Nnb9kHGq_5pJSjGundeY0Q,2,1,1,1
n-ps87_nlV56dKLD7Wep3w,1,1,0,0
R9gRb3T8t-eIKlOtMPShuA,2,1,0,0
3rkxTx8DoZSl7_FryhXCVQ,2,1,0,0
SMkMBsGy6oAkv4r1boTCKQ,2,1,0,1
hbHrZdWmK7EepAm60HCx2Q,1,1,0,0
qABb9Wzdn51VcNHdp_Qhpg,2,1,0,1
6pSUvtk5-OOaJfX0hbkb8Q,2,1,1,0
NPQE0JvwjmFca83ZuAXutQ,2,0,0,1
nReu5muBDRmh3gAr7kWXKA,2,1,1,0
Hq86WlkF7bdQlaGe_p5fHA,2,1,0,0
E7h9RmrqKdoi4i2deuN9YQ,2,0,0,1
527O5H26A0lFtCHO6zEh8w,2,1,0,0
ya4LH37T3KMdKYGGl7McDA,0,1,0,0
Sd1UqBycilIJO-m9Cmmz8g,2,1,1,0
zhoNuaWrB125_LRRVPWMSQ,3,1,0,1
dgseqfpjVGR7TkEee3LZtQ,2,1,0,0
mISfQv_it_TCXpFf4BFzaw,2,1,0,1
xuAY1qnAMrzkNyTd0K0Tcg,2,1,0,0
-TIFqTXoTKMZ-ZN_K1BTxw,1,1,1,0
rZvBlC4yHQZtodZBsxb3nw,2,1,0,0
75lNzRwmjHpuMwSaNxrMBw,1,1,0,1
WB3nXcDioVvGax2u5_jXhw,1,1,0,0
ESuSLeXtEnEf1zs8WiW-Tg,0,0,0,0
yhdhklGlRsoeW-x7A_pVmw,1,0,0,0
Y5qoU8Cau4ZbWMTEpbuWpA,2,0,0,0
g7jYJUwWdT5Se9VBlOtUjw,2,1,1,0
XpB1GKENtgaaO4KoV-uswQ,1,1,0,0
yj7F2Iu_yMN6c-zDIMNWig,3,0,0,0
A0Gj7n6GUORMWk0ECMgl0g,1,1,0,0
wdg_f-tUszqz5gTRwnEd8Q,2,1,0,0
yIZROHhe6hfmmzLCtTIEJQ,0,0,0,1
FSRo44VhHZpkyQ_uht1AMA,1,0,0,1
83C5ysOCnmNGB_fDsVdr9Q,2,1,1,0
GU7ww3eoGTcXAze8VJtC7g,2,0,0,0
KP7eER5QIatYvuQnTqfmnA,1,1,1,1
CeevPqFuG8g2SeyEO6TtCA,1,1,0,0
1kqLZp0_FEMHGx-W4TjTLQ,1,1,0,0
ls_H8-5CuhtcEUwfPdjy8g,1,1,0,0
l1UfMEHHQni1ewUY5xe_QA,0,1,0,0
vYz5pcA2ivh6PoLJtE9KJw,2,1,0,0
f5UraqUh4mRlBkykq3Dj0A,1,1,0,0
y-sRypoTK2L6EuozhEMQzA,1,1,1,1
oe6srp_GGRncy5ODHNfW0g,2,0,0,0
0GmQjd_LXUyKXD_utcLuPA,2,1,0,0
bMZBkFrTI6uSYQB6XYnvnw,3,0,0,1
pmoIMK8zGWvKsVOPDBYfzg,4,0,0,0
w7DEm_2Gj_xF0qeRdbZn3A,2,1,0,0
oMNG8h5O2xFx-IqRjtcY3Q,1,1,0,0
XF4w6wG1JOvfKZlQcxiWgQ,1,1,1,0
nPBZaN5ttrArS6tZwdjN7Q,2,1,0,1
HVFKw_1abKVGYscxYKlKYA,1,1,0,1
mfgNzYPo7fV2uBcsyW23DQ,2,1,0,0
mYco0c2HXIGMs-XdrNnDjA,2,1,0,1
2eUMNQ2PNIAHyTqJ9HA4dQ,1,1,0,0
a7ChC96ZIKh8xY7ugDPktQ,1,1,1,1
S1Bs_x9aHFFZozwJLCNTgQ,2,1,0,1
0B_aEPeZjrXs6T7vS3arrA,3,0,0,1
bxPa15MkcQ8A1JtN0_dOIQ,1,0,0,0
9wQHmZrkx0MtEN2AlZ0HVw,2,1,1,1
gQQEAJDjwzqyE4DhnN2WIg,1,1,1,1
mFqRAO2k3xoiSOEz-Ek6Ag,1,1,0,0
BOSRH5BwLs97xgtfgu4Plg,1,1,1,0
L-q2fn9CDKmWX5c2hXUD5w,1,1,1,0
whyNu5Cl8gMiQkdWPzaDXQ,2,1,0,0
CUPaXY7Nhei-Ke9P7pHCkg,2,0,0,0
XZ9Rpc3i-TlXzBQM5fPKwQ,2,1,1,0
x9QvSK6njGK1q4NC9vq5mg,2,1,0,0
Q5fzK17mAGIj4VC9QlaB1Q,1,1,0,0
kplbTXzOaUJqP2BwanoYjw,2,1,1,0
Nt0ILbydRyDbE3BPRZCrew,2,1,1,0
dbqoIYGNxwcYQzzoAg8Gyg,2,1,0,1
eWYpJIv1xDaNAmRTT_WjeQ,2,1,0,1
-X9QS8l7u5R3CswmfZtn-Q,1,1,0,1
APkr8bzYE0xiePqmAqPzYg,2,1,1,0
L7iOEZLuvd3vHoX8Efi_hw,2,1,1,0
zL3x_UWvNYLTtxJzO8sKmg,2,1,0,0
ZMmgFw2P4LWsFXNn1ZGc1g,1,1,0,0
RdiW5_xrcLbwvG0D7I3cIg,0,0,0,0
lcarrupLCJ-a9LGkTUtMIw,2,0,0,0
zVgv-SjNv5PHOyZtpL5tCg,0,1,0,0
_dehSQdPidJmYnmo2ya7JQ,2,1,0,0
VEm9MYOb6-M8M0n6u8IZag,2,1,0,0
VZQ7R-LYP8Ja9k_-ODnJpw,1,1,1,0
kXXeD5QOg3GKyyl9QWMifg,1,1,0,0
8WyBrfCoIa2Jr8f7fZaUFA,1,1,0,0
rwOl_--ElAL1D50G8-BQLg,2,1,0,0
KvfaPsLlpOZAF276Lpvm4w,1,1,0,0
0hifnJw81xfr35g6eH8GRw,1,1,0,0
0CZ4opKkec9yAS8qmXoWdA,2,1,1,1
ltELYeBXsbkQPlH16e-mOg,1,0,0,0
t7Ne-kIK_UJqLepKQ3RAsQ,1,0,0,0
HbX-cHGlpp9N7IBIbLqr8A,2,1,1,0
fY3lvNKf5KyQUDwUz2apnQ,1,0,0,0
6eCbK0Fg9N_DbdluVQx-pA,2,1,0,0
M8Co6Z9U7bPke7Xq9fFRBg,2,1,0,0
DO3FefiMYiPYsEl6O8W2dw,2,1,1,1
nxY5uxfS-R8xP4n_4kLpuQ,2,1,1,0
yQXnTWxh32HFonq6FI5kPQ,2,1,0,0
wGCS-2FkRrBRpoA2keXP-A,0,1,0,0
yyOuY5jf_O-BNtLGPnV0gw,1,1,0,0
TA1dpJpodkG2NR7JJLIicQ,2,1,0,1
MTpPAQrgrWtZLLoa-VLc-w,2,1,1,0
-2EAyppKR_2xuLyvJZEbRQ,2,1,1,0
lCI3S_Tb16uW3TOk-wMizA,2,1,1,1
7lDDVsh4K3KeDdUv8_t7Zg,1,1,1,1
8b0__AfQmNjrwW2rELo2YA,2,1,0,0
OPctv7y27uf5cRvChC2sKw,2,1,1,0
h96UFhWMM6k2xGgvmMoszg,1,1,1,1
oieF_xZizDykk-OQgYXHyA,1,1,0,0
hb96UNwF1bvkueiXDsfe8A,2,1,0,0
PM0A7ZgbxvtbRCj931PbyQ,2,0,0,0
g8pg0WUwkDqNoUxWJDIRYg,2,1,0,0
dZNA2tF7kXo7urqKytVHhQ,2,1,0,0
GRLHdCXzmFCBbvvjRxXnrA,4,0,0,1
4KHo1LnkM69RtWTDBdG16g,2,1,1,0
vFWYJFEEp-HeO7bsJOyEZA,1,1,0,1
NfrrOcT5kg18Qprwsat5Fg,2,0,0,1
DitTJbjhzFQK8nDOparlQw,2,1,0,0
f_vIr9vzQv0USejCvcawcg,1,1,1,0
4tWF2w6jP2LNK2xTVNEMFw,2,1,0,0
3nEtb-rn9yW0ocC90geMKg,2,1,0,0
Mca0HEKs8Xfa4VimLD1uGQ,1,1,1,0
lGhCcVyJFJxZeA78m7eVgw,2,1,0,0
kWvBsbALiMDOghpoBh-tAQ,2,1,0,1
UI4lGUcqc4YyzXJ2Uqe6BQ,2,1,1,0
ropJyZdmv6NeDU2Vz1I_Hg,2,1,0,0
-0NhdsDJsdarxyDPR523ZQ,2,1,0,0
ZUOLbW_wT1d12Dzyx48CFg,1,1,0,0
vsR4mMcTM1z0cv8oXxDz2w,2,0,0,0
9xU0kdI_C6mZdJ0IJkgifg,2,1,0,0
cMrCi3nAcBi3aUKDRAySiw,2,1,1,1
5NUHLYoZS_iCp2JSt5tQZQ,2,1,0,1
z42ByZ6dXpW7hkNfJw2HFQ,1,1,0,0
-HlfeTND7PATNVduJ_35lA,2,1,1,0
aXIJx_kxbmxUioM7Kcokow,2,1,1,1
w2D1maE1-0rNhS3r0K0RxA,2,0,0,0
qTBT6UDQP5-GSrB-UTn5CQ,2,1,1,0
oYPpWHgsjcIt-tUzGXk_eA,2,1,0,1
2oJqt8ZDyw0WapZ8Zc268Q,1,1,0,0
7JYjXxB9tnAeSn6-NNSq8Q,1,1,0,0
EbPUpHZjaPG_bMrhr5zS8g,0,1,1,0
8mQNTVk6mJPliWa_10zZhg,2,0,0,1
g7Saw-7f5-Ogj9TKJredvg,2,1,1,1
TjgUGNiv7pHEYg1MInd9VQ,1,1,0,0
OMtAgpa37BYD7Aux8a8hzA,2,1,0,1
Pdnh437o_59l0QZsxvQqLQ,2,1,0,1
C_mFoDIKeoquldTHFJWTjw,1,1,1,0
3PshdJtSwd_poaPL7fIOHg,2,1,0,1
oT-6H7Tp6ZNbOx9-P5e8xg,2,1,0,1
bMrYaaAy62ppdS09na0RgQ,1,1,1,1
VBoyqq5lO_H-EJO6MTwIPA,2,1,0,1
hgwkI7cx-ki7cWOSzzyTLw,1,1,1,0
r-KT6NlBbfxR_L3t98qiDQ,1,0,0,0
16gKsvCihzW4-IoxMide3A,1,1,0,0
BzChPcJYsg1guEhyDMgVxg,1,1,0,1
FCKexdb00Z0A8IJHjiaAxw,2,1,0,0
FhVYpbvE8IQeUHAcwPPIXg,2,1,1,1
dCL9Fg3D31UdIAiRk8h8Vg,2,1,1,0
JGt8I1xjA-2amBuXwXJPIw,2,1,1,0
UNVYKGIq6jwcAnP1sT7jgg,2,0,0,0
ViErpcikhbAjsDcpdAfwSQ,1,1,0,1
_KCvY2g9mMgcBSrVjCS0FA,1,1,1,0
5shgJB7a-2_gdnzc0gsOtg,2,1,0,1
ye62ltisuIosDq5F_6V25w,1,0,0,0
8fiZjbPMgg4qDSLIdZsWZg,1,1,0,0
DSKIdpJY_XCL_QMp1bpIrg,3,1,0,1
kkmnzRWOq9mJVpQQzgv-9w,2,0,1,0
sBQA33hT0VGJHh0a5ERkPA,1,1,1,0
D_Oa6N0aTUUE0eoAwRHFtg,0,0,0,0
N-A-Ys0zNx1gmA9_kTlQdA,1,1,0,0
MaOq7lNLt8tE4n6zmjMycA,1,0,0,0
UUT3f05dbse6ar-2Ws5GUA,0,0,0,0
hJgdrSbwhkp3-GbAyS79Gg,2,1,0,0
e1_gISPV4RpFRjdNHmuodg,2,1,0,1
2GfKCR3S8I2m0iiyEd3sKA,2,1,0,0
mRv3Z25F56qduMKnvnCkVA,2,1,0,0
251cOqWFI9t0udLSdS6SCA,2,1,1,0
vlJsF5tTfplbo1D5kbUPmQ,2,1,0,1
b3rjuNfmtTvJVdVCl4i7AA,0,0,0,0
zesysZuscMHxBl9uIQXIIw,1,1,0,0
nQfiFn--1X-eICh9Avwl1w,2,1,1,0
aiQzACtoJ3nLjU_J6ahYKg,2,1,0,0
14m4FbWr2BIgrbSdPBKG8Q,1,1,0,1
fd6iX0qDBTX51IwFJjh1bw,1,1,0,0
3FzZzTdE4a1u0dmoenlaKQ,2,1,0,0
tE3EtnE80cGMm_LF8ufyCg,2,0,0,0
8z41rOTs_wOPtxsLXgUY8w,1,1,0,0
iTIBO7xk6j4Zuli5YqI8Jg,1,0,0,0
RzTnVmiDPChwkPnQAIGUUw,1,1,0,0
YIUcqm086eWtNgZeB39_Ww,0,1,0,1
AP9vhzzu0H-ZOxyEStlegQ,2,1,1,1
O8oSsqUSHAXBalYEadFjxg,2,1,0,0
S24zkRnTBxIbXJ1kBRXCtw,1,1,1,0
-CQokjildrY7UZezXCdEBw,2,1,1,0
p8lcQpcebIN1r7v0wn0fNA,2,1,1,0
lbdOJdQXcGY-Uvorb4YzIQ,2,1,0,0
REM8BezFuK4MQ6j2k1I7-Q,1,1,0,0
GYTE331LlKZr6O0ADFDSdA,0,0,0,0
-tBHYwARHA_eAp5DzOKAIg,2,1,0,0
67uv5149jmJTYt14pm6IcQ,1,1,0,0
NC-i4xLdgVAjnvL8YB4fuA,2,1,0,0
bOkNPnbi8yECVpxIg46naA,3,1,0,1
GF-Xv-NyAXh-xCC-PJq6Ng,2,1,0,0
6AFe4y_ClT9D-CGGyikNQg,3,1,0,1
ZcOPvNxsehLB7ypsyExytA,0,0,1,0
rBbyzu-D2bKyLNOLSRmFAw,2,1,0,0
CfYVBU9ANdjp4L5J2HV0LQ,2,0,0,0
_HwyxfsmFIOlW3xhAOcFVA,0,0,0,0
LkQHuNH8eehq57aySndVow,1,0,0,0
PK0pjMIgWXg_xHJT4axz0A,1,1,0,0
LcIgUlWaJJwtOfPoPWCmBg,0,1,0,0
qim0lD112TkDhm8ZyQlRnA,1,0,0,0
Lr2iWJb9GSxhgrXdt3hJXQ,2,1,0,1
ms7cmWkPiSBDTnz-1sv2kQ,2,1,0,1
s6IPjR2nSJqhXcGJ49Ckiw,2,1,1,0
sfzX4Ndds39mhS-Chr2lJw,2,1,0,0
fnZrZlqW1Z8iWgTVDfv_MA,1,1,0,0
ku6NGJSMJ5RwKnHrzVBQcA,1,1,0,0
8EU78DspV7ORFRXr9BPxuA,1,1,1,1
DRiTXZ2laRiAgrB-Gkgv1g,1,1,0,0
ZZF5iqlKFBWJSGSZzWHMzA,2,1,0,0
GCYoo69k-vI-KFF3rsFuTQ,1,1,0,0
Xk4Ad-Q5IF4VWNcddKrhLg,1,1,0,0
M990h0-4g-wpJN-qlnqFAg,2,1,0,0
o5TNm5Iaah14KtOqjkGcxg,1,1,0,0
wZkjm9TGa7nXLYHxhIRO5w,1,1,0,1
zR12ySz1Ew1qAP-yPJDHAQ,2,1,0,1
zZ5EM6ON8l7R32HwDabd2Q,1,1,0,0
Whe-J05k_0ZZbMG5LJrKSg,2,1,0,0
Qi8RwNsp4_3U6XXucj6B5w,0,0,0,0
DcA7Rw6VeIkp7YdV9ijaTA,2,1,0,0
6VT-yjlxGnuMho0E_EM8RQ,2,1,0,0
rquarcYSOS9PIstXZAP_kA,1,1,0,1
Dlv2d2mZbyRIO7V9ZUKoAw,3,1,0,1
DF3fGWKavF6E0VSeawkR5A,3,0,0,0
DEjm5implb5hHqQEmaLuXg,1,1,1,0
z8oIoCT1cXz7gZP5GeU5OA,2,1,0,0
4_yC0H9EVUFDmEj4sNaMiQ,1,1,1,0
q_TUankOApFUPDNQIDmI9w,2,1,0,1
e62KCqoq3qQm0nvt3s5UAA,2,1,1,0
iPXKHoEdpXG7Ysqg7UZ3ZQ,2,1,0,1
vnQ9a0e_DuS4MC9nyEbA5A,2,1,0,0
VXlK-DWw4ADR4TE7Eou5Dg,2,1,1,1
2iBz8Ho8dQRDXS-HgXQLvA,1,1,0,0
A-ZecZ28mwAmjlN2f5eRmA,1,1,0,1
-ykmZ_RloqRJZt3WAetv5A,3,0,0,0
kbM1qfdEdEZA9QsBIPBG4Q,2,1,0,0
36Di9dRKgsxduxodeWsY0w,0,0,0,0
2pAaYEpVsAy3XNLpmPxCoA,2,1,0,0
Z6bIu9gOxDbr8DjrbxIn1g,0,1,0,0
1ytwQT_hlhoxvgDzts4Osg,0,0,0,0
P6JCepLy6zlq-jEsrAqkKA,2,1,1,0
MvLpD44gr5OwDFYY59winQ,3,0,0,0
LJvGjabschy4zGXwnAk2Wg,0,1,0,0
8DcFtolCfmxupCg-ijNJQA,3,0,0,0
xJKVVTSIAwmSiY3cGJYwfg,4,1,0,0
33X3XepxPp02-Wkem8HPfg,0,1,0,0
IwcntSsDebOSZqaUQ41n6g,2,1,0,0
0yZkGtnjZYxdW39aaKKzQg,1,1,0,1
Ryqmm5vXHmSscZjzQQkyxQ,2,1,0,1
YEg3lD1c5Dcpl-nzWvFYjQ,1,1,0,0
XC23vvqHdCJqev-bmeh2HQ,1,1,0,1
zJzkL4VHHksVVGepR1IAGw,3,1,0,0
nYifLyIcS9V1Yj2wm2OVsw,2,0,0,0
pZ1quwXnYozLIZIVABojhw,3,0,0,1
I2mnA_OCnIdua0FhW03cUw,2,1,0,0
g8tSgxDIbeTu5uEyqI7Kkg,2,1,1,0
XvnVh7aRMCEZ0NH_Su3UFQ,2,1,0,0
Gj_3rd6cksrE7x9CYK3_3A,0,1,0,0
8hugGUF8V-GfUzXyqKu-QA,2,0,0,1
SDaO5XUo3NIavCCnnl1lDA,2,1,0,0
tZW4NLpEYinu4mIxdKj0Pw,0,1,0,0
Ar56oEGAMaak2-cxYL6cNg,2,1,1,0
B7qQmqD9H2UoOpShmHTfZw,2,1,0,1
uhTd0EyPImAA-LyuY2KKqw,1,1,0,1
zJR84qoQEvIRGrR6a7VyZg,1,1,1,0
oUso4QWH1OAXboD8IMjpFQ,1,1,0,1
i2-hzUEWsaqA1M1GRlwynw,2,1,1,0
PPrE3wc9hihGLQOX0Y6nvg,2,1,0,0
mIzlYJ0n8cXIHs1JiPN8kg,1,1,0,0
QgcVHtK4som693gpaCWh6A,2,1,1,0
aN05XavW175ZVOdGOAr1LQ,1,1,0,0
FTdEGDDVRrDmVbzHmC91wQ,2,1,0,1
b6LH0R-f6cmPT0dOzqkQUg,2,1,1,1
vT-VhKZWryo-Zw2WooUu4g,1,1,1,0
BMS760v7iXAZdRbkpmpPig,2,1,0,0
9o8HYFPMcoBFCXdsS0AvEg,0,1,0,0
0jJfQEWEe-6ODl62XSynDw,3,0,0,0
52M-iwLEc185itv2BiuKmA,2,1,0,0
NnG4PRtVOEIduL1Re-yHpQ,2,0,0,0
SpGlMSBHPURVqJW7m4bdrA,3,1,0,1
O_Arou6ZJP0A2pS65PPFcg,2,1,0,0
8YJOMfdnk42v3PvpkDxJGg,1,1,0,0
PyRss2YxGHbRW7AuGuijGw,1,1,0,0
kFsWang2-Svujg3ldi7BiQ,2,0,0,1
bmE5Yv3q5TF0wx6SmWgIUg,2,1,0,1
hT86CbF0p75wKqgAEbWVrA,2,1,1,0
ng8vj7q4kFt7d4Ud4lBhHQ,2,1,0,1
cFDgB0UtYchuRYmxMKCciw,2,0,0,0
ag8gM2YKZkjndCvl2ti7kQ,1,1,1,0
KWdRUyN6H5NIOiP37I9psg,2,1,0,1
raQFxUEzh8bfHUQLkiNHcg,1,1,0,0
UCxymHKMFJ9JhUHuC2HzpA,4,0,0,0
iBH1TeUrJn1VuL59J1StUg,1,1,1,1
d9zO04c7xrknxdSclYbwyg,1,1,0,0
nP87zXxeS-8got7IBvoAuA,2,1,0,0
GWRGhxUKHRQ6KorbCWU6KA,2,1,0,0
_tsHdyjoyzbuQ6qKWKpSlw,2,1,0,0
-IgpK9WT_m5vzjK8jScEOg,1,0,0,0
5aeR9KcboZmhDZlFscnYRA,1,1,0,0
VgeJW0CTYgWeaBNwTAWsdw,2,0,0,0
B0Vm2tge4I2JJlZhD4sl0Q,3,0,0,0
KrIaAgB3rkUABidWfC05-w,1,1,0,0
Bo3dqwrjRbGFDf3S59HzDQ,2,1,1,1
o7io7ITyHfjXOpxIktL0Bg,2,1,0,1
SS0zUU0cUkQd1Lp_h3tgaQ,1,1,0,0
BX-bp0raoO-V1phG66Q9SA,2,0,0,0
vPWvyl9gxmuOIXDBL6lSpw,4,1,0,0
GtrKMt4SFqh7eBl2CKeOIQ,0,0,1,0
mlHwA-JpSi7hU3xnEu7aQw,2,1,0,0
yAfjWdRbd4oa9gxEskyjsQ,1,1,1,0
9M6eqYZlyBMo8K9QztXcIA,2,1,0,0
5XKz4CGyjYD_jzoxlPqRQw,1,1,0,0
I01C9Xg_SVyMrQSGIGeQ-g,2,1,0,1
rH8jza0jMQIBHbR4_IMGJw,3,0,0,0
JmKgz6n7zn24F-WkgT-kiA,1,1,0,1
gGqppHYDpINGjRb8ru-dsA,2,0,0,1
QuZ_QZbW6Th-SouyQyCJ2A,1,1,0,1
9uyPRXK7NGVXpMKpbOhw0A,2,1,1,1
acD0l-j5Kr-edoO-_tcbyg,2,1,0,1
Rw_kLgXFWEJcDOTVpAVKPg,1,1,0,0
zrTGcb83AsfyVTMrsCa65A,2,1,0,1
NGr7u6mAhcEcjFu8r9njSg,1,1,0,1
Xww2E2ym5cWX3-91Ml5Bfw,2,1,0,0
vgYqSHJ0WtIvaOB4UDBVQQ,0,0,0,0
lX7-SmG6mm_6GAHwBBUtEA,1,1,0,0
1f_-jV4oJsiNSgpy8SaF8g,1,1,0,1
H2RgkjPs3W-CxbyygCJJew,2,1,1,0
HhFsbbmmEg6vgjXnRJ70HQ,1,1,0,0
chAR-4GV_qtpgRJyhErbSw,2,1,0,1
TXU6j2y9Nem41SxxUUgA6A,2,1,0,1
5ISHmxr0ZC_4xYEqgQ8GYg,2,0,0,0
tLLvs4hLVivrf2QWWSMlJQ,2,1,1,0
tuCLe8Rose9TzqDw21ycIA,1,1,0,0
LZi4Lp09bKdyXOCAvwF9BQ,0,1,0,0
ElyDWPaVOhaHJOHoQv6PBw,1,1,0,0
0xy5_iqOYWp_XRXpeb-IFQ,2,1,0,0
bPABsVXUwS8RlVd5uZS8Pw,1,1,0,1
DYNeABXl0-ZviedEXX-gUw,2,1,1,1
MR0jXmXfvt_PW8nUm5Oeeg,2,1,1,0
UV6f9hfEyxsGjUf4NCJxnw,2,1,0,0
bgzMrz4qzEfJ7qqNthcveA,3,0,0,0
T8Z5LpR4gJXexRk-33P4LQ,1,0,0,0
MwFHjf0yALSL6WZc8d2mUw,2,0,0,1
KRsANC7TzP97KMFRA1JqiQ,2,1,0,0
zttcrQP4MxNS5X5itzStXg,2,1,1,0
3XtB54REsZ402EkPAN-x7w,2,0,0,0
56Yb9IgEREFeaSjJ5Y3RVg,2,1,1,1
4nhQy38y-PnkY1qALNBTeQ,3,0,0,0
Forh8ReS4pbs9PAIzcRpLA,1,1,0,0
migFybNekVFzbGtPWtgr8A,0,0,0,0
pGR5DKBdLz_QpEvDDel_MA,2,1,0,1
S_jAqYXVGqNDB3wiaT-Iug,2,1,1,1
dJO0Lg5l-B8zG64IKT9QOw,1,0,0,0
xKCljNsyUKKSbWAUqRxoTQ,0,0,0,0
mfSzFBZGHspQQ61tuczmdg,0,0,0,0
vEmk5ENxuf8-NfqoJBLegA,2,1,0,0
cPzIic1AqH1ApTVVaww5hw,2,1,0,0
9gXhs9peDtrjWGdUlytYog,1,1,0,0
i0RdwbjF86Grl3T37z74IA,3,1,0,1
1LOr_-vGiVMNod08H9T-1w,2,1,1,0
I6Vg6g9IX51-2mXo4HDd-Q,2,0,0,0
LJN4A-Wr95ee-Ihurzs36Q,0,0,0,0
OhA9bbcQ20X2g5Iwq9Hzyw,2,1,0,0
ayaDm0WPZB0g0PYbGFkrzA,2,1,0,1
AyEtowSGi9vx0-xFfrgjWw,2,1,0,0
5XqlvHsByE4GFgTZtZDXgQ,1,1,1,0
bpHeCdmCRFAUZqXT2TMdig,2,1,0,0
SlelFNxQz5PJbl6kkjI0OA,3,0,0,0
Z8oHDvZR-IfTry_9ke-0jQ,1,1,0,0
Mh-ZBnmCYGFaz1wvymMZgA,2,1,0,0
Xspg78dOvuedvuPEUwZBjw,1,1,0,0
qKb1_tg9UD5ueHxTEvmxOQ,2,1,0,1
qauRz11yg55rc9_ERi5TTg,1,1,0,0
GKCX2DlxkbwY2DUu44u4rA,1,1,0,1
u3WKEGTyfRgxx-PDotWmaQ,1,1,0,0
QjgcO46oKDixhFYpmPL38g,2,1,1,0
aWzp373TChor3kYz_BcWZA,2,1,0,1
tBancCGeHZhalHhEWxJjOw,0,1,0,0
v6n7iPus9739N0VHR_v2rQ,2,1,1,0
MQiNywdecInMlkW06WYaCg,2,1,0,1
xOCXhkAehS967OagPxEiDw,1,1,0,0
0uMK11Hq5pTLyxLE1lWRzQ,4,0,0,0
aveqqTTutqV5tOl3_SeI8A,2,1,0,0
_xiUV8OfR6yUJk-09QD6zA,2,1,0,0
OB8vZCzHXv9ZyKLTJe2K3g,2,1,0,0
sMMWutp_B0351wr_oyG5fg,3,1,0,1
y2U-26RNB06y9q8cX8SaMg,2,1,0,0
wssONJTv6MEui3ShSzGzlw,1,1,0,0
lyT7-grqNhAvll39V7kzag,2,0,0,1
2bQhBtiheGA2IYHNqFFt-w,1,1,0,0
anQ0TggcB6f4yO4csQ44oA,2,1,0,0
mkMrpBtrlsAUhcFZFB83hQ,2,0,0,0
XhGzZwUUMEblTqwlz875Cw,1,1,1,0
duVhqYoC-wIbsgv1SoqVDg,1,1,0,0
2AGqSSK62TdzsnI80K_q4w,2,1,0,0
nQvn3VIhBqfD43Ag7QfflA,1,1,0,0
vT2xTEIk9u6t6a8_N2YU7Q,2,1,0,1
eMP3ffj6Zr7o3tY2G6EgSQ,2,1,1,0
6YNEk7tjy7o5Uwt9y9RRLA,2,1,0,1
cFQNSy5M-KqzNSuct5FLzA,1,0,0,0
Ch3HkwQYv1YKw_FO06vBWA,2,1,0,1
JYLwnsfl6OaF5-GCYRNGGw,1,0,0,0
6I27BTuHI5PMvOBG4WS8NQ,2,1,0,1
AHnvBkGTNlpAVTmg-k0Bsg,1,1,0,1
45m_xaD3A1saWNjVDahECQ,2,1,0,0
NvFpFlu-aHzUOtaA0yc-YA,2,1,1,1
FbayoQWK77lRJ7Luo2WKlA,0,0,0,0
UMWzaFhW6M3nsIDyIpMfhg,2,1,1,0
sOTtZWyDG0VG5IxIXwIQpA,3,0,0,0
nKbuoq0Kqdv0tSLFJhwFVQ,1,1,0,0
f0zHPEwKLf3Aguf_IDemRQ,1,1,0,0
UDKAqeNly36J_VYvxWxnnA,3,0,0,1
f5PPtPxB7CLgQuHiUBeBcQ,0,0,0,0
se2NsMOS612L79BPtbUdUQ,2,1,0,0
wLEhyVBSPMNhYtMRIaulpQ,2,1,0,0
9ElaeRBZ9DEqR65QmOcepA,2,1,1,0
OtdwJIrDJ_U3vj4Ns9T3pg,1,1,0,1
cGR0XHCZ-tdXLd_REjXFsg,3,0,0,1
cZf3Cosu-Aw3D3uVtY9quA,1,1,0,1
buR0c2eVJFOuDa21Y_OaDw,3,0,0,1
t4Keeuv3zkLShSgYSRYmdw,1,1,0,0
tYRXT7VdchMAvOUU01emMA,0,0,0,0
w8WP_CwHfZCX3nZ6337PJg,0,0,0,0
YZyyG21xcwPQLqYh8pI-Ow,2,1,0,0
G5BQqtg1jSAgiUSAIg_5sA,2,0,1,0
pTsL6_GQm2PFt8EMLlbcNg,2,1,0,0
2X07EuED0jY5C5hKQovfBA,2,1,0,1
4yGrrjIS0gu5gYAUIFU3fA,2,1,0,1
25PEf9-e8_7phdV7JjOHhA,1,1,0,1
bKHz5eT6s08VFAOmjf5oDQ,0,1,0,1
bwnd-yoJUsJk2-TrrmsHpw,3,1,0,0
qmR3lrIFB4Wfi6XheB5cIQ,0,0,0,0
E3fznOhzBYAEr6xcOQZ5aQ,2,1,1,0
jT3TXgNtmHXRUg49axF4xg,2,1,1,0
19MbjvDqkPG6dGxr3kvK9w,2,1,0,0
LKTx0oPOrn_81n6DJpNk5g,2,1,0,0
VHWHP4WomCyJKD7d1-j1EQ,0,0,0,0
JuSSgBQMhjJek4GUDzD8IQ,2,1,1,0
JhQvfo_WfX10TG9_7VO14g,1,1,1,0
KEWzz3iWSWqqcub5DvbJ0Q,0,0,0,0
p7alZQ6Nb5tb9U2vgfogHw,0,0,0,0
Zv3VAfR8-9-M-etTuGZU_Q,2,1,0,0
9Boahjn3QxlZnP2Aw_V1Rg,4,1,0,0
ljUba4BS4SgzlVYznuMrQQ,2,1,0,0
FKdyzqDoPvRAEYP_2TjbzQ,2,0,0,0
xU3FDgsIu1Vh96-_M3pWjg,2,1,0,0
bY6uDl1E58ZJaTVc7rGedQ,2,1,0,1
mUk-0jToBuzk4KaDXp-uew,2,1,0,0
vXkw6os-OiATHgIuUNAtWw,2,1,0,0
jIzygnVmajEXYmfsBNY_Gw,1,1,0,1
6a-em_nn7IY-yQV_znkUyg,1,1,1,1
kVqsDQRGxZXdJsH8LpEhww,3,0,0,0
YaEPtPnEqh3WSsGq7cL44Q,1,1,0,0
vl5_S8mfd3qHgC7gYEOVJA,0,1,0,1
qKoxU0SleGX2vhFfpwh0kQ,2,0,0,1
C4XsC2ZBtsl1EgjdVue3yA,1,1,0,0
0Q0IgUtm3B0jnfj8YcCKfQ,2,1,0,1
iWox6NQVA76eH61toMhxfA,1,1,0,1
Y-1lW4JXtrnez8b1T3RnKw,3,1,0,0
qUVnqIEYNbkHdUffYITr-Q,2,1,0,1
m1RrPKgNleBoGYdnRRhmGw,2,1,0,0
Fu_MNxmXW0neptI-ShZRpw,1,1,0,0
3XE-poXz9CeDao-Q7pqkTw,3,0,0,0
rdn0vLw8Ln5_PBwRcE6BZw,2,1,0,0
aI3CUcnQbjn1jdcl6NfatQ,1,1,0,0
KYEZATGRY5aD69ZR6VvyWQ,2,1,0,1
NwQeXa7pOtQ8YZYrrzorfg,1,1,0,0
oQwadWTYQWahuj9N-68yPA,1,1,0,0
6l5ES0YHypA-JCk7naGBjg,3,0,0,0
CWQ6sNe6oolPxBjOKipGHQ,1,0,0,0
kEzNEDiKN4ZvONYbfS8G7w,1,1,1,0
w55IYhyLHUdsRlo_EvMmNQ,2,1,0,1
oIsGEgWtz6aUVSLZvvcowA,0,1,0,0
PVTfzxu7of57zo1jZwEzkg,2,1,0,1
kH8-zIJ1rxHjs5qHGBrsiw,2,1,0,1
zCHEDV06NXGs6GAXmFyDFw,2,1,0,1
iUYAqWKoBdHqYNMDzOXb9w,2,1,0,0
04Iq42i8lm50Lvdj1j3DCQ,2,1,1,0
_440MLqL4gEIKnkD5aKqxQ,1,1,0,0
gaVbK3SlRnOAWWVyyu3SVA,1,1,0,1
833FaNxWNM_IZanawr1nFQ,0,0,0,0
UcgCSTCtPv1GeW5bKsEdag,2,1,0,1
dA_Xl2A45YVc9nnYLK0oqA,2,0,0,0
UnfPWftQ3ANqvbKSIu3b1w,1,0,0,0
ugf6qjoG5h6VXR5-vpq0Qw,2,1,0,1
y3EkxHO-qPODtzs_D6E7Rw,2,1,0,0
02ooNKJDjsE50KfmL0Rqdw,1,1,0,0
W3y31OpAZFLKqmfGDhJN5A,2,1,1,0
YeXwSWdjDYY1QkAPdqZSAQ,2,1,0,1
YyANO0qR2zE0YILChhz2Pg,2,1,0,0
z4ZaBiHsVsxiF8SAv1Asag,1,1,0,0
_LSwdNmiFSzRZQfG4g-qwA,3,1,1,1
tIXpNWE6R1yadAThbSefHw,1,1,1,0
tgFQN5Jo4T_70m6mS8i_Ag,1,0,0,0
XGceA6cfprg5G7CnUCiADQ,1,0,0,0
UhHZOFwOgnPsoC_n1rzrsg,2,0,0,0
omMiNDhPYAX4TPfv4xrBLQ,1,1,1,0
aCpor0zKoJ5w9-jS2MNCFA,1,1,0,0
4XEIN-KPGAMugwJdhgjfGQ,1,1,0,0
GKvJpy3SOXdZ3TOiYkAj8Q,2,0,0,1
DgCAM01n2Qo5DsoKj_zkug,2,1,0,0
guNknKyJQUBSph216CukYg,1,1,1,0
UWXzGE8Dl-4oi1B8xq4BLw,3,0,0,0
67sq73gTdgHN0atGtIgDtA,1,1,0,0
NFMD_-wFrbfdhTcdHPDCZQ,2,1,0,0
M_w8NTcn4o6mIT-LfKSevw,2,1,0,0
OdfyXNcJL83So2dcwM_wvg,3,0,0,0
sAC0K3RS6Q9VGZ3RZUp9IQ,1,1,0,1
sf3kp0H13jZYEmS1A8Etcw,2,1,0,0
0S3x-ERLaR-ce1sJtS_OUA,1,1,0,1
2l9IE--wpRSxm7qe1-ovBw,2,1,0,0
9UX9_Vec2gxrrHvBjdzXgQ,3,0,0,1
kWv78hBFe89cyJlQdcY7xw,0,0,0,0
CZJ-s3Io3TQ0Jr2r_tm51g,1,1,0,0
iFrOVn0-f9VlYRMaRwBNRw,2,1,1,1
gcKpqni5UXM9ghBeZYDMtA,2,1,1,0
gi3vtIOo5-soCmMVHhfJDw,2,0,0,0
4RgQVYMOhlTwQ-_xmQB9mQ,1,1,0,0
CcMi0EM4KFqa_4hVe1oN3g,1,1,1,0
PUBa8BIIgkfhgE1aucXl3w,1,1,1,0
ByF6BhEWd8if3hiNM-BU9w,4,0,0,0
f4wR4t1uXCXFY7xBslzMcw,1,1,0,0
plLSP5HwCfCWOh_7ARJkzA,2,1,0,0
e3P9dVUNlTuhlnFOZH3vAw,2,1,0,0
Y7wIhT6UvCukRYTTS5ErFQ,4,0,0,1
jxc3XS6v7J-_WHgYuaJ_cA,2,1,0,0
TQxMhEar6--Wj4Du8nRQsw,2,1,0,0
Q1jLolGK7XvP4QNn6Hl0_w,0,0,0,0
frMGezDOAMWnsBTno2WziA,1,1,0,0
TWt-6EilZoSH99CheLPD2A,2,1,0,0
T70pMoTP008qYLsIvFCXdQ,2,1,0,0
wPU74hyOBt0qS8Mw7XOo6A,2,1,0,1
JdXWoFcLDxE7OhC63r8zAQ,1,1,0,1
d8n-iKS5_iiB8-qPT7MezQ,1,1,0,1
BzZNKx6Des02RuAtT-uOPw,2,1,0,1
pH_A3cmCtrQktp2uggqUvw,3,0,0,0
lG7kf2_dP3LCwlMu8HI2Xw,2,1,0,1
kDZm3fZcLhotRwC50XE_qg,2,1,0,1
4cDWyZa6EqsY4XSWwLY7RA,2,1,0,1
qv41uNpcTUIwePP4H8zyEg,2,1,1,0
H7_yu7MgzSXB0vb959yXdA,2,1,0,1
vdYsuCmUB4xtonDlWiChmw,0,0,0,0
v6YvYMjxMMS3L-UQe5WAiQ,2,1,0,0
J4er8Ieb_vHaH4C9wC47qA,4,0,0,0
uCDVOidGLpD-Q7_y82nx2g,2,1,1,1
UHMnvEITSspCVWTGRIKRaQ,1,1,0,1
dZ4haBsXeESSij53suTQ2w,1,1,1,0
XZ1GgZfWRL87ieujN94q1g,1,1,0,0
oM4nwtYDw5Ml-hrJdgv8TA,2,1,0,0
61GK4EGXBd4uha_2unicNw,2,0,0,0
ODwqVEORhb9YAgo3MP0PXw,2,1,0,0
IespLu0QdmfmujunHYxVMg,0,0,0,0
w6ZmMdQTtx4TdE7NjfVEfw,2,0,1,0
CxxK9bqJLKb3zlB7RzkKGQ,1,1,0,0
AhkHsa9xM7-Fxz9sxKra2Q,1,0,0,0
DjlOWc6p2jkit9zMSFa_ew,3,0,0,1
zoYIwHGvnglmrZD0RqhRIA,2,1,1,1
Pnf2HbEcfZ4POhBUSUTq6Q,2,1,0,0
k3JMFhqUyfQte9Q0-MOmeg,2,0,0,1
JLWd6yDyt9oEp70_4KqYeg,1,1,1,0
dYv_CRbiWPhSG_V4ZlTIQg,1,0,0,0
fbUKZMGNdzQbb3zksGlQXg,2,1,1,0
dMEo-GjWAmTVzq3_qeQX2g,1,1,0,1
fJqr94JUtAuJNwXiIdJtxw,2,1,0,0
bYw7mT1e3frkxG0nd2_mjg,3,0,0,0
iDXsNMPRGv_YIU-DJ2BouQ,2,0,0,0
miAqpBAJQYJsTueEvl4z0w,1,1,1,0
MHjh2YwtT0VoJfFS2aUZJQ,2,0,0,0
z0GwhlBflcCnVdACU9tQxQ,1,1,0,0
Q3pE7839qM-sWHuh2wiG9g,2,1,0,1
-xEGQKqXZzvkdyVQilQtrg,2,1,0,0
siXCBrVFOXicbM2R-33-8w,2,1,0,0
muInTkijds_uH2uFzNMaNw,0,1,0,0
upqOQni0VSWAj2a8HyrmyQ,0,1,0,0
zNCwlx7Myd5jBLwOql8I5A,2,1,0,0
HnQVDNGFWOS5zle0dhpOkw,1,1,0,0
zaAh8JjNeDyrJXf6xNkdUQ,2,1,1,0
2WErPL5DZKuYpQDRjC49nw,1,1,1,0
IQ0LvtTwMKuJClfvOLKpZw,3,1,0,0
3qZsY2LiLyKwGkOq_hrnzQ,1,1,0,1
Gpr3RKvXXH5aa2XfXRwscA,1,1,1,1
SzEaW5ukiA1RtadsLSvquw,1,1,0,0
JuO9QpkdmbTS95GSXh4dZw,2,1,0,0
eWhVkKqvyfEaC-BGa8ftvg,2,1,1,0
5VXlHFrYZZzj7zfZEsz5nQ,2,1,0,0
93cSBol4_mnfzxIfG9RCDA,1,1,0,0
HyOH2JvzQGKKns6BSZ8lHw,2,1,1,0
swtA5YoSGm0V5esQuDm2NQ,2,1,0,0
ygwsGEBvQ8Tj2xn4FCQQXQ,2,1,1,1
UD-MGa52sWJLeElUZDTRPA,1,1,0,0
iq50qr2p5d68f2TO3OA9BA,2,1,0,0
sZ_QdVaPV50wggckxmNhsg,1,1,0,0
nfT1yN0oDleBlDsP-c1MRw,1,1,0,0
gMONN1bKUHlNKPrYGSADLQ,2,1,0,1
xhz5C9HzG6M1LLrI9GZJqw,1,1,0,1
2O_ec-By_tho2KeXvcnBuQ,1,1,0,1
nbO2S-63XuihPXjJS_7XaA,2,1,0,0
un2pdC4lux8TVPCm4_NMYQ,2,1,0,0
Ogdm8WERpk5ew4Yxk9sqdQ,1,1,0,0
sU1sSEOHvd4ex72miOKMEQ,1,1,0,0
qfcNdzWyYLh3F0YYMjo0mg,2,1,0,0
EHQ8rPPYTBE6EJhh7iMpjw,2,1,1,0
8NMf2dCmEGGKYR3SbMcnNA,1,1,0,1
JoDEpZn-Y21u3VskMLyd5A,2,1,0,0
fWEfX14W2_7GDOJBSQQU9Q,2,1,0,0
4yWVfUi6Z84UTNrJu82AhQ,2,1,1,0
UET2RjxhUaAFIZ3uuUhQag,1,1,1,0
4Ed3F19uxlXg4gNNFAuojw,2,1,0,0
eO_nNplE10aaRi-fiEV0WA,1,1,1,0
etHpVlLpnePJnJPrH5j4RA,1,1,0,1
Jqk_fA6cvH7eEJQMMlH6rA,2,0,0,0
EYKDklUoHuZ4g4mjx9q0mA,2,1,1,0
7w9UhH7Hz14N736FAe5_Fg,0,0,0,0
8RnOU6PLyOk3qHV1kZ4hcg,1,1,0,0
8StUtYZ3yTCDxMS9439GMQ,2,1,0,1
tlZmJBQ9UWkaI0Zce_KFhg,1,1,0,0
YCdLw_qAjZyG1lbcvJG8_Q,2,0,0,1
d2u9WS_CM6OUZZCNrfyqZg,0,0,0,0
3C1zbn47G5pDfX5OHJ1CRg,1,1,0,0
T7xvxAHHs07NgT2Bbeg58g,2,1,1,0
01HlBwitl4q_sEHzJ8wx-w,1,0,0,0
l8qAqHW06K5vO0UbobifiQ,2,1,0,1
xVgFFbACM8Qe1W6CIk48jg,2,0,0,0
2hG6jS5v3Jj5SyYLBkouyA,2,1,0,0
xgrUl5uWTCexTGEWDrVqcg,2,1,1,0
BOMgSyi4-TYAnjVn3m0z3A,2,1,0,0
5l_rfMJ79mUpTafcB8URwA,1,0,0,0
0nlocywsFHQmEt8_xbHNiw,2,1,1,0
vjfBgc83dCMlFMMmMxn-tQ,1,1,0,0
SLx-vB9LnRtC83oAeVdAuA,2,1,0,0
BGoh78jgne5RLAz0YY54Ng,2,1,0,1
p9WVPQVhVzbBh_KEWJ21Ug,1,1,0,0
aom8XyA2yJeqDOJQPJCWIA,2,0,0,0
zm7e0hmW4aPvoRsAdqqEyA,2,1,0,0
YPCbxsAPYOo3kRMbhfxFzw,1,1,0,1
N3zuaqGESF5iZsi_md9c1Q,1,1,0,0
FG3ja8Wz_ukRkTL-seRBFg,2,1,1,0
eMTE-wqpk_YWaV3mf7Ii3A,2,1,0,1
QD4eupxa9vhnQR9lTxP-UA,2,0,0,1
fofvWyHAEq6Yew-Je4bcgw,2,1,1,0
w6wZmLSaht7ZkGBZONeqww,1,1,0,0
eicZdoUohtKsmB0KChbPxg,2,1,0,0
c-Ur4wPDNjt-e2N5MkRRaQ,2,1,1,0
KN-JL6uWCfDubCztgZ6zdw,2,1,0,0
58r0y-4rDHtyCW4t8HfUsQ,1,1,1,1
dtksMZi0MU6bp6xfUOzwbw,4,0,0,0
zkhBU5qW_zCy0q4OEtIrsA,2,0,0,0
__aKnGBedQ51_hEc3D9ARw,1,1,0,1
LuBj6jfwKsbpKy441wkRlQ,2,1,1,0
qoUo4VY2KpPmHbFVYcxGog,2,1,0,1
wUxM5pCY2wfB1kjXBXIa5Q,1,1,0,0
QAuQV01Yz2Gl89ZN6c1F4w,2,1,0,1
StWSgLnWkuSocMbMcwEQkw,2,1,0,0
PitHcnxTKCANz1VYwVtWkg,2,1,0,1
mkD_-SGitlVrOcF1nnSfXA,1,1,0,0
Olp6N3_CZFlqGuqrrb15bw,2,1,1,0
FzhOeO3CCQ3EUsuIUwh41g,0,0,0,0
t6WY1IrohUecqNjd9bG42Q,2,1,0,0
w0ZxXnBGPImeZ9sGMLfe7g,1,1,1,0
GxQGCl4hX6nbRdSYH9egEw,0,0,0,0
1zH3_Agw8CTgSmKgg4JNmg,1,1,1,1
XglPmSHg5FovDUJJsty5ig,2,1,0,0
rI5hRP-34EleLRJWfapK5w,2,1,1,1
SCEORWosUrYBSMzL8bfp8A,0,0,0,0
id7aJmK8mFs5XSXNa4YgvA,1,0,0,0
u1RQFcA4Br_peVRh_WBOsQ,2,1,1,0
Q4orLuzDAB9TnucYXksgLQ,2,1,0,0
3BrBjsehyraTV2z4_jh1jw,2,1,0,0
l6LgtIifqM3Jt_g_gJVecg,2,1,1,0
edskUGX_9FHCFnDG2ETKIw,2,1,0,1
fuk8V-SmFO0xRyC9eMDarw,1,1,1,0
Uy3_5nLo3sYkAuSX6mjdmg,2,1,1,0
b04Z16vAIzzk2CAeDLBmYA,1,1,1,0
__bqGGnOjtY9eEhrZAUsgA,2,1,1,0
IrmJ-Ah6Jhr3fApoZtA_Nw,1,0,0,1
vA7BBQ9ro0fiKXE8tLF7zA,1,0,0,0
52R7FGPqbuV6FIV2BDYPTA,2,1,0,1
knAMaA4ISHQ_5OdDlNCm2w,2,1,0,0
CR-gLUcudD0AQr7dzASgLA,1,1,0,0
v85W1Qv99YvKpru3oPSp2A,2,1,0,0
rj1k50ClMKuKdnLtQUDIag,1,1,0,0
nXKaLgLuLs2-S8_O-V09-A,1,1,0,1
CmBnas2zg5JyigmXclc4JQ,2,1,1,0
CH3GQlTeeCdT51ddJAxwVg,2,1,1,1
NSKiLZls0KbA_MxY-wIc-Q,0,0,0,0
hdNOL59QqvGlg70E4yHrsQ,2,1,0,1
wjZ12shpUWAy4Boy0G5z1g,4,0,0,0
PzCMwkLcAfhnJhKrwVvR_Q,2,1,0,0
-zHyGS5Qt2geiHt5rySo7g,3,1,1,0
nQVPgOqVrNIWhY3F5kS79g,1,1,1,0
CqVdLcbyZzfAjeCD1qEBZQ,1,1,0,0
bhL5qIJIhh-wBzzAn7mapA,1,1,1,0
DYPbHkUtdq8HDecVxt4TwQ,1,1,0,1
Nk8rRsl9u4GrbxEeEVsedg,0,1,0,0
T3ZpXgSw7eo4cxl7Op7G7w,1,1,0,0
hLThl4NxoJmHadtb6vLNsw,3,0,0,0
5E_1xb3o97ZWQJiZJMVRmQ,1,1,0,1
pIo-HDaY6CBRlsJr8Id3Ig,2,1,0,0
fbKoXozkAKDxoWg8eyQk9Q,2,1,0,1
BvTU8s3v-qfTtsSKV6Y16A,2,1,0,1
S3ilF_BACKuF9jD14Lp54Q,2,1,0,0
HxLouUPqiou7D6YK5t-DgQ,3,1,0,0
wS2nBT4BUX-6Y3FHYDonFQ,2,1,0,1
3s8PNggIbgeSsjqM6HKOCg,2,1,0,0
DC3B2efrhw1c6c79BBgYjA,2,1,0,1
Kn23LDd740SBVJ7mum0fwg,2,0,0,0
IaJ8ZCKxKFzgNoIFNCc0YQ,1,1,1,1
hMh9XOwNQcu31NAOCqhAEw,2,1,1,0
79kLlayzpBQG542C7Z7ocQ,0,0,0,0
xkI2WIzHV-ft13P9GOMY_g,2,1,1,0
wcbue65w2R8UYF5t1W9_dA,2,1,0,1
TYd7ccoysodkT2SI-AT9Jg,2,1,0,0
lbkBZdMyXUQvu5brt-HiVA,3,0,0,0
JCiglfoF09JqfR_gn6XYcA,2,1,1,0
7fPMKpEOH-uNnUd0OoSwdg,1,1,0,0
Cde8PHRM5c359-dnCUk7KQ,4,0,0,0
pzhjeutsSFcFEDbLp67oeg,1,1,0,0
t0X2qtlJYYKwhOxH35rrKg,1,1,0,1
51lFCPpAZz4t7-BrpLHf5g,2,1,1,0
oiDfeqhcJd8zV-JKdE9mOw,2,1,1,0
gaNMpjQxuEUNeLY7UCgMKA,2,1,0,1
i4hc4C9uYCfeZIQJ8Ha6ag,2,1,0,0
QIQaalfNcEC2cbPlcByk3g,2,1,0,0
RMLdpPgaYUsa9LIS7UnTNQ,1,1,0,0
GmLkyWb_zYrTEp1SpWxHIA,2,1,0,0
xj3yEhi0eK3zRJZM4tmweQ,0,0,0,0
sENs718irAl0-JSyycouTA,2,1,0,0
ekRY1NZnQ_0XPG4cediVlw,0,0,0,1
RGWk5ceg1yyc-zsuIzHMDA,2,1,0,0
CDjcqC_y7D14jZd9kKmZ9g,2,1,0,0
3GfdCuI0YCc5U3rLLLPHUw,2,1,0,0
j7MeCj35oocNkfvuWntDrg,2,1,0,1
KeKvq5TVppF8fnFkmiiqIQ,1,1,0,0
7w9GpK5BJZY94sbfK__oDw,1,1,1,0
Bgf9B9d_2rDQHQvE9TnOZg,2,1,0,0
jV5dMarm1r-gVzQ6SwNjrw,3,0,0,0
gr5fOqceKhIjLYbpPk7FCA,2,1,0,1
cILk7PnJBxNsMmGhQU2cyA,2,1,0,1
ckc3l8cSuggloG4NlquEFQ,1,1,0,0
7KlpgRjjAmVabPzxcExs0g,1,1,0,0
